\c synapse
--
-- PostgreSQL database dump
--

-- Dumped from database version 15.1
-- Dumped by pg_dump version 15.1

SET statement_timeout = 0;
SET lock_timeout = 0;
SET idle_in_transaction_session_timeout = 0;
SET client_encoding = 'UTF8';
SET standard_conforming_strings = on;
SELECT pg_catalog.set_config('search_path', '', false);
SET check_function_bodies = false;
SET xmloption = content;
SET client_min_messages = warning;
SET row_security = off;

--
-- Name: check_partial_state_events(); Type: FUNCTION; Schema: public; Owner: synapse
--

CREATE FUNCTION public.check_partial_state_events() RETURNS trigger
    LANGUAGE plpgsql
    AS $$
            BEGIN
                IF EXISTS (
                    SELECT 1 FROM events
                    WHERE events.event_id = NEW.event_id
                       AND events.room_id != NEW.room_id
                ) THEN
                    RAISE EXCEPTION 'Incorrect room_id in partial_state_events';
                END IF;
                RETURN NEW;
            END;
            $$;


ALTER FUNCTION public.check_partial_state_events() OWNER TO synapse;

SET default_tablespace = '';

SET default_table_access_method = heap;

--
-- Name: access_tokens; Type: TABLE; Schema: public; Owner: synapse
--

CREATE TABLE public.access_tokens (
    id bigint NOT NULL,
    user_id text NOT NULL,
    device_id text,
    token text NOT NULL,
    valid_until_ms bigint,
    puppets_user_id text,
    last_validated bigint,
    refresh_token_id bigint,
    used boolean
);


ALTER TABLE public.access_tokens OWNER TO synapse;

--
-- Name: account_data; Type: TABLE; Schema: public; Owner: synapse
--

CREATE TABLE public.account_data (
    user_id text NOT NULL,
    account_data_type text NOT NULL,
    stream_id bigint NOT NULL,
    content text NOT NULL,
    instance_name text
);


ALTER TABLE public.account_data OWNER TO synapse;

--
-- Name: account_data_sequence; Type: SEQUENCE; Schema: public; Owner: synapse
--

CREATE SEQUENCE public.account_data_sequence
    START WITH 1
    INCREMENT BY 1
    NO MINVALUE
    NO MAXVALUE
    CACHE 1;


ALTER TABLE public.account_data_sequence OWNER TO synapse;

--
-- Name: account_validity; Type: TABLE; Schema: public; Owner: synapse
--

CREATE TABLE public.account_validity (
    user_id text NOT NULL,
    expiration_ts_ms bigint NOT NULL,
    email_sent boolean NOT NULL,
    renewal_token text,
    token_used_ts_ms bigint
);


ALTER TABLE public.account_validity OWNER TO synapse;

--
-- Name: application_services_state; Type: TABLE; Schema: public; Owner: synapse
--

CREATE TABLE public.application_services_state (
    as_id text NOT NULL,
    state character varying(5),
    read_receipt_stream_id bigint,
    presence_stream_id bigint,
    to_device_stream_id bigint,
    device_list_stream_id bigint
);


ALTER TABLE public.application_services_state OWNER TO synapse;

--
-- Name: application_services_txn_id_seq; Type: SEQUENCE; Schema: public; Owner: synapse
--

CREATE SEQUENCE public.application_services_txn_id_seq
    START WITH 1
    INCREMENT BY 1
    NO MINVALUE
    NO MAXVALUE
    CACHE 1;


ALTER TABLE public.application_services_txn_id_seq OWNER TO synapse;

--
-- Name: application_services_txns; Type: TABLE; Schema: public; Owner: synapse
--

CREATE TABLE public.application_services_txns (
    as_id text NOT NULL,
    txn_id bigint NOT NULL,
    event_ids text NOT NULL
);


ALTER TABLE public.application_services_txns OWNER TO synapse;

--
-- Name: applied_module_schemas; Type: TABLE; Schema: public; Owner: synapse
--

CREATE TABLE public.applied_module_schemas (
    module_name text NOT NULL,
    file text NOT NULL
);


ALTER TABLE public.applied_module_schemas OWNER TO synapse;

--
-- Name: applied_schema_deltas; Type: TABLE; Schema: public; Owner: synapse
--

CREATE TABLE public.applied_schema_deltas (
    version integer NOT NULL,
    file text NOT NULL
);


ALTER TABLE public.applied_schema_deltas OWNER TO synapse;

--
-- Name: appservice_room_list; Type: TABLE; Schema: public; Owner: synapse
--

CREATE TABLE public.appservice_room_list (
    appservice_id text NOT NULL,
    network_id text NOT NULL,
    room_id text NOT NULL
);


ALTER TABLE public.appservice_room_list OWNER TO synapse;

--
-- Name: appservice_stream_position; Type: TABLE; Schema: public; Owner: synapse
--

CREATE TABLE public.appservice_stream_position (
    lock character(1) DEFAULT 'X'::bpchar NOT NULL,
    stream_ordering bigint,
    CONSTRAINT appservice_stream_position_lock_check CHECK ((lock = 'X'::bpchar))
);


ALTER TABLE public.appservice_stream_position OWNER TO synapse;

--
-- Name: background_updates; Type: TABLE; Schema: public; Owner: synapse
--

CREATE TABLE public.background_updates (
    update_name text NOT NULL,
    progress_json text NOT NULL,
    depends_on text,
    ordering integer DEFAULT 0 NOT NULL
);


ALTER TABLE public.background_updates OWNER TO synapse;

--
-- Name: batch_events; Type: TABLE; Schema: public; Owner: synapse
--

CREATE TABLE public.batch_events (
    event_id text NOT NULL,
    room_id text NOT NULL,
    batch_id text NOT NULL
);


ALTER TABLE public.batch_events OWNER TO synapse;

--
-- Name: blocked_rooms; Type: TABLE; Schema: public; Owner: synapse
--

CREATE TABLE public.blocked_rooms (
    room_id text NOT NULL,
    user_id text NOT NULL
);


ALTER TABLE public.blocked_rooms OWNER TO synapse;

--
-- Name: cache_invalidation_stream_by_instance; Type: TABLE; Schema: public; Owner: synapse
--

CREATE TABLE public.cache_invalidation_stream_by_instance (
    stream_id bigint NOT NULL,
    instance_name text NOT NULL,
    cache_func text NOT NULL,
    keys text[],
    invalidation_ts bigint
);


ALTER TABLE public.cache_invalidation_stream_by_instance OWNER TO synapse;

--
-- Name: cache_invalidation_stream_seq; Type: SEQUENCE; Schema: public; Owner: synapse
--

CREATE SEQUENCE public.cache_invalidation_stream_seq
    START WITH 1
    INCREMENT BY 1
    NO MINVALUE
    NO MAXVALUE
    CACHE 1;


ALTER TABLE public.cache_invalidation_stream_seq OWNER TO synapse;

--
-- Name: current_state_delta_stream; Type: TABLE; Schema: public; Owner: synapse
--

CREATE TABLE public.current_state_delta_stream (
    stream_id bigint NOT NULL,
    room_id text NOT NULL,
    type text NOT NULL,
    state_key text NOT NULL,
    event_id text,
    prev_event_id text,
    instance_name text
);


ALTER TABLE public.current_state_delta_stream OWNER TO synapse;

--
-- Name: current_state_events; Type: TABLE; Schema: public; Owner: synapse
--

CREATE TABLE public.current_state_events (
    event_id text NOT NULL,
    room_id text NOT NULL,
    type text NOT NULL,
    state_key text NOT NULL,
    membership text
);


ALTER TABLE public.current_state_events OWNER TO synapse;

--
-- Name: dehydrated_devices; Type: TABLE; Schema: public; Owner: synapse
--

CREATE TABLE public.dehydrated_devices (
    user_id text NOT NULL,
    device_id text NOT NULL,
    device_data text NOT NULL
);


ALTER TABLE public.dehydrated_devices OWNER TO synapse;

--
-- Name: deleted_pushers; Type: TABLE; Schema: public; Owner: synapse
--

CREATE TABLE public.deleted_pushers (
    stream_id bigint NOT NULL,
    app_id text NOT NULL,
    pushkey text NOT NULL,
    user_id text NOT NULL
);


ALTER TABLE public.deleted_pushers OWNER TO synapse;

--
-- Name: destination_rooms; Type: TABLE; Schema: public; Owner: synapse
--

CREATE TABLE public.destination_rooms (
    destination text NOT NULL,
    room_id text NOT NULL,
    stream_ordering bigint NOT NULL
);


ALTER TABLE public.destination_rooms OWNER TO synapse;

--
-- Name: TABLE destination_rooms; Type: COMMENT; Schema: public; Owner: synapse
--

COMMENT ON TABLE public.destination_rooms IS 'Information about transmission of PDUs in a given room to a given remote homeserver.';


--
-- Name: COLUMN destination_rooms.destination; Type: COMMENT; Schema: public; Owner: synapse
--

COMMENT ON COLUMN public.destination_rooms.destination IS 'server name of remote homeserver in question';


--
-- Name: COLUMN destination_rooms.room_id; Type: COMMENT; Schema: public; Owner: synapse
--

COMMENT ON COLUMN public.destination_rooms.room_id IS 'room ID in question';


--
-- Name: COLUMN destination_rooms.stream_ordering; Type: COMMENT; Schema: public; Owner: synapse
--

COMMENT ON COLUMN public.destination_rooms.stream_ordering IS '`stream_ordering` of the most recent PDU in this room that needs to be sent (by us) to this homeserver.
This can only be pointing to our own PDU because we are only responsible for sending our own PDUs.';


--
-- Name: destinations; Type: TABLE; Schema: public; Owner: synapse
--

CREATE TABLE public.destinations (
    destination text NOT NULL,
    retry_last_ts bigint,
    retry_interval bigint,
    failure_ts bigint,
    last_successful_stream_ordering bigint
);


ALTER TABLE public.destinations OWNER TO synapse;

--
-- Name: TABLE destinations; Type: COMMENT; Schema: public; Owner: synapse
--

COMMENT ON TABLE public.destinations IS 'Information about remote homeservers and the health of our connection to them.';


--
-- Name: COLUMN destinations.destination; Type: COMMENT; Schema: public; Owner: synapse
--

COMMENT ON COLUMN public.destinations.destination IS 'server name of remote homeserver in question';


--
-- Name: COLUMN destinations.retry_last_ts; Type: COMMENT; Schema: public; Owner: synapse
--

COMMENT ON COLUMN public.destinations.retry_last_ts IS 'The last time we tried and failed to reach the remote server, in ms.
This field is reset to `0` when we succeed in connecting again.';


--
-- Name: COLUMN destinations.retry_interval; Type: COMMENT; Schema: public; Owner: synapse
--

COMMENT ON COLUMN public.destinations.retry_interval IS 'How long, in milliseconds, to wait since the last time we tried to reach the remote server before trying again.
This field is reset to `0` when we succeed in connecting again.';


--
-- Name: COLUMN destinations.failure_ts; Type: COMMENT; Schema: public; Owner: synapse
--

COMMENT ON COLUMN public.destinations.failure_ts IS 'The first time we tried and failed to reach the remote server, in ms.
This field is reset to `NULL` when we succeed in connecting again.';


--
-- Name: COLUMN destinations.last_successful_stream_ordering; Type: COMMENT; Schema: public; Owner: synapse
--

COMMENT ON COLUMN public.destinations.last_successful_stream_ordering IS 'Stream ordering of the most recently successfully sent PDU to this server, sent through normal send (not e.g. backfill).
In Catch-Up Mode, the original PDU persisted by us is represented here, even if we sent a later forward extremity in its stead.
See `destination_rooms` for more information about catch-up.';


--
-- Name: device_auth_providers; Type: TABLE; Schema: public; Owner: synapse
--

CREATE TABLE public.device_auth_providers (
    user_id text NOT NULL,
    device_id text NOT NULL,
    auth_provider_id text NOT NULL,
    auth_provider_session_id text NOT NULL
);


ALTER TABLE public.device_auth_providers OWNER TO synapse;

--
-- Name: device_federation_inbox; Type: TABLE; Schema: public; Owner: synapse
--

CREATE TABLE public.device_federation_inbox (
    origin text NOT NULL,
    message_id text NOT NULL,
    received_ts bigint NOT NULL,
    instance_name text
);


ALTER TABLE public.device_federation_inbox OWNER TO synapse;

--
-- Name: device_federation_outbox; Type: TABLE; Schema: public; Owner: synapse
--

CREATE TABLE public.device_federation_outbox (
    destination text NOT NULL,
    stream_id bigint NOT NULL,
    queued_ts bigint NOT NULL,
    messages_json text NOT NULL,
    instance_name text
);


ALTER TABLE public.device_federation_outbox OWNER TO synapse;

--
-- Name: device_inbox; Type: TABLE; Schema: public; Owner: synapse
--

CREATE TABLE public.device_inbox (
    user_id text NOT NULL,
    device_id text NOT NULL,
    stream_id bigint NOT NULL,
    message_json text NOT NULL,
    instance_name text
);


ALTER TABLE public.device_inbox OWNER TO synapse;

--
-- Name: device_inbox_sequence; Type: SEQUENCE; Schema: public; Owner: synapse
--

CREATE SEQUENCE public.device_inbox_sequence
    START WITH 1
    INCREMENT BY 1
    NO MINVALUE
    NO MAXVALUE
    CACHE 1;


ALTER TABLE public.device_inbox_sequence OWNER TO synapse;

--
-- Name: device_lists_changes_converted_stream_position; Type: TABLE; Schema: public; Owner: synapse
--

CREATE TABLE public.device_lists_changes_converted_stream_position (
    lock character(1) DEFAULT 'X'::bpchar NOT NULL,
    stream_id bigint NOT NULL,
    room_id text NOT NULL,
    CONSTRAINT device_lists_changes_converted_stream_position_lock_check CHECK ((lock = 'X'::bpchar))
);


ALTER TABLE public.device_lists_changes_converted_stream_position OWNER TO synapse;

--
-- Name: device_lists_changes_in_room; Type: TABLE; Schema: public; Owner: synapse
--

CREATE TABLE public.device_lists_changes_in_room (
    user_id text NOT NULL,
    device_id text NOT NULL,
    room_id text NOT NULL,
    stream_id bigint NOT NULL,
    converted_to_destinations boolean NOT NULL,
    opentracing_context text
);


ALTER TABLE public.device_lists_changes_in_room OWNER TO synapse;

--
-- Name: device_lists_outbound_last_success; Type: TABLE; Schema: public; Owner: synapse
--

CREATE TABLE public.device_lists_outbound_last_success (
    destination text NOT NULL,
    user_id text NOT NULL,
    stream_id bigint NOT NULL
);


ALTER TABLE public.device_lists_outbound_last_success OWNER TO synapse;

--
-- Name: device_lists_outbound_pokes; Type: TABLE; Schema: public; Owner: synapse
--

CREATE TABLE public.device_lists_outbound_pokes (
    destination text NOT NULL,
    stream_id bigint NOT NULL,
    user_id text NOT NULL,
    device_id text NOT NULL,
    sent boolean NOT NULL,
    ts bigint NOT NULL,
    opentracing_context text
);


ALTER TABLE public.device_lists_outbound_pokes OWNER TO synapse;

--
-- Name: device_lists_remote_cache; Type: TABLE; Schema: public; Owner: synapse
--

CREATE TABLE public.device_lists_remote_cache (
    user_id text NOT NULL,
    device_id text NOT NULL,
    content text NOT NULL
);


ALTER TABLE public.device_lists_remote_cache OWNER TO synapse;

--
-- Name: device_lists_remote_extremeties; Type: TABLE; Schema: public; Owner: synapse
--

CREATE TABLE public.device_lists_remote_extremeties (
    user_id text NOT NULL,
    stream_id text NOT NULL
);


ALTER TABLE public.device_lists_remote_extremeties OWNER TO synapse;

--
-- Name: device_lists_remote_pending; Type: TABLE; Schema: public; Owner: synapse
--

CREATE TABLE public.device_lists_remote_pending (
    stream_id bigint NOT NULL,
    user_id text NOT NULL,
    device_id text NOT NULL
);


ALTER TABLE public.device_lists_remote_pending OWNER TO synapse;

--
-- Name: device_lists_remote_resync; Type: TABLE; Schema: public; Owner: synapse
--

CREATE TABLE public.device_lists_remote_resync (
    user_id text NOT NULL,
    added_ts bigint NOT NULL
);


ALTER TABLE public.device_lists_remote_resync OWNER TO synapse;

--
-- Name: device_lists_stream; Type: TABLE; Schema: public; Owner: synapse
--

CREATE TABLE public.device_lists_stream (
    stream_id bigint NOT NULL,
    user_id text NOT NULL,
    device_id text NOT NULL
);


ALTER TABLE public.device_lists_stream OWNER TO synapse;

--
-- Name: devices; Type: TABLE; Schema: public; Owner: synapse
--

CREATE TABLE public.devices (
    user_id text NOT NULL,
    device_id text NOT NULL,
    display_name text,
    last_seen bigint,
    ip text,
    user_agent text,
    hidden boolean DEFAULT false
);


ALTER TABLE public.devices OWNER TO synapse;

--
-- Name: e2e_cross_signing_keys; Type: TABLE; Schema: public; Owner: synapse
--

CREATE TABLE public.e2e_cross_signing_keys (
    user_id text NOT NULL,
    keytype text NOT NULL,
    keydata text NOT NULL,
    stream_id bigint NOT NULL
);


ALTER TABLE public.e2e_cross_signing_keys OWNER TO synapse;

--
-- Name: e2e_cross_signing_signatures; Type: TABLE; Schema: public; Owner: synapse
--

CREATE TABLE public.e2e_cross_signing_signatures (
    user_id text NOT NULL,
    key_id text NOT NULL,
    target_user_id text NOT NULL,
    target_device_id text NOT NULL,
    signature text NOT NULL
);


ALTER TABLE public.e2e_cross_signing_signatures OWNER TO synapse;

--
-- Name: e2e_device_keys_json; Type: TABLE; Schema: public; Owner: synapse
--

CREATE TABLE public.e2e_device_keys_json (
    user_id text NOT NULL,
    device_id text NOT NULL,
    ts_added_ms bigint NOT NULL,
    key_json text NOT NULL
);


ALTER TABLE public.e2e_device_keys_json OWNER TO synapse;

--
-- Name: e2e_fallback_keys_json; Type: TABLE; Schema: public; Owner: synapse
--

CREATE TABLE public.e2e_fallback_keys_json (
    user_id text NOT NULL,
    device_id text NOT NULL,
    algorithm text NOT NULL,
    key_id text NOT NULL,
    key_json text NOT NULL,
    used boolean DEFAULT false NOT NULL
);


ALTER TABLE public.e2e_fallback_keys_json OWNER TO synapse;

--
-- Name: e2e_one_time_keys_json; Type: TABLE; Schema: public; Owner: synapse
--

CREATE TABLE public.e2e_one_time_keys_json (
    user_id text NOT NULL,
    device_id text NOT NULL,
    algorithm text NOT NULL,
    key_id text NOT NULL,
    ts_added_ms bigint NOT NULL,
    key_json text NOT NULL
);


ALTER TABLE public.e2e_one_time_keys_json OWNER TO synapse;

--
-- Name: e2e_room_keys; Type: TABLE; Schema: public; Owner: synapse
--

CREATE TABLE public.e2e_room_keys (
    user_id text NOT NULL,
    room_id text NOT NULL,
    session_id text NOT NULL,
    version bigint NOT NULL,
    first_message_index integer,
    forwarded_count integer,
    is_verified boolean,
    session_data text NOT NULL
);


ALTER TABLE public.e2e_room_keys OWNER TO synapse;

--
-- Name: e2e_room_keys_versions; Type: TABLE; Schema: public; Owner: synapse
--

CREATE TABLE public.e2e_room_keys_versions (
    user_id text NOT NULL,
    version bigint NOT NULL,
    algorithm text NOT NULL,
    auth_data text NOT NULL,
    deleted smallint DEFAULT 0 NOT NULL,
    etag bigint
);


ALTER TABLE public.e2e_room_keys_versions OWNER TO synapse;

--
-- Name: erased_users; Type: TABLE; Schema: public; Owner: synapse
--

CREATE TABLE public.erased_users (
    user_id text NOT NULL
);


ALTER TABLE public.erased_users OWNER TO synapse;

--
-- Name: event_auth; Type: TABLE; Schema: public; Owner: synapse
--

CREATE TABLE public.event_auth (
    event_id text NOT NULL,
    auth_id text NOT NULL,
    room_id text NOT NULL
);


ALTER TABLE public.event_auth OWNER TO synapse;

--
-- Name: event_auth_chain_id; Type: SEQUENCE; Schema: public; Owner: synapse
--

CREATE SEQUENCE public.event_auth_chain_id
    START WITH 1
    INCREMENT BY 1
    NO MINVALUE
    NO MAXVALUE
    CACHE 1;


ALTER TABLE public.event_auth_chain_id OWNER TO synapse;

--
-- Name: event_auth_chain_links; Type: TABLE; Schema: public; Owner: synapse
--

CREATE TABLE public.event_auth_chain_links (
    origin_chain_id bigint NOT NULL,
    origin_sequence_number bigint NOT NULL,
    target_chain_id bigint NOT NULL,
    target_sequence_number bigint NOT NULL
);


ALTER TABLE public.event_auth_chain_links OWNER TO synapse;

--
-- Name: event_auth_chain_to_calculate; Type: TABLE; Schema: public; Owner: synapse
--

CREATE TABLE public.event_auth_chain_to_calculate (
    event_id text NOT NULL,
    room_id text NOT NULL,
    type text NOT NULL,
    state_key text NOT NULL
);


ALTER TABLE public.event_auth_chain_to_calculate OWNER TO synapse;

--
-- Name: event_auth_chains; Type: TABLE; Schema: public; Owner: synapse
--

CREATE TABLE public.event_auth_chains (
    event_id text NOT NULL,
    chain_id bigint NOT NULL,
    sequence_number bigint NOT NULL
);


ALTER TABLE public.event_auth_chains OWNER TO synapse;

--
-- Name: event_backward_extremities; Type: TABLE; Schema: public; Owner: synapse
--

CREATE TABLE public.event_backward_extremities (
    event_id text NOT NULL,
    room_id text NOT NULL
);


ALTER TABLE public.event_backward_extremities OWNER TO synapse;

--
-- Name: event_edges; Type: TABLE; Schema: public; Owner: synapse
--

CREATE TABLE public.event_edges (
    event_id text NOT NULL,
    prev_event_id text NOT NULL,
    room_id text,
    is_state boolean DEFAULT false NOT NULL
);


ALTER TABLE public.event_edges OWNER TO synapse;

--
-- Name: event_expiry; Type: TABLE; Schema: public; Owner: synapse
--

CREATE TABLE public.event_expiry (
    event_id text NOT NULL,
    expiry_ts bigint NOT NULL
);


ALTER TABLE public.event_expiry OWNER TO synapse;

--
-- Name: event_failed_pull_attempts; Type: TABLE; Schema: public; Owner: synapse
--

CREATE TABLE public.event_failed_pull_attempts (
    room_id text NOT NULL,
    event_id text NOT NULL,
    num_attempts integer NOT NULL,
    last_attempt_ts bigint NOT NULL,
    last_cause text NOT NULL
);


ALTER TABLE public.event_failed_pull_attempts OWNER TO synapse;

--
-- Name: event_forward_extremities; Type: TABLE; Schema: public; Owner: synapse
--

CREATE TABLE public.event_forward_extremities (
    event_id text NOT NULL,
    room_id text NOT NULL
);


ALTER TABLE public.event_forward_extremities OWNER TO synapse;

--
-- Name: event_json; Type: TABLE; Schema: public; Owner: synapse
--

CREATE TABLE public.event_json (
    event_id text NOT NULL,
    room_id text NOT NULL,
    internal_metadata text NOT NULL,
    json text NOT NULL,
    format_version integer
);


ALTER TABLE public.event_json OWNER TO synapse;

--
-- Name: event_labels; Type: TABLE; Schema: public; Owner: synapse
--

CREATE TABLE public.event_labels (
    event_id text NOT NULL,
    label text NOT NULL,
    room_id text NOT NULL,
    topological_ordering bigint NOT NULL
);


ALTER TABLE public.event_labels OWNER TO synapse;

--
-- Name: event_push_actions; Type: TABLE; Schema: public; Owner: synapse
--

CREATE TABLE public.event_push_actions (
    room_id text NOT NULL,
    event_id text NOT NULL,
    user_id text NOT NULL,
    profile_tag character varying(32),
    actions text NOT NULL,
    topological_ordering bigint,
    stream_ordering bigint,
    notif smallint,
    highlight smallint,
    unread smallint,
    thread_id text
);


ALTER TABLE public.event_push_actions OWNER TO synapse;

--
-- Name: event_push_actions_staging; Type: TABLE; Schema: public; Owner: synapse
--

CREATE TABLE public.event_push_actions_staging (
    event_id text NOT NULL,
    user_id text NOT NULL,
    actions text NOT NULL,
    notif smallint NOT NULL,
    highlight smallint NOT NULL,
    unread smallint,
    thread_id text,
    inserted_ts bigint DEFAULT (EXTRACT(epoch FROM now()) * (1000)::numeric)
);


ALTER TABLE public.event_push_actions_staging OWNER TO synapse;

--
-- Name: event_push_summary; Type: TABLE; Schema: public; Owner: synapse
--

CREATE TABLE public.event_push_summary (
    user_id text NOT NULL,
    room_id text NOT NULL,
    notif_count bigint NOT NULL,
    stream_ordering bigint NOT NULL,
    unread_count bigint,
    last_receipt_stream_ordering bigint,
    thread_id text
);


ALTER TABLE public.event_push_summary OWNER TO synapse;

--
-- Name: event_push_summary_last_receipt_stream_id; Type: TABLE; Schema: public; Owner: synapse
--

CREATE TABLE public.event_push_summary_last_receipt_stream_id (
    lock character(1) DEFAULT 'X'::bpchar NOT NULL,
    stream_id bigint NOT NULL,
    CONSTRAINT event_push_summary_last_receipt_stream_id_lock_check CHECK ((lock = 'X'::bpchar))
);


ALTER TABLE public.event_push_summary_last_receipt_stream_id OWNER TO synapse;

--
-- Name: event_push_summary_stream_ordering; Type: TABLE; Schema: public; Owner: synapse
--

CREATE TABLE public.event_push_summary_stream_ordering (
    lock character(1) DEFAULT 'X'::bpchar NOT NULL,
    stream_ordering bigint NOT NULL,
    CONSTRAINT event_push_summary_stream_ordering_lock_check CHECK ((lock = 'X'::bpchar))
);


ALTER TABLE public.event_push_summary_stream_ordering OWNER TO synapse;

--
-- Name: event_relations; Type: TABLE; Schema: public; Owner: synapse
--

CREATE TABLE public.event_relations (
    event_id text NOT NULL,
    relates_to_id text NOT NULL,
    relation_type text NOT NULL,
    aggregation_key text
);


ALTER TABLE public.event_relations OWNER TO synapse;

--
-- Name: event_reports; Type: TABLE; Schema: public; Owner: synapse
--

CREATE TABLE public.event_reports (
    id bigint NOT NULL,
    received_ts bigint NOT NULL,
    room_id text NOT NULL,
    event_id text NOT NULL,
    user_id text NOT NULL,
    reason text,
    content text
);


ALTER TABLE public.event_reports OWNER TO synapse;

--
-- Name: event_search; Type: TABLE; Schema: public; Owner: synapse
--

CREATE TABLE public.event_search (
    event_id text,
    room_id text,
    sender text,
    key text,
    vector tsvector,
    origin_server_ts bigint,
    stream_ordering bigint
);
ALTER TABLE ONLY public.event_search ALTER COLUMN room_id SET (n_distinct=-0.01);


ALTER TABLE public.event_search OWNER TO synapse;

--
-- Name: event_to_state_groups; Type: TABLE; Schema: public; Owner: synapse
--

CREATE TABLE public.event_to_state_groups (
    event_id text NOT NULL,
    state_group bigint NOT NULL
);


ALTER TABLE public.event_to_state_groups OWNER TO synapse;

--
-- Name: event_txn_id; Type: TABLE; Schema: public; Owner: synapse
--

CREATE TABLE public.event_txn_id (
    event_id text NOT NULL,
    room_id text NOT NULL,
    user_id text NOT NULL,
    token_id bigint NOT NULL,
    txn_id text NOT NULL,
    inserted_ts bigint NOT NULL
);


ALTER TABLE public.event_txn_id OWNER TO synapse;

--
-- Name: events; Type: TABLE; Schema: public; Owner: synapse
--

CREATE TABLE public.events (
    topological_ordering bigint NOT NULL,
    event_id text NOT NULL,
    type text NOT NULL,
    room_id text NOT NULL,
    content text,
    unrecognized_keys text,
    processed boolean NOT NULL,
    outlier boolean NOT NULL,
    depth bigint DEFAULT 0 NOT NULL,
    origin_server_ts bigint,
    received_ts bigint,
    sender text,
    contains_url boolean,
    instance_name text,
    stream_ordering bigint,
    state_key text,
    rejection_reason text
);


ALTER TABLE public.events OWNER TO synapse;

--
-- Name: events_backfill_stream_seq; Type: SEQUENCE; Schema: public; Owner: synapse
--

CREATE SEQUENCE public.events_backfill_stream_seq
    START WITH 1
    INCREMENT BY 1
    NO MINVALUE
    NO MAXVALUE
    CACHE 1;


ALTER TABLE public.events_backfill_stream_seq OWNER TO synapse;

--
-- Name: events_stream_seq; Type: SEQUENCE; Schema: public; Owner: synapse
--

CREATE SEQUENCE public.events_stream_seq
    START WITH 1
    INCREMENT BY 1
    NO MINVALUE
    NO MAXVALUE
    CACHE 1;


ALTER TABLE public.events_stream_seq OWNER TO synapse;

--
-- Name: ex_outlier_stream; Type: TABLE; Schema: public; Owner: synapse
--

CREATE TABLE public.ex_outlier_stream (
    event_stream_ordering bigint NOT NULL,
    event_id text NOT NULL,
    state_group bigint NOT NULL,
    instance_name text
);


ALTER TABLE public.ex_outlier_stream OWNER TO synapse;

--
-- Name: federation_inbound_events_staging; Type: TABLE; Schema: public; Owner: synapse
--

CREATE TABLE public.federation_inbound_events_staging (
    origin text NOT NULL,
    room_id text NOT NULL,
    event_id text NOT NULL,
    received_ts bigint NOT NULL,
    event_json text NOT NULL,
    internal_metadata text NOT NULL
);


ALTER TABLE public.federation_inbound_events_staging OWNER TO synapse;

--
-- Name: federation_stream_position; Type: TABLE; Schema: public; Owner: synapse
--

CREATE TABLE public.federation_stream_position (
    type text NOT NULL,
    stream_id bigint NOT NULL,
    instance_name text DEFAULT 'master'::text NOT NULL
);


ALTER TABLE public.federation_stream_position OWNER TO synapse;

--
-- Name: ignored_users; Type: TABLE; Schema: public; Owner: synapse
--

CREATE TABLE public.ignored_users (
    ignorer_user_id text NOT NULL,
    ignored_user_id text NOT NULL
);


ALTER TABLE public.ignored_users OWNER TO synapse;

--
-- Name: insertion_event_edges; Type: TABLE; Schema: public; Owner: synapse
--

CREATE TABLE public.insertion_event_edges (
    event_id text NOT NULL,
    room_id text NOT NULL,
    insertion_prev_event_id text NOT NULL
);


ALTER TABLE public.insertion_event_edges OWNER TO synapse;

--
-- Name: insertion_event_extremities; Type: TABLE; Schema: public; Owner: synapse
--

CREATE TABLE public.insertion_event_extremities (
    event_id text NOT NULL,
    room_id text NOT NULL
);


ALTER TABLE public.insertion_event_extremities OWNER TO synapse;

--
-- Name: insertion_events; Type: TABLE; Schema: public; Owner: synapse
--

CREATE TABLE public.insertion_events (
    event_id text NOT NULL,
    room_id text NOT NULL,
    next_batch_id text NOT NULL
);


ALTER TABLE public.insertion_events OWNER TO synapse;

--
-- Name: instance_map; Type: TABLE; Schema: public; Owner: synapse
--

CREATE TABLE public.instance_map (
    instance_id integer NOT NULL,
    instance_name text NOT NULL
);


ALTER TABLE public.instance_map OWNER TO synapse;

--
-- Name: instance_map_instance_id_seq; Type: SEQUENCE; Schema: public; Owner: synapse
--

CREATE SEQUENCE public.instance_map_instance_id_seq
    AS integer
    START WITH 1
    INCREMENT BY 1
    NO MINVALUE
    NO MAXVALUE
    CACHE 1;


ALTER TABLE public.instance_map_instance_id_seq OWNER TO synapse;

--
-- Name: instance_map_instance_id_seq; Type: SEQUENCE OWNED BY; Schema: public; Owner: synapse
--

ALTER SEQUENCE public.instance_map_instance_id_seq OWNED BY public.instance_map.instance_id;


--
-- Name: local_current_membership; Type: TABLE; Schema: public; Owner: synapse
--

CREATE TABLE public.local_current_membership (
    room_id text NOT NULL,
    user_id text NOT NULL,
    event_id text NOT NULL,
    membership text NOT NULL
);


ALTER TABLE public.local_current_membership OWNER TO synapse;

--
-- Name: local_media_repository; Type: TABLE; Schema: public; Owner: synapse
--

CREATE TABLE public.local_media_repository (
    media_id text,
    media_type text,
    media_length integer,
    created_ts bigint,
    upload_name text,
    user_id text,
    quarantined_by text,
    url_cache text,
    last_access_ts bigint,
    safe_from_quarantine boolean DEFAULT false NOT NULL
);


ALTER TABLE public.local_media_repository OWNER TO synapse;

--
-- Name: local_media_repository_thumbnails; Type: TABLE; Schema: public; Owner: synapse
--

CREATE TABLE public.local_media_repository_thumbnails (
    media_id text,
    thumbnail_width integer,
    thumbnail_height integer,
    thumbnail_type text,
    thumbnail_method text,
    thumbnail_length integer
);


ALTER TABLE public.local_media_repository_thumbnails OWNER TO synapse;

--
-- Name: local_media_repository_url_cache; Type: TABLE; Schema: public; Owner: synapse
--

CREATE TABLE public.local_media_repository_url_cache (
    url text,
    response_code integer,
    etag text,
    expires_ts bigint,
    og text,
    media_id text,
    download_ts bigint
);


ALTER TABLE public.local_media_repository_url_cache OWNER TO synapse;

--
-- Name: login_tokens; Type: TABLE; Schema: public; Owner: synapse
--

CREATE TABLE public.login_tokens (
    token text NOT NULL,
    user_id text NOT NULL,
    expiry_ts bigint NOT NULL,
    used_ts bigint,
    auth_provider_id text,
    auth_provider_session_id text
);


ALTER TABLE public.login_tokens OWNER TO synapse;

--
-- Name: monthly_active_users; Type: TABLE; Schema: public; Owner: synapse
--

CREATE TABLE public.monthly_active_users (
    user_id text NOT NULL,
    "timestamp" bigint NOT NULL
);


ALTER TABLE public.monthly_active_users OWNER TO synapse;

--
-- Name: open_id_tokens; Type: TABLE; Schema: public; Owner: synapse
--

CREATE TABLE public.open_id_tokens (
    token text NOT NULL,
    ts_valid_until_ms bigint NOT NULL,
    user_id text NOT NULL
);


ALTER TABLE public.open_id_tokens OWNER TO synapse;

--
-- Name: partial_state_events; Type: TABLE; Schema: public; Owner: synapse
--

CREATE TABLE public.partial_state_events (
    room_id text NOT NULL,
    event_id text NOT NULL
);


ALTER TABLE public.partial_state_events OWNER TO synapse;

--
-- Name: partial_state_rooms; Type: TABLE; Schema: public; Owner: synapse
--

CREATE TABLE public.partial_state_rooms (
    room_id text NOT NULL,
    device_lists_stream_id bigint DEFAULT 0 NOT NULL,
    join_event_id text,
    joined_via text
);


ALTER TABLE public.partial_state_rooms OWNER TO synapse;

--
-- Name: partial_state_rooms_servers; Type: TABLE; Schema: public; Owner: synapse
--

CREATE TABLE public.partial_state_rooms_servers (
    room_id text NOT NULL,
    server_name text NOT NULL
);


ALTER TABLE public.partial_state_rooms_servers OWNER TO synapse;

--
-- Name: presence_stream; Type: TABLE; Schema: public; Owner: synapse
--

CREATE TABLE public.presence_stream (
    stream_id bigint,
    user_id text,
    state text,
    last_active_ts bigint,
    last_federation_update_ts bigint,
    last_user_sync_ts bigint,
    status_msg text,
    currently_active boolean,
    instance_name text
);


ALTER TABLE public.presence_stream OWNER TO synapse;

--
-- Name: presence_stream_sequence; Type: SEQUENCE; Schema: public; Owner: synapse
--

CREATE SEQUENCE public.presence_stream_sequence
    START WITH 1
    INCREMENT BY 1
    NO MINVALUE
    NO MAXVALUE
    CACHE 1;


ALTER TABLE public.presence_stream_sequence OWNER TO synapse;

--
-- Name: profiles; Type: TABLE; Schema: public; Owner: synapse
--

CREATE TABLE public.profiles (
    user_id text NOT NULL,
    displayname text,
    avatar_url text
);


ALTER TABLE public.profiles OWNER TO synapse;

--
-- Name: push_rules; Type: TABLE; Schema: public; Owner: synapse
--

CREATE TABLE public.push_rules (
    id bigint NOT NULL,
    user_name text NOT NULL,
    rule_id text NOT NULL,
    priority_class smallint NOT NULL,
    priority integer DEFAULT 0 NOT NULL,
    conditions text NOT NULL,
    actions text NOT NULL
);


ALTER TABLE public.push_rules OWNER TO synapse;

--
-- Name: push_rules_enable; Type: TABLE; Schema: public; Owner: synapse
--

CREATE TABLE public.push_rules_enable (
    id bigint NOT NULL,
    user_name text NOT NULL,
    rule_id text NOT NULL,
    enabled smallint
);


ALTER TABLE public.push_rules_enable OWNER TO synapse;

--
-- Name: push_rules_stream; Type: TABLE; Schema: public; Owner: synapse
--

CREATE TABLE public.push_rules_stream (
    stream_id bigint NOT NULL,
    event_stream_ordering bigint NOT NULL,
    user_id text NOT NULL,
    rule_id text NOT NULL,
    op text NOT NULL,
    priority_class smallint,
    priority integer,
    conditions text,
    actions text
);


ALTER TABLE public.push_rules_stream OWNER TO synapse;

--
-- Name: pusher_throttle; Type: TABLE; Schema: public; Owner: synapse
--

CREATE TABLE public.pusher_throttle (
    pusher bigint NOT NULL,
    room_id text NOT NULL,
    last_sent_ts bigint,
    throttle_ms bigint
);


ALTER TABLE public.pusher_throttle OWNER TO synapse;

--
-- Name: pushers; Type: TABLE; Schema: public; Owner: synapse
--

CREATE TABLE public.pushers (
    id bigint NOT NULL,
    user_name text NOT NULL,
    access_token bigint,
    profile_tag text NOT NULL,
    kind text NOT NULL,
    app_id text NOT NULL,
    app_display_name text NOT NULL,
    device_display_name text NOT NULL,
    pushkey text NOT NULL,
    ts bigint NOT NULL,
    lang text,
    data text,
    last_stream_ordering bigint,
    last_success bigint,
    failing_since bigint,
    enabled boolean,
    device_id text
);


ALTER TABLE public.pushers OWNER TO synapse;

--
-- Name: ratelimit_override; Type: TABLE; Schema: public; Owner: synapse
--

CREATE TABLE public.ratelimit_override (
    user_id text NOT NULL,
    messages_per_second bigint,
    burst_count bigint
);


ALTER TABLE public.ratelimit_override OWNER TO synapse;

--
-- Name: receipts_graph; Type: TABLE; Schema: public; Owner: synapse
--

CREATE TABLE public.receipts_graph (
    room_id text NOT NULL,
    receipt_type text NOT NULL,
    user_id text NOT NULL,
    event_ids text NOT NULL,
    data text NOT NULL,
    thread_id text
);


ALTER TABLE public.receipts_graph OWNER TO synapse;

--
-- Name: receipts_linearized; Type: TABLE; Schema: public; Owner: synapse
--

CREATE TABLE public.receipts_linearized (
    stream_id bigint NOT NULL,
    room_id text NOT NULL,
    receipt_type text NOT NULL,
    user_id text NOT NULL,
    event_id text NOT NULL,
    data text NOT NULL,
    instance_name text,
    event_stream_ordering bigint,
    thread_id text
);


ALTER TABLE public.receipts_linearized OWNER TO synapse;

--
-- Name: receipts_sequence; Type: SEQUENCE; Schema: public; Owner: synapse
--

CREATE SEQUENCE public.receipts_sequence
    START WITH 1
    INCREMENT BY 1
    NO MINVALUE
    NO MAXVALUE
    CACHE 1;


ALTER TABLE public.receipts_sequence OWNER TO synapse;

--
-- Name: received_transactions; Type: TABLE; Schema: public; Owner: synapse
--

CREATE TABLE public.received_transactions (
    transaction_id text,
    origin text,
    ts bigint,
    response_code integer,
    response_json bytea,
    has_been_referenced smallint DEFAULT 0
);


ALTER TABLE public.received_transactions OWNER TO synapse;

--
-- Name: redactions; Type: TABLE; Schema: public; Owner: synapse
--

CREATE TABLE public.redactions (
    event_id text NOT NULL,
    redacts text NOT NULL,
    have_censored boolean DEFAULT false NOT NULL,
    received_ts bigint
);


ALTER TABLE public.redactions OWNER TO synapse;

--
-- Name: refresh_tokens; Type: TABLE; Schema: public; Owner: synapse
--

CREATE TABLE public.refresh_tokens (
    id bigint NOT NULL,
    user_id text NOT NULL,
    device_id text NOT NULL,
    token text NOT NULL,
    next_token_id bigint,
    expiry_ts bigint,
    ultimate_session_expiry_ts bigint
);


ALTER TABLE public.refresh_tokens OWNER TO synapse;

--
-- Name: registration_tokens; Type: TABLE; Schema: public; Owner: synapse
--

CREATE TABLE public.registration_tokens (
    token text NOT NULL,
    uses_allowed integer,
    pending integer NOT NULL,
    completed integer NOT NULL,
    expiry_time bigint
);


ALTER TABLE public.registration_tokens OWNER TO synapse;

--
-- Name: rejections; Type: TABLE; Schema: public; Owner: synapse
--

CREATE TABLE public.rejections (
    event_id text NOT NULL,
    reason text NOT NULL,
    last_check text NOT NULL
);


ALTER TABLE public.rejections OWNER TO synapse;

--
-- Name: remote_media_cache; Type: TABLE; Schema: public; Owner: synapse
--

CREATE TABLE public.remote_media_cache (
    media_origin text,
    media_id text,
    media_type text,
    created_ts bigint,
    upload_name text,
    media_length integer,
    filesystem_id text,
    last_access_ts bigint,
    quarantined_by text
);


ALTER TABLE public.remote_media_cache OWNER TO synapse;

--
-- Name: remote_media_cache_thumbnails; Type: TABLE; Schema: public; Owner: synapse
--

CREATE TABLE public.remote_media_cache_thumbnails (
    media_origin text,
    media_id text,
    thumbnail_width integer,
    thumbnail_height integer,
    thumbnail_method text,
    thumbnail_type text,
    thumbnail_length integer,
    filesystem_id text
);


ALTER TABLE public.remote_media_cache_thumbnails OWNER TO synapse;

--
-- Name: room_account_data; Type: TABLE; Schema: public; Owner: synapse
--

CREATE TABLE public.room_account_data (
    user_id text NOT NULL,
    room_id text NOT NULL,
    account_data_type text NOT NULL,
    stream_id bigint NOT NULL,
    content text NOT NULL,
    instance_name text
);


ALTER TABLE public.room_account_data OWNER TO synapse;

--
-- Name: room_alias_servers; Type: TABLE; Schema: public; Owner: synapse
--

CREATE TABLE public.room_alias_servers (
    room_alias text NOT NULL,
    server text NOT NULL
);


ALTER TABLE public.room_alias_servers OWNER TO synapse;

--
-- Name: room_aliases; Type: TABLE; Schema: public; Owner: synapse
--

CREATE TABLE public.room_aliases (
    room_alias text NOT NULL,
    room_id text NOT NULL,
    creator text
);


ALTER TABLE public.room_aliases OWNER TO synapse;

--
-- Name: room_depth; Type: TABLE; Schema: public; Owner: synapse
--

CREATE TABLE public.room_depth (
    room_id text NOT NULL,
    min_depth bigint
);


ALTER TABLE public.room_depth OWNER TO synapse;

--
-- Name: room_memberships; Type: TABLE; Schema: public; Owner: synapse
--

CREATE TABLE public.room_memberships (
    event_id text NOT NULL,
    user_id text NOT NULL,
    sender text NOT NULL,
    room_id text NOT NULL,
    membership text NOT NULL,
    forgotten integer DEFAULT 0,
    display_name text,
    avatar_url text
);


ALTER TABLE public.room_memberships OWNER TO synapse;

--
-- Name: room_retention; Type: TABLE; Schema: public; Owner: synapse
--

CREATE TABLE public.room_retention (
    room_id text NOT NULL,
    event_id text NOT NULL,
    min_lifetime bigint,
    max_lifetime bigint
);


ALTER TABLE public.room_retention OWNER TO synapse;

--
-- Name: room_stats_current; Type: TABLE; Schema: public; Owner: synapse
--

CREATE TABLE public.room_stats_current (
    room_id text NOT NULL,
    current_state_events integer NOT NULL,
    joined_members integer NOT NULL,
    invited_members integer NOT NULL,
    left_members integer NOT NULL,
    banned_members integer NOT NULL,
    local_users_in_room integer NOT NULL,
    completed_delta_stream_id bigint NOT NULL,
    knocked_members integer
);


ALTER TABLE public.room_stats_current OWNER TO synapse;

--
-- Name: room_stats_earliest_token; Type: TABLE; Schema: public; Owner: synapse
--

CREATE TABLE public.room_stats_earliest_token (
    room_id text NOT NULL,
    token bigint NOT NULL
);


ALTER TABLE public.room_stats_earliest_token OWNER TO synapse;

--
-- Name: room_stats_state; Type: TABLE; Schema: public; Owner: synapse
--

CREATE TABLE public.room_stats_state (
    room_id text NOT NULL,
    name text,
    canonical_alias text,
    join_rules text,
    history_visibility text,
    encryption text,
    avatar text,
    guest_access text,
    is_federatable boolean,
    topic text,
    room_type text
);


ALTER TABLE public.room_stats_state OWNER TO synapse;

--
-- Name: room_tags; Type: TABLE; Schema: public; Owner: synapse
--

CREATE TABLE public.room_tags (
    user_id text NOT NULL,
    room_id text NOT NULL,
    tag text NOT NULL,
    content text NOT NULL
);


ALTER TABLE public.room_tags OWNER TO synapse;

--
-- Name: room_tags_revisions; Type: TABLE; Schema: public; Owner: synapse
--

CREATE TABLE public.room_tags_revisions (
    user_id text NOT NULL,
    room_id text NOT NULL,
    stream_id bigint NOT NULL,
    instance_name text
);


ALTER TABLE public.room_tags_revisions OWNER TO synapse;

--
-- Name: rooms; Type: TABLE; Schema: public; Owner: synapse
--

CREATE TABLE public.rooms (
    room_id text NOT NULL,
    is_public boolean,
    creator text,
    room_version text,
    has_auth_chain_index boolean
);


ALTER TABLE public.rooms OWNER TO synapse;

--
-- Name: schema_compat_version; Type: TABLE; Schema: public; Owner: synapse
--

CREATE TABLE public.schema_compat_version (
    lock character(1) DEFAULT 'X'::bpchar NOT NULL,
    compat_version integer NOT NULL,
    CONSTRAINT schema_compat_version_lock_check CHECK ((lock = 'X'::bpchar))
);


ALTER TABLE public.schema_compat_version OWNER TO synapse;

--
-- Name: schema_version; Type: TABLE; Schema: public; Owner: synapse
--

CREATE TABLE public.schema_version (
    lock character(1) DEFAULT 'X'::bpchar NOT NULL,
    version integer NOT NULL,
    upgraded boolean NOT NULL,
    CONSTRAINT schema_version_lock_check CHECK ((lock = 'X'::bpchar))
);


ALTER TABLE public.schema_version OWNER TO synapse;

--
-- Name: server_keys_json; Type: TABLE; Schema: public; Owner: synapse
--

CREATE TABLE public.server_keys_json (
    server_name text NOT NULL,
    key_id text NOT NULL,
    from_server text NOT NULL,
    ts_added_ms bigint NOT NULL,
    ts_valid_until_ms bigint NOT NULL,
    key_json bytea NOT NULL
);


ALTER TABLE public.server_keys_json OWNER TO synapse;

--
-- Name: server_signature_keys; Type: TABLE; Schema: public; Owner: synapse
--

CREATE TABLE public.server_signature_keys (
    server_name text,
    key_id text,
    from_server text,
    ts_added_ms bigint,
    verify_key bytea,
    ts_valid_until_ms bigint
);


ALTER TABLE public.server_signature_keys OWNER TO synapse;

--
-- Name: sessions; Type: TABLE; Schema: public; Owner: synapse
--

CREATE TABLE public.sessions (
    session_type text NOT NULL,
    session_id text NOT NULL,
    value text NOT NULL,
    expiry_time_ms bigint NOT NULL
);


ALTER TABLE public.sessions OWNER TO synapse;

--
-- Name: state_events; Type: TABLE; Schema: public; Owner: synapse
--

CREATE TABLE public.state_events (
    event_id text NOT NULL,
    room_id text NOT NULL,
    type text NOT NULL,
    state_key text NOT NULL,
    prev_state text
);


ALTER TABLE public.state_events OWNER TO synapse;

--
-- Name: state_group_edges; Type: TABLE; Schema: public; Owner: synapse
--

CREATE TABLE public.state_group_edges (
    state_group bigint NOT NULL,
    prev_state_group bigint NOT NULL
);


ALTER TABLE public.state_group_edges OWNER TO synapse;

--
-- Name: state_group_id_seq; Type: SEQUENCE; Schema: public; Owner: synapse
--

CREATE SEQUENCE public.state_group_id_seq
    START WITH 1
    INCREMENT BY 1
    NO MINVALUE
    NO MAXVALUE
    CACHE 1;


ALTER TABLE public.state_group_id_seq OWNER TO synapse;

--
-- Name: state_groups; Type: TABLE; Schema: public; Owner: synapse
--

CREATE TABLE public.state_groups (
    id bigint NOT NULL,
    room_id text NOT NULL,
    event_id text NOT NULL
);


ALTER TABLE public.state_groups OWNER TO synapse;

--
-- Name: state_groups_state; Type: TABLE; Schema: public; Owner: synapse
--

CREATE TABLE public.state_groups_state (
    state_group bigint NOT NULL,
    room_id text NOT NULL,
    type text NOT NULL,
    state_key text NOT NULL,
    event_id text NOT NULL
);
ALTER TABLE ONLY public.state_groups_state ALTER COLUMN state_group SET (n_distinct=-0.02);


ALTER TABLE public.state_groups_state OWNER TO synapse;

--
-- Name: stats_incremental_position; Type: TABLE; Schema: public; Owner: synapse
--

CREATE TABLE public.stats_incremental_position (
    lock character(1) DEFAULT 'X'::bpchar NOT NULL,
    stream_id bigint NOT NULL,
    CONSTRAINT stats_incremental_position_lock_check CHECK ((lock = 'X'::bpchar))
);


ALTER TABLE public.stats_incremental_position OWNER TO synapse;

--
-- Name: stream_ordering_to_exterm; Type: TABLE; Schema: public; Owner: synapse
--

CREATE TABLE public.stream_ordering_to_exterm (
    stream_ordering bigint NOT NULL,
    room_id text NOT NULL,
    event_id text NOT NULL
);


ALTER TABLE public.stream_ordering_to_exterm OWNER TO synapse;

--
-- Name: stream_positions; Type: TABLE; Schema: public; Owner: synapse
--

CREATE TABLE public.stream_positions (
    stream_name text NOT NULL,
    instance_name text NOT NULL,
    stream_id bigint NOT NULL
);


ALTER TABLE public.stream_positions OWNER TO synapse;

--
-- Name: threads; Type: TABLE; Schema: public; Owner: synapse
--

CREATE TABLE public.threads (
    room_id text NOT NULL,
    thread_id text NOT NULL,
    latest_event_id text NOT NULL,
    topological_ordering bigint NOT NULL,
    stream_ordering bigint NOT NULL
);


ALTER TABLE public.threads OWNER TO synapse;

--
-- Name: threepid_guest_access_tokens; Type: TABLE; Schema: public; Owner: synapse
--

CREATE TABLE public.threepid_guest_access_tokens (
    medium text,
    address text,
    guest_access_token text,
    first_inviter text
);


ALTER TABLE public.threepid_guest_access_tokens OWNER TO synapse;

--
-- Name: threepid_validation_session; Type: TABLE; Schema: public; Owner: synapse
--

CREATE TABLE public.threepid_validation_session (
    session_id text NOT NULL,
    medium text NOT NULL,
    address text NOT NULL,
    client_secret text NOT NULL,
    last_send_attempt bigint NOT NULL,
    validated_at bigint
);


ALTER TABLE public.threepid_validation_session OWNER TO synapse;

--
-- Name: threepid_validation_token; Type: TABLE; Schema: public; Owner: synapse
--

CREATE TABLE public.threepid_validation_token (
    token text NOT NULL,
    session_id text NOT NULL,
    next_link text,
    expires bigint NOT NULL
);


ALTER TABLE public.threepid_validation_token OWNER TO synapse;

--
-- Name: ui_auth_sessions; Type: TABLE; Schema: public; Owner: synapse
--

CREATE TABLE public.ui_auth_sessions (
    session_id text NOT NULL,
    creation_time bigint NOT NULL,
    serverdict text NOT NULL,
    clientdict text NOT NULL,
    uri text NOT NULL,
    method text NOT NULL,
    description text NOT NULL
);


ALTER TABLE public.ui_auth_sessions OWNER TO synapse;

--
-- Name: ui_auth_sessions_credentials; Type: TABLE; Schema: public; Owner: synapse
--

CREATE TABLE public.ui_auth_sessions_credentials (
    session_id text NOT NULL,
    stage_type text NOT NULL,
    result text NOT NULL
);


ALTER TABLE public.ui_auth_sessions_credentials OWNER TO synapse;

--
-- Name: ui_auth_sessions_ips; Type: TABLE; Schema: public; Owner: synapse
--

CREATE TABLE public.ui_auth_sessions_ips (
    session_id text NOT NULL,
    ip text NOT NULL,
    user_agent text NOT NULL
);


ALTER TABLE public.ui_auth_sessions_ips OWNER TO synapse;

--
-- Name: un_partial_stated_event_stream; Type: TABLE; Schema: public; Owner: synapse
--

CREATE TABLE public.un_partial_stated_event_stream (
    stream_id bigint NOT NULL,
    instance_name text NOT NULL,
    event_id text NOT NULL,
    rejection_status_changed boolean NOT NULL
);


ALTER TABLE public.un_partial_stated_event_stream OWNER TO synapse;

--
-- Name: un_partial_stated_event_stream_sequence; Type: SEQUENCE; Schema: public; Owner: synapse
--

CREATE SEQUENCE public.un_partial_stated_event_stream_sequence
    START WITH 1
    INCREMENT BY 1
    NO MINVALUE
    NO MAXVALUE
    CACHE 1;


ALTER TABLE public.un_partial_stated_event_stream_sequence OWNER TO synapse;

--
-- Name: un_partial_stated_room_stream; Type: TABLE; Schema: public; Owner: synapse
--

CREATE TABLE public.un_partial_stated_room_stream (
    stream_id bigint NOT NULL,
    instance_name text NOT NULL,
    room_id text NOT NULL
);


ALTER TABLE public.un_partial_stated_room_stream OWNER TO synapse;

--
-- Name: un_partial_stated_room_stream_sequence; Type: SEQUENCE; Schema: public; Owner: synapse
--

CREATE SEQUENCE public.un_partial_stated_room_stream_sequence
    START WITH 1
    INCREMENT BY 1
    NO MINVALUE
    NO MAXVALUE
    CACHE 1;


ALTER TABLE public.un_partial_stated_room_stream_sequence OWNER TO synapse;

--
-- Name: user_daily_visits; Type: TABLE; Schema: public; Owner: synapse
--

CREATE TABLE public.user_daily_visits (
    user_id text NOT NULL,
    device_id text,
    "timestamp" bigint NOT NULL,
    user_agent text
);


ALTER TABLE public.user_daily_visits OWNER TO synapse;

--
-- Name: user_directory; Type: TABLE; Schema: public; Owner: synapse
--

CREATE TABLE public.user_directory (
    user_id text NOT NULL,
    room_id text,
    display_name text,
    avatar_url text
);


ALTER TABLE public.user_directory OWNER TO synapse;

--
-- Name: user_directory_search; Type: TABLE; Schema: public; Owner: synapse
--

CREATE TABLE public.user_directory_search (
    user_id text NOT NULL,
    vector tsvector
);


ALTER TABLE public.user_directory_search OWNER TO synapse;

--
-- Name: user_directory_stale_remote_users; Type: TABLE; Schema: public; Owner: synapse
--

CREATE TABLE public.user_directory_stale_remote_users (
    user_id text NOT NULL,
    user_server_name text NOT NULL,
    next_try_at_ts bigint NOT NULL,
    retry_counter integer NOT NULL
);


ALTER TABLE public.user_directory_stale_remote_users OWNER TO synapse;

--
-- Name: user_directory_stream_pos; Type: TABLE; Schema: public; Owner: synapse
--

CREATE TABLE public.user_directory_stream_pos (
    lock character(1) DEFAULT 'X'::bpchar NOT NULL,
    stream_id bigint,
    CONSTRAINT user_directory_stream_pos_lock_check CHECK ((lock = 'X'::bpchar))
);


ALTER TABLE public.user_directory_stream_pos OWNER TO synapse;

--
-- Name: user_external_ids; Type: TABLE; Schema: public; Owner: synapse
--

CREATE TABLE public.user_external_ids (
    auth_provider text NOT NULL,
    external_id text NOT NULL,
    user_id text NOT NULL
);


ALTER TABLE public.user_external_ids OWNER TO synapse;

--
-- Name: user_filters; Type: TABLE; Schema: public; Owner: synapse
--

CREATE TABLE public.user_filters (
    user_id text NOT NULL,
    filter_id bigint NOT NULL,
    filter_json bytea NOT NULL
);


ALTER TABLE public.user_filters OWNER TO synapse;

--
-- Name: user_id_seq; Type: SEQUENCE; Schema: public; Owner: synapse
--

CREATE SEQUENCE public.user_id_seq
    START WITH 1
    INCREMENT BY 1
    NO MINVALUE
    NO MAXVALUE
    CACHE 1;


ALTER TABLE public.user_id_seq OWNER TO synapse;

--
-- Name: user_ips; Type: TABLE; Schema: public; Owner: synapse
--

CREATE TABLE public.user_ips (
    user_id text NOT NULL,
    access_token text NOT NULL,
    device_id text,
    ip text NOT NULL,
    user_agent text NOT NULL,
    last_seen bigint NOT NULL
);


ALTER TABLE public.user_ips OWNER TO synapse;

--
-- Name: user_signature_stream; Type: TABLE; Schema: public; Owner: synapse
--

CREATE TABLE public.user_signature_stream (
    stream_id bigint NOT NULL,
    from_user_id text NOT NULL,
    user_ids text NOT NULL
);


ALTER TABLE public.user_signature_stream OWNER TO synapse;

--
-- Name: user_stats_current; Type: TABLE; Schema: public; Owner: synapse
--

CREATE TABLE public.user_stats_current (
    user_id text NOT NULL,
    joined_rooms bigint NOT NULL,
    completed_delta_stream_id bigint NOT NULL
);


ALTER TABLE public.user_stats_current OWNER TO synapse;

--
-- Name: user_threepid_id_server; Type: TABLE; Schema: public; Owner: synapse
--

CREATE TABLE public.user_threepid_id_server (
    user_id text NOT NULL,
    medium text NOT NULL,
    address text NOT NULL,
    id_server text NOT NULL
);


ALTER TABLE public.user_threepid_id_server OWNER TO synapse;

--
-- Name: user_threepids; Type: TABLE; Schema: public; Owner: synapse
--

CREATE TABLE public.user_threepids (
    user_id text NOT NULL,
    medium text NOT NULL,
    address text NOT NULL,
    validated_at bigint NOT NULL,
    added_at bigint NOT NULL
);


ALTER TABLE public.user_threepids OWNER TO synapse;

--
-- Name: users; Type: TABLE; Schema: public; Owner: synapse
--

CREATE TABLE public.users (
    name text,
    password_hash text,
    creation_ts bigint,
    admin smallint DEFAULT 0 NOT NULL,
    upgrade_ts bigint,
    is_guest smallint DEFAULT 0 NOT NULL,
    appservice_id text,
    consent_version text,
    consent_server_notice_sent text,
    user_type text,
    deactivated smallint DEFAULT 0 NOT NULL,
    shadow_banned boolean,
    consent_ts bigint,
    approved boolean
);


ALTER TABLE public.users OWNER TO synapse;

--
-- Name: users_in_public_rooms; Type: TABLE; Schema: public; Owner: synapse
--

CREATE TABLE public.users_in_public_rooms (
    user_id text NOT NULL,
    room_id text NOT NULL
);


ALTER TABLE public.users_in_public_rooms OWNER TO synapse;

--
-- Name: users_pending_deactivation; Type: TABLE; Schema: public; Owner: synapse
--

CREATE TABLE public.users_pending_deactivation (
    user_id text NOT NULL
);


ALTER TABLE public.users_pending_deactivation OWNER TO synapse;

--
-- Name: users_to_send_full_presence_to; Type: TABLE; Schema: public; Owner: synapse
--

CREATE TABLE public.users_to_send_full_presence_to (
    user_id text NOT NULL,
    presence_stream_id bigint
);


ALTER TABLE public.users_to_send_full_presence_to OWNER TO synapse;

--
-- Name: users_who_share_private_rooms; Type: TABLE; Schema: public; Owner: synapse
--

CREATE TABLE public.users_who_share_private_rooms (
    user_id text NOT NULL,
    other_user_id text NOT NULL,
    room_id text NOT NULL
);


ALTER TABLE public.users_who_share_private_rooms OWNER TO synapse;

--
-- Name: worker_locks; Type: TABLE; Schema: public; Owner: synapse
--

CREATE TABLE public.worker_locks (
    lock_name text NOT NULL,
    lock_key text NOT NULL,
    instance_name text NOT NULL,
    token text NOT NULL,
    last_renewed_ts bigint NOT NULL
);


ALTER TABLE public.worker_locks OWNER TO synapse;

--
-- Name: instance_map instance_id; Type: DEFAULT; Schema: public; Owner: synapse
--

ALTER TABLE ONLY public.instance_map ALTER COLUMN instance_id SET DEFAULT nextval('public.instance_map_instance_id_seq'::regclass);


--
-- Data for Name: access_tokens; Type: TABLE DATA; Schema: public; Owner: synapse
--

COPY public.access_tokens (id, user_id, device_id, token, valid_until_ms, puppets_user_id, last_validated, refresh_token_id, used) FROM stdin;
5	@matterbot:localhost	PWRMYRIUQD	syt_bWF0dGVyYm90_vkekktqzNkwiqXWPhANf_1h5Lgs	\N	\N	1675957082697	\N	f
6	@mm_user1.mm:localhost	RQAXSULDUM	syt_bW1fdXNlcjEubW0_ZqfhoUgkNwRquoGGFsGK_40NMNW	\N	\N	1676646214890	\N	f
7	@mm_user1.mm:localhost	CTHQGTXACR	syt_bW1fdXNlcjEubW0_TwulhcELLSVFPjIfNctJ_4eluOc	\N	\N	1676646295819	\N	f
8	@mm_user1.mm:localhost	PKQQWLAPGS	syt_bW1fdXNlcjEubW0_nFFwEHNyVMAHnsVZrErr_2Zye67	\N	\N	1676646295827	\N	f
10	@user2.matrix:localhost	XJGUXKWQTC	syt_dXNlcjIubWF0cml4_ZoQXnpOmEvGfuUgfHLwA_1I6gRO	\N	\N	1678611293209	\N	f
11	@mm_user2.mm:localhost	EJTXMDRSFA	syt_bW1fdXNlcjIubW0_GmjyQTBItmQdoiUupOcR_3LyLTp	\N	\N	1678611396769	\N	f
15	@user3.matrix:localhost	SOHHLFUXPZ	syt_dXNlcjMubWF0cml4_dgFOGVyvkbxiIHRzVpsC_2j4kLu	\N	\N	1679412827842	\N	f
18	@user2.matrix:localhost	WLPLHFHZUL	syt_dXNlcjIubWF0cml4_qRhcwldAqgcibhrrnUwG_0WxdI9	\N	\N	1679413047353	\N	t
63	@user1.matrix:localhost	REIEALSNTY	syt_dXNlcjEubWF0cml4_eXVcNDTTkqDgSMvgCPJG_2t06Yj	\N	\N	1681308003132	\N	t
74	@user1.matrix:localhost	MSPZHZFGDA	syt_dXNlcjEubWF0cml4_aInKIZxtyvBaGpEboLSx_31MAGN	\N	\N	1681314451643	\N	f
64	@user1.matrix:localhost	WMKPZDBULK	syt_dXNlcjEubWF0cml4_QCMvcSBVIrNRNhSGJFVK_4FHTpL	\N	\N	1681308841233	\N	t
23	@mm_user2.mm:localhost	IUKMOEVWXH	syt_bW1fdXNlcjIubW0_NxdfIWCrCChJRVGPmDqa_1aoSdq	\N	\N	1681111089854	\N	t
65	@user1.matrix:localhost	HWCBWCBYBR	syt_dXNlcjEubWF0cml4_yKWkTujtcvVszVOLVRNZ_0mvMhX	\N	\N	1681309188445	\N	t
60	@user1.matrix:localhost	WEFSLDHKQY	syt_dXNlcjEubWF0cml4_GUAboCWYxghSqbTBFlrB_2ZIpq0	\N	\N	1681307759240	\N	t
2	@admin:localhost	OZJZGYFHKP	syt_YWRtaW4_ESjBoGLaWtscFgZHsBhJ_027WFj	\N	\N	1675956521567	\N	t
66	@user1.matrix:localhost	CLVTQIMHDY	syt_dXNlcjEubWF0cml4_RIXawKSSHwCMLitsrSlu_2p7qFr	\N	\N	1681309425037	\N	t
70	@user1.matrix:localhost	HGPAFDPXAI	syt_dXNlcjEubWF0cml4_XvIQnmVMWWijCSDrhdUx_420I2b	\N	\N	1681311951330	\N	t
61	@user1.matrix:localhost	DTWCIRRYLH	syt_dXNlcjEubWF0cml4_pGjqBnYgPPjfLqFFuEEE_0ZJ4Sz	\N	\N	1681307793812	\N	t
62	@user1.matrix:localhost	VGVZMENCED	syt_dXNlcjEubWF0cml4_IepGCaCsrsQqqifgLbEL_0WBwCU	\N	\N	1681307924142	\N	t
\.


--
-- Data for Name: account_data; Type: TABLE DATA; Schema: public; Owner: synapse
--

COPY public.account_data (user_id, account_data_type, stream_id, content, instance_name) FROM stdin;
@admin:localhost	org.matrix.msc3890.local_notification_settings.LWSWGUCQHK	2	{"is_silenced":false}	\N
@admin:localhost	im.vector.analytics	4	{"pseudonymousAnalyticsOptIn":false}	\N
@user1.matrix:localhost	org.matrix.msc3890.local_notification_settings.TVVUNPJUJZ	10	{"is_silenced":false}	\N
@user1.matrix:localhost	im.vector.analytics	12	{"pseudonymousAnalyticsOptIn":false}	\N
@user1.matrix:localhost	org.matrix.msc3890.local_notification_settings.VPHDFELNLR	19	{"is_silenced":false}	\N
@admin:localhost	org.matrix.msc3890.local_notification_settings.WYMFZMMAGV	26	{"is_silenced":false}	\N
@admin:localhost	im.vector.setting.breadcrumbs	30	{"recent_rooms":["!FzTtpSkXWMPYBKHUQN:localhost","!pYSbiOyjMFsKNxSMyi:localhost"]}	\N
@user1.matrix:localhost	org.matrix.msc3890.local_notification_settings.GQUGBBJECP	37	{"is_silenced":false}	\N
@user2.matrix:localhost	org.matrix.msc3890.local_notification_settings.GKJBQYVCXV	46	{"is_silenced":false}	\N
@user2.matrix:localhost	im.vector.analytics	49	{"pseudonymousAnalyticsOptIn":false}	\N
@user1.matrix:localhost	org.matrix.msc3890.local_notification_settings.SADCQVCOAS	55	{"is_silenced":false}	\N
@user2.matrix:localhost	org.matrix.msc3890.local_notification_settings.AGGSXBPCOI	62	{"is_silenced":false}	\N
@user3.matrix:localhost	org.matrix.msc3890.local_notification_settings.JYMLVEKGHU	82	{"is_silenced":false}	\N
@user3.matrix:localhost	im.vector.analytics	83	{"pseudonymousAnalyticsOptIn":false}	\N
@user3.matrix:localhost	im.vector.web.settings	91	{"SpotlightSearch.recentSearches":["!pYSbiOyjMFsKNxSMyi:localhost","!AHOiTmgdxQzlhIOUsy:localhost","!FzTtpSkXWMPYBKHUQN:localhost"]}	\N
@user3.matrix:localhost	im.vector.setting.breadcrumbs	94	{"recent_rooms":["!AHOiTmgdxQzlhIOUsy:localhost","!pYSbiOyjMFsKNxSMyi:localhost","!FzTtpSkXWMPYBKHUQN:localhost"]}	\N
@user1.matrix:localhost	org.matrix.msc3890.local_notification_settings.YOPETZJIMM	96	{"is_silenced":false}	\N
@user2.matrix:localhost	org.matrix.msc3890.local_notification_settings.WLPLHFHZUL	104	{"is_silenced":false}	\N
@user2.matrix:localhost	im.vector.web.settings	109	{"FTUE.useCaseSelection":"Skip","SpotlightSearch.recentSearches":["!pYSbiOyjMFsKNxSMyi:localhost","!AHOiTmgdxQzlhIOUsy:localhost","!FzTtpSkXWMPYBKHUQN:localhost"]}	\N
@user2.matrix:localhost	m.direct	139	{"@mm_user2.mm:localhost":["!wGvWnTVpsbEMByNykc:localhost","!CZMvztYPoMDXZghGjm:localhost"]}	\N
@user1.matrix:localhost	m.direct	143	{"@mm_user2.mm:localhost":["!CZMvztYPoMDXZghGjm:localhost"]}	\N
@user2.matrix:localhost	im.vector.setting.breadcrumbs	160	{"recent_rooms":["!mjuhEfzSkeOAWJqsoF:localhost","!KBqzwXdLtXZopjBikg:localhost","!vDRByArErEHuGOOJxE:localhost","!AHOiTmgdxQzlhIOUsy:localhost","!FzTtpSkXWMPYBKHUQN:localhost","!pYSbiOyjMFsKNxSMyi:localhost","!CZMvztYPoMDXZghGjm:localhost","!wGvWnTVpsbEMByNykc:localhost"]}	\N
@user1.matrix:localhost	org.matrix.msc3890.local_notification_settings.MERBZSSHQY	165	{"is_silenced":false}	\N
@user1.matrix:localhost	im.vector.web.settings	176	{"FTUE.useCaseSelection":"Skip","SpotlightSearch.recentSearches":["!cZnmZQFBeDsHEQbFQs:localhost","!AHOiTmgdxQzlhIOUsy:localhost","!FzTtpSkXWMPYBKHUQN:localhost","!pYSbiOyjMFsKNxSMyi:localhost","!KSMzKvonSTiyePvssr:localhost","!nazZsmPypmVtBOMIti:localhost"]}	\N
@user1.matrix:localhost	org.matrix.msc3890.local_notification_settings.VDICYNRLYT	190	{"is_silenced":false}	\N
@user1.matrix:localhost	org.matrix.msc3890.local_notification_settings.TYRQVABKXX	194	{"is_silenced":false}	\N
@user1.matrix:localhost	org.matrix.msc3890.local_notification_settings.GEGNBCWDZH	196	{"is_silenced":false}	\N
@user1.matrix:localhost	org.matrix.msc3890.local_notification_settings.WEAKIHRDEV	198	{"is_silenced":false}	\N
@user1.matrix:localhost	org.matrix.msc3890.local_notification_settings.NZRPFLRSAA	200	{"is_silenced":false}	\N
@user1.matrix:localhost	org.matrix.msc3890.local_notification_settings.IYHIHSVEEK	202	{"is_silenced":false}	\N
@user1.matrix:localhost	org.matrix.msc3890.local_notification_settings.ODNEOYPGKD	206	{"is_silenced":false}	\N
@user1.matrix:localhost	org.matrix.msc3890.local_notification_settings.DGRUMDVCBM	208	{"is_silenced":false}	\N
@user1.matrix:localhost	org.matrix.msc3890.local_notification_settings.OYSHCNGSNY	210	{"is_silenced":false}	\N
@user1.matrix:localhost	org.matrix.msc3890.local_notification_settings.QFUUJKKFTN	212	{"is_silenced":false}	\N
@user1.matrix:localhost	org.matrix.msc3890.local_notification_settings.MXUYRJBGML	215	{"is_silenced":false}	\N
@user1.matrix:localhost	im.vector.setting.breadcrumbs	216	{"recent_rooms":["!pYSbiOyjMFsKNxSMyi:localhost","!FzTtpSkXWMPYBKHUQN:localhost","!mOsaATLFknhUVKMKbF:localhost","!cZnmZQFBeDsHEQbFQs:localhost","!AHOiTmgdxQzlhIOUsy:localhost","!CZMvztYPoMDXZghGjm:localhost","!vDRByArErEHuGOOJxE:localhost"]}	\N
@user1.matrix:localhost	org.matrix.msc3890.local_notification_settings.WEFSLDHKQY	218	{"is_silenced":false}	\N
\.


--
-- Data for Name: account_validity; Type: TABLE DATA; Schema: public; Owner: synapse
--

COPY public.account_validity (user_id, expiration_ts_ms, email_sent, renewal_token, token_used_ts_ms) FROM stdin;
\.


--
-- Data for Name: application_services_state; Type: TABLE DATA; Schema: public; Owner: synapse
--

COPY public.application_services_state (as_id, state, read_receipt_stream_id, presence_stream_id, to_device_stream_id, device_list_stream_id) FROM stdin;
\.


--
-- Data for Name: application_services_txns; Type: TABLE DATA; Schema: public; Owner: synapse
--

COPY public.application_services_txns (as_id, txn_id, event_ids) FROM stdin;
\.


--
-- Data for Name: applied_module_schemas; Type: TABLE DATA; Schema: public; Owner: synapse
--

COPY public.applied_module_schemas (module_name, file) FROM stdin;
\.


--
-- Data for Name: applied_schema_deltas; Type: TABLE DATA; Schema: public; Owner: synapse
--

COPY public.applied_schema_deltas (version, file) FROM stdin;
73	73/01event_failed_pull_attempts.sql
73	73/02add_pusher_enabled.sql
73	73/02room_id_indexes_for_purging.sql
73	73/03pusher_device_id.sql
73	73/03users_approved_column.sql
73	73/04partial_join_details.sql
73	73/04pending_device_list_updates.sql
73	73/05old_push_actions.sql.postgres
73	73/06thread_notifications_thread_id_idx.sql
73	73/08thread_receipts_non_null.sql.postgres
73	73/09partial_joined_via_destination.sql
73	73/09threads_table.sql
73	73/10_update_sqlite_fts4_tokenizer.py
73	73/10login_tokens.sql
73	73/11event_search_room_id_n_distinct.sql.postgres
73	73/12refactor_device_list_outbound_pokes.sql
73	73/13add_device_lists_index.sql
73	73/20_un_partial_stated_room_stream.sql
73	73/21_un_partial_stated_room_stream_seq.sql.postgres
73	73/22_rebuild_user_dir_stats.sql
73	73/22_un_partial_stated_event_stream.sql
73	73/23_fix_thread_index.sql
73	73/23_un_partial_stated_room_stream_seq.sql.postgres
73	73/24_events_jump_to_date_index.sql
73	73/25drop_presence.sql
74	74/01_user_directory_stale_remote_users.sql
74	74/90COMMENTS_destinations.sql.postgres
\.


--
-- Data for Name: appservice_room_list; Type: TABLE DATA; Schema: public; Owner: synapse
--

COPY public.appservice_room_list (appservice_id, network_id, room_id) FROM stdin;
\.


--
-- Data for Name: appservice_stream_position; Type: TABLE DATA; Schema: public; Owner: synapse
--

COPY public.appservice_stream_position (lock, stream_ordering) FROM stdin;
X	298
\.


--
-- Data for Name: background_updates; Type: TABLE DATA; Schema: public; Owner: synapse
--

COPY public.background_updates (update_name, progress_json, depends_on, ordering) FROM stdin;
\.


--
-- Data for Name: batch_events; Type: TABLE DATA; Schema: public; Owner: synapse
--

COPY public.batch_events (event_id, room_id, batch_id) FROM stdin;
\.


--
-- Data for Name: blocked_rooms; Type: TABLE DATA; Schema: public; Owner: synapse
--

COPY public.blocked_rooms (room_id, user_id) FROM stdin;
\.


--
-- Data for Name: cache_invalidation_stream_by_instance; Type: TABLE DATA; Schema: public; Owner: synapse
--

COPY public.cache_invalidation_stream_by_instance (stream_id, instance_name, cache_func, keys, invalidation_ts) FROM stdin;
2	master	user_last_seen_monthly_active	\N	1675955402823
3	master	get_monthly_active_count	{}	1675955402843
4	master	user_last_seen_monthly_active	\N	1675955610624
5	master	get_monthly_active_count	{}	1675955610692
6	master	get_user_by_id	{@admin:localhost}	1675956521514
7	master	count_e2e_one_time_keys	{@admin:localhost,LWSWGUCQHK}	1675956531714
8	master	get_e2e_unused_fallback_key_types	{@admin:localhost,LWSWGUCQHK}	1675956531749
9	master	count_e2e_one_time_keys	{@admin:localhost,LWSWGUCQHK}	1675956531838
10	master	count_e2e_one_time_keys	{@admin:localhost,LWSWGUCQHK}	1675956531900
11	master	count_e2e_one_time_keys	{@admin:localhost,LWSWGUCQHK}	1675956531971
12	master	count_e2e_one_time_keys	{@admin:localhost,LWSWGUCQHK}	1675956532033
13	master	count_e2e_one_time_keys	{@admin:localhost,LWSWGUCQHK}	1675956532222
14	master	count_e2e_one_time_keys	{@admin:localhost,LWSWGUCQHK}	1675956532334
15	master	_get_bare_e2e_cross_signing_keys	{@admin:localhost}	1675956532395
16	master	count_e2e_one_time_keys	{@admin:localhost,LWSWGUCQHK}	1675956532402
17	master	_get_bare_e2e_cross_signing_keys	{@admin:localhost}	1675956532405
18	master	_get_bare_e2e_cross_signing_keys	{@admin:localhost}	1675956532423
19	master	count_e2e_one_time_keys	{@admin:localhost,LWSWGUCQHK}	1675956532511
20	master	count_e2e_one_time_keys	{@admin:localhost,LWSWGUCQHK}	1675956532670
21	master	get_aliases_for_room	{!FzTtpSkXWMPYBKHUQN:localhost}	1675956617849
22	master	cs_cache_fake	{!FzTtpSkXWMPYBKHUQN:localhost}	1675956617990
23	master	cs_cache_fake	{!FzTtpSkXWMPYBKHUQN:localhost,@admin:localhost}	1675956618161
24	master	cs_cache_fake	{!FzTtpSkXWMPYBKHUQN:localhost}	1675956618585
25	master	cs_cache_fake	{!FzTtpSkXWMPYBKHUQN:localhost}	1675956618875
26	master	get_aliases_for_room	{!pYSbiOyjMFsKNxSMyi:localhost}	1675956696631
27	master	cs_cache_fake	{!pYSbiOyjMFsKNxSMyi:localhost}	1675956696694
28	master	cs_cache_fake	{!pYSbiOyjMFsKNxSMyi:localhost,@admin:localhost}	1675956696815
29	master	cs_cache_fake	{!pYSbiOyjMFsKNxSMyi:localhost}	1675956697184
30	master	cs_cache_fake	{!pYSbiOyjMFsKNxSMyi:localhost}	1675956697410
31	master	get_user_by_access_token	{syt_YWRtaW4_HzSAvDjKsSuGPIUmeheO_19s0jm}	1675956791498
32	master	count_e2e_one_time_keys	{@admin:localhost,LWSWGUCQHK}	1675956791509
33	master	get_e2e_unused_fallback_key_types	{@admin:localhost,LWSWGUCQHK}	1675956791512
34	master	get_user_by_id	{@user1.matrix:localhost}	1675956810245
35	master	count_e2e_one_time_keys	{@user1.matrix:localhost,TVVUNPJUJZ}	1675956811075
36	master	get_e2e_unused_fallback_key_types	{@user1.matrix:localhost,TVVUNPJUJZ}	1675956811095
37	master	count_e2e_one_time_keys	{@user1.matrix:localhost,TVVUNPJUJZ}	1675956811174
38	master	count_e2e_one_time_keys	{@user1.matrix:localhost,TVVUNPJUJZ}	1675956811246
39	master	count_e2e_one_time_keys	{@user1.matrix:localhost,TVVUNPJUJZ}	1675956811305
40	master	count_e2e_one_time_keys	{@user1.matrix:localhost,TVVUNPJUJZ}	1675956811360
41	master	count_e2e_one_time_keys	{@user1.matrix:localhost,TVVUNPJUJZ}	1675956811424
42	master	count_e2e_one_time_keys	{@user1.matrix:localhost,TVVUNPJUJZ}	1675956811485
43	master	count_e2e_one_time_keys	{@user1.matrix:localhost,TVVUNPJUJZ}	1675956811540
44	master	_get_bare_e2e_cross_signing_keys	{@user1.matrix:localhost}	1675956811564
45	master	_get_bare_e2e_cross_signing_keys	{@user1.matrix:localhost}	1675956811575
46	master	_get_bare_e2e_cross_signing_keys	{@user1.matrix:localhost}	1675956811587
47	master	count_e2e_one_time_keys	{@user1.matrix:localhost,TVVUNPJUJZ}	1675956811635
48	master	count_e2e_one_time_keys	{@user1.matrix:localhost,TVVUNPJUJZ}	1675956811797
49	master	cs_cache_fake	{!pYSbiOyjMFsKNxSMyi:localhost,@user1.matrix:localhost}	1675956825894
50	master	cs_cache_fake	{!FzTtpSkXWMPYBKHUQN:localhost,@user1.matrix:localhost}	1675956838459
51	master	user_last_seen_monthly_active	\N	1675957004017
52	master	get_monthly_active_count	{}	1675957004027
53	master	get_user_by_id	{@matterbot:localhost}	1675957082626
54	master	user_last_seen_monthly_active	\N	1675957171980
55	master	get_monthly_active_count	{}	1675957171987
56	master	user_last_seen_monthly_active	\N	1675957817014
57	master	get_monthly_active_count	{}	1675957817030
58	master	user_last_seen_monthly_active	\N	1675958144869
59	master	get_monthly_active_count	{}	1675958144877
60	master	user_last_seen_monthly_active	\N	1675958682567
61	master	get_monthly_active_count	{}	1675958682579
62	master	user_last_seen_monthly_active	\N	1675970012438
63	master	get_monthly_active_count	{}	1675970012442
64	master	user_last_seen_monthly_active	\N	1675970292049
65	master	get_monthly_active_count	{}	1675970292055
66	master	user_last_seen_monthly_active	\N	1675972234370
67	master	get_monthly_active_count	{}	1675972234384
68	master	user_last_seen_monthly_active	\N	1675972353773
69	master	get_monthly_active_count	{}	1675972353787
70	master	user_last_seen_monthly_active	\N	1675972740207
71	master	get_monthly_active_count	{}	1675972740214
72	master	user_last_seen_monthly_active	\N	1675973777322
73	master	get_monthly_active_count	{}	1675973777327
74	master	user_last_seen_monthly_active	\N	1675973886615
75	master	get_monthly_active_count	{}	1675973886621
76	master	user_last_seen_monthly_active	\N	1675974380508
77	master	get_monthly_active_count	{}	1675974380514
78	master	user_last_seen_monthly_active	\N	1675974415248
79	master	get_monthly_active_count	{}	1675974415257
80	master	user_last_seen_monthly_active	\N	1675974848005
81	master	get_monthly_active_count	{}	1675974848012
82	master	user_last_seen_monthly_active	\N	1675976492855
83	master	get_monthly_active_count	{}	1675976492884
84	master	user_last_seen_monthly_active	\N	1675977967663
85	master	get_monthly_active_count	{}	1675977967680
86	master	user_last_seen_monthly_active	\N	1676645894976
87	master	get_monthly_active_count	{}	1676645894986
88	master	user_last_seen_monthly_active	\N	1676645950114
89	master	get_monthly_active_count	{}	1676645950125
90	master	cs_cache_fake	{!pYSbiOyjMFsKNxSMyi:localhost,@matterbot:localhost}	1676646214155
91	master	cs_cache_fake	{!FzTtpSkXWMPYBKHUQN:localhost,@matterbot:localhost}	1676646214156
92	master	get_user_by_id	{@mm_user1.mm:localhost}	1676646214783
93	master	cs_cache_fake	{!pYSbiOyjMFsKNxSMyi:localhost,@matterbot:localhost}	1676646296020
94	master	cs_cache_fake	{!FzTtpSkXWMPYBKHUQN:localhost,@matterbot:localhost}	1676646296028
95	master	user_last_seen_monthly_active	\N	1678032765756
96	master	get_monthly_active_count	{}	1678032765783
97	master	count_e2e_one_time_keys	{@user1.matrix:localhost,VPHDFELNLR}	1678032892647
98	master	get_e2e_unused_fallback_key_types	{@user1.matrix:localhost,VPHDFELNLR}	1678032892680
99	master	count_e2e_one_time_keys	{@user1.matrix:localhost,VPHDFELNLR}	1678032892758
100	master	count_e2e_one_time_keys	{@user1.matrix:localhost,VPHDFELNLR}	1678032892813
101	master	count_e2e_one_time_keys	{@user1.matrix:localhost,VPHDFELNLR}	1678032892870
102	master	count_e2e_one_time_keys	{@user1.matrix:localhost,VPHDFELNLR}	1678032892938
103	master	count_e2e_one_time_keys	{@user1.matrix:localhost,VPHDFELNLR}	1678032892994
104	master	count_e2e_one_time_keys	{@user1.matrix:localhost,VPHDFELNLR}	1678032893050
105	master	count_e2e_one_time_keys	{@user1.matrix:localhost,VPHDFELNLR}	1678032893101
106	master	count_e2e_one_time_keys	{@user1.matrix:localhost,VPHDFELNLR}	1678032893157
107	master	count_e2e_one_time_keys	{@user1.matrix:localhost,VPHDFELNLR}	1678032893214
108	master	cs_cache_fake	{!FzTtpSkXWMPYBKHUQN:localhost,@mm_user1.mm:localhost}	1678032935284
109	master	cs_cache_fake	{!FzTtpSkXWMPYBKHUQN:localhost,@mm_user1.mm:localhost}	1678032935582
110	master	get_user_by_access_token	{syt_dXNlcjEubWF0cml4_ENEVYSTmTTMOFxEOKoKJ_0bGIae}	1678033083854
111	master	count_e2e_one_time_keys	{@user1.matrix:localhost,VPHDFELNLR}	1678033083867
112	master	get_e2e_unused_fallback_key_types	{@user1.matrix:localhost,VPHDFELNLR}	1678033083872
113	master	count_e2e_one_time_keys	{@admin:localhost,WYMFZMMAGV}	1678033098986
114	master	get_e2e_unused_fallback_key_types	{@admin:localhost,WYMFZMMAGV}	1678033098999
115	master	count_e2e_one_time_keys	{@admin:localhost,WYMFZMMAGV}	1678033099064
116	master	count_e2e_one_time_keys	{@admin:localhost,WYMFZMMAGV}	1678033099127
117	master	count_e2e_one_time_keys	{@admin:localhost,WYMFZMMAGV}	1678033099192
118	master	count_e2e_one_time_keys	{@admin:localhost,WYMFZMMAGV}	1678033099249
119	master	count_e2e_one_time_keys	{@admin:localhost,WYMFZMMAGV}	1678033099302
120	master	count_e2e_one_time_keys	{@admin:localhost,WYMFZMMAGV}	1678033099353
121	master	count_e2e_one_time_keys	{@admin:localhost,WYMFZMMAGV}	1678033099407
122	master	count_e2e_one_time_keys	{@admin:localhost,WYMFZMMAGV}	1678033099469
123	master	count_e2e_one_time_keys	{@admin:localhost,WYMFZMMAGV}	1678033099532
124	master	cs_cache_fake	{!FzTtpSkXWMPYBKHUQN:localhost}	1678033164724
125	master	get_user_by_access_token	{syt_bW1fdXNlcjEubW0_IunjotstMScFaScLrPOc_0mVBOr}	1678033179148
126	master	count_e2e_one_time_keys	{@mm_user1.mm:localhost,NEISSLGWTR}	1678033179188
127	master	get_e2e_unused_fallback_key_types	{@mm_user1.mm:localhost,NEISSLGWTR}	1678033179194
128	master	get_user_by_access_token	{syt_YWRtaW4_qBoxylZXGoaTkMpOxawg_4SQ49f}	1678033275824
129	master	count_e2e_one_time_keys	{@admin:localhost,WYMFZMMAGV}	1678033275836
130	master	get_e2e_unused_fallback_key_types	{@admin:localhost,WYMFZMMAGV}	1678033275839
131	master	count_e2e_one_time_keys	{@user1.matrix:localhost,GQUGBBJECP}	1678033302822
132	master	get_e2e_unused_fallback_key_types	{@user1.matrix:localhost,GQUGBBJECP}	1678033302835
133	master	count_e2e_one_time_keys	{@user1.matrix:localhost,GQUGBBJECP}	1678033302898
134	master	count_e2e_one_time_keys	{@user1.matrix:localhost,GQUGBBJECP}	1678033302951
135	master	count_e2e_one_time_keys	{@user1.matrix:localhost,GQUGBBJECP}	1678033303014
136	master	count_e2e_one_time_keys	{@user1.matrix:localhost,GQUGBBJECP}	1678033303074
142	master	get_user_by_access_token	{syt_bW1fdXNlcjEubW0_wPGKGCeFNoOzLYPunbBr_3uSoKr}	1678033565807
145	master	get_aliases_for_room	{!AHOiTmgdxQzlhIOUsy:localhost}	1678033569468
137	master	count_e2e_one_time_keys	{@user1.matrix:localhost,GQUGBBJECP}	1678033303139
148	master	cs_cache_fake	{!AHOiTmgdxQzlhIOUsy:localhost}	1678033570403
155	master	get_user_by_access_token	{syt_bW1fdXNlcjEubW0_oTMHTIecwTAOMSwTHtBV_3qDyhz}	1678033930385
138	master	count_e2e_one_time_keys	{@user1.matrix:localhost,GQUGBBJECP}	1678033303206
152	master	cs_cache_fake	{!AHOiTmgdxQzlhIOUsy:localhost,@mm_user1.mm:localhost}	1678033762880
139	master	count_e2e_one_time_keys	{@user1.matrix:localhost,GQUGBBJECP}	1678033303277
140	master	count_e2e_one_time_keys	{@user1.matrix:localhost,GQUGBBJECP}	1678033303384
147	master	cs_cache_fake	{!AHOiTmgdxQzlhIOUsy:localhost,@admin:localhost}	1678033569847
154	master	cs_cache_fake	{!AHOiTmgdxQzlhIOUsy:localhost,@user1.matrix:localhost}	1678033782365
141	master	count_e2e_one_time_keys	{@user1.matrix:localhost,GQUGBBJECP}	1678033303551
149	master	cs_cache_fake	{!AHOiTmgdxQzlhIOUsy:localhost}	1678033570750
151	master	cs_cache_fake	{!AHOiTmgdxQzlhIOUsy:localhost,@matterbot:localhost}	1678033706336
153	master	cs_cache_fake	{!AHOiTmgdxQzlhIOUsy:localhost,@mm_user1.mm:localhost}	1678033763149
156	master	count_e2e_one_time_keys	{@mm_user1.mm:localhost,NYIKZJDRFF}	1678033930408
157	master	get_e2e_unused_fallback_key_types	{@mm_user1.mm:localhost,NYIKZJDRFF}	1678033930412
143	master	count_e2e_one_time_keys	{@mm_user1.mm:localhost,NPASEFYMXA}	1678033565830
144	master	get_e2e_unused_fallback_key_types	{@mm_user1.mm:localhost,NPASEFYMXA}	1678033565833
146	master	cs_cache_fake	{!AHOiTmgdxQzlhIOUsy:localhost}	1678033569631
150	master	cs_cache_fake	{!AHOiTmgdxQzlhIOUsy:localhost,@matterbot:localhost}	1678033570897
158	master	cs_cache_fake	{!AHOiTmgdxQzlhIOUsy:localhost,@matterbot:localhost}	1678033936936
159	master	get_user_by_access_token	{syt_dXNlcjEubWF0cml4_DpWjksZWbpepOHDeLFOl_46Vnpc}	1678034032219
160	master	count_e2e_one_time_keys	{@user1.matrix:localhost,GQUGBBJECP}	1678034032231
161	master	get_e2e_unused_fallback_key_types	{@user1.matrix:localhost,GQUGBBJECP}	1678034032234
162	master	user_last_seen_monthly_active	\N	1678462040440
163	master	get_monthly_active_count	{}	1678462040471
164	master	user_last_seen_monthly_active	\N	1678462133179
165	master	get_monthly_active_count	{}	1678462133192
166	master	user_last_seen_monthly_active	\N	1678611208546
167	master	get_monthly_active_count	{}	1678611208562
168	master	get_user_by_id	{@user2.matrix:localhost}	1678611291344
169	master	count_e2e_one_time_keys	{@user2.matrix:localhost,GKJBQYVCXV}	1678611292479
170	master	get_e2e_unused_fallback_key_types	{@user2.matrix:localhost,GKJBQYVCXV}	1678611292521
171	master	count_e2e_one_time_keys	{@user2.matrix:localhost,GKJBQYVCXV}	1678611292663
172	master	get_e2e_unused_fallback_key_types	{@user2.matrix:localhost,GKJBQYVCXV}	1678611292679
173	master	count_e2e_one_time_keys	{@user2.matrix:localhost,GKJBQYVCXV}	1678611292776
174	master	count_e2e_one_time_keys	{@user2.matrix:localhost,GKJBQYVCXV}	1678611292851
175	master	count_e2e_one_time_keys	{@user2.matrix:localhost,GKJBQYVCXV}	1678611292943
176	master	count_e2e_one_time_keys	{@user2.matrix:localhost,GKJBQYVCXV}	1678611293000
177	master	count_e2e_one_time_keys	{@user2.matrix:localhost,GKJBQYVCXV}	1678611293063
178	master	count_e2e_one_time_keys	{@user2.matrix:localhost,GKJBQYVCXV}	1678611293134
179	master	count_e2e_one_time_keys	{@user2.matrix:localhost,GKJBQYVCXV}	1678611293242
180	master	count_e2e_one_time_keys	{@user2.matrix:localhost,GKJBQYVCXV}	1678611293347
181	master	_get_bare_e2e_cross_signing_keys	{@user2.matrix:localhost}	1678611305463
182	master	_get_bare_e2e_cross_signing_keys	{@user2.matrix:localhost}	1678611305470
183	master	_get_bare_e2e_cross_signing_keys	{@user2.matrix:localhost}	1678611305480
184	master	cs_cache_fake	{!FzTtpSkXWMPYBKHUQN:localhost,@user2.matrix:localhost}	1678611367191
185	master	get_user_by_id	{@mm_user2.mm:localhost}	1678611396736
186	master	cs_cache_fake	{!FzTtpSkXWMPYBKHUQN:localhost,@mm_user2.mm:localhost}	1678611397752
187	master	cs_cache_fake	{!FzTtpSkXWMPYBKHUQN:localhost,@mm_user2.mm:localhost}	1678611398516
188	master	cs_cache_fake	{!pYSbiOyjMFsKNxSMyi:localhost,@mm_user2.mm:localhost}	1678611399536
189	master	cs_cache_fake	{!pYSbiOyjMFsKNxSMyi:localhost,@mm_user2.mm:localhost}	1678611400091
190	master	get_user_by_access_token	{syt_dXNlcjIubWF0cml4_zBDOKMsvtUtbCjNSykQR_0QpfZN}	1678611430702
191	master	count_e2e_one_time_keys	{@user2.matrix:localhost,GKJBQYVCXV}	1678611430718
192	master	get_e2e_unused_fallback_key_types	{@user2.matrix:localhost,GKJBQYVCXV}	1678611430721
193	master	get_user_by_access_token	{syt_bW1fdXNlcjIubW0_ByhbCJOeqHuExNbANHJg_0XY0ER}	1678611444086
385	master	get_monthly_active_count	{}	1681113386762
194	master	count_e2e_one_time_keys	{@mm_user2.mm:localhost,KYXTRJOYRV}	1678611444131
195	master	get_e2e_unused_fallback_key_types	{@mm_user2.mm:localhost,KYXTRJOYRV}	1678611444144
196	master	user_last_seen_monthly_active	\N	1678901786563
197	master	get_monthly_active_count	{}	1678901786573
198	master	user_last_seen_monthly_active	\N	1678903664397
199	master	get_monthly_active_count	{}	1678903664399
200	master	user_last_seen_monthly_active	\N	1679128729778
201	master	get_monthly_active_count	{}	1679128729792
202	master	cs_cache_fake	{!pYSbiOyjMFsKNxSMyi:localhost,@mm_user1.mm:localhost}	1679129910182
203	master	cs_cache_fake	{!pYSbiOyjMFsKNxSMyi:localhost,@mm_user1.mm:localhost}	1679129910421
204	master	get_user_by_access_token	{syt_bW1fdXNlcjEubW0_lVsuWjFZjjvqeOAINgnU_0O259n}	1679130383005
205	master	count_e2e_one_time_keys	{@mm_user1.mm:localhost,ZZCPHWONCH}	1679130383041
206	master	get_e2e_unused_fallback_key_types	{@mm_user1.mm:localhost,ZZCPHWONCH}	1679130383055
207	master	user_last_seen_monthly_active	\N	1679234369660
208	master	get_monthly_active_count	{}	1679234369667
209	master	user_last_seen_monthly_active	\N	1679390587641
210	master	get_monthly_active_count	{}	1679390587676
211	master	user_last_seen_monthly_active	\N	1679409955738
212	master	get_monthly_active_count	{}	1679409955745
213	master	count_e2e_one_time_keys	{@user1.matrix:localhost,SADCQVCOAS}	1679410033822
214	master	get_e2e_unused_fallback_key_types	{@user1.matrix:localhost,SADCQVCOAS}	1679410033851
215	master	count_e2e_one_time_keys	{@user1.matrix:localhost,SADCQVCOAS}	1679410033898
216	master	get_e2e_unused_fallback_key_types	{@user1.matrix:localhost,SADCQVCOAS}	1679410033912
217	master	count_e2e_one_time_keys	{@user1.matrix:localhost,SADCQVCOAS}	1679410033957
218	master	count_e2e_one_time_keys	{@user1.matrix:localhost,SADCQVCOAS}	1679410033990
219	master	count_e2e_one_time_keys	{@user1.matrix:localhost,SADCQVCOAS}	1679410034032
220	master	count_e2e_one_time_keys	{@user1.matrix:localhost,SADCQVCOAS}	1679410034073
221	master	count_e2e_one_time_keys	{@user1.matrix:localhost,SADCQVCOAS}	1679410034118
222	master	count_e2e_one_time_keys	{@user1.matrix:localhost,SADCQVCOAS}	1679410034161
223	master	count_e2e_one_time_keys	{@user1.matrix:localhost,SADCQVCOAS}	1679410034202
224	master	count_e2e_one_time_keys	{@user1.matrix:localhost,SADCQVCOAS}	1679410034244
225	master	count_e2e_one_time_keys	{@user2.matrix:localhost,AGGSXBPCOI}	1679410110119
226	master	get_e2e_unused_fallback_key_types	{@user2.matrix:localhost,AGGSXBPCOI}	1679410110152
227	master	count_e2e_one_time_keys	{@user2.matrix:localhost,AGGSXBPCOI}	1679410110266
228	master	count_e2e_one_time_keys	{@user2.matrix:localhost,AGGSXBPCOI}	1679410110349
229	master	count_e2e_one_time_keys	{@user2.matrix:localhost,AGGSXBPCOI}	1679410110409
230	master	count_e2e_one_time_keys	{@user2.matrix:localhost,AGGSXBPCOI}	1679410110465
231	master	count_e2e_one_time_keys	{@user2.matrix:localhost,AGGSXBPCOI}	1679410110529
232	master	count_e2e_one_time_keys	{@user2.matrix:localhost,AGGSXBPCOI}	1679410110589
233	master	count_e2e_one_time_keys	{@user2.matrix:localhost,AGGSXBPCOI}	1679410110654
234	master	count_e2e_one_time_keys	{@user2.matrix:localhost,AGGSXBPCOI}	1679410110711
235	master	count_e2e_one_time_keys	{@user2.matrix:localhost,AGGSXBPCOI}	1679410110767
236	master	cs_cache_fake	{!AHOiTmgdxQzlhIOUsy:localhost,@user2.matrix:localhost}	1679410201221
237	master	cs_cache_fake	{!AHOiTmgdxQzlhIOUsy:localhost,@mm_user2.mm:localhost}	1679410303323
238	master	cs_cache_fake	{!AHOiTmgdxQzlhIOUsy:localhost,@mm_user2.mm:localhost}	1679410304023
239	master	get_user_by_access_token	{syt_bW1fdXNlcjIubW0_JKGbauDUYxPbvwAazbbH_2UAh0M}	1679412533133
240	master	count_e2e_one_time_keys	{@mm_user2.mm:localhost,KITXFMZISQ}	1679412533340
241	master	get_e2e_unused_fallback_key_types	{@mm_user2.mm:localhost,KITXFMZISQ}	1679412533363
242	master	get_user_by_access_token	{syt_dXNlcjIubWF0cml4_pppwoopkYQIdwCkNGQqt_4XeDmE}	1679412763606
243	master	count_e2e_one_time_keys	{@user2.matrix:localhost,AGGSXBPCOI}	1679412763619
244	master	get_e2e_unused_fallback_key_types	{@user2.matrix:localhost,AGGSXBPCOI}	1679412763623
245	master	get_user_by_id	{@user3.matrix:localhost}	1679412827790
246	master	count_e2e_one_time_keys	{@user3.matrix:localhost,JYMLVEKGHU}	1679412829661
247	master	get_e2e_unused_fallback_key_types	{@user3.matrix:localhost,JYMLVEKGHU}	1679412829695
248	master	count_e2e_one_time_keys	{@user3.matrix:localhost,JYMLVEKGHU}	1679412829802
249	master	get_e2e_unused_fallback_key_types	{@user3.matrix:localhost,JYMLVEKGHU}	1679412829812
250	master	count_e2e_one_time_keys	{@user3.matrix:localhost,JYMLVEKGHU}	1679412829874
251	master	count_e2e_one_time_keys	{@user3.matrix:localhost,JYMLVEKGHU}	1679412829949
252	master	count_e2e_one_time_keys	{@user3.matrix:localhost,JYMLVEKGHU}	1679412830038
253	master	count_e2e_one_time_keys	{@user3.matrix:localhost,JYMLVEKGHU}	1679412830106
254	master	count_e2e_one_time_keys	{@user3.matrix:localhost,JYMLVEKGHU}	1679412830175
255	master	count_e2e_one_time_keys	{@user3.matrix:localhost,JYMLVEKGHU}	1679412830239
273	master	count_e2e_one_time_keys	{@user1.matrix:localhost,YOPETZJIMM}	1679412955353
282	master	count_e2e_one_time_keys	{@user2.matrix:localhost,WLPLHFHZUL}	1679413048555
256	master	count_e2e_one_time_keys	{@user3.matrix:localhost,JYMLVEKGHU}	1679412830300
270	master	count_e2e_one_time_keys	{@user1.matrix:localhost,YOPETZJIMM}	1679412955104
271	master	count_e2e_one_time_keys	{@user1.matrix:localhost,YOPETZJIMM}	1679412955197
283	master	count_e2e_one_time_keys	{@user2.matrix:localhost,WLPLHFHZUL}	1679413048609
257	master	count_e2e_one_time_keys	{@user3.matrix:localhost,JYMLVEKGHU}	1679412830372
264	master	count_e2e_one_time_keys	{@user1.matrix:localhost,YOPETZJIMM}	1679412954762
268	master	count_e2e_one_time_keys	{@user1.matrix:localhost,YOPETZJIMM}	1679412954978
275	master	get_user_by_access_token	{syt_dXNlcjEubWF0cml4_kHDMNCsexoVzYJVPeget_2WhPnn}	1679413035204
279	master	get_e2e_unused_fallback_key_types	{@user2.matrix:localhost,WLPLHFHZUL}	1679413048367
284	master	count_e2e_one_time_keys	{@user2.matrix:localhost,WLPLHFHZUL}	1679413048674
258	master	cs_cache_fake	{!FzTtpSkXWMPYBKHUQN:localhost,@user3.matrix:localhost}	1679412883393
265	master	get_e2e_unused_fallback_key_types	{@user1.matrix:localhost,YOPETZJIMM}	1679412954783
267	master	count_e2e_one_time_keys	{@user1.matrix:localhost,YOPETZJIMM}	1679412954919
278	master	count_e2e_one_time_keys	{@user2.matrix:localhost,WLPLHFHZUL}	1679413048347
286	master	count_e2e_one_time_keys	{@user2.matrix:localhost,WLPLHFHZUL}	1679413048937
259	master	cs_cache_fake	{!AHOiTmgdxQzlhIOUsy:localhost,@user3.matrix:localhost}	1679412902352
285	master	count_e2e_one_time_keys	{@user2.matrix:localhost,WLPLHFHZUL}	1679413048845
260	master	cs_cache_fake	{!pYSbiOyjMFsKNxSMyi:localhost,@user3.matrix:localhost}	1679412911909
272	master	count_e2e_one_time_keys	{@user1.matrix:localhost,YOPETZJIMM}	1679412955281
276	master	count_e2e_one_time_keys	{@user1.matrix:localhost,YOPETZJIMM}	1679413035215
277	master	get_e2e_unused_fallback_key_types	{@user1.matrix:localhost,YOPETZJIMM}	1679413035218
288	master	count_e2e_one_time_keys	{@user2.matrix:localhost,WLPLHFHZUL}	1679413049092
261	master	get_user_by_access_token	{syt_dXNlcjMubWF0cml4_sNJNgOAVoZQLtnbiPPFI_42rVxT}	1679412942142
266	master	count_e2e_one_time_keys	{@user1.matrix:localhost,YOPETZJIMM}	1679412954851
262	master	count_e2e_one_time_keys	{@user3.matrix:localhost,JYMLVEKGHU}	1679412942153
263	master	get_e2e_unused_fallback_key_types	{@user3.matrix:localhost,JYMLVEKGHU}	1679412942155
274	master	count_e2e_one_time_keys	{@user1.matrix:localhost,YOPETZJIMM}	1679412955418
280	master	count_e2e_one_time_keys	{@user2.matrix:localhost,WLPLHFHZUL}	1679413048434
269	master	count_e2e_one_time_keys	{@user1.matrix:localhost,YOPETZJIMM}	1679412955040
281	master	count_e2e_one_time_keys	{@user2.matrix:localhost,WLPLHFHZUL}	1679413048494
287	master	count_e2e_one_time_keys	{@user2.matrix:localhost,WLPLHFHZUL}	1679413049021
289	master	cs_cache_fake	{!pYSbiOyjMFsKNxSMyi:localhost,@user2.matrix:localhost}	1679413187170
290	master	user_last_seen_monthly_active	\N	1679413555637
291	master	get_monthly_active_count	{}	1679413555639
292	master	cs_cache_fake	{!wGvWnTVpsbEMByNykc:localhost}	1679414708870
293	master	cs_cache_fake	{!wGvWnTVpsbEMByNykc:localhost,@mm_user2.mm:localhost}	1679414709016
294	master	cs_cache_fake	{!wGvWnTVpsbEMByNykc:localhost}	1679414709288
295	master	cs_cache_fake	{!wGvWnTVpsbEMByNykc:localhost,@matterbot:localhost}	1679414709500
296	master	cs_cache_fake	{!wGvWnTVpsbEMByNykc:localhost,@user2.matrix:localhost}	1679414709676
297	master	cs_cache_fake	{!wGvWnTVpsbEMByNykc:localhost,@matterbot:localhost}	1679414710211
298	master	cs_cache_fake	{!wGvWnTVpsbEMByNykc:localhost,@user2.matrix:localhost}	1679414746287
299	master	cs_cache_fake	{!KBqzwXdLtXZopjBikg:localhost}	1679414869530
300	master	cs_cache_fake	{!KBqzwXdLtXZopjBikg:localhost,@user2.matrix:localhost}	1679414869733
301	master	cs_cache_fake	{!KBqzwXdLtXZopjBikg:localhost}	1679414870336
302	master	cs_cache_fake	{!KBqzwXdLtXZopjBikg:localhost,@mm_user2.mm:localhost}	1679414870665
303	master	cs_cache_fake	{!KBqzwXdLtXZopjBikg:localhost,@matterbot:localhost}	1679414871239
304	master	cs_cache_fake	{!KBqzwXdLtXZopjBikg:localhost,@matterbot:localhost}	1679414872271
305	master	cs_cache_fake	{!wGvWnTVpsbEMByNykc:localhost,@matterbot:localhost}	1679414873240
306	master	cs_cache_fake	{!vDRByArErEHuGOOJxE:localhost}	1679415001733
307	master	cs_cache_fake	{!vDRByArErEHuGOOJxE:localhost,@user2.matrix:localhost}	1679415001916
308	master	cs_cache_fake	{!vDRByArErEHuGOOJxE:localhost}	1679415002633
309	master	cs_cache_fake	{!vDRByArErEHuGOOJxE:localhost,@user1.matrix:localhost}	1679415002952
310	master	cs_cache_fake	{!vDRByArErEHuGOOJxE:localhost,@user3.matrix:localhost}	1679415003535
311	master	cs_cache_fake	{!vDRByArErEHuGOOJxE:localhost,@user1.matrix:localhost}	1679415043224
312	master	cs_cache_fake	{!CZMvztYPoMDXZghGjm:localhost}	1679415356604
313	master	cs_cache_fake	{!CZMvztYPoMDXZghGjm:localhost,@mm_user2.mm:localhost}	1679415357379
314	master	cs_cache_fake	{!CZMvztYPoMDXZghGjm:localhost}	1679415358908
315	master	cs_cache_fake	{!CZMvztYPoMDXZghGjm:localhost,@matterbot:localhost}	1679415359746
316	master	cs_cache_fake	{!CZMvztYPoMDXZghGjm:localhost,@user1.matrix:localhost}	1679415360557
317	master	cs_cache_fake	{!CZMvztYPoMDXZghGjm:localhost,@user2.matrix:localhost}	1679415361800
318	master	cs_cache_fake	{!CZMvztYPoMDXZghGjm:localhost,@matterbot:localhost}	1679415362222
319	master	cs_cache_fake	{!CZMvztYPoMDXZghGjm:localhost,@user2.matrix:localhost}	1679415367083
320	master	cs_cache_fake	{!CZMvztYPoMDXZghGjm:localhost,@user1.matrix:localhost}	1679415392966
321	master	cs_cache_fake	{!mjuhEfzSkeOAWJqsoF:localhost}	1679416091935
322	master	cs_cache_fake	{!mjuhEfzSkeOAWJqsoF:localhost,@user2.matrix:localhost}	1679416092045
323	master	cs_cache_fake	{!mjuhEfzSkeOAWJqsoF:localhost}	1679416092370
324	master	cs_cache_fake	{!mjuhEfzSkeOAWJqsoF:localhost,@matterbot:localhost}	1679416092556
325	master	cs_cache_fake	{!mjuhEfzSkeOAWJqsoF:localhost,@mm_user2.mm:localhost}	1679416092762
326	master	cs_cache_fake	{!mjuhEfzSkeOAWJqsoF:localhost,@matterbot:localhost}	1679416093302
327	master	cs_cache_fake	{!KBqzwXdLtXZopjBikg:localhost,@matterbot:localhost}	1679416094041
328	master	get_user_by_access_token	{syt_bW1fdXNlcjEubW0_GMyceXwflVlJZCCXOxWS_0Fq5ki}	1679416221240
329	master	get_user_by_access_token	{syt_bW1fdXNlcjIubW0_pNpfYKNyYlyAxikEShkP_0SyrLH}	1679416221256
330	master	count_e2e_one_time_keys	{@mm_user1.mm:localhost,ZBXQDUITVM}	1679416221299
331	master	get_e2e_unused_fallback_key_types	{@mm_user1.mm:localhost,ZBXQDUITVM}	1679416221312
332	master	count_e2e_one_time_keys	{@mm_user2.mm:localhost,FMYHCZTKYR}	1679416221317
333	master	get_e2e_unused_fallback_key_types	{@mm_user2.mm:localhost,FMYHCZTKYR}	1679416221328
334	master	user_last_seen_monthly_active	\N	1680689069171
335	master	get_monthly_active_count	{}	1680689069176
336	master	user_last_seen_monthly_active	\N	1681109786916
337	master	get_monthly_active_count	{}	1681109786950
338	master	count_e2e_one_time_keys	{@user1.matrix:localhost,MERBZSSHQY}	1681109818479
339	master	get_e2e_unused_fallback_key_types	{@user1.matrix:localhost,MERBZSSHQY}	1681109818507
340	master	count_e2e_one_time_keys	{@user1.matrix:localhost,MERBZSSHQY}	1681109818600
341	master	count_e2e_one_time_keys	{@user1.matrix:localhost,MERBZSSHQY}	1681109818684
342	master	count_e2e_one_time_keys	{@user1.matrix:localhost,MERBZSSHQY}	1681109818750
343	master	count_e2e_one_time_keys	{@user1.matrix:localhost,MERBZSSHQY}	1681109818812
344	master	count_e2e_one_time_keys	{@user1.matrix:localhost,MERBZSSHQY}	1681109818869
345	master	count_e2e_one_time_keys	{@user1.matrix:localhost,MERBZSSHQY}	1681109818930
346	master	count_e2e_one_time_keys	{@user1.matrix:localhost,MERBZSSHQY}	1681109818994
347	master	count_e2e_one_time_keys	{@user1.matrix:localhost,MERBZSSHQY}	1681109819046
348	master	count_e2e_one_time_keys	{@user1.matrix:localhost,MERBZSSHQY}	1681109819109
349	master	get_user_by_access_token	{syt_bW1fdXNlcjIubW0_jkHpRVXQqCxMfyXaTqYp_0OqC13}	1681110079060
350	master	count_e2e_one_time_keys	{@mm_user2.mm:localhost,UVFQMBESYP}	1681110079172
351	master	get_e2e_unused_fallback_key_types	{@mm_user2.mm:localhost,UVFQMBESYP}	1681110079181
352	master	get_user_by_access_token	{syt_bW1fdXNlcjIubW0_PBLGfZXiQpljFvsleNlb_2yxUzB}	1681110469701
353	master	count_e2e_one_time_keys	{@mm_user2.mm:localhost,CVEBVWQOTR}	1681110469721
354	master	get_e2e_unused_fallback_key_types	{@mm_user2.mm:localhost,CVEBVWQOTR}	1681110469728
355	master	get_user_by_access_token	{syt_bW1fdXNlcjIubW0_aLBRvhuizeBuBJTvTnFA_1dvWAb}	1681110828104
356	master	count_e2e_one_time_keys	{@mm_user2.mm:localhost,QWEBRKLJKV}	1681110828180
357	master	get_e2e_unused_fallback_key_types	{@mm_user2.mm:localhost,QWEBRKLJKV}	1681110828195
358	master	get_user_by_access_token	{syt_bW1fdXNlcjIubW0_dTSEXnEMaGTvEiXklVlp_3zWC8F}	1681111317803
359	master	count_e2e_one_time_keys	{@mm_user2.mm:localhost,KSYKFGVZHK}	1681111317823
360	master	get_e2e_unused_fallback_key_types	{@mm_user2.mm:localhost,KSYKFGVZHK}	1681111317832
361	master	get_user_by_access_token	{syt_bW1fdXNlcjIubW0_VcoFIKiLjfytZXgkwLNn_1XVMj3}	1681111566083
362	master	count_e2e_one_time_keys	{@mm_user2.mm:localhost,JDCIMUQOKJ}	1681111566179
363	master	get_e2e_unused_fallback_key_types	{@mm_user2.mm:localhost,JDCIMUQOKJ}	1681111566183
364	master	get_aliases_for_room	{!cZnmZQFBeDsHEQbFQs:localhost}	1681112041235
365	master	cs_cache_fake	{!cZnmZQFBeDsHEQbFQs:localhost}	1681112041327
366	master	cs_cache_fake	{!cZnmZQFBeDsHEQbFQs:localhost,@admin:localhost}	1681112041436
367	master	cs_cache_fake	{!cZnmZQFBeDsHEQbFQs:localhost}	1681112041608
368	master	cs_cache_fake	{!cZnmZQFBeDsHEQbFQs:localhost,@matterbot:localhost}	1681112041758
384	master	user_last_seen_monthly_active	\N	1681113386760
369	master	cs_cache_fake	{!cZnmZQFBeDsHEQbFQs:localhost,@matterbot:localhost}	1681112041943
371	master	cs_cache_fake	{!cZnmZQFBeDsHEQbFQs:localhost,@mm_user2.mm:localhost}	1681112068550
375	master	cs_cache_fake	{!mOsaATLFknhUVKMKbF:localhost,@mm_user2.mm:localhost}	1681112421554
387	master	get_e2e_unused_fallback_key_types	{@user1.matrix:localhost,VDICYNRLYT}	1681114850379
388	master	count_e2e_one_time_keys	{@user1.matrix:localhost,VDICYNRLYT}	1681114851543
395	master	count_e2e_one_time_keys	{@user1.matrix:localhost,VDICYNRLYT}	1681114852412
413	master	count_e2e_one_time_keys	{@user1.matrix:localhost,TYRQVABKXX}	1681126924753
420	master	count_e2e_one_time_keys	{@user1.matrix:localhost,GEGNBCWDZH}	1681126963466
422	master	count_e2e_one_time_keys	{@user1.matrix:localhost,GEGNBCWDZH}	1681126964654
370	master	cs_cache_fake	{!cZnmZQFBeDsHEQbFQs:localhost,@mm_user2.mm:localhost}	1681112067918
396	master	count_e2e_one_time_keys	{@user1.matrix:localhost,VDICYNRLYT}	1681114852461
405	master	count_e2e_one_time_keys	{@user1.matrix:localhost,TYRQVABKXX}	1681126922104
408	master	get_e2e_unused_fallback_key_types	{@user1.matrix:localhost,TYRQVABKXX}	1681126922693
410	master	count_e2e_one_time_keys	{@user1.matrix:localhost,TYRQVABKXX}	1681126924327
372	master	cs_cache_fake	{!cZnmZQFBeDsHEQbFQs:localhost,@user1.matrix:localhost}	1681112138144
374	master	cs_cache_fake	{!mOsaATLFknhUVKMKbF:localhost}	1681112421432
381	master	get_user_by_access_token	{syt_bW1fdXNlcjIubW0_UrSrxddUJpxEdiRoJkPe_3w0tL3}	1681112643752
393	master	count_e2e_one_time_keys	{@user1.matrix:localhost,VDICYNRLYT}	1681114852282
417	master	count_e2e_one_time_keys	{@user1.matrix:localhost,GEGNBCWDZH}	1681126963257
426	master	count_e2e_one_time_keys	{@user1.matrix:localhost,GEGNBCWDZH}	1681126965256
373	master	get_aliases_for_room	{!mOsaATLFknhUVKMKbF:localhost}	1681112421350
392	master	count_e2e_one_time_keys	{@user1.matrix:localhost,VDICYNRLYT}	1681114852164
407	master	count_e2e_one_time_keys	{@user1.matrix:localhost,TYRQVABKXX}	1681126922649
416	master	count_e2e_one_time_keys	{@user1.matrix:localhost,TYRQVABKXX}	1681126924941
425	master	count_e2e_one_time_keys	{@user1.matrix:localhost,GEGNBCWDZH}	1681126965201
376	master	cs_cache_fake	{!mOsaATLFknhUVKMKbF:localhost}	1681112421757
379	master	cs_cache_fake	{!mOsaATLFknhUVKMKbF:localhost,@user1.matrix:localhost}	1681112442178
389	master	get_e2e_unused_fallback_key_types	{@user1.matrix:localhost,VDICYNRLYT}	1681114851562
399	master	user_last_seen_monthly_active	\N	1681116986762
400	master	get_monthly_active_count	{}	1681116986763
401	master	user_last_seen_monthly_active	\N	1681120586763
402	master	get_monthly_active_count	{}	1681120586764
409	master	count_e2e_one_time_keys	{@user1.matrix:localhost,TYRQVABKXX}	1681126924024
377	master	cs_cache_fake	{!mOsaATLFknhUVKMKbF:localhost,@matterbot:localhost}	1681112422037
380	master	cs_cache_fake	{!mOsaATLFknhUVKMKbF:localhost,@user1.matrix:localhost}	1681112459731
382	master	count_e2e_one_time_keys	{@mm_user2.mm:localhost,YRJUMJDOTL}	1681112643812
383	master	get_e2e_unused_fallback_key_types	{@mm_user2.mm:localhost,YRJUMJDOTL}	1681112643815
386	master	count_e2e_one_time_keys	{@user1.matrix:localhost,VDICYNRLYT}	1681114850325
397	master	count_e2e_one_time_keys	{@user1.matrix:localhost,VDICYNRLYT}	1681114852511
411	master	count_e2e_one_time_keys	{@user1.matrix:localhost,TYRQVABKXX}	1681126924578
418	master	get_e2e_unused_fallback_key_types	{@user1.matrix:localhost,GEGNBCWDZH}	1681126963267
378	master	cs_cache_fake	{!mOsaATLFknhUVKMKbF:localhost,@matterbot:localhost}	1681112422236
394	master	count_e2e_one_time_keys	{@user1.matrix:localhost,VDICYNRLYT}	1681114852354
398	master	cs_cache_fake	{!cZnmZQFBeDsHEQbFQs:localhost,@matterbot:localhost}	1681115132013
403	master	user_last_seen_monthly_active	\N	1681124186779
404	master	get_monthly_active_count	{}	1681124186781
406	master	get_e2e_unused_fallback_key_types	{@user1.matrix:localhost,TYRQVABKXX}	1681126922143
427	master	count_e2e_one_time_keys	{@user1.matrix:localhost,GEGNBCWDZH}	1681126965316
390	master	count_e2e_one_time_keys	{@user1.matrix:localhost,VDICYNRLYT}	1681114851838
414	master	count_e2e_one_time_keys	{@user1.matrix:localhost,TYRQVABKXX}	1681126924819
423	master	count_e2e_one_time_keys	{@user1.matrix:localhost,GEGNBCWDZH}	1681126964902
391	master	count_e2e_one_time_keys	{@user1.matrix:localhost,VDICYNRLYT}	1681114851999
415	master	count_e2e_one_time_keys	{@user1.matrix:localhost,TYRQVABKXX}	1681126924877
424	master	count_e2e_one_time_keys	{@user1.matrix:localhost,GEGNBCWDZH}	1681126965087
412	master	count_e2e_one_time_keys	{@user1.matrix:localhost,TYRQVABKXX}	1681126924692
419	master	count_e2e_one_time_keys	{@user1.matrix:localhost,GEGNBCWDZH}	1681126963366
421	master	count_e2e_one_time_keys	{@user1.matrix:localhost,GEGNBCWDZH}	1681126964202
428	master	count_e2e_one_time_keys	{@user1.matrix:localhost,WEAKIHRDEV}	1681127030416
429	master	get_e2e_unused_fallback_key_types	{@user1.matrix:localhost,WEAKIHRDEV}	1681127030438
430	master	count_e2e_one_time_keys	{@user1.matrix:localhost,WEAKIHRDEV}	1681127030551
431	master	get_e2e_unused_fallback_key_types	{@user1.matrix:localhost,WEAKIHRDEV}	1681127030562
432	master	count_e2e_one_time_keys	{@user1.matrix:localhost,WEAKIHRDEV}	1681127030637
433	master	count_e2e_one_time_keys	{@user1.matrix:localhost,WEAKIHRDEV}	1681127030822
434	master	count_e2e_one_time_keys	{@user1.matrix:localhost,WEAKIHRDEV}	1681127031835
435	master	count_e2e_one_time_keys	{@user1.matrix:localhost,WEAKIHRDEV}	1681127032053
436	master	count_e2e_one_time_keys	{@user1.matrix:localhost,WEAKIHRDEV}	1681127032290
437	master	count_e2e_one_time_keys	{@user1.matrix:localhost,WEAKIHRDEV}	1681127032420
438	master	count_e2e_one_time_keys	{@user1.matrix:localhost,WEAKIHRDEV}	1681127032483
439	master	count_e2e_one_time_keys	{@user1.matrix:localhost,WEAKIHRDEV}	1681127032616
440	master	count_e2e_one_time_keys	{@user1.matrix:localhost,NZRPFLRSAA}	1681127129419
441	master	get_e2e_unused_fallback_key_types	{@user1.matrix:localhost,NZRPFLRSAA}	1681127129442
442	master	count_e2e_one_time_keys	{@user1.matrix:localhost,NZRPFLRSAA}	1681127129782
443	master	get_e2e_unused_fallback_key_types	{@user1.matrix:localhost,NZRPFLRSAA}	1681127129848
444	master	count_e2e_one_time_keys	{@user1.matrix:localhost,NZRPFLRSAA}	1681127130723
445	master	count_e2e_one_time_keys	{@user1.matrix:localhost,NZRPFLRSAA}	1681127131109
446	master	count_e2e_one_time_keys	{@user1.matrix:localhost,NZRPFLRSAA}	1681127131200
447	master	count_e2e_one_time_keys	{@user1.matrix:localhost,NZRPFLRSAA}	1681127131404
448	master	count_e2e_one_time_keys	{@user1.matrix:localhost,NZRPFLRSAA}	1681127131520
449	master	count_e2e_one_time_keys	{@user1.matrix:localhost,NZRPFLRSAA}	1681127131615
450	master	count_e2e_one_time_keys	{@user1.matrix:localhost,NZRPFLRSAA}	1681127131762
451	master	count_e2e_one_time_keys	{@user1.matrix:localhost,NZRPFLRSAA}	1681127131900
452	master	count_e2e_one_time_keys	{@user1.matrix:localhost,IYHIHSVEEK}	1681127243864
453	master	get_e2e_unused_fallback_key_types	{@user1.matrix:localhost,IYHIHSVEEK}	1681127243889
454	master	count_e2e_one_time_keys	{@user1.matrix:localhost,IYHIHSVEEK}	1681127243999
455	master	get_e2e_unused_fallback_key_types	{@user1.matrix:localhost,IYHIHSVEEK}	1681127244007
456	master	count_e2e_one_time_keys	{@user1.matrix:localhost,IYHIHSVEEK}	1681127244069
457	master	count_e2e_one_time_keys	{@user1.matrix:localhost,IYHIHSVEEK}	1681127244139
458	master	count_e2e_one_time_keys	{@user1.matrix:localhost,IYHIHSVEEK}	1681127244317
459	master	count_e2e_one_time_keys	{@user1.matrix:localhost,IYHIHSVEEK}	1681127245233
460	master	count_e2e_one_time_keys	{@user1.matrix:localhost,IYHIHSVEEK}	1681127245427
461	master	count_e2e_one_time_keys	{@user1.matrix:localhost,IYHIHSVEEK}	1681127245656
462	master	count_e2e_one_time_keys	{@user1.matrix:localhost,IYHIHSVEEK}	1681127248094
463	master	count_e2e_one_time_keys	{@user1.matrix:localhost,IYHIHSVEEK}	1681127253470
464	master	get_user_by_access_token	{syt_dXNlcjEubWF0cml4_FFEgIXLqHFTYPZXdHIhG_2RAUUJ}	1681127254074
465	master	count_e2e_one_time_keys	{@user1.matrix:localhost,IYHIHSVEEK}	1681127254145
466	master	get_e2e_unused_fallback_key_types	{@user1.matrix:localhost,IYHIHSVEEK}	1681127254164
467	master	user_last_seen_monthly_active	\N	1681127786762
468	master	get_monthly_active_count	{}	1681127786763
469	master	get_user_by_access_token	{syt_bW1fdXNlcjEubW0_UGbMVNARAQptyDuDKwFO_3UdzB4}	1681128696637
470	master	count_e2e_one_time_keys	{@mm_user1.mm:localhost,GWJZHMUMZC}	1681128696669
471	master	get_e2e_unused_fallback_key_types	{@mm_user1.mm:localhost,GWJZHMUMZC}	1681128696679
472	master	count_e2e_one_time_keys	{@user1.matrix:localhost,ODNEOYPGKD}	1681130344175
473	master	get_e2e_unused_fallback_key_types	{@user1.matrix:localhost,ODNEOYPGKD}	1681130344192
474	master	count_e2e_one_time_keys	{@user1.matrix:localhost,ODNEOYPGKD}	1681130344360
475	master	count_e2e_one_time_keys	{@user1.matrix:localhost,ODNEOYPGKD}	1681130344587
476	master	count_e2e_one_time_keys	{@user1.matrix:localhost,ODNEOYPGKD}	1681130345664
477	master	count_e2e_one_time_keys	{@user1.matrix:localhost,ODNEOYPGKD}	1681130346421
478	master	count_e2e_one_time_keys	{@user1.matrix:localhost,ODNEOYPGKD}	1681130346675
479	master	count_e2e_one_time_keys	{@user1.matrix:localhost,ODNEOYPGKD}	1681130349298
480	master	count_e2e_one_time_keys	{@user1.matrix:localhost,ODNEOYPGKD}	1681130353274
481	master	get_user_by_access_token	{syt_dXNlcjEubWF0cml4_sCRVVAjFNVvbBwkaxOUW_4QRINM}	1681130353988
484	master	user_last_seen_monthly_active	\N	1681131386758
482	master	count_e2e_one_time_keys	{@user1.matrix:localhost,ODNEOYPGKD}	1681130354149
483	master	get_e2e_unused_fallback_key_types	{@user1.matrix:localhost,ODNEOYPGKD}	1681130354225
505	master	count_e2e_one_time_keys	{@user1.matrix:localhost,OYSHCNGSNY}	1681136819299
509	master	count_e2e_one_time_keys	{@user1.matrix:localhost,OYSHCNGSNY}	1681136821717
512	master	get_user_by_access_token	{syt_dXNlcjEubWF0cml4_mpvWBmWQdtsaZxaPsSDr_0jmeez}	1681136826625
485	master	get_monthly_active_count	{}	1681131386759
486	master	user_last_seen_monthly_active	\N	1681134986778
487	master	get_monthly_active_count	{}	1681134986779
491	master	get_e2e_unused_fallback_key_types	{@user1.matrix:localhost,DGRUMDVCBM}	1681136138634
493	master	count_e2e_one_time_keys	{@user1.matrix:localhost,DGRUMDVCBM}	1681136139932
521	master	count_e2e_one_time_keys	{@user1.matrix:localhost,QFUUJKKFTN}	1681137202601
525	master	get_user_by_access_token	{syt_dXNlcjEubWF0cml4_ggZZOceyRXXuzIUpgVWx_4QnRft}	1681137209968
488	master	count_e2e_one_time_keys	{@user1.matrix:localhost,DGRUMDVCBM}	1681136138124
490	master	count_e2e_one_time_keys	{@user1.matrix:localhost,DGRUMDVCBM}	1681136138585
498	master	get_user_by_access_token	{syt_dXNlcjEubWF0cml4_PNiJQLiMvsRDvjgqkJBk_3glMq2}	1681136146671
511	master	count_e2e_one_time_keys	{@user1.matrix:localhost,OYSHCNGSNY}	1681136826036
516	master	get_e2e_unused_fallback_key_types	{@user1.matrix:localhost,QFUUJKKFTN}	1681137200837
489	master	get_e2e_unused_fallback_key_types	{@user1.matrix:localhost,DGRUMDVCBM}	1681136138230
494	master	count_e2e_one_time_keys	{@user1.matrix:localhost,DGRUMDVCBM}	1681136140155
495	master	count_e2e_one_time_keys	{@user1.matrix:localhost,DGRUMDVCBM}	1681136141522
510	master	count_e2e_one_time_keys	{@user1.matrix:localhost,OYSHCNGSNY}	1681136824791
517	master	count_e2e_one_time_keys	{@user1.matrix:localhost,QFUUJKKFTN}	1681137201043
526	master	count_e2e_one_time_keys	{@user1.matrix:localhost,QFUUJKKFTN}	1681137210170
527	master	get_e2e_unused_fallback_key_types	{@user1.matrix:localhost,QFUUJKKFTN}	1681137210177
492	master	count_e2e_one_time_keys	{@user1.matrix:localhost,DGRUMDVCBM}	1681136139680
507	master	count_e2e_one_time_keys	{@user1.matrix:localhost,OYSHCNGSNY}	1681136819820
520	master	count_e2e_one_time_keys	{@user1.matrix:localhost,QFUUJKKFTN}	1681137202340
523	master	count_e2e_one_time_keys	{@user1.matrix:localhost,QFUUJKKFTN}	1681137208680
524	master	count_e2e_one_time_keys	{@user1.matrix:localhost,QFUUJKKFTN}	1681137209653
496	master	count_e2e_one_time_keys	{@user1.matrix:localhost,DGRUMDVCBM}	1681136144858
499	master	count_e2e_one_time_keys	{@user1.matrix:localhost,DGRUMDVCBM}	1681136146992
500	master	get_e2e_unused_fallback_key_types	{@user1.matrix:localhost,DGRUMDVCBM}	1681136147007
502	master	get_e2e_unused_fallback_key_types	{@user1.matrix:localhost,OYSHCNGSNY}	1681136817960
513	master	count_e2e_one_time_keys	{@user1.matrix:localhost,OYSHCNGSNY}	1681136826821
514	master	get_e2e_unused_fallback_key_types	{@user1.matrix:localhost,OYSHCNGSNY}	1681136826825
519	master	count_e2e_one_time_keys	{@user1.matrix:localhost,QFUUJKKFTN}	1681137202076
497	master	count_e2e_one_time_keys	{@user1.matrix:localhost,DGRUMDVCBM}	1681136146344
518	master	get_e2e_unused_fallback_key_types	{@user1.matrix:localhost,QFUUJKKFTN}	1681137201144
522	master	count_e2e_one_time_keys	{@user1.matrix:localhost,QFUUJKKFTN}	1681137204158
501	master	count_e2e_one_time_keys	{@user1.matrix:localhost,OYSHCNGSNY}	1681136817866
504	master	get_e2e_unused_fallback_key_types	{@user1.matrix:localhost,OYSHCNGSNY}	1681136818367
506	master	count_e2e_one_time_keys	{@user1.matrix:localhost,OYSHCNGSNY}	1681136819507
503	master	count_e2e_one_time_keys	{@user1.matrix:localhost,OYSHCNGSNY}	1681136818317
508	master	count_e2e_one_time_keys	{@user1.matrix:localhost,OYSHCNGSNY}	1681136821340
515	master	count_e2e_one_time_keys	{@user1.matrix:localhost,QFUUJKKFTN}	1681137200790
528	master	user_last_seen_monthly_active	\N	1681144894714
529	master	get_monthly_active_count	{}	1681144894788
530	master	get_user_by_access_token	{syt_bW1fdXNlcjIubW0_IcqOntmLwVQyyvNqomyq_3FYXZU}	1681144895360
531	master	get_user_by_access_token	{syt_bW1fdXNlcjEubW0_himyghBoitSIFQnjUtSX_45XcK1}	1681144895369
532	master	count_e2e_one_time_keys	{@mm_user2.mm:localhost,VGTDFTGCTC}	1681144895407
533	master	get_e2e_unused_fallback_key_types	{@mm_user2.mm:localhost,VGTDFTGCTC}	1681144895423
534	master	count_e2e_one_time_keys	{@mm_user1.mm:localhost,UJIULIRMBN}	1681144895438
535	master	get_e2e_unused_fallback_key_types	{@mm_user1.mm:localhost,UJIULIRMBN}	1681144895445
536	master	user_last_seen_monthly_active	\N	1681152122938
537	master	get_monthly_active_count	{}	1681152122950
538	master	user_last_seen_monthly_active	\N	1681159328438
539	master	get_monthly_active_count	{}	1681159328453
540	master	user_last_seen_monthly_active	\N	1681166534076
541	master	get_monthly_active_count	{}	1681166534077
542	master	user_last_seen_monthly_active	\N	1681173738661
543	master	get_monthly_active_count	{}	1681173738677
544	master	user_last_seen_monthly_active	\N	1681180941726
545	master	get_monthly_active_count	{}	1681180941806
546	master	user_last_seen_monthly_active	\N	1681188147088
547	master	get_monthly_active_count	{}	1681188147223
548	master	user_last_seen_monthly_active	\N	1681194526234
549	master	get_monthly_active_count	{}	1681194526240
550	master	user_last_seen_monthly_active	\N	1681196186766
551	master	get_monthly_active_count	{}	1681196186767
552	master	user_last_seen_monthly_active	\N	1681200319569
553	master	get_monthly_active_count	{}	1681200319588
554	master	user_last_seen_monthly_active	\N	1681203450556
555	master	get_monthly_active_count	{}	1681203450655
556	master	user_last_seen_monthly_active	\N	1681207838677
557	master	get_monthly_active_count	{}	1681207838697
558	master	user_last_seen_monthly_active	\N	1681210586761
559	master	get_monthly_active_count	{}	1681210586763
560	master	user_last_seen_monthly_active	\N	1681214186759
561	master	get_monthly_active_count	{}	1681214186761
562	master	count_e2e_one_time_keys	{@user1.matrix:localhost,MXUYRJBGML}	1681214855939
563	master	get_e2e_unused_fallback_key_types	{@user1.matrix:localhost,MXUYRJBGML}	1681214855961
564	master	count_e2e_one_time_keys	{@user1.matrix:localhost,MXUYRJBGML}	1681214856108
565	master	get_e2e_unused_fallback_key_types	{@user1.matrix:localhost,MXUYRJBGML}	1681214856117
566	master	count_e2e_one_time_keys	{@user1.matrix:localhost,MXUYRJBGML}	1681214856203
567	master	count_e2e_one_time_keys	{@user1.matrix:localhost,MXUYRJBGML}	1681214856359
568	master	count_e2e_one_time_keys	{@user1.matrix:localhost,MXUYRJBGML}	1681214857790
569	master	count_e2e_one_time_keys	{@user1.matrix:localhost,MXUYRJBGML}	1681214858098
570	master	count_e2e_one_time_keys	{@user1.matrix:localhost,MXUYRJBGML}	1681214859398
571	master	count_e2e_one_time_keys	{@user1.matrix:localhost,MXUYRJBGML}	1681214859698
572	master	count_e2e_one_time_keys	{@user1.matrix:localhost,MXUYRJBGML}	1681214859826
573	master	count_e2e_one_time_keys	{@user1.matrix:localhost,MXUYRJBGML}	1681214862977
574	master	get_user_by_access_token	{syt_dXNlcjEubWF0cml4_xXHgHCvjHRTjTaoPwnBC_2qbhed}	1681214863575
575	master	count_e2e_one_time_keys	{@user1.matrix:localhost,MXUYRJBGML}	1681214863710
576	master	get_e2e_unused_fallback_key_types	{@user1.matrix:localhost,MXUYRJBGML}	1681214863714
577	master	get_user_by_access_token	{syt_bW1fdXNlcjEubW0_zqbujSWMznHopjJlyqcs_40eM46}	1681215709457
578	master	count_e2e_one_time_keys	{@mm_user1.mm:localhost,RUHMIWBCVC}	1681215709516
579	master	get_e2e_unused_fallback_key_types	{@mm_user1.mm:localhost,RUHMIWBCVC}	1681215709525
580	master	user_last_seen_monthly_active	\N	1681218574719
581	master	get_monthly_active_count	{}	1681218574722
582	master	user_last_seen_monthly_active	\N	1681221483661
583	master	get_monthly_active_count	{}	1681221483668
584	master	user_last_seen_monthly_active	\N	1681227207717
585	master	get_monthly_active_count	{}	1681227207734
586	master	user_last_seen_monthly_active	\N	1681230109264
587	master	get_monthly_active_count	{}	1681230109295
588	master	user_last_seen_monthly_active	\N	1681237348363
589	master	get_monthly_active_count	{}	1681237348370
590	master	user_last_seen_monthly_active	\N	1681244576508
591	master	get_monthly_active_count	{}	1681244576528
592	master	user_last_seen_monthly_active	\N	1681251781373
593	master	get_monthly_active_count	{}	1681251781615
594	master	user_last_seen_monthly_active	\N	1681258985702
595	master	get_monthly_active_count	{}	1681258985854
596	master	user_last_seen_monthly_active	\N	1681266191044
597	master	get_monthly_active_count	{}	1681266191098
598	master	user_last_seen_monthly_active	\N	1681273396134
599	master	get_monthly_active_count	{}	1681273396138
600	master	user_last_seen_monthly_active	\N	1681280601461
601	master	get_monthly_active_count	{}	1681280601738
622	master	count_e2e_one_time_keys	{@user1.matrix:localhost,WEFSLDHKQY}	1681307761308
602	master	user_last_seen_monthly_active	\N	1681297974834
603	master	get_monthly_active_count	{}	1681297975506
621	master	count_e2e_one_time_keys	{@user1.matrix:localhost,WEFSLDHKQY}	1681307761217
627	master	user_last_seen_monthly_active	\N	1681307786757
628	master	get_monthly_active_count	{}	1681307786758
629	master	get_user_by_access_token	{syt_dXNlcjEubWF0cml4_qYpkyyFThXJzRoNzJxZN_3V9KQO}	1681310365415
604	master	user_last_seen_monthly_active	\N	1681300586761
605	master	get_monthly_active_count	{}	1681300586763
611	master	count_e2e_one_time_keys	{@mm_user2.mm:localhost,GOBRRJALAB}	1681307343289
613	master	get_e2e_unused_fallback_key_types	{@mm_user2.mm:localhost,GOBRRJALAB}	1681307343294
606	master	user_last_seen_monthly_active	\N	1681304186761
607	master	get_monthly_active_count	{}	1681304186764
617	master	get_e2e_unused_fallback_key_types	{@user1.matrix:localhost,WEFSLDHKQY}	1681307760911
608	master	get_user_by_access_token	{syt_bW1fdXNlcjIubW0_SkCubQWkaCaOgljnXeZp_3CFPP6}	1681307343216
619	master	count_e2e_one_time_keys	{@user1.matrix:localhost,WEFSLDHKQY}	1681307761090
625	master	count_e2e_one_time_keys	{@user1.matrix:localhost,WEFSLDHKQY}	1681307761573
610	master	count_e2e_one_time_keys	{@mm_user1.mm:localhost,YZURYGCAZN}	1681307343284
612	master	get_e2e_unused_fallback_key_types	{@mm_user1.mm:localhost,YZURYGCAZN}	1681307343290
620	master	count_e2e_one_time_keys	{@user1.matrix:localhost,WEFSLDHKQY}	1681307761158
626	master	count_e2e_one_time_keys	{@user1.matrix:localhost,WEFSLDHKQY}	1681307761673
614	master	count_e2e_one_time_keys	{@user1.matrix:localhost,MERBZSSHQY}	1681307745537
615	master	get_e2e_unused_fallback_key_types	{@user1.matrix:localhost,MERBZSSHQY}	1681307745541
616	master	count_e2e_one_time_keys	{@user1.matrix:localhost,WEFSLDHKQY}	1681307760902
623	master	count_e2e_one_time_keys	{@user1.matrix:localhost,WEFSLDHKQY}	1681307761392
671	master	user_last_seen_monthly_active	\N	1681393918803
672	master	get_monthly_active_count	{}	1681393918829
618	master	count_e2e_one_time_keys	{@user1.matrix:localhost,WEFSLDHKQY}	1681307761015
624	master	count_e2e_one_time_keys	{@user1.matrix:localhost,WEFSLDHKQY}	1681307761482
630	master	count_e2e_one_time_keys	{@user1.matrix:localhost,WSCUTEXBTQ}	1681310365441
631	master	get_e2e_unused_fallback_key_types	{@user1.matrix:localhost,WSCUTEXBTQ}	1681310365445
632	master	get_user_by_access_token	{syt_dXNlcjEubWF0cml4_wUNyqCWbjxKnXewgjOAs_2GwHGw}	1681310412777
638	master	user_last_seen_monthly_active	\N	1681311386838
639	master	get_monthly_active_count	{}	1681311386992
661	master	user_last_seen_monthly_active	\N	1681358353699
662	master	get_monthly_active_count	{}	1681358353826
633	master	count_e2e_one_time_keys	{@user1.matrix:localhost,VFSKZPOZFC}	1681310412805
634	master	get_e2e_unused_fallback_key_types	{@user1.matrix:localhost,VFSKZPOZFC}	1681310412811
643	master	get_user_by_access_token	{syt_dXNlcjEubWF0cml4_CeIOiGtHpuMvmyOUswRR_4DhTna}	1681312360483
669	master	user_last_seen_monthly_active	\N	1681384323032
670	master	get_monthly_active_count	{}	1681384323821
635	master	get_user_by_access_token	{syt_dXNlcjEubWF0cml4_wQgNCngDuhIPNLqggdTe_2gQxax}	1681310920108
640	master	get_user_by_access_token	{syt_dXNlcjEubWF0cml4_ExZqUyItQaMoMFYXMyJz_3LKro4}	1681312068464
644	master	count_e2e_one_time_keys	{@user1.matrix:localhost,RJJYFKNGWR}	1681312360508
645	master	get_e2e_unused_fallback_key_types	{@user1.matrix:localhost,RJJYFKNGWR}	1681312360514
636	master	count_e2e_one_time_keys	{@user1.matrix:localhost,VCMLSJAPAO}	1681310920179
637	master	get_e2e_unused_fallback_key_types	{@user1.matrix:localhost,VCMLSJAPAO}	1681310920184
641	master	count_e2e_one_time_keys	{@user1.matrix:localhost,HEEDMBZGMF}	1681312068479
642	master	get_e2e_unused_fallback_key_types	{@user1.matrix:localhost,HEEDMBZGMF}	1681312068482
651	master	count_e2e_one_time_keys	{@mm_user2.mm:localhost,RQSENWOTJZ}	1681322200107
652	master	get_e2e_unused_fallback_key_types	{@mm_user2.mm:localhost,RQSENWOTJZ}	1681322200110
653	master	user_last_seen_monthly_active	\N	1681329432743
654	master	get_monthly_active_count	{}	1681329432794
646	master	user_last_seen_monthly_active	\N	1681314986767
647	master	get_monthly_active_count	{}	1681314986773
648	master	user_last_seen_monthly_active	\N	1681322198906
649	master	get_monthly_active_count	{}	1681322198963
650	master	get_user_by_access_token	{syt_bW1fdXNlcjIubW0_XhkAOzKVtEaJICKXVJxK_3VNJTL}	1681322199362
665	master	user_last_seen_monthly_active	\N	1681372816720
666	master	get_monthly_active_count	{}	1681372816730
667	master	user_last_seen_monthly_active	\N	1681380046966
668	master	get_monthly_active_count	{}	1681380046980
655	master	user_last_seen_monthly_active	\N	1681336660621
656	master	get_monthly_active_count	{}	1681336660787
657	master	user_last_seen_monthly_active	\N	1681343892636
658	master	get_monthly_active_count	{}	1681343892685
659	master	user_last_seen_monthly_active	\N	1681351123365
660	master	get_monthly_active_count	{}	1681351123821
663	master	user_last_seen_monthly_active	\N	1681365585888
664	master	get_monthly_active_count	{}	1681365587603
609	master	get_user_by_access_token	{syt_bW1fdXNlcjEubW0_rMuacpWhkbPUhIYlrriR_2A8n2E}	1681307343216
\.


--
-- Data for Name: current_state_delta_stream; Type: TABLE DATA; Schema: public; Owner: synapse
--

COPY public.current_state_delta_stream (stream_id, room_id, type, state_key, event_id, prev_event_id, instance_name) FROM stdin;
2	!FzTtpSkXWMPYBKHUQN:localhost	m.room.create		$c4I4FYRPIltfSw8Wf6w1NWiI0mLCN0eVcYuMsCyqiS4	\N	master
3	!FzTtpSkXWMPYBKHUQN:localhost	m.room.member	@admin:localhost	$IU1ZxuT0Nte99MGUdW5IhEVc_pVMkrUEqjP5xs27dVs	\N	master
4	!FzTtpSkXWMPYBKHUQN:localhost	m.room.canonical_alias		$CgLbWRULI45y2D98z5CUQGfnpkIanhBTri6Qgk2FtZI	\N	master
4	!FzTtpSkXWMPYBKHUQN:localhost	m.room.history_visibility		$eaTE2oVse5UGe2gxU6bH4McqUJFwuNN8UMpxUnfeCzc	\N	master
4	!FzTtpSkXWMPYBKHUQN:localhost	m.room.join_rules		$MjPoUIyI-4SLUb_2CX0SN6Cq4siLSpO81XmSX0Tt1Ag	\N	master
4	!FzTtpSkXWMPYBKHUQN:localhost	m.room.power_levels		$1kn0z5XFW6tgZeQlEjEweLSJX_vv-w54n3uMagFyz9o	\N	master
8	!FzTtpSkXWMPYBKHUQN:localhost	m.room.name		$Z8l2x75Ktp4i5ZFSxqQHoicfewpQOJ2yKoIXvdXGGL4	\N	master
9	!pYSbiOyjMFsKNxSMyi:localhost	m.room.create		$gyvaweguHrwLjB1B_41QMnzSUMHQGbQmTALeOOMmWfU	\N	master
10	!pYSbiOyjMFsKNxSMyi:localhost	m.room.member	@admin:localhost	$hZ3X11MNOocXcrcCNowWncNXGOcKtKz2Yuy15DpSX9Y	\N	master
11	!pYSbiOyjMFsKNxSMyi:localhost	m.room.canonical_alias		$6A1pwZ_SweaaUsjoN5q44E3waqx9e_BX_Vch4BXsSMc	\N	master
11	!pYSbiOyjMFsKNxSMyi:localhost	m.room.history_visibility		$W2bBymarQF5AVOanxoytGxta4UVf4fhh6doJw6GmsQ0	\N	master
11	!pYSbiOyjMFsKNxSMyi:localhost	m.room.join_rules		$tkoiHC3Vf1zAnFhhvTe60NQ7m3nRNvT1ILxtf8O8Tdc	\N	master
11	!pYSbiOyjMFsKNxSMyi:localhost	m.room.power_levels		$EgLH6XFurmJirUH4D5Zkm8y1WyPdrFX2SSko4S0-7hQ	\N	master
15	!pYSbiOyjMFsKNxSMyi:localhost	m.room.name		$YSS-8MMEgCETq_EouYM-mm0KiVKGloqtULWeqmdQKZg	\N	master
16	!pYSbiOyjMFsKNxSMyi:localhost	m.room.member	@user1.matrix:localhost	$0RmvI0B1zTbePI4eCXXUO_9tJQY2XcOy4Kt4FqYQ-Yk	\N	master
17	!FzTtpSkXWMPYBKHUQN:localhost	m.room.member	@user1.matrix:localhost	$FSGyxWobRbm3XPzA_RJTfx_wFyj7eioybzttjovTej0	\N	master
18	!FzTtpSkXWMPYBKHUQN:localhost	m.room.member	@matterbot:localhost	$3iFc4KVKwTYBpN8T8PyFgNCDxXkCtJF5qS1nJbulpmU	\N	master
19	!pYSbiOyjMFsKNxSMyi:localhost	m.room.member	@matterbot:localhost	$f8S-mPLHMnruZFOTih-IYlCoYILk6A_BPx3dtO79ubI	\N	master
21	!pYSbiOyjMFsKNxSMyi:localhost	m.room.member	@matterbot:localhost	$Q7qpUYZra7SmdftawkKRrQilka-WlRBbgKYybv2QRls	$f8S-mPLHMnruZFOTih-IYlCoYILk6A_BPx3dtO79ubI	master
20	!FzTtpSkXWMPYBKHUQN:localhost	m.room.member	@matterbot:localhost	$o5ttVgA4qLDCRoIxN9qyVPOLj9QUajTOF3D_U8es57Y	$3iFc4KVKwTYBpN8T8PyFgNCDxXkCtJF5qS1nJbulpmU	master
23	!FzTtpSkXWMPYBKHUQN:localhost	m.room.member	@mm_user1.mm:localhost	$EeKexStxnjQMJwZnkxIZRNXLdggHQGqT_RJYm1xCocU	\N	master
24	!FzTtpSkXWMPYBKHUQN:localhost	m.room.member	@mm_user1.mm:localhost	$ZPGmNdM7zvGVfx5_posO0xAJ7C6aAnDZavYGV23i3eM	$EeKexStxnjQMJwZnkxIZRNXLdggHQGqT_RJYm1xCocU	master
27	!FzTtpSkXWMPYBKHUQN:localhost	m.room.name		$DRO5TAucLHxvrlJ47kjeEKQiKn1D0J-pwsDdrExDhfM	$Z8l2x75Ktp4i5ZFSxqQHoicfewpQOJ2yKoIXvdXGGL4	master
31	!AHOiTmgdxQzlhIOUsy:localhost	m.room.create		$8JzwefAwHCl96ZlTja5b5rV-MxH_1T91x6Yl6vKYGSg	\N	master
32	!AHOiTmgdxQzlhIOUsy:localhost	m.room.member	@admin:localhost	$2AEp1hOUUsulI8Zc2ISpcmI9VmKuftWZdClPUSC_mD4	\N	master
33	!AHOiTmgdxQzlhIOUsy:localhost	m.room.canonical_alias		$z1GwtHO3iyw6MvOYBxrwIdl_jvUlP6_Bn6yFfE9P2aI	\N	master
33	!AHOiTmgdxQzlhIOUsy:localhost	m.room.history_visibility		$LmDzEqXVjmgNKIk52bhBmbosSuVDk32P02nhwggY0RM	\N	master
33	!AHOiTmgdxQzlhIOUsy:localhost	m.room.join_rules		$Ww-5pR04rXtgZleTLBj7vJSR1LGkC3tZ5Zuaxqazwek	\N	master
33	!AHOiTmgdxQzlhIOUsy:localhost	m.room.power_levels		$425aYo_LNE95R3HHpQZSk0MGS0CjqhCPkp0DJvtMk5M	\N	master
37	!AHOiTmgdxQzlhIOUsy:localhost	m.room.name		$sFv4HsuqMN9A0Wl_Bb1tZ-I7Kgdtxe83YsRaNWowWDM	\N	master
38	!AHOiTmgdxQzlhIOUsy:localhost	m.room.member	@matterbot:localhost	$xOF81meT9KSyhw3dY5FjCzADSBULEj6OoQaHM9DWtMY	\N	master
39	!AHOiTmgdxQzlhIOUsy:localhost	m.room.member	@matterbot:localhost	$cgYituIGJ7X54S5-Ax3C5u2yLwCnf99x2VbMmy0YD3w	$xOF81meT9KSyhw3dY5FjCzADSBULEj6OoQaHM9DWtMY	master
40	!AHOiTmgdxQzlhIOUsy:localhost	m.room.member	@mm_user1.mm:localhost	$hgeuyu5_SLbd99TLf-m4kSUM8l1Jy-W4XmhdQGO2rr0	\N	master
41	!AHOiTmgdxQzlhIOUsy:localhost	m.room.member	@mm_user1.mm:localhost	$jiXC1l1ou9Ti0I7CV7PJrsVblqsrb9dPQentqZqLBys	$hgeuyu5_SLbd99TLf-m4kSUM8l1Jy-W4XmhdQGO2rr0	master
43	!AHOiTmgdxQzlhIOUsy:localhost	m.room.member	@user1.matrix:localhost	$ye7ixCV2UmoA3GCF2K5lqNSxMrWwkdvkTSOdQDHy-P0	\N	master
45	!AHOiTmgdxQzlhIOUsy:localhost	m.room.member	@matterbot:localhost	$0XMDIAwJBH-iA7qIReHWRJAwmGiTGGioVtV8KFmJ4_M	$cgYituIGJ7X54S5-Ax3C5u2yLwCnf99x2VbMmy0YD3w	master
47	!FzTtpSkXWMPYBKHUQN:localhost	m.room.member	@user2.matrix:localhost	$v8iGN1Nqfe45E9UAlYS-2URhe0VSFqIHY_trb51SesI	\N	master
49	!FzTtpSkXWMPYBKHUQN:localhost	m.room.member	@mm_user2.mm:localhost	$0xWeoIOTCY4e3-7ZbZGuokwWQFjVMhIRQNXarqF1pxw	\N	master
50	!FzTtpSkXWMPYBKHUQN:localhost	m.room.member	@mm_user2.mm:localhost	$pdWypCivt0W58tNdti2PPFECr9nY2FHCzPHcq3t7WEY	$0xWeoIOTCY4e3-7ZbZGuokwWQFjVMhIRQNXarqF1pxw	master
51	!pYSbiOyjMFsKNxSMyi:localhost	m.room.member	@mm_user2.mm:localhost	$Fv99ToyoiCcmIgW4cLLELDhrk41dcIcraArBj2LvaNE	\N	master
52	!pYSbiOyjMFsKNxSMyi:localhost	m.room.member	@mm_user2.mm:localhost	$PdV2tqK4NNZudisUim3L-UFebwMTDKtC4V3oRBsAKNg	$Fv99ToyoiCcmIgW4cLLELDhrk41dcIcraArBj2LvaNE	master
53	!pYSbiOyjMFsKNxSMyi:localhost	m.room.member	@mm_user1.mm:localhost	$iBD87Nj7pcqWKLj0dW9b0Am9tLGDUsUNgGx_DLCak6c	\N	master
54	!pYSbiOyjMFsKNxSMyi:localhost	m.room.member	@mm_user1.mm:localhost	$Z6q_pHNPM3MSDJqL1coCYtFuO0XvjFyT7uEHW_VzTmI	$iBD87Nj7pcqWKLj0dW9b0Am9tLGDUsUNgGx_DLCak6c	master
57	!AHOiTmgdxQzlhIOUsy:localhost	m.room.member	@user2.matrix:localhost	$Qz3TCt9TZASSCaEgtUMB4UvTNFiNj8xUud69yTLrB1A	\N	master
59	!AHOiTmgdxQzlhIOUsy:localhost	m.room.member	@mm_user2.mm:localhost	$slqMcNC5aM4RPcFxUSnvevAVSEwE34tlwYESlS2z7W4	\N	master
60	!AHOiTmgdxQzlhIOUsy:localhost	m.room.member	@mm_user2.mm:localhost	$cWb_bCwCrj6N8hvObwR3Dfe63W634wlYWIy2-UKO28M	$slqMcNC5aM4RPcFxUSnvevAVSEwE34tlwYESlS2z7W4	master
65	!FzTtpSkXWMPYBKHUQN:localhost	m.room.member	@user3.matrix:localhost	$jLqj0K8k8IznEp_zldWz_Ezx5RfWpkQZCFKnJyfUBQ8	\N	master
66	!AHOiTmgdxQzlhIOUsy:localhost	m.room.member	@user3.matrix:localhost	$8L8kolK-08m1wXb1AstqZz_qz_SUzB08YqJZ_kYqWMs	\N	master
67	!pYSbiOyjMFsKNxSMyi:localhost	m.room.member	@user3.matrix:localhost	$I7bu0SuyZ_d7gNQWqG7B7c9bRaJpJVrKN3Ftzy-ST3o	\N	master
70	!pYSbiOyjMFsKNxSMyi:localhost	m.room.member	@user2.matrix:localhost	$91Cmq-17R2sVRCRnizx8fJKL3TLGjsOR0c4Ry3CKGyo	\N	master
72	!wGvWnTVpsbEMByNykc:localhost	m.room.create		$V4h-t7Z_ikk8f5J8DFBd6LCzIg27Ls_Cq5SwfTNvF0E	\N	master
73	!wGvWnTVpsbEMByNykc:localhost	m.room.member	@mm_user2.mm:localhost	$jD3h3ETxg2QK1PtrN6AW6y2kwQsFAQe7srLpSwfPhNg	\N	master
82	!wGvWnTVpsbEMByNykc:localhost	m.room.member	@user2.matrix:localhost	$wTfVj9B1xWTDZGpgTmLF5VwLS4zZnOAoCichsjzrqsI	$bwBAv8SR7RG8_oUvZFU0lU5iPNq8aNv-mxr6MW9PztU	master
74	!wGvWnTVpsbEMByNykc:localhost	m.room.guest_access		$83AF6m7uhB3hZQz5lmrPcLy_9huJCm_W9wt7-WQ_VYk	\N	master
74	!wGvWnTVpsbEMByNykc:localhost	m.room.history_visibility		$Sw-_lchwyW0pw30wm3AP7MzTQVU56CugEatZVVNGmbA	\N	master
74	!wGvWnTVpsbEMByNykc:localhost	m.room.join_rules		$7btK-y7mZ9nK9LBiSKR03J1T2D334LbUVJkbe2o-CYw	\N	master
74	!wGvWnTVpsbEMByNykc:localhost	m.room.power_levels		$kec4ZazwDdb-ZMxMr8ymwytOs-zGx-8VjOrW00BW_ZA	\N	master
78	!wGvWnTVpsbEMByNykc:localhost	m.room.member	@matterbot:localhost	$MIJv8SIPMQ5955dHrWtYlemxtCwV0f4tqf-i_3dQVns	\N	master
79	!wGvWnTVpsbEMByNykc:localhost	m.room.member	@user2.matrix:localhost	$bwBAv8SR7RG8_oUvZFU0lU5iPNq8aNv-mxr6MW9PztU	\N	master
80	!wGvWnTVpsbEMByNykc:localhost	m.room.member	@matterbot:localhost	$F0LR4DEA3oLcc3k_eNE6_RKKA11yLcsmfO_8qPHHW8Y	$MIJv8SIPMQ5955dHrWtYlemxtCwV0f4tqf-i_3dQVns	master
85	!KBqzwXdLtXZopjBikg:localhost	m.room.create		$BzCYUUyIaNg8MGhOw_QYTtD2BuIWdSnks84kegIMIzk	\N	master
86	!KBqzwXdLtXZopjBikg:localhost	m.room.member	@user2.matrix:localhost	$_E-EZa8gdS-_4F2CasYTKomuDixia3fJ1R-Wu2xx_CQ	\N	master
87	!KBqzwXdLtXZopjBikg:localhost	m.room.guest_access		$RE6G8a-zySUuohhp6UFLrBJ4ROulO2pvp_K_476Q-lY	\N	master
87	!KBqzwXdLtXZopjBikg:localhost	m.room.history_visibility		$jgk7UOdyP6mp8rwKMOqqupF6sWOPwnMorSa67AYZ9A0	\N	master
87	!KBqzwXdLtXZopjBikg:localhost	m.room.join_rules		$6qBmbp-ZfOQMsOgVGcf1da8QrUWLTBmULjDBY8xnQDc	\N	master
87	!KBqzwXdLtXZopjBikg:localhost	m.room.power_levels		$1tmD6lvkYEIlbb5awAzEuSw6acgFDp21uA4450asM6M	\N	master
91	!KBqzwXdLtXZopjBikg:localhost	m.room.member	@mm_user2.mm:localhost	$IZOLJfGYfNnK_aLuKaBOBCTx7SnxrLtHU1f4wTszqzo	\N	master
92	!KBqzwXdLtXZopjBikg:localhost	m.room.member	@matterbot:localhost	$ZHUq2VN0HpuE5oJi6l_3Uh8aLOuQmXN5WDqUyhjy8Vw	\N	master
93	!KBqzwXdLtXZopjBikg:localhost	m.room.member	@matterbot:localhost	$VaarpFJs6_0c2wYxJdAYq1G8uznJdufYfnCfjuqvI_M	$ZHUq2VN0HpuE5oJi6l_3Uh8aLOuQmXN5WDqUyhjy8Vw	master
96	!wGvWnTVpsbEMByNykc:localhost	m.room.member	@matterbot:localhost	$Q6YXU96RlR1dPKmp4iI3R_d2KiWzKnZbMMURN8OqDVE	$F0LR4DEA3oLcc3k_eNE6_RKKA11yLcsmfO_8qPHHW8Y	master
98	!vDRByArErEHuGOOJxE:localhost	m.room.create		$2rWHZ1dTRYXYOGEBkYy9w4xQNGND9i5euMRpJJww04o	\N	master
99	!vDRByArErEHuGOOJxE:localhost	m.room.member	@user2.matrix:localhost	$8d4e-CjuEEdRj8aSFNq0yHpo_JxouT8tHUVX8HfS4oc	\N	master
100	!vDRByArErEHuGOOJxE:localhost	m.room.guest_access		$-Jddg6JtZ13Om3mZilR7hqtovSNKbu_jCbiDSN9u23M	\N	master
100	!vDRByArErEHuGOOJxE:localhost	m.room.history_visibility		$7y6Y35EbOlNtACU1RM3BCrmU7hb9GBXUJEFAI6-9gkg	\N	master
100	!vDRByArErEHuGOOJxE:localhost	m.room.join_rules		$XLGuUcPmbE5vRHADIEfcDA5P4qTClMO9Xn9ircCdTUg	\N	master
100	!vDRByArErEHuGOOJxE:localhost	m.room.power_levels		$UL96b2DZHng5g_OXTbE0nBq-yL1Vv1SUxB3wRg5Nqsw	\N	master
104	!vDRByArErEHuGOOJxE:localhost	m.room.member	@user1.matrix:localhost	$PtKNK0cvGyJhBT-BIAFZs4gDvODQiScnlQFqLmWKqNc	\N	master
105	!vDRByArErEHuGOOJxE:localhost	m.room.member	@user3.matrix:localhost	$QvV8o1KjtX_tArxR1zwHZepfVa9NB03-81BjGpKxo9M	\N	master
107	!vDRByArErEHuGOOJxE:localhost	m.room.member	@user1.matrix:localhost	$0LNMKjea0zgdHTDMe3B3fmAnzNxu72ULA7HsNOs1pHw	$PtKNK0cvGyJhBT-BIAFZs4gDvODQiScnlQFqLmWKqNc	master
108	!CZMvztYPoMDXZghGjm:localhost	m.room.create		$Z8Uf7knMci62YkFiphxCZI55avAa7X64_K1l9SJ-dqQ	\N	master
109	!CZMvztYPoMDXZghGjm:localhost	m.room.member	@mm_user2.mm:localhost	$pdfBN0Z96G_wbgh4VuNnIiOuwEeEcxbECI1vAE0JEC4	\N	master
110	!CZMvztYPoMDXZghGjm:localhost	m.room.guest_access		$n4SLSzegw2_2XZuYVHMaBqQM0y0XXHqIEc6-sUt5lyo	\N	master
110	!CZMvztYPoMDXZghGjm:localhost	m.room.history_visibility		$NEaM4RT_u5IYgHQJXffTluS21pSYxn3Ob3rh6lBPzJk	\N	master
110	!CZMvztYPoMDXZghGjm:localhost	m.room.join_rules		$eQXATedxlGls7x4dhbO1w3NQRV-9oaR7nqj-pHxGiU4	\N	master
110	!CZMvztYPoMDXZghGjm:localhost	m.room.power_levels		$Oxivd8PnLITfhmuJ0pPdRRyMngE_kr3tbyIkDTT8_-o	\N	master
114	!CZMvztYPoMDXZghGjm:localhost	m.room.member	@matterbot:localhost	$JHQCf63sTH6Vjufjj8sai_9QWCkwlbiKAUP0crmtihU	\N	master
115	!CZMvztYPoMDXZghGjm:localhost	m.room.member	@user1.matrix:localhost	$AmA--7RkBYVchLC_Tr104AXFweEwn_n7AeoFpptk0iI	\N	master
116	!CZMvztYPoMDXZghGjm:localhost	m.room.member	@user2.matrix:localhost	$EVIMbY1fZLGzs0Xp19eKjkS2aizDSYFoS8Wzj42_LQI	\N	master
117	!CZMvztYPoMDXZghGjm:localhost	m.room.member	@matterbot:localhost	$mGp05ykxc7iuNGM9nc4QHqFY1mnuCUW_Hq3ocgiZgFg	$JHQCf63sTH6Vjufjj8sai_9QWCkwlbiKAUP0crmtihU	master
119	!CZMvztYPoMDXZghGjm:localhost	m.room.member	@user2.matrix:localhost	$jqog1KTVZdbZSwVzHyAI1GAzMymJrQgDaEx7zSDIuvw	$EVIMbY1fZLGzs0Xp19eKjkS2aizDSYFoS8Wzj42_LQI	master
120	!CZMvztYPoMDXZghGjm:localhost	m.room.member	@user1.matrix:localhost	$LwCMrUFKLRRfUwxX_bj8hMYLg15fXGwOuu2QDPdjcHY	$AmA--7RkBYVchLC_Tr104AXFweEwn_n7AeoFpptk0iI	master
121	!mjuhEfzSkeOAWJqsoF:localhost	m.room.create		$TV4MVQPx61vM41xEXo5UuJRdzeBIjcqclWUsGWNacYM	\N	master
122	!mjuhEfzSkeOAWJqsoF:localhost	m.room.member	@user2.matrix:localhost	$06Um82m6RzKMOebWv0lcKQOaSvr6C10y6QA2Snc_R0I	\N	master
123	!mjuhEfzSkeOAWJqsoF:localhost	m.room.guest_access		$gn9BJ39HJ5v_qwj0jcIRfiLcgvbMbDnBRAfEJMS4RUI	\N	master
123	!mjuhEfzSkeOAWJqsoF:localhost	m.room.history_visibility		$gfpOuJZriCh7xj2c1m5EnJfNW1LjpsjRlCI91G-Fpv8	\N	master
123	!mjuhEfzSkeOAWJqsoF:localhost	m.room.join_rules		$WRC3DV_k1RkC4oedKmIL5Gi3JgPmcv4vcT615tEnu8M	\N	master
123	!mjuhEfzSkeOAWJqsoF:localhost	m.room.power_levels		$csK689aRZ89elBgFJKAWBiNKhwnp635K09OhhnXruek	\N	master
127	!mjuhEfzSkeOAWJqsoF:localhost	m.room.member	@matterbot:localhost	$8T5cGFOjiTe4zjIYX9tmzFfae8WV6TVvUpmBmV2carA	\N	master
128	!mjuhEfzSkeOAWJqsoF:localhost	m.room.member	@mm_user2.mm:localhost	$wKoDxwAtZ46KFnzdR2bV-nE-gCX8oSTpE4qkJq_05QE	\N	master
129	!mjuhEfzSkeOAWJqsoF:localhost	m.room.member	@matterbot:localhost	$5j9APu_03G5KZMO9hHc9AdVNHD7TfIlrfU87LHEi5aA	$8T5cGFOjiTe4zjIYX9tmzFfae8WV6TVvUpmBmV2carA	master
132	!KBqzwXdLtXZopjBikg:localhost	m.room.member	@matterbot:localhost	$SfEuZPwDHWx4dsnQKRsLDI7Qwgt-Q84vGhE1THOba3s	$VaarpFJs6_0c2wYxJdAYq1G8uznJdufYfnCfjuqvI_M	master
172	!cZnmZQFBeDsHEQbFQs:localhost	m.room.create		$nc1eJdpqNsaDyb3SdIbRwuQPExhfIPzPopcRSNdl3cQ	\N	master
173	!cZnmZQFBeDsHEQbFQs:localhost	m.room.member	@admin:localhost	$DR5VmuWusNClKlyAtCuWLyQC__lzA2aHFKFHP9MMUfk	\N	master
174	!cZnmZQFBeDsHEQbFQs:localhost	m.room.canonical_alias		$GAY76tMkYhuarSNOWWZqqDw36X1qIacZiQgHquoQtwA	\N	master
174	!cZnmZQFBeDsHEQbFQs:localhost	m.room.history_visibility		$c_oFn9bOCQHYWCw4hjt9zWK3fTqd6CS9ho6797C20x8	\N	master
174	!cZnmZQFBeDsHEQbFQs:localhost	m.room.join_rules		$Jg_lbElh_Ag9z-VOceAlpgofNZg8W8x8HX4n5Ajmu6Y	\N	master
174	!cZnmZQFBeDsHEQbFQs:localhost	m.room.name		$J6BFnxxVtwKMBZMazTB3yX8rosc2skmuxAuI4OinjBM	\N	master
174	!cZnmZQFBeDsHEQbFQs:localhost	m.room.power_levels		$6bHlgH99jQtK-ue9-7g5rvZivsofVViJiR_vh1fGkBA	\N	master
179	!cZnmZQFBeDsHEQbFQs:localhost	m.room.member	@matterbot:localhost	$7kIusj7_vjnjvM5XRI1_3dU_wgeCRurNbLxWl7Wza64	\N	master
180	!cZnmZQFBeDsHEQbFQs:localhost	m.room.member	@matterbot:localhost	$yB_pgWY1MngMlhaqo70bZTnADr2mMUjbkEKY3cjnlqk	$7kIusj7_vjnjvM5XRI1_3dU_wgeCRurNbLxWl7Wza64	master
181	!cZnmZQFBeDsHEQbFQs:localhost	m.room.member	@mm_user2.mm:localhost	$LwuV3S_QSzHUfw7pEQBk-n4jquK3n8qlEDA3ZQTkHDI	\N	master
182	!cZnmZQFBeDsHEQbFQs:localhost	m.room.member	@mm_user2.mm:localhost	$ZJsRzPjCUHZTNUN_j78KyrW5EVPSKt9Pw_F-tVVvH7k	$LwuV3S_QSzHUfw7pEQBk-n4jquK3n8qlEDA3ZQTkHDI	master
184	!cZnmZQFBeDsHEQbFQs:localhost	m.room.member	@user1.matrix:localhost	$FyOdtUu1pDq9pkxIHuGA8NRmuYwbc56h3FAanha48Hk	\N	master
190	!mOsaATLFknhUVKMKbF:localhost	m.room.create		$SlMhs1Tixs22BdZ3XXqNy9AnhoIY4iemw--vg-i_Lm0	\N	master
191	!mOsaATLFknhUVKMKbF:localhost	m.room.member	@mm_user2.mm:localhost	$QC7bXFDxGhDk6yv_4ChjXTMkJ0t0dKySNdOD6sK8xWs	\N	master
192	!mOsaATLFknhUVKMKbF:localhost	m.room.canonical_alias		$M668pvJTHPULzOyaFTfazYWkwGgORFCTi0KoC37EWeM	\N	master
192	!mOsaATLFknhUVKMKbF:localhost	m.room.guest_access		$NPeyvzf9NsetiIPlSR9A6CS672r3JVsnZYO0nXId2bk	\N	master
192	!mOsaATLFknhUVKMKbF:localhost	m.room.history_visibility		$hgqRK-dYe5eYsbxIs8yg30z62yTih79k6lYT3W-FrO0	\N	master
192	!mOsaATLFknhUVKMKbF:localhost	m.room.join_rules		$ORKiMUdUMVOsbsyJYKmngYgY7DjjpWm4TvnNHjGoyzo	\N	master
192	!mOsaATLFknhUVKMKbF:localhost	m.room.name		$-_npKAXQzDZatyCE982iFmq7-fA6EcpCzljKEwGGWgg	\N	master
192	!mOsaATLFknhUVKMKbF:localhost	m.room.power_levels		$_O7HCNBcIf7TFakcNOXd_OGa-EktXdY7jXFtq-0AuZ4	\N	master
198	!mOsaATLFknhUVKMKbF:localhost	m.room.member	@matterbot:localhost	$i7p_9pGUCmPcRci6QowPd0isnxc650XUL0nkZkXIJqI	\N	master
199	!mOsaATLFknhUVKMKbF:localhost	m.room.member	@matterbot:localhost	$oRS_K9WwEjRY1LoGRh6ymmTYBFe4S3jiGLxKdFZq0xo	$i7p_9pGUCmPcRci6QowPd0isnxc650XUL0nkZkXIJqI	master
201	!mOsaATLFknhUVKMKbF:localhost	m.room.member	@user1.matrix:localhost	$biZp1kn2ycj-NFYzBIsolRQUhuy_Jcdb1TWFXs-wm_M	\N	master
203	!mOsaATLFknhUVKMKbF:localhost	m.room.member	@user1.matrix:localhost	$Y0bkVaMbWG30DJH750qUtZjIwDm6EWGKt22Jikt7ncc	$biZp1kn2ycj-NFYzBIsolRQUhuy_Jcdb1TWFXs-wm_M	master
208	!cZnmZQFBeDsHEQbFQs:localhost	m.room.member	@matterbot:localhost	$CcGczUOKTX_OEsfQVWp2qPlgJwMCRsa25dLU8fT6UH0	$yB_pgWY1MngMlhaqo70bZTnADr2mMUjbkEKY3cjnlqk	master
\.


--
-- Data for Name: current_state_events; Type: TABLE DATA; Schema: public; Owner: synapse
--

COPY public.current_state_events (event_id, room_id, type, state_key, membership) FROM stdin;
$c4I4FYRPIltfSw8Wf6w1NWiI0mLCN0eVcYuMsCyqiS4	!FzTtpSkXWMPYBKHUQN:localhost	m.room.create		\N
$IU1ZxuT0Nte99MGUdW5IhEVc_pVMkrUEqjP5xs27dVs	!FzTtpSkXWMPYBKHUQN:localhost	m.room.member	@admin:localhost	join
$CgLbWRULI45y2D98z5CUQGfnpkIanhBTri6Qgk2FtZI	!FzTtpSkXWMPYBKHUQN:localhost	m.room.canonical_alias		\N
$eaTE2oVse5UGe2gxU6bH4McqUJFwuNN8UMpxUnfeCzc	!FzTtpSkXWMPYBKHUQN:localhost	m.room.history_visibility		\N
$MjPoUIyI-4SLUb_2CX0SN6Cq4siLSpO81XmSX0Tt1Ag	!FzTtpSkXWMPYBKHUQN:localhost	m.room.join_rules		\N
$1kn0z5XFW6tgZeQlEjEweLSJX_vv-w54n3uMagFyz9o	!FzTtpSkXWMPYBKHUQN:localhost	m.room.power_levels		\N
$gyvaweguHrwLjB1B_41QMnzSUMHQGbQmTALeOOMmWfU	!pYSbiOyjMFsKNxSMyi:localhost	m.room.create		\N
$hZ3X11MNOocXcrcCNowWncNXGOcKtKz2Yuy15DpSX9Y	!pYSbiOyjMFsKNxSMyi:localhost	m.room.member	@admin:localhost	join
$6A1pwZ_SweaaUsjoN5q44E3waqx9e_BX_Vch4BXsSMc	!pYSbiOyjMFsKNxSMyi:localhost	m.room.canonical_alias		\N
$W2bBymarQF5AVOanxoytGxta4UVf4fhh6doJw6GmsQ0	!pYSbiOyjMFsKNxSMyi:localhost	m.room.history_visibility		\N
$tkoiHC3Vf1zAnFhhvTe60NQ7m3nRNvT1ILxtf8O8Tdc	!pYSbiOyjMFsKNxSMyi:localhost	m.room.join_rules		\N
$EgLH6XFurmJirUH4D5Zkm8y1WyPdrFX2SSko4S0-7hQ	!pYSbiOyjMFsKNxSMyi:localhost	m.room.power_levels		\N
$YSS-8MMEgCETq_EouYM-mm0KiVKGloqtULWeqmdQKZg	!pYSbiOyjMFsKNxSMyi:localhost	m.room.name		\N
$0RmvI0B1zTbePI4eCXXUO_9tJQY2XcOy4Kt4FqYQ-Yk	!pYSbiOyjMFsKNxSMyi:localhost	m.room.member	@user1.matrix:localhost	join
$FSGyxWobRbm3XPzA_RJTfx_wFyj7eioybzttjovTej0	!FzTtpSkXWMPYBKHUQN:localhost	m.room.member	@user1.matrix:localhost	join
$Q7qpUYZra7SmdftawkKRrQilka-WlRBbgKYybv2QRls	!pYSbiOyjMFsKNxSMyi:localhost	m.room.member	@matterbot:localhost	join
$o5ttVgA4qLDCRoIxN9qyVPOLj9QUajTOF3D_U8es57Y	!FzTtpSkXWMPYBKHUQN:localhost	m.room.member	@matterbot:localhost	join
$ZPGmNdM7zvGVfx5_posO0xAJ7C6aAnDZavYGV23i3eM	!FzTtpSkXWMPYBKHUQN:localhost	m.room.member	@mm_user1.mm:localhost	join
$DRO5TAucLHxvrlJ47kjeEKQiKn1D0J-pwsDdrExDhfM	!FzTtpSkXWMPYBKHUQN:localhost	m.room.name		\N
$8JzwefAwHCl96ZlTja5b5rV-MxH_1T91x6Yl6vKYGSg	!AHOiTmgdxQzlhIOUsy:localhost	m.room.create		\N
$2AEp1hOUUsulI8Zc2ISpcmI9VmKuftWZdClPUSC_mD4	!AHOiTmgdxQzlhIOUsy:localhost	m.room.member	@admin:localhost	join
$z1GwtHO3iyw6MvOYBxrwIdl_jvUlP6_Bn6yFfE9P2aI	!AHOiTmgdxQzlhIOUsy:localhost	m.room.canonical_alias		\N
$LmDzEqXVjmgNKIk52bhBmbosSuVDk32P02nhwggY0RM	!AHOiTmgdxQzlhIOUsy:localhost	m.room.history_visibility		\N
$Ww-5pR04rXtgZleTLBj7vJSR1LGkC3tZ5Zuaxqazwek	!AHOiTmgdxQzlhIOUsy:localhost	m.room.join_rules		\N
$425aYo_LNE95R3HHpQZSk0MGS0CjqhCPkp0DJvtMk5M	!AHOiTmgdxQzlhIOUsy:localhost	m.room.power_levels		\N
$sFv4HsuqMN9A0Wl_Bb1tZ-I7Kgdtxe83YsRaNWowWDM	!AHOiTmgdxQzlhIOUsy:localhost	m.room.name		\N
$jiXC1l1ou9Ti0I7CV7PJrsVblqsrb9dPQentqZqLBys	!AHOiTmgdxQzlhIOUsy:localhost	m.room.member	@mm_user1.mm:localhost	join
$ye7ixCV2UmoA3GCF2K5lqNSxMrWwkdvkTSOdQDHy-P0	!AHOiTmgdxQzlhIOUsy:localhost	m.room.member	@user1.matrix:localhost	join
$0XMDIAwJBH-iA7qIReHWRJAwmGiTGGioVtV8KFmJ4_M	!AHOiTmgdxQzlhIOUsy:localhost	m.room.member	@matterbot:localhost	join
$v8iGN1Nqfe45E9UAlYS-2URhe0VSFqIHY_trb51SesI	!FzTtpSkXWMPYBKHUQN:localhost	m.room.member	@user2.matrix:localhost	join
$pdWypCivt0W58tNdti2PPFECr9nY2FHCzPHcq3t7WEY	!FzTtpSkXWMPYBKHUQN:localhost	m.room.member	@mm_user2.mm:localhost	join
$PdV2tqK4NNZudisUim3L-UFebwMTDKtC4V3oRBsAKNg	!pYSbiOyjMFsKNxSMyi:localhost	m.room.member	@mm_user2.mm:localhost	join
$Z6q_pHNPM3MSDJqL1coCYtFuO0XvjFyT7uEHW_VzTmI	!pYSbiOyjMFsKNxSMyi:localhost	m.room.member	@mm_user1.mm:localhost	join
$Qz3TCt9TZASSCaEgtUMB4UvTNFiNj8xUud69yTLrB1A	!AHOiTmgdxQzlhIOUsy:localhost	m.room.member	@user2.matrix:localhost	join
$cWb_bCwCrj6N8hvObwR3Dfe63W634wlYWIy2-UKO28M	!AHOiTmgdxQzlhIOUsy:localhost	m.room.member	@mm_user2.mm:localhost	join
$jLqj0K8k8IznEp_zldWz_Ezx5RfWpkQZCFKnJyfUBQ8	!FzTtpSkXWMPYBKHUQN:localhost	m.room.member	@user3.matrix:localhost	join
$8L8kolK-08m1wXb1AstqZz_qz_SUzB08YqJZ_kYqWMs	!AHOiTmgdxQzlhIOUsy:localhost	m.room.member	@user3.matrix:localhost	join
$I7bu0SuyZ_d7gNQWqG7B7c9bRaJpJVrKN3Ftzy-ST3o	!pYSbiOyjMFsKNxSMyi:localhost	m.room.member	@user3.matrix:localhost	join
$91Cmq-17R2sVRCRnizx8fJKL3TLGjsOR0c4Ry3CKGyo	!pYSbiOyjMFsKNxSMyi:localhost	m.room.member	@user2.matrix:localhost	join
$V4h-t7Z_ikk8f5J8DFBd6LCzIg27Ls_Cq5SwfTNvF0E	!wGvWnTVpsbEMByNykc:localhost	m.room.create		\N
$jD3h3ETxg2QK1PtrN6AW6y2kwQsFAQe7srLpSwfPhNg	!wGvWnTVpsbEMByNykc:localhost	m.room.member	@mm_user2.mm:localhost	join
$83AF6m7uhB3hZQz5lmrPcLy_9huJCm_W9wt7-WQ_VYk	!wGvWnTVpsbEMByNykc:localhost	m.room.guest_access		\N
$Sw-_lchwyW0pw30wm3AP7MzTQVU56CugEatZVVNGmbA	!wGvWnTVpsbEMByNykc:localhost	m.room.history_visibility		\N
$7btK-y7mZ9nK9LBiSKR03J1T2D334LbUVJkbe2o-CYw	!wGvWnTVpsbEMByNykc:localhost	m.room.join_rules		\N
$kec4ZazwDdb-ZMxMr8ymwytOs-zGx-8VjOrW00BW_ZA	!wGvWnTVpsbEMByNykc:localhost	m.room.power_levels		\N
$wTfVj9B1xWTDZGpgTmLF5VwLS4zZnOAoCichsjzrqsI	!wGvWnTVpsbEMByNykc:localhost	m.room.member	@user2.matrix:localhost	join
$BzCYUUyIaNg8MGhOw_QYTtD2BuIWdSnks84kegIMIzk	!KBqzwXdLtXZopjBikg:localhost	m.room.create		\N
$_E-EZa8gdS-_4F2CasYTKomuDixia3fJ1R-Wu2xx_CQ	!KBqzwXdLtXZopjBikg:localhost	m.room.member	@user2.matrix:localhost	join
$RE6G8a-zySUuohhp6UFLrBJ4ROulO2pvp_K_476Q-lY	!KBqzwXdLtXZopjBikg:localhost	m.room.guest_access		\N
$jgk7UOdyP6mp8rwKMOqqupF6sWOPwnMorSa67AYZ9A0	!KBqzwXdLtXZopjBikg:localhost	m.room.history_visibility		\N
$6qBmbp-ZfOQMsOgVGcf1da8QrUWLTBmULjDBY8xnQDc	!KBqzwXdLtXZopjBikg:localhost	m.room.join_rules		\N
$1tmD6lvkYEIlbb5awAzEuSw6acgFDp21uA4450asM6M	!KBqzwXdLtXZopjBikg:localhost	m.room.power_levels		\N
$IZOLJfGYfNnK_aLuKaBOBCTx7SnxrLtHU1f4wTszqzo	!KBqzwXdLtXZopjBikg:localhost	m.room.member	@mm_user2.mm:localhost	invite
$Q6YXU96RlR1dPKmp4iI3R_d2KiWzKnZbMMURN8OqDVE	!wGvWnTVpsbEMByNykc:localhost	m.room.member	@matterbot:localhost	leave
$2rWHZ1dTRYXYOGEBkYy9w4xQNGND9i5euMRpJJww04o	!vDRByArErEHuGOOJxE:localhost	m.room.create		\N
$8d4e-CjuEEdRj8aSFNq0yHpo_JxouT8tHUVX8HfS4oc	!vDRByArErEHuGOOJxE:localhost	m.room.member	@user2.matrix:localhost	join
$-Jddg6JtZ13Om3mZilR7hqtovSNKbu_jCbiDSN9u23M	!vDRByArErEHuGOOJxE:localhost	m.room.guest_access		\N
$7y6Y35EbOlNtACU1RM3BCrmU7hb9GBXUJEFAI6-9gkg	!vDRByArErEHuGOOJxE:localhost	m.room.history_visibility		\N
$XLGuUcPmbE5vRHADIEfcDA5P4qTClMO9Xn9ircCdTUg	!vDRByArErEHuGOOJxE:localhost	m.room.join_rules		\N
$UL96b2DZHng5g_OXTbE0nBq-yL1Vv1SUxB3wRg5Nqsw	!vDRByArErEHuGOOJxE:localhost	m.room.power_levels		\N
$0LNMKjea0zgdHTDMe3B3fmAnzNxu72ULA7HsNOs1pHw	!vDRByArErEHuGOOJxE:localhost	m.room.member	@user1.matrix:localhost	join
$Z8Uf7knMci62YkFiphxCZI55avAa7X64_K1l9SJ-dqQ	!CZMvztYPoMDXZghGjm:localhost	m.room.create		\N
$jqog1KTVZdbZSwVzHyAI1GAzMymJrQgDaEx7zSDIuvw	!CZMvztYPoMDXZghGjm:localhost	m.room.member	@user2.matrix:localhost	join
$QvV8o1KjtX_tArxR1zwHZepfVa9NB03-81BjGpKxo9M	!vDRByArErEHuGOOJxE:localhost	m.room.member	@user3.matrix:localhost	invite
$pdfBN0Z96G_wbgh4VuNnIiOuwEeEcxbECI1vAE0JEC4	!CZMvztYPoMDXZghGjm:localhost	m.room.member	@mm_user2.mm:localhost	join
$n4SLSzegw2_2XZuYVHMaBqQM0y0XXHqIEc6-sUt5lyo	!CZMvztYPoMDXZghGjm:localhost	m.room.guest_access		\N
$NEaM4RT_u5IYgHQJXffTluS21pSYxn3Ob3rh6lBPzJk	!CZMvztYPoMDXZghGjm:localhost	m.room.history_visibility		\N
$eQXATedxlGls7x4dhbO1w3NQRV-9oaR7nqj-pHxGiU4	!CZMvztYPoMDXZghGjm:localhost	m.room.join_rules		\N
$Oxivd8PnLITfhmuJ0pPdRRyMngE_kr3tbyIkDTT8_-o	!CZMvztYPoMDXZghGjm:localhost	m.room.power_levels		\N
$mGp05ykxc7iuNGM9nc4QHqFY1mnuCUW_Hq3ocgiZgFg	!CZMvztYPoMDXZghGjm:localhost	m.room.member	@matterbot:localhost	join
$LwCMrUFKLRRfUwxX_bj8hMYLg15fXGwOuu2QDPdjcHY	!CZMvztYPoMDXZghGjm:localhost	m.room.member	@user1.matrix:localhost	join
$TV4MVQPx61vM41xEXo5UuJRdzeBIjcqclWUsGWNacYM	!mjuhEfzSkeOAWJqsoF:localhost	m.room.create		\N
$06Um82m6RzKMOebWv0lcKQOaSvr6C10y6QA2Snc_R0I	!mjuhEfzSkeOAWJqsoF:localhost	m.room.member	@user2.matrix:localhost	join
$gn9BJ39HJ5v_qwj0jcIRfiLcgvbMbDnBRAfEJMS4RUI	!mjuhEfzSkeOAWJqsoF:localhost	m.room.guest_access		\N
$gfpOuJZriCh7xj2c1m5EnJfNW1LjpsjRlCI91G-Fpv8	!mjuhEfzSkeOAWJqsoF:localhost	m.room.history_visibility		\N
$WRC3DV_k1RkC4oedKmIL5Gi3JgPmcv4vcT615tEnu8M	!mjuhEfzSkeOAWJqsoF:localhost	m.room.join_rules		\N
$csK689aRZ89elBgFJKAWBiNKhwnp635K09OhhnXruek	!mjuhEfzSkeOAWJqsoF:localhost	m.room.power_levels		\N
$wKoDxwAtZ46KFnzdR2bV-nE-gCX8oSTpE4qkJq_05QE	!mjuhEfzSkeOAWJqsoF:localhost	m.room.member	@mm_user2.mm:localhost	invite
$5j9APu_03G5KZMO9hHc9AdVNHD7TfIlrfU87LHEi5aA	!mjuhEfzSkeOAWJqsoF:localhost	m.room.member	@matterbot:localhost	join
$SfEuZPwDHWx4dsnQKRsLDI7Qwgt-Q84vGhE1THOba3s	!KBqzwXdLtXZopjBikg:localhost	m.room.member	@matterbot:localhost	leave
$nc1eJdpqNsaDyb3SdIbRwuQPExhfIPzPopcRSNdl3cQ	!cZnmZQFBeDsHEQbFQs:localhost	m.room.create		\N
$DR5VmuWusNClKlyAtCuWLyQC__lzA2aHFKFHP9MMUfk	!cZnmZQFBeDsHEQbFQs:localhost	m.room.member	@admin:localhost	join
$GAY76tMkYhuarSNOWWZqqDw36X1qIacZiQgHquoQtwA	!cZnmZQFBeDsHEQbFQs:localhost	m.room.canonical_alias		\N
$c_oFn9bOCQHYWCw4hjt9zWK3fTqd6CS9ho6797C20x8	!cZnmZQFBeDsHEQbFQs:localhost	m.room.history_visibility		\N
$Jg_lbElh_Ag9z-VOceAlpgofNZg8W8x8HX4n5Ajmu6Y	!cZnmZQFBeDsHEQbFQs:localhost	m.room.join_rules		\N
$J6BFnxxVtwKMBZMazTB3yX8rosc2skmuxAuI4OinjBM	!cZnmZQFBeDsHEQbFQs:localhost	m.room.name		\N
$6bHlgH99jQtK-ue9-7g5rvZivsofVViJiR_vh1fGkBA	!cZnmZQFBeDsHEQbFQs:localhost	m.room.power_levels		\N
$ZJsRzPjCUHZTNUN_j78KyrW5EVPSKt9Pw_F-tVVvH7k	!cZnmZQFBeDsHEQbFQs:localhost	m.room.member	@mm_user2.mm:localhost	join
$FyOdtUu1pDq9pkxIHuGA8NRmuYwbc56h3FAanha48Hk	!cZnmZQFBeDsHEQbFQs:localhost	m.room.member	@user1.matrix:localhost	join
$SlMhs1Tixs22BdZ3XXqNy9AnhoIY4iemw--vg-i_Lm0	!mOsaATLFknhUVKMKbF:localhost	m.room.create		\N
$QC7bXFDxGhDk6yv_4ChjXTMkJ0t0dKySNdOD6sK8xWs	!mOsaATLFknhUVKMKbF:localhost	m.room.member	@mm_user2.mm:localhost	join
$M668pvJTHPULzOyaFTfazYWkwGgORFCTi0KoC37EWeM	!mOsaATLFknhUVKMKbF:localhost	m.room.canonical_alias		\N
$NPeyvzf9NsetiIPlSR9A6CS672r3JVsnZYO0nXId2bk	!mOsaATLFknhUVKMKbF:localhost	m.room.guest_access		\N
$hgqRK-dYe5eYsbxIs8yg30z62yTih79k6lYT3W-FrO0	!mOsaATLFknhUVKMKbF:localhost	m.room.history_visibility		\N
$ORKiMUdUMVOsbsyJYKmngYgY7DjjpWm4TvnNHjGoyzo	!mOsaATLFknhUVKMKbF:localhost	m.room.join_rules		\N
$-_npKAXQzDZatyCE982iFmq7-fA6EcpCzljKEwGGWgg	!mOsaATLFknhUVKMKbF:localhost	m.room.name		\N
$_O7HCNBcIf7TFakcNOXd_OGa-EktXdY7jXFtq-0AuZ4	!mOsaATLFknhUVKMKbF:localhost	m.room.power_levels		\N
$oRS_K9WwEjRY1LoGRh6ymmTYBFe4S3jiGLxKdFZq0xo	!mOsaATLFknhUVKMKbF:localhost	m.room.member	@matterbot:localhost	join
$Y0bkVaMbWG30DJH750qUtZjIwDm6EWGKt22Jikt7ncc	!mOsaATLFknhUVKMKbF:localhost	m.room.member	@user1.matrix:localhost	join
$CcGczUOKTX_OEsfQVWp2qPlgJwMCRsa25dLU8fT6UH0	!cZnmZQFBeDsHEQbFQs:localhost	m.room.member	@matterbot:localhost	join
\.


--
-- Data for Name: dehydrated_devices; Type: TABLE DATA; Schema: public; Owner: synapse
--

COPY public.dehydrated_devices (user_id, device_id, device_data) FROM stdin;
\.


--
-- Data for Name: deleted_pushers; Type: TABLE DATA; Schema: public; Owner: synapse
--

COPY public.deleted_pushers (stream_id, app_id, pushkey, user_id) FROM stdin;
\.


--
-- Data for Name: destination_rooms; Type: TABLE DATA; Schema: public; Owner: synapse
--

COPY public.destination_rooms (destination, room_id, stream_ordering) FROM stdin;
\.


--
-- Data for Name: destinations; Type: TABLE DATA; Schema: public; Owner: synapse
--

COPY public.destinations (destination, retry_last_ts, retry_interval, failure_ts, last_successful_stream_ordering) FROM stdin;
\.


--
-- Data for Name: device_auth_providers; Type: TABLE DATA; Schema: public; Owner: synapse
--

COPY public.device_auth_providers (user_id, device_id, auth_provider_id, auth_provider_session_id) FROM stdin;
\.


--
-- Data for Name: device_federation_inbox; Type: TABLE DATA; Schema: public; Owner: synapse
--

COPY public.device_federation_inbox (origin, message_id, received_ts, instance_name) FROM stdin;
\.


--
-- Data for Name: device_federation_outbox; Type: TABLE DATA; Schema: public; Owner: synapse
--

COPY public.device_federation_outbox (destination, stream_id, queued_ts, messages_json, instance_name) FROM stdin;
\.


--
-- Data for Name: device_inbox; Type: TABLE DATA; Schema: public; Owner: synapse
--

COPY public.device_inbox (user_id, device_id, stream_id, message_json, instance_name) FROM stdin;
\.


--
-- Data for Name: device_lists_changes_converted_stream_position; Type: TABLE DATA; Schema: public; Owner: synapse
--

COPY public.device_lists_changes_converted_stream_position (lock, stream_id, room_id) FROM stdin;
X	161	!wGvWnTVpsbEMByNykc:localhost
\.


--
-- Data for Name: device_lists_changes_in_room; Type: TABLE DATA; Schema: public; Owner: synapse
--

COPY public.device_lists_changes_in_room (user_id, device_id, room_id, stream_id, converted_to_destinations, opentracing_context) FROM stdin;
@admin:localhost	LWSWGUCQHK	!FzTtpSkXWMPYBKHUQN:localhost	9	f	{}
@admin:localhost	LWSWGUCQHK	!pYSbiOyjMFsKNxSMyi:localhost	9	f	{}
@user1.matrix:localhost	VPHDFELNLR	!pYSbiOyjMFsKNxSMyi:localhost	20	f	{}
@user1.matrix:localhost	VPHDFELNLR	!FzTtpSkXWMPYBKHUQN:localhost	20	f	{}
@user1.matrix:localhost	VPHDFELNLR	!pYSbiOyjMFsKNxSMyi:localhost	21	f	{}
@user1.matrix:localhost	VPHDFELNLR	!FzTtpSkXWMPYBKHUQN:localhost	21	f	{}
@user1.matrix:localhost	VPHDFELNLR	!pYSbiOyjMFsKNxSMyi:localhost	23	f	{}
@user1.matrix:localhost	VPHDFELNLR	!FzTtpSkXWMPYBKHUQN:localhost	23	f	{}
@admin:localhost	WYMFZMMAGV	!pYSbiOyjMFsKNxSMyi:localhost	24	f	{}
@admin:localhost	WYMFZMMAGV	!FzTtpSkXWMPYBKHUQN:localhost	24	f	{}
@admin:localhost	WYMFZMMAGV	!pYSbiOyjMFsKNxSMyi:localhost	25	f	{}
@admin:localhost	WYMFZMMAGV	!FzTtpSkXWMPYBKHUQN:localhost	25	f	{}
@mm_user1.mm:localhost	NEISSLGWTR	!FzTtpSkXWMPYBKHUQN:localhost	26	f	{}
@mm_user1.mm:localhost	NPASEFYMXA	!FzTtpSkXWMPYBKHUQN:localhost	27	f	{}
@admin:localhost	WYMFZMMAGV	!pYSbiOyjMFsKNxSMyi:localhost	28	f	{}
@admin:localhost	WYMFZMMAGV	!FzTtpSkXWMPYBKHUQN:localhost	28	f	{}
@user1.matrix:localhost	GQUGBBJECP	!pYSbiOyjMFsKNxSMyi:localhost	29	f	{}
@user1.matrix:localhost	GQUGBBJECP	!FzTtpSkXWMPYBKHUQN:localhost	29	f	{}
@user1.matrix:localhost	GQUGBBJECP	!pYSbiOyjMFsKNxSMyi:localhost	30	f	{}
@user1.matrix:localhost	GQUGBBJECP	!FzTtpSkXWMPYBKHUQN:localhost	30	f	{}
@mm_user1.mm:localhost	NPASEFYMXA	!FzTtpSkXWMPYBKHUQN:localhost	31	f	{}
@mm_user1.mm:localhost	NYIKZJDRFF	!FzTtpSkXWMPYBKHUQN:localhost	32	f	{}
@mm_user1.mm:localhost	NYIKZJDRFF	!FzTtpSkXWMPYBKHUQN:localhost	33	f	{}
@mm_user1.mm:localhost	NYIKZJDRFF	!AHOiTmgdxQzlhIOUsy:localhost	33	f	{}
@user1.matrix:localhost	GQUGBBJECP	!pYSbiOyjMFsKNxSMyi:localhost	34	f	{}
@user1.matrix:localhost	GQUGBBJECP	!FzTtpSkXWMPYBKHUQN:localhost	34	f	{}
@user1.matrix:localhost	GQUGBBJECP	!AHOiTmgdxQzlhIOUsy:localhost	34	f	{}
@user2.matrix:localhost	GKJBQYVCXV	!FzTtpSkXWMPYBKHUQN:localhost	44	f	{}
@mm_user2.mm:localhost	KYXTRJOYRV	!FzTtpSkXWMPYBKHUQN:localhost	45	f	{}
@mm_user2.mm:localhost	KYXTRJOYRV	!pYSbiOyjMFsKNxSMyi:localhost	45	f	{}
@mm_user1.mm:localhost	ZZCPHWONCH	!AHOiTmgdxQzlhIOUsy:localhost	46	f	{}
@mm_user1.mm:localhost	ZZCPHWONCH	!FzTtpSkXWMPYBKHUQN:localhost	46	f	{}
@mm_user1.mm:localhost	ZZCPHWONCH	!AHOiTmgdxQzlhIOUsy:localhost	47	f	{}
@mm_user1.mm:localhost	ZZCPHWONCH	!pYSbiOyjMFsKNxSMyi:localhost	47	f	{}
@mm_user1.mm:localhost	ZZCPHWONCH	!FzTtpSkXWMPYBKHUQN:localhost	47	f	{}
@user1.matrix:localhost	SADCQVCOAS	!pYSbiOyjMFsKNxSMyi:localhost	48	f	{}
@user1.matrix:localhost	SADCQVCOAS	!AHOiTmgdxQzlhIOUsy:localhost	48	f	{}
@user1.matrix:localhost	SADCQVCOAS	!FzTtpSkXWMPYBKHUQN:localhost	48	f	{}
@user1.matrix:localhost	SADCQVCOAS	!pYSbiOyjMFsKNxSMyi:localhost	49	f	{}
@user1.matrix:localhost	SADCQVCOAS	!AHOiTmgdxQzlhIOUsy:localhost	49	f	{}
@user1.matrix:localhost	SADCQVCOAS	!FzTtpSkXWMPYBKHUQN:localhost	49	f	{}
@user2.matrix:localhost	AGGSXBPCOI	!FzTtpSkXWMPYBKHUQN:localhost	50	f	{}
@user2.matrix:localhost	AGGSXBPCOI	!FzTtpSkXWMPYBKHUQN:localhost	51	f	{}
@mm_user2.mm:localhost	KITXFMZISQ	!pYSbiOyjMFsKNxSMyi:localhost	52	f	{}
@mm_user2.mm:localhost	KITXFMZISQ	!FzTtpSkXWMPYBKHUQN:localhost	52	f	{}
@mm_user2.mm:localhost	KITXFMZISQ	!pYSbiOyjMFsKNxSMyi:localhost	53	f	{}
@mm_user2.mm:localhost	KITXFMZISQ	!AHOiTmgdxQzlhIOUsy:localhost	53	f	{}
@mm_user2.mm:localhost	KITXFMZISQ	!FzTtpSkXWMPYBKHUQN:localhost	53	f	{}
@user2.matrix:localhost	AGGSXBPCOI	!AHOiTmgdxQzlhIOUsy:localhost	54	f	{}
@user2.matrix:localhost	AGGSXBPCOI	!FzTtpSkXWMPYBKHUQN:localhost	54	f	{}
@user3.matrix:localhost	JYMLVEKGHU	!pYSbiOyjMFsKNxSMyi:localhost	58	f	{}
@user3.matrix:localhost	JYMLVEKGHU	!AHOiTmgdxQzlhIOUsy:localhost	58	f	{}
@user3.matrix:localhost	JYMLVEKGHU	!FzTtpSkXWMPYBKHUQN:localhost	58	f	{}
@user1.matrix:localhost	YOPETZJIMM	!pYSbiOyjMFsKNxSMyi:localhost	59	f	{}
@user1.matrix:localhost	YOPETZJIMM	!AHOiTmgdxQzlhIOUsy:localhost	59	f	{}
@user1.matrix:localhost	YOPETZJIMM	!FzTtpSkXWMPYBKHUQN:localhost	59	f	{}
@user1.matrix:localhost	YOPETZJIMM	!pYSbiOyjMFsKNxSMyi:localhost	60	f	{}
@user1.matrix:localhost	YOPETZJIMM	!AHOiTmgdxQzlhIOUsy:localhost	60	f	{}
@user1.matrix:localhost	YOPETZJIMM	!FzTtpSkXWMPYBKHUQN:localhost	60	f	{}
@user1.matrix:localhost	YOPETZJIMM	!pYSbiOyjMFsKNxSMyi:localhost	61	f	{}
@user1.matrix:localhost	YOPETZJIMM	!AHOiTmgdxQzlhIOUsy:localhost	61	f	{}
@user1.matrix:localhost	YOPETZJIMM	!FzTtpSkXWMPYBKHUQN:localhost	61	f	{}
@user2.matrix:localhost	WLPLHFHZUL	!AHOiTmgdxQzlhIOUsy:localhost	62	f	{}
@user2.matrix:localhost	WLPLHFHZUL	!FzTtpSkXWMPYBKHUQN:localhost	62	f	{}
@user2.matrix:localhost	WLPLHFHZUL	!AHOiTmgdxQzlhIOUsy:localhost	63	f	{}
@user2.matrix:localhost	WLPLHFHZUL	!FzTtpSkXWMPYBKHUQN:localhost	63	f	{}
@mm_user2.mm:localhost	FMYHCZTKYR	!pYSbiOyjMFsKNxSMyi:localhost	64	f	{}
@mm_user2.mm:localhost	FMYHCZTKYR	!AHOiTmgdxQzlhIOUsy:localhost	64	f	{}
@mm_user2.mm:localhost	FMYHCZTKYR	!FzTtpSkXWMPYBKHUQN:localhost	64	f	{}
@mm_user1.mm:localhost	ZBXQDUITVM	!pYSbiOyjMFsKNxSMyi:localhost	65	f	{}
@mm_user1.mm:localhost	ZBXQDUITVM	!AHOiTmgdxQzlhIOUsy:localhost	65	f	{}
@mm_user1.mm:localhost	ZBXQDUITVM	!FzTtpSkXWMPYBKHUQN:localhost	65	f	{}
@mm_user1.mm:localhost	ZBXQDUITVM	!pYSbiOyjMFsKNxSMyi:localhost	66	f	{}
@mm_user1.mm:localhost	ZBXQDUITVM	!AHOiTmgdxQzlhIOUsy:localhost	66	f	{}
@mm_user1.mm:localhost	ZBXQDUITVM	!FzTtpSkXWMPYBKHUQN:localhost	66	f	{}
@mm_user2.mm:localhost	FMYHCZTKYR	!AHOiTmgdxQzlhIOUsy:localhost	67	f	{}
@mm_user2.mm:localhost	FMYHCZTKYR	!wGvWnTVpsbEMByNykc:localhost	67	f	{}
@mm_user2.mm:localhost	FMYHCZTKYR	!FzTtpSkXWMPYBKHUQN:localhost	67	f	{}
@mm_user2.mm:localhost	FMYHCZTKYR	!pYSbiOyjMFsKNxSMyi:localhost	67	f	{}
@mm_user2.mm:localhost	FMYHCZTKYR	!CZMvztYPoMDXZghGjm:localhost	67	f	{}
@user1.matrix:localhost	MERBZSSHQY	!pYSbiOyjMFsKNxSMyi:localhost	68	f	{}
@user1.matrix:localhost	MERBZSSHQY	!vDRByArErEHuGOOJxE:localhost	68	f	{}
@user1.matrix:localhost	MERBZSSHQY	!CZMvztYPoMDXZghGjm:localhost	68	f	{}
@user1.matrix:localhost	MERBZSSHQY	!FzTtpSkXWMPYBKHUQN:localhost	68	f	{}
@user1.matrix:localhost	MERBZSSHQY	!AHOiTmgdxQzlhIOUsy:localhost	68	f	{}
@user1.matrix:localhost	MERBZSSHQY	!pYSbiOyjMFsKNxSMyi:localhost	69	f	{}
@user1.matrix:localhost	MERBZSSHQY	!vDRByArErEHuGOOJxE:localhost	69	f	{}
@user1.matrix:localhost	MERBZSSHQY	!CZMvztYPoMDXZghGjm:localhost	69	f	{}
@user1.matrix:localhost	MERBZSSHQY	!FzTtpSkXWMPYBKHUQN:localhost	69	f	{}
@user1.matrix:localhost	MERBZSSHQY	!AHOiTmgdxQzlhIOUsy:localhost	69	f	{}
@mm_user2.mm:localhost	UVFQMBESYP	!pYSbiOyjMFsKNxSMyi:localhost	70	f	{}
@mm_user2.mm:localhost	UVFQMBESYP	!CZMvztYPoMDXZghGjm:localhost	70	f	{}
@mm_user2.mm:localhost	UVFQMBESYP	!FzTtpSkXWMPYBKHUQN:localhost	70	f	{}
@mm_user2.mm:localhost	UVFQMBESYP	!AHOiTmgdxQzlhIOUsy:localhost	70	f	{}
@mm_user2.mm:localhost	UVFQMBESYP	!wGvWnTVpsbEMByNykc:localhost	70	f	{}
@mm_user2.mm:localhost	UVFQMBESYP	!pYSbiOyjMFsKNxSMyi:localhost	71	f	{}
@mm_user2.mm:localhost	UVFQMBESYP	!CZMvztYPoMDXZghGjm:localhost	71	f	{}
@mm_user2.mm:localhost	UVFQMBESYP	!FzTtpSkXWMPYBKHUQN:localhost	71	f	{}
@mm_user2.mm:localhost	UVFQMBESYP	!AHOiTmgdxQzlhIOUsy:localhost	71	f	{}
@mm_user2.mm:localhost	UVFQMBESYP	!wGvWnTVpsbEMByNykc:localhost	71	f	{}
@mm_user2.mm:localhost	CVEBVWQOTR	!pYSbiOyjMFsKNxSMyi:localhost	72	f	{}
@mm_user2.mm:localhost	CVEBVWQOTR	!CZMvztYPoMDXZghGjm:localhost	72	f	{}
@mm_user2.mm:localhost	CVEBVWQOTR	!FzTtpSkXWMPYBKHUQN:localhost	72	f	{}
@mm_user2.mm:localhost	CVEBVWQOTR	!AHOiTmgdxQzlhIOUsy:localhost	72	f	{}
@mm_user2.mm:localhost	CVEBVWQOTR	!wGvWnTVpsbEMByNykc:localhost	72	f	{}
@mm_user2.mm:localhost	CVEBVWQOTR	!pYSbiOyjMFsKNxSMyi:localhost	73	f	{}
@mm_user2.mm:localhost	CVEBVWQOTR	!CZMvztYPoMDXZghGjm:localhost	73	f	{}
@mm_user2.mm:localhost	CVEBVWQOTR	!FzTtpSkXWMPYBKHUQN:localhost	73	f	{}
@mm_user2.mm:localhost	CVEBVWQOTR	!AHOiTmgdxQzlhIOUsy:localhost	73	f	{}
@mm_user2.mm:localhost	CVEBVWQOTR	!wGvWnTVpsbEMByNykc:localhost	73	f	{}
@mm_user2.mm:localhost	QWEBRKLJKV	!pYSbiOyjMFsKNxSMyi:localhost	74	f	{}
@mm_user2.mm:localhost	QWEBRKLJKV	!CZMvztYPoMDXZghGjm:localhost	74	f	{}
@mm_user2.mm:localhost	QWEBRKLJKV	!FzTtpSkXWMPYBKHUQN:localhost	74	f	{}
@mm_user2.mm:localhost	QWEBRKLJKV	!AHOiTmgdxQzlhIOUsy:localhost	74	f	{}
@mm_user2.mm:localhost	QWEBRKLJKV	!wGvWnTVpsbEMByNykc:localhost	74	f	{}
@mm_user2.mm:localhost	QWEBRKLJKV	!pYSbiOyjMFsKNxSMyi:localhost	75	f	{}
@mm_user2.mm:localhost	QWEBRKLJKV	!CZMvztYPoMDXZghGjm:localhost	75	f	{}
@mm_user2.mm:localhost	QWEBRKLJKV	!FzTtpSkXWMPYBKHUQN:localhost	75	f	{}
@mm_user2.mm:localhost	QWEBRKLJKV	!AHOiTmgdxQzlhIOUsy:localhost	75	f	{}
@mm_user2.mm:localhost	QWEBRKLJKV	!wGvWnTVpsbEMByNykc:localhost	75	f	{}
@mm_user2.mm:localhost	IUKMOEVWXH	!pYSbiOyjMFsKNxSMyi:localhost	76	f	{}
@mm_user2.mm:localhost	IUKMOEVWXH	!CZMvztYPoMDXZghGjm:localhost	76	f	{}
@mm_user2.mm:localhost	IUKMOEVWXH	!FzTtpSkXWMPYBKHUQN:localhost	76	f	{}
@mm_user2.mm:localhost	IUKMOEVWXH	!AHOiTmgdxQzlhIOUsy:localhost	76	f	{}
@mm_user2.mm:localhost	IUKMOEVWXH	!wGvWnTVpsbEMByNykc:localhost	76	f	{}
@mm_user2.mm:localhost	KSYKFGVZHK	!pYSbiOyjMFsKNxSMyi:localhost	77	f	{}
@mm_user2.mm:localhost	KSYKFGVZHK	!CZMvztYPoMDXZghGjm:localhost	77	f	{}
@mm_user2.mm:localhost	KSYKFGVZHK	!FzTtpSkXWMPYBKHUQN:localhost	77	f	{}
@mm_user2.mm:localhost	KSYKFGVZHK	!AHOiTmgdxQzlhIOUsy:localhost	77	f	{}
@mm_user2.mm:localhost	KSYKFGVZHK	!wGvWnTVpsbEMByNykc:localhost	77	f	{}
@mm_user2.mm:localhost	KSYKFGVZHK	!pYSbiOyjMFsKNxSMyi:localhost	78	f	{}
@mm_user2.mm:localhost	KSYKFGVZHK	!CZMvztYPoMDXZghGjm:localhost	78	f	{}
@mm_user2.mm:localhost	KSYKFGVZHK	!FzTtpSkXWMPYBKHUQN:localhost	78	f	{}
@mm_user2.mm:localhost	KSYKFGVZHK	!AHOiTmgdxQzlhIOUsy:localhost	78	f	{}
@mm_user2.mm:localhost	KSYKFGVZHK	!wGvWnTVpsbEMByNykc:localhost	78	f	{}
@mm_user2.mm:localhost	JDCIMUQOKJ	!pYSbiOyjMFsKNxSMyi:localhost	79	f	{}
@mm_user2.mm:localhost	JDCIMUQOKJ	!CZMvztYPoMDXZghGjm:localhost	79	f	{}
@mm_user2.mm:localhost	JDCIMUQOKJ	!FzTtpSkXWMPYBKHUQN:localhost	79	f	{}
@mm_user2.mm:localhost	JDCIMUQOKJ	!AHOiTmgdxQzlhIOUsy:localhost	79	f	{}
@mm_user2.mm:localhost	JDCIMUQOKJ	!wGvWnTVpsbEMByNykc:localhost	79	f	{}
@mm_user2.mm:localhost	JDCIMUQOKJ	!pYSbiOyjMFsKNxSMyi:localhost	80	f	{}
@mm_user2.mm:localhost	JDCIMUQOKJ	!CZMvztYPoMDXZghGjm:localhost	80	f	{}
@mm_user2.mm:localhost	JDCIMUQOKJ	!FzTtpSkXWMPYBKHUQN:localhost	80	f	{}
@mm_user2.mm:localhost	JDCIMUQOKJ	!AHOiTmgdxQzlhIOUsy:localhost	80	f	{}
@mm_user2.mm:localhost	JDCIMUQOKJ	!wGvWnTVpsbEMByNykc:localhost	80	f	{}
@mm_user2.mm:localhost	NRWXYHOZHF	!pYSbiOyjMFsKNxSMyi:localhost	81	f	{}
@mm_user2.mm:localhost	NRWXYHOZHF	!CZMvztYPoMDXZghGjm:localhost	81	f	{}
@mm_user2.mm:localhost	NRWXYHOZHF	!FzTtpSkXWMPYBKHUQN:localhost	81	f	{}
@mm_user2.mm:localhost	NRWXYHOZHF	!AHOiTmgdxQzlhIOUsy:localhost	81	f	{}
@mm_user2.mm:localhost	NRWXYHOZHF	!wGvWnTVpsbEMByNykc:localhost	81	f	{}
@mm_user2.mm:localhost	YRJUMJDOTL	!pYSbiOyjMFsKNxSMyi:localhost	83	f	{}
@mm_user2.mm:localhost	YRJUMJDOTL	!CZMvztYPoMDXZghGjm:localhost	83	f	{}
@mm_user2.mm:localhost	YRJUMJDOTL	!FzTtpSkXWMPYBKHUQN:localhost	83	f	{}
@mm_user2.mm:localhost	YRJUMJDOTL	!AHOiTmgdxQzlhIOUsy:localhost	83	f	{}
@mm_user2.mm:localhost	YRJUMJDOTL	!wGvWnTVpsbEMByNykc:localhost	83	f	{}
@mm_user2.mm:localhost	GWSODNGKWN	!pYSbiOyjMFsKNxSMyi:localhost	82	f	{}
@mm_user2.mm:localhost	GWSODNGKWN	!CZMvztYPoMDXZghGjm:localhost	82	f	{}
@mm_user2.mm:localhost	GWSODNGKWN	!FzTtpSkXWMPYBKHUQN:localhost	82	f	{}
@mm_user2.mm:localhost	GWSODNGKWN	!AHOiTmgdxQzlhIOUsy:localhost	82	f	{}
@mm_user2.mm:localhost	GWSODNGKWN	!wGvWnTVpsbEMByNykc:localhost	82	f	{}
@mm_user2.mm:localhost	YRJUMJDOTL	!cZnmZQFBeDsHEQbFQs:localhost	84	f	{}
@mm_user2.mm:localhost	YRJUMJDOTL	!pYSbiOyjMFsKNxSMyi:localhost	84	f	{}
@mm_user2.mm:localhost	YRJUMJDOTL	!CZMvztYPoMDXZghGjm:localhost	84	f	{}
@mm_user2.mm:localhost	YRJUMJDOTL	!FzTtpSkXWMPYBKHUQN:localhost	84	f	{}
@mm_user2.mm:localhost	YRJUMJDOTL	!mOsaATLFknhUVKMKbF:localhost	84	f	{}
@mm_user2.mm:localhost	YRJUMJDOTL	!AHOiTmgdxQzlhIOUsy:localhost	84	f	{}
@mm_user2.mm:localhost	YRJUMJDOTL	!wGvWnTVpsbEMByNykc:localhost	84	f	{}
@user1.matrix:localhost	VDICYNRLYT	!cZnmZQFBeDsHEQbFQs:localhost	85	f	{}
@user1.matrix:localhost	VDICYNRLYT	!pYSbiOyjMFsKNxSMyi:localhost	85	f	{}
@user1.matrix:localhost	VDICYNRLYT	!vDRByArErEHuGOOJxE:localhost	85	f	{}
@user1.matrix:localhost	VDICYNRLYT	!CZMvztYPoMDXZghGjm:localhost	85	f	{}
@user1.matrix:localhost	VDICYNRLYT	!FzTtpSkXWMPYBKHUQN:localhost	85	f	{}
@user1.matrix:localhost	VDICYNRLYT	!mOsaATLFknhUVKMKbF:localhost	85	f	{}
@user1.matrix:localhost	VDICYNRLYT	!AHOiTmgdxQzlhIOUsy:localhost	85	f	{}
@user1.matrix:localhost	VDICYNRLYT	!cZnmZQFBeDsHEQbFQs:localhost	86	f	{}
@user1.matrix:localhost	VDICYNRLYT	!pYSbiOyjMFsKNxSMyi:localhost	86	f	{}
@user1.matrix:localhost	VDICYNRLYT	!vDRByArErEHuGOOJxE:localhost	86	f	{}
@user1.matrix:localhost	VDICYNRLYT	!CZMvztYPoMDXZghGjm:localhost	86	f	{}
@user1.matrix:localhost	VDICYNRLYT	!FzTtpSkXWMPYBKHUQN:localhost	86	f	{}
@user1.matrix:localhost	VDICYNRLYT	!mOsaATLFknhUVKMKbF:localhost	86	f	{}
@user1.matrix:localhost	VDICYNRLYT	!AHOiTmgdxQzlhIOUsy:localhost	86	f	{}
@user1.matrix:localhost	TYRQVABKXX	!cZnmZQFBeDsHEQbFQs:localhost	87	f	{}
@user1.matrix:localhost	TYRQVABKXX	!pYSbiOyjMFsKNxSMyi:localhost	87	f	{}
@user1.matrix:localhost	TYRQVABKXX	!vDRByArErEHuGOOJxE:localhost	87	f	{}
@user1.matrix:localhost	TYRQVABKXX	!CZMvztYPoMDXZghGjm:localhost	87	f	{}
@user1.matrix:localhost	TYRQVABKXX	!FzTtpSkXWMPYBKHUQN:localhost	87	f	{}
@user1.matrix:localhost	TYRQVABKXX	!mOsaATLFknhUVKMKbF:localhost	87	f	{}
@user1.matrix:localhost	TYRQVABKXX	!AHOiTmgdxQzlhIOUsy:localhost	87	f	{}
@user1.matrix:localhost	TYRQVABKXX	!cZnmZQFBeDsHEQbFQs:localhost	88	f	{}
@user1.matrix:localhost	TYRQVABKXX	!pYSbiOyjMFsKNxSMyi:localhost	88	f	{}
@user1.matrix:localhost	TYRQVABKXX	!vDRByArErEHuGOOJxE:localhost	88	f	{}
@user1.matrix:localhost	TYRQVABKXX	!CZMvztYPoMDXZghGjm:localhost	88	f	{}
@user1.matrix:localhost	TYRQVABKXX	!FzTtpSkXWMPYBKHUQN:localhost	88	f	{}
@user1.matrix:localhost	TYRQVABKXX	!mOsaATLFknhUVKMKbF:localhost	88	f	{}
@user1.matrix:localhost	TYRQVABKXX	!AHOiTmgdxQzlhIOUsy:localhost	88	f	{}
@user1.matrix:localhost	GEGNBCWDZH	!cZnmZQFBeDsHEQbFQs:localhost	89	f	{}
@user1.matrix:localhost	GEGNBCWDZH	!pYSbiOyjMFsKNxSMyi:localhost	89	f	{}
@user1.matrix:localhost	GEGNBCWDZH	!vDRByArErEHuGOOJxE:localhost	89	f	{}
@user1.matrix:localhost	GEGNBCWDZH	!CZMvztYPoMDXZghGjm:localhost	89	f	{}
@user1.matrix:localhost	GEGNBCWDZH	!FzTtpSkXWMPYBKHUQN:localhost	89	f	{}
@user1.matrix:localhost	GEGNBCWDZH	!mOsaATLFknhUVKMKbF:localhost	89	f	{}
@user1.matrix:localhost	GEGNBCWDZH	!AHOiTmgdxQzlhIOUsy:localhost	89	f	{}
@user1.matrix:localhost	GEGNBCWDZH	!cZnmZQFBeDsHEQbFQs:localhost	90	f	{}
@user1.matrix:localhost	GEGNBCWDZH	!pYSbiOyjMFsKNxSMyi:localhost	90	f	{}
@user1.matrix:localhost	GEGNBCWDZH	!vDRByArErEHuGOOJxE:localhost	90	f	{}
@user1.matrix:localhost	GEGNBCWDZH	!CZMvztYPoMDXZghGjm:localhost	90	f	{}
@user1.matrix:localhost	GEGNBCWDZH	!FzTtpSkXWMPYBKHUQN:localhost	90	f	{}
@user1.matrix:localhost	GEGNBCWDZH	!mOsaATLFknhUVKMKbF:localhost	90	f	{}
@user1.matrix:localhost	GEGNBCWDZH	!AHOiTmgdxQzlhIOUsy:localhost	90	f	{}
@user1.matrix:localhost	WEAKIHRDEV	!cZnmZQFBeDsHEQbFQs:localhost	91	f	{}
@user1.matrix:localhost	WEAKIHRDEV	!pYSbiOyjMFsKNxSMyi:localhost	91	f	{}
@user1.matrix:localhost	WEAKIHRDEV	!vDRByArErEHuGOOJxE:localhost	91	f	{}
@user1.matrix:localhost	WEAKIHRDEV	!CZMvztYPoMDXZghGjm:localhost	91	f	{}
@user1.matrix:localhost	WEAKIHRDEV	!FzTtpSkXWMPYBKHUQN:localhost	91	f	{}
@user1.matrix:localhost	WEAKIHRDEV	!mOsaATLFknhUVKMKbF:localhost	91	f	{}
@user1.matrix:localhost	WEAKIHRDEV	!AHOiTmgdxQzlhIOUsy:localhost	91	f	{}
@user1.matrix:localhost	WEAKIHRDEV	!cZnmZQFBeDsHEQbFQs:localhost	92	f	{}
@user1.matrix:localhost	WEAKIHRDEV	!pYSbiOyjMFsKNxSMyi:localhost	92	f	{}
@user1.matrix:localhost	WEAKIHRDEV	!vDRByArErEHuGOOJxE:localhost	92	f	{}
@user1.matrix:localhost	WEAKIHRDEV	!CZMvztYPoMDXZghGjm:localhost	92	f	{}
@user1.matrix:localhost	WEAKIHRDEV	!FzTtpSkXWMPYBKHUQN:localhost	92	f	{}
@user1.matrix:localhost	WEAKIHRDEV	!mOsaATLFknhUVKMKbF:localhost	92	f	{}
@user1.matrix:localhost	WEAKIHRDEV	!AHOiTmgdxQzlhIOUsy:localhost	92	f	{}
@user1.matrix:localhost	NZRPFLRSAA	!cZnmZQFBeDsHEQbFQs:localhost	93	f	{}
@user1.matrix:localhost	NZRPFLRSAA	!pYSbiOyjMFsKNxSMyi:localhost	93	f	{}
@user1.matrix:localhost	NZRPFLRSAA	!vDRByArErEHuGOOJxE:localhost	93	f	{}
@user1.matrix:localhost	NZRPFLRSAA	!CZMvztYPoMDXZghGjm:localhost	93	f	{}
@user1.matrix:localhost	NZRPFLRSAA	!FzTtpSkXWMPYBKHUQN:localhost	93	f	{}
@user1.matrix:localhost	NZRPFLRSAA	!mOsaATLFknhUVKMKbF:localhost	93	f	{}
@user1.matrix:localhost	NZRPFLRSAA	!AHOiTmgdxQzlhIOUsy:localhost	93	f	{}
@user1.matrix:localhost	KDXXHACNYX	!cZnmZQFBeDsHEQbFQs:localhost	100	f	{}
@user1.matrix:localhost	KDXXHACNYX	!pYSbiOyjMFsKNxSMyi:localhost	100	f	{}
@user1.matrix:localhost	KDXXHACNYX	!vDRByArErEHuGOOJxE:localhost	100	f	{}
@user1.matrix:localhost	KDXXHACNYX	!CZMvztYPoMDXZghGjm:localhost	100	f	{}
@user1.matrix:localhost	KDXXHACNYX	!FzTtpSkXWMPYBKHUQN:localhost	100	f	{}
@user1.matrix:localhost	KDXXHACNYX	!mOsaATLFknhUVKMKbF:localhost	100	f	{}
@user1.matrix:localhost	KDXXHACNYX	!AHOiTmgdxQzlhIOUsy:localhost	100	f	{}
@user1.matrix:localhost	CZTVSJDWNF	!cZnmZQFBeDsHEQbFQs:localhost	102	f	{}
@user1.matrix:localhost	CZTVSJDWNF	!pYSbiOyjMFsKNxSMyi:localhost	102	f	{}
@user1.matrix:localhost	CZTVSJDWNF	!vDRByArErEHuGOOJxE:localhost	102	f	{}
@user1.matrix:localhost	CZTVSJDWNF	!CZMvztYPoMDXZghGjm:localhost	102	f	{}
@user1.matrix:localhost	CZTVSJDWNF	!FzTtpSkXWMPYBKHUQN:localhost	102	f	{}
@user1.matrix:localhost	CZTVSJDWNF	!mOsaATLFknhUVKMKbF:localhost	102	f	{}
@user1.matrix:localhost	CZTVSJDWNF	!AHOiTmgdxQzlhIOUsy:localhost	102	f	{}
@user1.matrix:localhost	NZRPFLRSAA	!cZnmZQFBeDsHEQbFQs:localhost	94	f	{}
@user1.matrix:localhost	NZRPFLRSAA	!pYSbiOyjMFsKNxSMyi:localhost	94	f	{}
@user1.matrix:localhost	NZRPFLRSAA	!vDRByArErEHuGOOJxE:localhost	94	f	{}
@user1.matrix:localhost	NZRPFLRSAA	!CZMvztYPoMDXZghGjm:localhost	94	f	{}
@user1.matrix:localhost	NZRPFLRSAA	!FzTtpSkXWMPYBKHUQN:localhost	94	f	{}
@user1.matrix:localhost	NZRPFLRSAA	!mOsaATLFknhUVKMKbF:localhost	94	f	{}
@user1.matrix:localhost	NZRPFLRSAA	!AHOiTmgdxQzlhIOUsy:localhost	94	f	{}
@user1.matrix:localhost	IYHIHSVEEK	!cZnmZQFBeDsHEQbFQs:localhost	95	f	{}
@user1.matrix:localhost	IYHIHSVEEK	!pYSbiOyjMFsKNxSMyi:localhost	95	f	{}
@user1.matrix:localhost	IYHIHSVEEK	!vDRByArErEHuGOOJxE:localhost	95	f	{}
@user1.matrix:localhost	IYHIHSVEEK	!CZMvztYPoMDXZghGjm:localhost	95	f	{}
@user1.matrix:localhost	IYHIHSVEEK	!FzTtpSkXWMPYBKHUQN:localhost	95	f	{}
@user1.matrix:localhost	IYHIHSVEEK	!mOsaATLFknhUVKMKbF:localhost	95	f	{}
@user1.matrix:localhost	IYHIHSVEEK	!AHOiTmgdxQzlhIOUsy:localhost	95	f	{}
@user1.matrix:localhost	IYHIHSVEEK	!cZnmZQFBeDsHEQbFQs:localhost	96	f	{}
@user1.matrix:localhost	IYHIHSVEEK	!pYSbiOyjMFsKNxSMyi:localhost	96	f	{}
@user1.matrix:localhost	IYHIHSVEEK	!vDRByArErEHuGOOJxE:localhost	96	f	{}
@user1.matrix:localhost	IYHIHSVEEK	!CZMvztYPoMDXZghGjm:localhost	96	f	{}
@user1.matrix:localhost	IYHIHSVEEK	!FzTtpSkXWMPYBKHUQN:localhost	96	f	{}
@user1.matrix:localhost	IYHIHSVEEK	!mOsaATLFknhUVKMKbF:localhost	96	f	{}
@user1.matrix:localhost	IYHIHSVEEK	!AHOiTmgdxQzlhIOUsy:localhost	96	f	{}
@user1.matrix:localhost	IYHIHSVEEK	!cZnmZQFBeDsHEQbFQs:localhost	97	f	{}
@user1.matrix:localhost	IYHIHSVEEK	!pYSbiOyjMFsKNxSMyi:localhost	97	f	{}
@user1.matrix:localhost	IYHIHSVEEK	!vDRByArErEHuGOOJxE:localhost	97	f	{}
@user1.matrix:localhost	IYHIHSVEEK	!CZMvztYPoMDXZghGjm:localhost	97	f	{}
@user1.matrix:localhost	IYHIHSVEEK	!FzTtpSkXWMPYBKHUQN:localhost	97	f	{}
@user1.matrix:localhost	IYHIHSVEEK	!mOsaATLFknhUVKMKbF:localhost	97	f	{}
@user1.matrix:localhost	IYHIHSVEEK	!AHOiTmgdxQzlhIOUsy:localhost	97	f	{}
@mm_user1.mm:localhost	GWJZHMUMZC	!pYSbiOyjMFsKNxSMyi:localhost	98	f	{}
@mm_user1.mm:localhost	GWJZHMUMZC	!AHOiTmgdxQzlhIOUsy:localhost	98	f	{}
@mm_user1.mm:localhost	GWJZHMUMZC	!FzTtpSkXWMPYBKHUQN:localhost	98	f	{}
@mm_user1.mm:localhost	GWJZHMUMZC	!pYSbiOyjMFsKNxSMyi:localhost	99	f	{}
@mm_user1.mm:localhost	GWJZHMUMZC	!AHOiTmgdxQzlhIOUsy:localhost	99	f	{}
@mm_user1.mm:localhost	GWJZHMUMZC	!FzTtpSkXWMPYBKHUQN:localhost	99	f	{}
@user1.matrix:localhost	KAJXFDNQSZ	!cZnmZQFBeDsHEQbFQs:localhost	101	f	{}
@user1.matrix:localhost	KAJXFDNQSZ	!pYSbiOyjMFsKNxSMyi:localhost	101	f	{}
@user1.matrix:localhost	KAJXFDNQSZ	!vDRByArErEHuGOOJxE:localhost	101	f	{}
@user1.matrix:localhost	KAJXFDNQSZ	!CZMvztYPoMDXZghGjm:localhost	101	f	{}
@user1.matrix:localhost	KAJXFDNQSZ	!FzTtpSkXWMPYBKHUQN:localhost	101	f	{}
@user1.matrix:localhost	KAJXFDNQSZ	!mOsaATLFknhUVKMKbF:localhost	101	f	{}
@user1.matrix:localhost	KAJXFDNQSZ	!AHOiTmgdxQzlhIOUsy:localhost	101	f	{}
@user1.matrix:localhost	CWEARHDUGD	!cZnmZQFBeDsHEQbFQs:localhost	103	f	{}
@user1.matrix:localhost	CWEARHDUGD	!pYSbiOyjMFsKNxSMyi:localhost	103	f	{}
@user1.matrix:localhost	CWEARHDUGD	!vDRByArErEHuGOOJxE:localhost	103	f	{}
@user1.matrix:localhost	CWEARHDUGD	!CZMvztYPoMDXZghGjm:localhost	103	f	{}
@user1.matrix:localhost	CWEARHDUGD	!FzTtpSkXWMPYBKHUQN:localhost	103	f	{}
@user1.matrix:localhost	CWEARHDUGD	!mOsaATLFknhUVKMKbF:localhost	103	f	{}
@user1.matrix:localhost	CWEARHDUGD	!AHOiTmgdxQzlhIOUsy:localhost	103	f	{}
@user1.matrix:localhost	XLSCVWQFXA	!cZnmZQFBeDsHEQbFQs:localhost	104	f	{}
@user1.matrix:localhost	XLSCVWQFXA	!pYSbiOyjMFsKNxSMyi:localhost	104	f	{}
@user1.matrix:localhost	XLSCVWQFXA	!vDRByArErEHuGOOJxE:localhost	104	f	{}
@user1.matrix:localhost	XLSCVWQFXA	!CZMvztYPoMDXZghGjm:localhost	104	f	{}
@user1.matrix:localhost	XLSCVWQFXA	!FzTtpSkXWMPYBKHUQN:localhost	104	f	{}
@user1.matrix:localhost	XLSCVWQFXA	!mOsaATLFknhUVKMKbF:localhost	104	f	{}
@user1.matrix:localhost	XLSCVWQFXA	!AHOiTmgdxQzlhIOUsy:localhost	104	f	{}
@user1.matrix:localhost	YUNPJWSNYK	!cZnmZQFBeDsHEQbFQs:localhost	105	f	{}
@user1.matrix:localhost	YUNPJWSNYK	!pYSbiOyjMFsKNxSMyi:localhost	105	f	{}
@user1.matrix:localhost	YUNPJWSNYK	!vDRByArErEHuGOOJxE:localhost	105	f	{}
@user1.matrix:localhost	YUNPJWSNYK	!CZMvztYPoMDXZghGjm:localhost	105	f	{}
@user1.matrix:localhost	YUNPJWSNYK	!FzTtpSkXWMPYBKHUQN:localhost	105	f	{}
@user1.matrix:localhost	YUNPJWSNYK	!mOsaATLFknhUVKMKbF:localhost	105	f	{}
@user1.matrix:localhost	YUNPJWSNYK	!AHOiTmgdxQzlhIOUsy:localhost	105	f	{}
@user1.matrix:localhost	ODNEOYPGKD	!cZnmZQFBeDsHEQbFQs:localhost	106	f	{}
@user1.matrix:localhost	ODNEOYPGKD	!pYSbiOyjMFsKNxSMyi:localhost	106	f	{}
@user1.matrix:localhost	ODNEOYPGKD	!vDRByArErEHuGOOJxE:localhost	106	f	{}
@user1.matrix:localhost	ODNEOYPGKD	!CZMvztYPoMDXZghGjm:localhost	106	f	{}
@user1.matrix:localhost	ODNEOYPGKD	!FzTtpSkXWMPYBKHUQN:localhost	106	f	{}
@user1.matrix:localhost	ODNEOYPGKD	!mOsaATLFknhUVKMKbF:localhost	106	f	{}
@user1.matrix:localhost	ODNEOYPGKD	!AHOiTmgdxQzlhIOUsy:localhost	106	f	{}
@user1.matrix:localhost	ODNEOYPGKD	!cZnmZQFBeDsHEQbFQs:localhost	107	f	{}
@user1.matrix:localhost	ODNEOYPGKD	!pYSbiOyjMFsKNxSMyi:localhost	107	f	{}
@user1.matrix:localhost	ODNEOYPGKD	!vDRByArErEHuGOOJxE:localhost	107	f	{}
@user1.matrix:localhost	ODNEOYPGKD	!CZMvztYPoMDXZghGjm:localhost	107	f	{}
@user1.matrix:localhost	ODNEOYPGKD	!FzTtpSkXWMPYBKHUQN:localhost	107	f	{}
@user1.matrix:localhost	ODNEOYPGKD	!mOsaATLFknhUVKMKbF:localhost	107	f	{}
@user1.matrix:localhost	ODNEOYPGKD	!AHOiTmgdxQzlhIOUsy:localhost	107	f	{}
@mm_user2.mm:localhost	VGTDFTGCTC	!cZnmZQFBeDsHEQbFQs:localhost	113	f	{}
@mm_user2.mm:localhost	VGTDFTGCTC	!pYSbiOyjMFsKNxSMyi:localhost	113	f	{}
@mm_user2.mm:localhost	VGTDFTGCTC	!CZMvztYPoMDXZghGjm:localhost	113	f	{}
@mm_user2.mm:localhost	VGTDFTGCTC	!FzTtpSkXWMPYBKHUQN:localhost	113	f	{}
@mm_user2.mm:localhost	VGTDFTGCTC	!mOsaATLFknhUVKMKbF:localhost	113	f	{}
@mm_user2.mm:localhost	VGTDFTGCTC	!AHOiTmgdxQzlhIOUsy:localhost	113	f	{}
@mm_user2.mm:localhost	VGTDFTGCTC	!wGvWnTVpsbEMByNykc:localhost	113	f	{}
@user1.matrix:localhost	ODNEOYPGKD	!cZnmZQFBeDsHEQbFQs:localhost	108	f	{}
@user1.matrix:localhost	ODNEOYPGKD	!pYSbiOyjMFsKNxSMyi:localhost	108	f	{}
@user1.matrix:localhost	ODNEOYPGKD	!vDRByArErEHuGOOJxE:localhost	108	f	{}
@user1.matrix:localhost	ODNEOYPGKD	!CZMvztYPoMDXZghGjm:localhost	108	f	{}
@user1.matrix:localhost	ODNEOYPGKD	!FzTtpSkXWMPYBKHUQN:localhost	108	f	{}
@user1.matrix:localhost	ODNEOYPGKD	!mOsaATLFknhUVKMKbF:localhost	108	f	{}
@user1.matrix:localhost	ODNEOYPGKD	!AHOiTmgdxQzlhIOUsy:localhost	108	f	{}
@mm_user1.mm:localhost	UJIULIRMBN	!pYSbiOyjMFsKNxSMyi:localhost	109	f	{}
@mm_user1.mm:localhost	UJIULIRMBN	!AHOiTmgdxQzlhIOUsy:localhost	109	f	{}
@mm_user1.mm:localhost	UJIULIRMBN	!FzTtpSkXWMPYBKHUQN:localhost	109	f	{}
@user1.matrix:localhost	DGRUMDVCBM	!cZnmZQFBeDsHEQbFQs:localhost	110	f	{}
@user1.matrix:localhost	DGRUMDVCBM	!pYSbiOyjMFsKNxSMyi:localhost	110	f	{}
@user1.matrix:localhost	DGRUMDVCBM	!vDRByArErEHuGOOJxE:localhost	110	f	{}
@user1.matrix:localhost	DGRUMDVCBM	!CZMvztYPoMDXZghGjm:localhost	110	f	{}
@user1.matrix:localhost	DGRUMDVCBM	!FzTtpSkXWMPYBKHUQN:localhost	110	f	{}
@user1.matrix:localhost	DGRUMDVCBM	!mOsaATLFknhUVKMKbF:localhost	110	f	{}
@user1.matrix:localhost	DGRUMDVCBM	!AHOiTmgdxQzlhIOUsy:localhost	110	f	{}
@user1.matrix:localhost	DGRUMDVCBM	!cZnmZQFBeDsHEQbFQs:localhost	111	f	{}
@user1.matrix:localhost	DGRUMDVCBM	!pYSbiOyjMFsKNxSMyi:localhost	111	f	{}
@user1.matrix:localhost	DGRUMDVCBM	!vDRByArErEHuGOOJxE:localhost	111	f	{}
@user1.matrix:localhost	DGRUMDVCBM	!CZMvztYPoMDXZghGjm:localhost	111	f	{}
@user1.matrix:localhost	DGRUMDVCBM	!FzTtpSkXWMPYBKHUQN:localhost	111	f	{}
@user1.matrix:localhost	DGRUMDVCBM	!mOsaATLFknhUVKMKbF:localhost	111	f	{}
@user1.matrix:localhost	DGRUMDVCBM	!AHOiTmgdxQzlhIOUsy:localhost	111	f	{}
@user1.matrix:localhost	DGRUMDVCBM	!cZnmZQFBeDsHEQbFQs:localhost	112	f	{}
@user1.matrix:localhost	DGRUMDVCBM	!pYSbiOyjMFsKNxSMyi:localhost	112	f	{}
@user1.matrix:localhost	DGRUMDVCBM	!vDRByArErEHuGOOJxE:localhost	112	f	{}
@user1.matrix:localhost	DGRUMDVCBM	!CZMvztYPoMDXZghGjm:localhost	112	f	{}
@user1.matrix:localhost	DGRUMDVCBM	!FzTtpSkXWMPYBKHUQN:localhost	112	f	{}
@user1.matrix:localhost	DGRUMDVCBM	!mOsaATLFknhUVKMKbF:localhost	112	f	{}
@user1.matrix:localhost	DGRUMDVCBM	!AHOiTmgdxQzlhIOUsy:localhost	112	f	{}
@user1.matrix:localhost	OYSHCNGSNY	!cZnmZQFBeDsHEQbFQs:localhost	114	f	{}
@user1.matrix:localhost	OYSHCNGSNY	!pYSbiOyjMFsKNxSMyi:localhost	114	f	{}
@user1.matrix:localhost	OYSHCNGSNY	!vDRByArErEHuGOOJxE:localhost	114	f	{}
@user1.matrix:localhost	OYSHCNGSNY	!CZMvztYPoMDXZghGjm:localhost	114	f	{}
@user1.matrix:localhost	OYSHCNGSNY	!FzTtpSkXWMPYBKHUQN:localhost	114	f	{}
@user1.matrix:localhost	OYSHCNGSNY	!mOsaATLFknhUVKMKbF:localhost	114	f	{}
@user1.matrix:localhost	OYSHCNGSNY	!AHOiTmgdxQzlhIOUsy:localhost	114	f	{}
@user1.matrix:localhost	OYSHCNGSNY	!cZnmZQFBeDsHEQbFQs:localhost	115	f	{}
@user1.matrix:localhost	OYSHCNGSNY	!pYSbiOyjMFsKNxSMyi:localhost	115	f	{}
@user1.matrix:localhost	OYSHCNGSNY	!vDRByArErEHuGOOJxE:localhost	115	f	{}
@user1.matrix:localhost	OYSHCNGSNY	!CZMvztYPoMDXZghGjm:localhost	115	f	{}
@user1.matrix:localhost	OYSHCNGSNY	!FzTtpSkXWMPYBKHUQN:localhost	115	f	{}
@user1.matrix:localhost	OYSHCNGSNY	!mOsaATLFknhUVKMKbF:localhost	115	f	{}
@user1.matrix:localhost	OYSHCNGSNY	!AHOiTmgdxQzlhIOUsy:localhost	115	f	{}
@user1.matrix:localhost	OYSHCNGSNY	!cZnmZQFBeDsHEQbFQs:localhost	116	f	{}
@user1.matrix:localhost	OYSHCNGSNY	!pYSbiOyjMFsKNxSMyi:localhost	116	f	{}
@user1.matrix:localhost	OYSHCNGSNY	!vDRByArErEHuGOOJxE:localhost	116	f	{}
@user1.matrix:localhost	OYSHCNGSNY	!CZMvztYPoMDXZghGjm:localhost	116	f	{}
@user1.matrix:localhost	OYSHCNGSNY	!FzTtpSkXWMPYBKHUQN:localhost	116	f	{}
@user1.matrix:localhost	OYSHCNGSNY	!mOsaATLFknhUVKMKbF:localhost	116	f	{}
@user1.matrix:localhost	OYSHCNGSNY	!AHOiTmgdxQzlhIOUsy:localhost	116	f	{}
@user1.matrix:localhost	QFUUJKKFTN	!cZnmZQFBeDsHEQbFQs:localhost	117	f	{}
@user1.matrix:localhost	QFUUJKKFTN	!pYSbiOyjMFsKNxSMyi:localhost	117	f	{}
@user1.matrix:localhost	QFUUJKKFTN	!vDRByArErEHuGOOJxE:localhost	117	f	{}
@user1.matrix:localhost	QFUUJKKFTN	!CZMvztYPoMDXZghGjm:localhost	117	f	{}
@user1.matrix:localhost	QFUUJKKFTN	!FzTtpSkXWMPYBKHUQN:localhost	117	f	{}
@user1.matrix:localhost	QFUUJKKFTN	!mOsaATLFknhUVKMKbF:localhost	117	f	{}
@user1.matrix:localhost	QFUUJKKFTN	!AHOiTmgdxQzlhIOUsy:localhost	117	f	{}
@user1.matrix:localhost	QFUUJKKFTN	!cZnmZQFBeDsHEQbFQs:localhost	118	f	{}
@user1.matrix:localhost	QFUUJKKFTN	!pYSbiOyjMFsKNxSMyi:localhost	118	f	{}
@user1.matrix:localhost	QFUUJKKFTN	!vDRByArErEHuGOOJxE:localhost	118	f	{}
@user1.matrix:localhost	QFUUJKKFTN	!CZMvztYPoMDXZghGjm:localhost	118	f	{}
@user1.matrix:localhost	QFUUJKKFTN	!FzTtpSkXWMPYBKHUQN:localhost	118	f	{}
@user1.matrix:localhost	QFUUJKKFTN	!mOsaATLFknhUVKMKbF:localhost	118	f	{}
@user1.matrix:localhost	QFUUJKKFTN	!AHOiTmgdxQzlhIOUsy:localhost	118	f	{}
@user1.matrix:localhost	QFUUJKKFTN	!cZnmZQFBeDsHEQbFQs:localhost	119	f	{}
@user1.matrix:localhost	QFUUJKKFTN	!pYSbiOyjMFsKNxSMyi:localhost	119	f	{}
@user1.matrix:localhost	QFUUJKKFTN	!vDRByArErEHuGOOJxE:localhost	119	f	{}
@user1.matrix:localhost	QFUUJKKFTN	!CZMvztYPoMDXZghGjm:localhost	119	f	{}
@user1.matrix:localhost	QFUUJKKFTN	!FzTtpSkXWMPYBKHUQN:localhost	119	f	{}
@user1.matrix:localhost	QFUUJKKFTN	!mOsaATLFknhUVKMKbF:localhost	119	f	{}
@user1.matrix:localhost	QFUUJKKFTN	!AHOiTmgdxQzlhIOUsy:localhost	119	f	{}
@mm_user1.mm:localhost	UJIULIRMBN	!pYSbiOyjMFsKNxSMyi:localhost	121	f	{}
@mm_user1.mm:localhost	UJIULIRMBN	!AHOiTmgdxQzlhIOUsy:localhost	121	f	{}
@mm_user1.mm:localhost	UJIULIRMBN	!FzTtpSkXWMPYBKHUQN:localhost	121	f	{}
@mm_user2.mm:localhost	VGTDFTGCTC	!cZnmZQFBeDsHEQbFQs:localhost	120	f	{}
@mm_user2.mm:localhost	VGTDFTGCTC	!pYSbiOyjMFsKNxSMyi:localhost	120	f	{}
@mm_user2.mm:localhost	VGTDFTGCTC	!CZMvztYPoMDXZghGjm:localhost	120	f	{}
@mm_user2.mm:localhost	VGTDFTGCTC	!FzTtpSkXWMPYBKHUQN:localhost	120	f	{}
@mm_user2.mm:localhost	VGTDFTGCTC	!mOsaATLFknhUVKMKbF:localhost	120	f	{}
@mm_user2.mm:localhost	VGTDFTGCTC	!AHOiTmgdxQzlhIOUsy:localhost	120	f	{}
@mm_user2.mm:localhost	VGTDFTGCTC	!wGvWnTVpsbEMByNykc:localhost	120	f	{}
@mm_user1.mm:localhost	RUHMIWBCVC	!pYSbiOyjMFsKNxSMyi:localhost	122	f	{}
@mm_user1.mm:localhost	RUHMIWBCVC	!AHOiTmgdxQzlhIOUsy:localhost	122	f	{}
@mm_user1.mm:localhost	RUHMIWBCVC	!FzTtpSkXWMPYBKHUQN:localhost	122	f	{}
@user1.matrix:localhost	MXUYRJBGML	!cZnmZQFBeDsHEQbFQs:localhost	123	f	{}
@user1.matrix:localhost	MXUYRJBGML	!pYSbiOyjMFsKNxSMyi:localhost	123	f	{}
@user1.matrix:localhost	MXUYRJBGML	!vDRByArErEHuGOOJxE:localhost	123	f	{}
@user1.matrix:localhost	MXUYRJBGML	!CZMvztYPoMDXZghGjm:localhost	123	f	{}
@user1.matrix:localhost	MXUYRJBGML	!FzTtpSkXWMPYBKHUQN:localhost	123	f	{}
@user1.matrix:localhost	MXUYRJBGML	!mOsaATLFknhUVKMKbF:localhost	123	f	{}
@user1.matrix:localhost	MXUYRJBGML	!AHOiTmgdxQzlhIOUsy:localhost	123	f	{}
@user1.matrix:localhost	MXUYRJBGML	!cZnmZQFBeDsHEQbFQs:localhost	124	f	{}
@user1.matrix:localhost	MXUYRJBGML	!pYSbiOyjMFsKNxSMyi:localhost	124	f	{}
@user1.matrix:localhost	MXUYRJBGML	!vDRByArErEHuGOOJxE:localhost	124	f	{}
@user1.matrix:localhost	MXUYRJBGML	!CZMvztYPoMDXZghGjm:localhost	124	f	{}
@user1.matrix:localhost	MXUYRJBGML	!FzTtpSkXWMPYBKHUQN:localhost	124	f	{}
@user1.matrix:localhost	MXUYRJBGML	!mOsaATLFknhUVKMKbF:localhost	124	f	{}
@user1.matrix:localhost	MXUYRJBGML	!AHOiTmgdxQzlhIOUsy:localhost	124	f	{}
@user1.matrix:localhost	MXUYRJBGML	!cZnmZQFBeDsHEQbFQs:localhost	125	f	{}
@user1.matrix:localhost	MXUYRJBGML	!pYSbiOyjMFsKNxSMyi:localhost	125	f	{}
@user1.matrix:localhost	MXUYRJBGML	!vDRByArErEHuGOOJxE:localhost	125	f	{}
@user1.matrix:localhost	MXUYRJBGML	!CZMvztYPoMDXZghGjm:localhost	125	f	{}
@user1.matrix:localhost	MXUYRJBGML	!FzTtpSkXWMPYBKHUQN:localhost	125	f	{}
@user1.matrix:localhost	MXUYRJBGML	!mOsaATLFknhUVKMKbF:localhost	125	f	{}
@user1.matrix:localhost	MXUYRJBGML	!AHOiTmgdxQzlhIOUsy:localhost	125	f	{}
@mm_user1.mm:localhost	RUHMIWBCVC	!pYSbiOyjMFsKNxSMyi:localhost	126	f	{}
@mm_user1.mm:localhost	RUHMIWBCVC	!AHOiTmgdxQzlhIOUsy:localhost	126	f	{}
@mm_user1.mm:localhost	RUHMIWBCVC	!FzTtpSkXWMPYBKHUQN:localhost	126	f	{}
@mm_user1.mm:localhost	YZURYGCAZN	!pYSbiOyjMFsKNxSMyi:localhost	127	f	{}
@mm_user1.mm:localhost	YZURYGCAZN	!AHOiTmgdxQzlhIOUsy:localhost	127	f	{}
@mm_user1.mm:localhost	YZURYGCAZN	!FzTtpSkXWMPYBKHUQN:localhost	127	f	{}
@mm_user2.mm:localhost	GOBRRJALAB	!cZnmZQFBeDsHEQbFQs:localhost	128	f	{}
@mm_user2.mm:localhost	GOBRRJALAB	!pYSbiOyjMFsKNxSMyi:localhost	128	f	{}
@mm_user2.mm:localhost	GOBRRJALAB	!CZMvztYPoMDXZghGjm:localhost	128	f	{}
@mm_user2.mm:localhost	GOBRRJALAB	!FzTtpSkXWMPYBKHUQN:localhost	128	f	{}
@mm_user2.mm:localhost	GOBRRJALAB	!mOsaATLFknhUVKMKbF:localhost	128	f	{}
@mm_user2.mm:localhost	GOBRRJALAB	!AHOiTmgdxQzlhIOUsy:localhost	128	f	{}
@mm_user2.mm:localhost	GOBRRJALAB	!wGvWnTVpsbEMByNykc:localhost	128	f	{}
@user1.matrix:localhost	MHEFQYSOSJ	!cZnmZQFBeDsHEQbFQs:localhost	129	f	{}
@user1.matrix:localhost	MHEFQYSOSJ	!pYSbiOyjMFsKNxSMyi:localhost	129	f	{}
@user1.matrix:localhost	MHEFQYSOSJ	!vDRByArErEHuGOOJxE:localhost	129	f	{}
@user1.matrix:localhost	MHEFQYSOSJ	!CZMvztYPoMDXZghGjm:localhost	129	f	{}
@user1.matrix:localhost	MHEFQYSOSJ	!FzTtpSkXWMPYBKHUQN:localhost	129	f	{}
@user1.matrix:localhost	MHEFQYSOSJ	!mOsaATLFknhUVKMKbF:localhost	129	f	{}
@user1.matrix:localhost	MHEFQYSOSJ	!AHOiTmgdxQzlhIOUsy:localhost	129	f	{}
@user1.matrix:localhost	AGKMPWYTNG	!cZnmZQFBeDsHEQbFQs:localhost	130	f	{}
@user1.matrix:localhost	AGKMPWYTNG	!pYSbiOyjMFsKNxSMyi:localhost	130	f	{}
@user1.matrix:localhost	AGKMPWYTNG	!vDRByArErEHuGOOJxE:localhost	130	f	{}
@user1.matrix:localhost	AGKMPWYTNG	!CZMvztYPoMDXZghGjm:localhost	130	f	{}
@user1.matrix:localhost	AGKMPWYTNG	!FzTtpSkXWMPYBKHUQN:localhost	130	f	{}
@user1.matrix:localhost	AGKMPWYTNG	!mOsaATLFknhUVKMKbF:localhost	130	f	{}
@user1.matrix:localhost	AGKMPWYTNG	!AHOiTmgdxQzlhIOUsy:localhost	130	f	{}
@user1.matrix:localhost	EEZKKHFSQZ	!cZnmZQFBeDsHEQbFQs:localhost	131	f	{}
@user1.matrix:localhost	EEZKKHFSQZ	!pYSbiOyjMFsKNxSMyi:localhost	131	f	{}
@user1.matrix:localhost	EEZKKHFSQZ	!vDRByArErEHuGOOJxE:localhost	131	f	{}
@user1.matrix:localhost	EEZKKHFSQZ	!CZMvztYPoMDXZghGjm:localhost	131	f	{}
@user1.matrix:localhost	EEZKKHFSQZ	!FzTtpSkXWMPYBKHUQN:localhost	131	f	{}
@user1.matrix:localhost	EEZKKHFSQZ	!mOsaATLFknhUVKMKbF:localhost	131	f	{}
@user1.matrix:localhost	EEZKKHFSQZ	!AHOiTmgdxQzlhIOUsy:localhost	131	f	{}
@user1.matrix:localhost	YXYODYJSUO	!cZnmZQFBeDsHEQbFQs:localhost	132	f	{}
@user1.matrix:localhost	YXYODYJSUO	!pYSbiOyjMFsKNxSMyi:localhost	132	f	{}
@user1.matrix:localhost	YXYODYJSUO	!vDRByArErEHuGOOJxE:localhost	132	f	{}
@user1.matrix:localhost	YXYODYJSUO	!CZMvztYPoMDXZghGjm:localhost	132	f	{}
@user1.matrix:localhost	YXYODYJSUO	!FzTtpSkXWMPYBKHUQN:localhost	132	f	{}
@user1.matrix:localhost	YXYODYJSUO	!mOsaATLFknhUVKMKbF:localhost	132	f	{}
@user1.matrix:localhost	YXYODYJSUO	!AHOiTmgdxQzlhIOUsy:localhost	132	f	{}
@user1.matrix:localhost	FHSLEVUGCR	!cZnmZQFBeDsHEQbFQs:localhost	133	f	{}
@user1.matrix:localhost	FHSLEVUGCR	!pYSbiOyjMFsKNxSMyi:localhost	133	f	{}
@user1.matrix:localhost	FHSLEVUGCR	!vDRByArErEHuGOOJxE:localhost	133	f	{}
@user1.matrix:localhost	FHSLEVUGCR	!CZMvztYPoMDXZghGjm:localhost	133	f	{}
@user1.matrix:localhost	FHSLEVUGCR	!FzTtpSkXWMPYBKHUQN:localhost	133	f	{}
@user1.matrix:localhost	FHSLEVUGCR	!mOsaATLFknhUVKMKbF:localhost	133	f	{}
@user1.matrix:localhost	FHSLEVUGCR	!AHOiTmgdxQzlhIOUsy:localhost	133	f	{}
@user1.matrix:localhost	ZJFZTZCAKA	!cZnmZQFBeDsHEQbFQs:localhost	134	f	{}
@user1.matrix:localhost	ZJFZTZCAKA	!pYSbiOyjMFsKNxSMyi:localhost	134	f	{}
@user1.matrix:localhost	ZJFZTZCAKA	!vDRByArErEHuGOOJxE:localhost	134	f	{}
@user1.matrix:localhost	ZJFZTZCAKA	!CZMvztYPoMDXZghGjm:localhost	134	f	{}
@user1.matrix:localhost	ZJFZTZCAKA	!FzTtpSkXWMPYBKHUQN:localhost	134	f	{}
@user1.matrix:localhost	ZJFZTZCAKA	!mOsaATLFknhUVKMKbF:localhost	134	f	{}
@user1.matrix:localhost	ZJFZTZCAKA	!AHOiTmgdxQzlhIOUsy:localhost	134	f	{}
@user1.matrix:localhost	KYHCSZZSVY	!cZnmZQFBeDsHEQbFQs:localhost	135	f	{}
@user1.matrix:localhost	KYHCSZZSVY	!pYSbiOyjMFsKNxSMyi:localhost	135	f	{}
@user1.matrix:localhost	KYHCSZZSVY	!vDRByArErEHuGOOJxE:localhost	135	f	{}
@user1.matrix:localhost	KYHCSZZSVY	!CZMvztYPoMDXZghGjm:localhost	135	f	{}
@user1.matrix:localhost	KYHCSZZSVY	!FzTtpSkXWMPYBKHUQN:localhost	135	f	{}
@user1.matrix:localhost	KYHCSZZSVY	!mOsaATLFknhUVKMKbF:localhost	135	f	{}
@user1.matrix:localhost	KYHCSZZSVY	!AHOiTmgdxQzlhIOUsy:localhost	135	f	{}
@user1.matrix:localhost	MERBZSSHQY	!cZnmZQFBeDsHEQbFQs:localhost	139	f	{}
@user1.matrix:localhost	MERBZSSHQY	!pYSbiOyjMFsKNxSMyi:localhost	139	f	{}
@user1.matrix:localhost	MERBZSSHQY	!vDRByArErEHuGOOJxE:localhost	139	f	{}
@user1.matrix:localhost	MERBZSSHQY	!CZMvztYPoMDXZghGjm:localhost	139	f	{}
@user1.matrix:localhost	MERBZSSHQY	!FzTtpSkXWMPYBKHUQN:localhost	139	f	{}
@user1.matrix:localhost	MERBZSSHQY	!mOsaATLFknhUVKMKbF:localhost	139	f	{}
@user1.matrix:localhost	MERBZSSHQY	!AHOiTmgdxQzlhIOUsy:localhost	139	f	{}
@mm_user1.mm:localhost	YZURYGCAZN	!pYSbiOyjMFsKNxSMyi:localhost	136	f	{}
@mm_user1.mm:localhost	YZURYGCAZN	!AHOiTmgdxQzlhIOUsy:localhost	136	f	{}
@mm_user1.mm:localhost	YZURYGCAZN	!FzTtpSkXWMPYBKHUQN:localhost	136	f	{}
@user1.matrix:localhost	REIEALSNTY	!cZnmZQFBeDsHEQbFQs:localhost	144	f	{}
@user1.matrix:localhost	REIEALSNTY	!pYSbiOyjMFsKNxSMyi:localhost	144	f	{}
@user1.matrix:localhost	REIEALSNTY	!vDRByArErEHuGOOJxE:localhost	144	f	{}
@user1.matrix:localhost	REIEALSNTY	!CZMvztYPoMDXZghGjm:localhost	144	f	{}
@user1.matrix:localhost	REIEALSNTY	!FzTtpSkXWMPYBKHUQN:localhost	144	f	{}
@user1.matrix:localhost	REIEALSNTY	!mOsaATLFknhUVKMKbF:localhost	144	f	{}
@user1.matrix:localhost	REIEALSNTY	!AHOiTmgdxQzlhIOUsy:localhost	144	f	{}
@mm_user2.mm:localhost	GOBRRJALAB	!cZnmZQFBeDsHEQbFQs:localhost	137	f	{}
@mm_user2.mm:localhost	GOBRRJALAB	!pYSbiOyjMFsKNxSMyi:localhost	137	f	{}
@mm_user2.mm:localhost	GOBRRJALAB	!CZMvztYPoMDXZghGjm:localhost	137	f	{}
@mm_user2.mm:localhost	GOBRRJALAB	!FzTtpSkXWMPYBKHUQN:localhost	137	f	{}
@mm_user2.mm:localhost	GOBRRJALAB	!mOsaATLFknhUVKMKbF:localhost	137	f	{}
@mm_user2.mm:localhost	GOBRRJALAB	!AHOiTmgdxQzlhIOUsy:localhost	137	f	{}
@mm_user2.mm:localhost	GOBRRJALAB	!wGvWnTVpsbEMByNykc:localhost	137	f	{}
@user1.matrix:localhost	VIIOQXFMHR	!cZnmZQFBeDsHEQbFQs:localhost	138	f	{}
@user1.matrix:localhost	VIIOQXFMHR	!pYSbiOyjMFsKNxSMyi:localhost	138	f	{}
@user1.matrix:localhost	VIIOQXFMHR	!vDRByArErEHuGOOJxE:localhost	138	f	{}
@user1.matrix:localhost	VIIOQXFMHR	!CZMvztYPoMDXZghGjm:localhost	138	f	{}
@user1.matrix:localhost	VIIOQXFMHR	!FzTtpSkXWMPYBKHUQN:localhost	138	f	{}
@user1.matrix:localhost	VIIOQXFMHR	!mOsaATLFknhUVKMKbF:localhost	138	f	{}
@user1.matrix:localhost	VIIOQXFMHR	!AHOiTmgdxQzlhIOUsy:localhost	138	f	{}
@user1.matrix:localhost	WEFSLDHKQY	!cZnmZQFBeDsHEQbFQs:localhost	140	f	{}
@user1.matrix:localhost	WEFSLDHKQY	!pYSbiOyjMFsKNxSMyi:localhost	140	f	{}
@user1.matrix:localhost	WEFSLDHKQY	!vDRByArErEHuGOOJxE:localhost	140	f	{}
@user1.matrix:localhost	WEFSLDHKQY	!CZMvztYPoMDXZghGjm:localhost	140	f	{}
@user1.matrix:localhost	WEFSLDHKQY	!FzTtpSkXWMPYBKHUQN:localhost	140	f	{}
@user1.matrix:localhost	WEFSLDHKQY	!mOsaATLFknhUVKMKbF:localhost	140	f	{}
@user1.matrix:localhost	WEFSLDHKQY	!AHOiTmgdxQzlhIOUsy:localhost	140	f	{}
@user1.matrix:localhost	DTWCIRRYLH	!cZnmZQFBeDsHEQbFQs:localhost	142	f	{}
@user1.matrix:localhost	DTWCIRRYLH	!pYSbiOyjMFsKNxSMyi:localhost	142	f	{}
@user1.matrix:localhost	DTWCIRRYLH	!vDRByArErEHuGOOJxE:localhost	142	f	{}
@user1.matrix:localhost	DTWCIRRYLH	!CZMvztYPoMDXZghGjm:localhost	142	f	{}
@user1.matrix:localhost	DTWCIRRYLH	!FzTtpSkXWMPYBKHUQN:localhost	142	f	{}
@user1.matrix:localhost	DTWCIRRYLH	!mOsaATLFknhUVKMKbF:localhost	142	f	{}
@user1.matrix:localhost	DTWCIRRYLH	!AHOiTmgdxQzlhIOUsy:localhost	142	f	{}
@user1.matrix:localhost	WEFSLDHKQY	!cZnmZQFBeDsHEQbFQs:localhost	141	f	{}
@user1.matrix:localhost	WEFSLDHKQY	!pYSbiOyjMFsKNxSMyi:localhost	141	f	{}
@user1.matrix:localhost	WEFSLDHKQY	!vDRByArErEHuGOOJxE:localhost	141	f	{}
@user1.matrix:localhost	WEFSLDHKQY	!CZMvztYPoMDXZghGjm:localhost	141	f	{}
@user1.matrix:localhost	WEFSLDHKQY	!FzTtpSkXWMPYBKHUQN:localhost	141	f	{}
@user1.matrix:localhost	WEFSLDHKQY	!mOsaATLFknhUVKMKbF:localhost	141	f	{}
@user1.matrix:localhost	WEFSLDHKQY	!AHOiTmgdxQzlhIOUsy:localhost	141	f	{}
@user1.matrix:localhost	VGVZMENCED	!cZnmZQFBeDsHEQbFQs:localhost	143	f	{}
@user1.matrix:localhost	VGVZMENCED	!pYSbiOyjMFsKNxSMyi:localhost	143	f	{}
@user1.matrix:localhost	VGVZMENCED	!vDRByArErEHuGOOJxE:localhost	143	f	{}
@user1.matrix:localhost	VGVZMENCED	!CZMvztYPoMDXZghGjm:localhost	143	f	{}
@user1.matrix:localhost	VGVZMENCED	!FzTtpSkXWMPYBKHUQN:localhost	143	f	{}
@user1.matrix:localhost	VGVZMENCED	!mOsaATLFknhUVKMKbF:localhost	143	f	{}
@user1.matrix:localhost	VGVZMENCED	!AHOiTmgdxQzlhIOUsy:localhost	143	f	{}
@user1.matrix:localhost	WMKPZDBULK	!cZnmZQFBeDsHEQbFQs:localhost	145	f	{}
@user1.matrix:localhost	WMKPZDBULK	!pYSbiOyjMFsKNxSMyi:localhost	145	f	{}
@user1.matrix:localhost	WMKPZDBULK	!vDRByArErEHuGOOJxE:localhost	145	f	{}
@user1.matrix:localhost	WMKPZDBULK	!CZMvztYPoMDXZghGjm:localhost	145	f	{}
@user1.matrix:localhost	WMKPZDBULK	!FzTtpSkXWMPYBKHUQN:localhost	145	f	{}
@user1.matrix:localhost	WMKPZDBULK	!mOsaATLFknhUVKMKbF:localhost	145	f	{}
@user1.matrix:localhost	WMKPZDBULK	!AHOiTmgdxQzlhIOUsy:localhost	145	f	{}
@user1.matrix:localhost	HWCBWCBYBR	!cZnmZQFBeDsHEQbFQs:localhost	146	f	{}
@user1.matrix:localhost	HWCBWCBYBR	!pYSbiOyjMFsKNxSMyi:localhost	146	f	{}
@user1.matrix:localhost	HWCBWCBYBR	!vDRByArErEHuGOOJxE:localhost	146	f	{}
@user1.matrix:localhost	HWCBWCBYBR	!CZMvztYPoMDXZghGjm:localhost	146	f	{}
@user1.matrix:localhost	HWCBWCBYBR	!FzTtpSkXWMPYBKHUQN:localhost	146	f	{}
@user1.matrix:localhost	HWCBWCBYBR	!mOsaATLFknhUVKMKbF:localhost	146	f	{}
@user1.matrix:localhost	HWCBWCBYBR	!AHOiTmgdxQzlhIOUsy:localhost	146	f	{}
@user1.matrix:localhost	CLVTQIMHDY	!cZnmZQFBeDsHEQbFQs:localhost	147	f	{}
@user1.matrix:localhost	CLVTQIMHDY	!pYSbiOyjMFsKNxSMyi:localhost	147	f	{}
@user1.matrix:localhost	CLVTQIMHDY	!vDRByArErEHuGOOJxE:localhost	147	f	{}
@user1.matrix:localhost	CLVTQIMHDY	!CZMvztYPoMDXZghGjm:localhost	147	f	{}
@user1.matrix:localhost	CLVTQIMHDY	!FzTtpSkXWMPYBKHUQN:localhost	147	f	{}
@user1.matrix:localhost	CLVTQIMHDY	!mOsaATLFknhUVKMKbF:localhost	147	f	{}
@user1.matrix:localhost	CLVTQIMHDY	!AHOiTmgdxQzlhIOUsy:localhost	147	f	{}
@user1.matrix:localhost	WSCUTEXBTQ	!cZnmZQFBeDsHEQbFQs:localhost	148	f	{}
@user1.matrix:localhost	WSCUTEXBTQ	!pYSbiOyjMFsKNxSMyi:localhost	148	f	{}
@user1.matrix:localhost	WSCUTEXBTQ	!vDRByArErEHuGOOJxE:localhost	148	f	{}
@user1.matrix:localhost	WSCUTEXBTQ	!CZMvztYPoMDXZghGjm:localhost	148	f	{}
@user1.matrix:localhost	WSCUTEXBTQ	!FzTtpSkXWMPYBKHUQN:localhost	148	f	{}
@user1.matrix:localhost	WSCUTEXBTQ	!mOsaATLFknhUVKMKbF:localhost	148	f	{}
@user1.matrix:localhost	WSCUTEXBTQ	!AHOiTmgdxQzlhIOUsy:localhost	148	f	{}
@user1.matrix:localhost	WSCUTEXBTQ	!cZnmZQFBeDsHEQbFQs:localhost	149	f	{}
@user1.matrix:localhost	WSCUTEXBTQ	!pYSbiOyjMFsKNxSMyi:localhost	149	f	{}
@user1.matrix:localhost	WSCUTEXBTQ	!vDRByArErEHuGOOJxE:localhost	149	f	{}
@user1.matrix:localhost	WSCUTEXBTQ	!CZMvztYPoMDXZghGjm:localhost	149	f	{}
@user1.matrix:localhost	WSCUTEXBTQ	!FzTtpSkXWMPYBKHUQN:localhost	149	f	{}
@user1.matrix:localhost	WSCUTEXBTQ	!mOsaATLFknhUVKMKbF:localhost	149	f	{}
@user1.matrix:localhost	WSCUTEXBTQ	!AHOiTmgdxQzlhIOUsy:localhost	149	f	{}
@user1.matrix:localhost	VFSKZPOZFC	!cZnmZQFBeDsHEQbFQs:localhost	150	f	{}
@user1.matrix:localhost	VFSKZPOZFC	!pYSbiOyjMFsKNxSMyi:localhost	150	f	{}
@user1.matrix:localhost	VFSKZPOZFC	!vDRByArErEHuGOOJxE:localhost	150	f	{}
@user1.matrix:localhost	VFSKZPOZFC	!CZMvztYPoMDXZghGjm:localhost	150	f	{}
@user1.matrix:localhost	VFSKZPOZFC	!FzTtpSkXWMPYBKHUQN:localhost	150	f	{}
@user1.matrix:localhost	VFSKZPOZFC	!mOsaATLFknhUVKMKbF:localhost	150	f	{}
@user1.matrix:localhost	VFSKZPOZFC	!AHOiTmgdxQzlhIOUsy:localhost	150	f	{}
@user1.matrix:localhost	VFSKZPOZFC	!cZnmZQFBeDsHEQbFQs:localhost	151	f	{}
@user1.matrix:localhost	VFSKZPOZFC	!pYSbiOyjMFsKNxSMyi:localhost	151	f	{}
@user1.matrix:localhost	VFSKZPOZFC	!vDRByArErEHuGOOJxE:localhost	151	f	{}
@user1.matrix:localhost	VFSKZPOZFC	!CZMvztYPoMDXZghGjm:localhost	151	f	{}
@user1.matrix:localhost	VFSKZPOZFC	!FzTtpSkXWMPYBKHUQN:localhost	151	f	{}
@user1.matrix:localhost	VFSKZPOZFC	!mOsaATLFknhUVKMKbF:localhost	151	f	{}
@user1.matrix:localhost	VFSKZPOZFC	!AHOiTmgdxQzlhIOUsy:localhost	151	f	{}
@user1.matrix:localhost	VCMLSJAPAO	!cZnmZQFBeDsHEQbFQs:localhost	152	f	{}
@user1.matrix:localhost	VCMLSJAPAO	!pYSbiOyjMFsKNxSMyi:localhost	152	f	{}
@user1.matrix:localhost	VCMLSJAPAO	!vDRByArErEHuGOOJxE:localhost	152	f	{}
@user1.matrix:localhost	VCMLSJAPAO	!CZMvztYPoMDXZghGjm:localhost	152	f	{}
@user1.matrix:localhost	VCMLSJAPAO	!FzTtpSkXWMPYBKHUQN:localhost	152	f	{}
@user1.matrix:localhost	VCMLSJAPAO	!mOsaATLFknhUVKMKbF:localhost	152	f	{}
@user1.matrix:localhost	VCMLSJAPAO	!AHOiTmgdxQzlhIOUsy:localhost	152	f	{}
@user1.matrix:localhost	VCMLSJAPAO	!cZnmZQFBeDsHEQbFQs:localhost	153	f	{}
@user1.matrix:localhost	VCMLSJAPAO	!pYSbiOyjMFsKNxSMyi:localhost	153	f	{}
@user1.matrix:localhost	VCMLSJAPAO	!vDRByArErEHuGOOJxE:localhost	153	f	{}
@user1.matrix:localhost	VCMLSJAPAO	!CZMvztYPoMDXZghGjm:localhost	153	f	{}
@user1.matrix:localhost	VCMLSJAPAO	!FzTtpSkXWMPYBKHUQN:localhost	153	f	{}
@user1.matrix:localhost	VCMLSJAPAO	!mOsaATLFknhUVKMKbF:localhost	153	f	{}
@user1.matrix:localhost	VCMLSJAPAO	!AHOiTmgdxQzlhIOUsy:localhost	153	f	{}
@user1.matrix:localhost	HGPAFDPXAI	!cZnmZQFBeDsHEQbFQs:localhost	154	f	{}
@user1.matrix:localhost	HGPAFDPXAI	!pYSbiOyjMFsKNxSMyi:localhost	154	f	{}
@user1.matrix:localhost	HGPAFDPXAI	!vDRByArErEHuGOOJxE:localhost	154	f	{}
@user1.matrix:localhost	HGPAFDPXAI	!CZMvztYPoMDXZghGjm:localhost	154	f	{}
@user1.matrix:localhost	HGPAFDPXAI	!FzTtpSkXWMPYBKHUQN:localhost	154	f	{}
@user1.matrix:localhost	HGPAFDPXAI	!mOsaATLFknhUVKMKbF:localhost	154	f	{}
@user1.matrix:localhost	HGPAFDPXAI	!AHOiTmgdxQzlhIOUsy:localhost	154	f	{}
@user1.matrix:localhost	HEEDMBZGMF	!cZnmZQFBeDsHEQbFQs:localhost	155	f	{}
@user1.matrix:localhost	HEEDMBZGMF	!pYSbiOyjMFsKNxSMyi:localhost	155	f	{}
@user1.matrix:localhost	HEEDMBZGMF	!vDRByArErEHuGOOJxE:localhost	155	f	{}
@user1.matrix:localhost	HEEDMBZGMF	!CZMvztYPoMDXZghGjm:localhost	155	f	{}
@user1.matrix:localhost	HEEDMBZGMF	!FzTtpSkXWMPYBKHUQN:localhost	155	f	{}
@user1.matrix:localhost	HEEDMBZGMF	!mOsaATLFknhUVKMKbF:localhost	155	f	{}
@user1.matrix:localhost	HEEDMBZGMF	!AHOiTmgdxQzlhIOUsy:localhost	155	f	{}
@user1.matrix:localhost	RJJYFKNGWR	!cZnmZQFBeDsHEQbFQs:localhost	157	f	{}
@user1.matrix:localhost	RJJYFKNGWR	!pYSbiOyjMFsKNxSMyi:localhost	157	f	{}
@user1.matrix:localhost	RJJYFKNGWR	!vDRByArErEHuGOOJxE:localhost	157	f	{}
@user1.matrix:localhost	RJJYFKNGWR	!CZMvztYPoMDXZghGjm:localhost	157	f	{}
@user1.matrix:localhost	RJJYFKNGWR	!FzTtpSkXWMPYBKHUQN:localhost	157	f	{}
@user1.matrix:localhost	RJJYFKNGWR	!mOsaATLFknhUVKMKbF:localhost	157	f	{}
@user1.matrix:localhost	RJJYFKNGWR	!AHOiTmgdxQzlhIOUsy:localhost	157	f	{}
@user1.matrix:localhost	RJJYFKNGWR	!cZnmZQFBeDsHEQbFQs:localhost	158	f	{}
@user1.matrix:localhost	RJJYFKNGWR	!pYSbiOyjMFsKNxSMyi:localhost	158	f	{}
@user1.matrix:localhost	RJJYFKNGWR	!vDRByArErEHuGOOJxE:localhost	158	f	{}
@user1.matrix:localhost	RJJYFKNGWR	!CZMvztYPoMDXZghGjm:localhost	158	f	{}
@user1.matrix:localhost	RJJYFKNGWR	!FzTtpSkXWMPYBKHUQN:localhost	158	f	{}
@user1.matrix:localhost	RJJYFKNGWR	!mOsaATLFknhUVKMKbF:localhost	158	f	{}
@user1.matrix:localhost	RJJYFKNGWR	!AHOiTmgdxQzlhIOUsy:localhost	158	f	{}
@user1.matrix:localhost	HEEDMBZGMF	!cZnmZQFBeDsHEQbFQs:localhost	156	f	{}
@user1.matrix:localhost	HEEDMBZGMF	!pYSbiOyjMFsKNxSMyi:localhost	156	f	{}
@user1.matrix:localhost	HEEDMBZGMF	!vDRByArErEHuGOOJxE:localhost	156	f	{}
@user1.matrix:localhost	HEEDMBZGMF	!CZMvztYPoMDXZghGjm:localhost	156	f	{}
@user1.matrix:localhost	HEEDMBZGMF	!FzTtpSkXWMPYBKHUQN:localhost	156	f	{}
@user1.matrix:localhost	HEEDMBZGMF	!mOsaATLFknhUVKMKbF:localhost	156	f	{}
@user1.matrix:localhost	HEEDMBZGMF	!AHOiTmgdxQzlhIOUsy:localhost	156	f	{}
@mm_user2.mm:localhost	RQSENWOTJZ	!cZnmZQFBeDsHEQbFQs:localhost	159	f	{}
@mm_user2.mm:localhost	RQSENWOTJZ	!pYSbiOyjMFsKNxSMyi:localhost	159	f	{}
@mm_user2.mm:localhost	RQSENWOTJZ	!CZMvztYPoMDXZghGjm:localhost	159	f	{}
@mm_user2.mm:localhost	RQSENWOTJZ	!FzTtpSkXWMPYBKHUQN:localhost	159	f	{}
@mm_user2.mm:localhost	RQSENWOTJZ	!mOsaATLFknhUVKMKbF:localhost	159	f	{}
@mm_user2.mm:localhost	RQSENWOTJZ	!AHOiTmgdxQzlhIOUsy:localhost	159	f	{}
@mm_user2.mm:localhost	RQSENWOTJZ	!wGvWnTVpsbEMByNykc:localhost	159	f	{}
@user1.matrix:localhost	MSPZHZFGDA	!cZnmZQFBeDsHEQbFQs:localhost	160	f	{}
@user1.matrix:localhost	MSPZHZFGDA	!pYSbiOyjMFsKNxSMyi:localhost	160	f	{}
@user1.matrix:localhost	MSPZHZFGDA	!vDRByArErEHuGOOJxE:localhost	160	f	{}
@user1.matrix:localhost	MSPZHZFGDA	!CZMvztYPoMDXZghGjm:localhost	160	f	{}
@user1.matrix:localhost	MSPZHZFGDA	!FzTtpSkXWMPYBKHUQN:localhost	160	f	{}
@user1.matrix:localhost	MSPZHZFGDA	!mOsaATLFknhUVKMKbF:localhost	160	f	{}
@user1.matrix:localhost	MSPZHZFGDA	!AHOiTmgdxQzlhIOUsy:localhost	160	f	{}
@mm_user2.mm:localhost	RQSENWOTJZ	!cZnmZQFBeDsHEQbFQs:localhost	161	f	{}
@mm_user2.mm:localhost	RQSENWOTJZ	!pYSbiOyjMFsKNxSMyi:localhost	161	f	{}
@mm_user2.mm:localhost	RQSENWOTJZ	!CZMvztYPoMDXZghGjm:localhost	161	f	{}
@mm_user2.mm:localhost	RQSENWOTJZ	!FzTtpSkXWMPYBKHUQN:localhost	161	f	{}
@mm_user2.mm:localhost	RQSENWOTJZ	!mOsaATLFknhUVKMKbF:localhost	161	f	{}
@mm_user2.mm:localhost	RQSENWOTJZ	!AHOiTmgdxQzlhIOUsy:localhost	161	f	{}
@mm_user2.mm:localhost	RQSENWOTJZ	!wGvWnTVpsbEMByNykc:localhost	161	f	{}
\.


--
-- Data for Name: device_lists_outbound_last_success; Type: TABLE DATA; Schema: public; Owner: synapse
--

COPY public.device_lists_outbound_last_success (destination, user_id, stream_id) FROM stdin;
\.


--
-- Data for Name: device_lists_outbound_pokes; Type: TABLE DATA; Schema: public; Owner: synapse
--

COPY public.device_lists_outbound_pokes (destination, stream_id, user_id, device_id, sent, ts, opentracing_context) FROM stdin;
\.


--
-- Data for Name: device_lists_remote_cache; Type: TABLE DATA; Schema: public; Owner: synapse
--

COPY public.device_lists_remote_cache (user_id, device_id, content) FROM stdin;
\.


--
-- Data for Name: device_lists_remote_extremeties; Type: TABLE DATA; Schema: public; Owner: synapse
--

COPY public.device_lists_remote_extremeties (user_id, stream_id) FROM stdin;
\.


--
-- Data for Name: device_lists_remote_pending; Type: TABLE DATA; Schema: public; Owner: synapse
--

COPY public.device_lists_remote_pending (stream_id, user_id, device_id) FROM stdin;
\.


--
-- Data for Name: device_lists_remote_resync; Type: TABLE DATA; Schema: public; Owner: synapse
--

COPY public.device_lists_remote_resync (user_id, added_ts) FROM stdin;
\.


--
-- Data for Name: device_lists_stream; Type: TABLE DATA; Schema: public; Owner: synapse
--

COPY public.device_lists_stream (stream_id, user_id, device_id) FROM stdin;
2	@admin:localhost	OZJZGYFHKP
6	@admin:localhost	PExhpsiEzrVbb+nJW0okj2KxglVfRiJSlcyD0+MMljI
7	@admin:localhost	hJ2/IzKfbNkQKWlWXSO0LCSGtcCOfc2csC55NNXc2EQ
9	@admin:localhost	LWSWGUCQHK
13	@user1.matrix:localhost	beSzgvmiqhyOlsq4MZxq3tNAMlxVH0/q0zWZ5l+taX0
14	@user1.matrix:localhost	XDO/JuW2hr3pn+yiAgaWGlXOiZkLZTXihr135+Z5YnA
15	@user1.matrix:localhost	TVVUNPJUJZ
16	@matterbot:localhost	PWRMYRIUQD
17	@mm_user1.mm:localhost	RQAXSULDUM
18	@mm_user1.mm:localhost	CTHQGTXACR
19	@mm_user1.mm:localhost	PKQQWLAPGS
23	@user1.matrix:localhost	VPHDFELNLR
26	@mm_user1.mm:localhost	NEISSLGWTR
28	@admin:localhost	WYMFZMMAGV
31	@mm_user1.mm:localhost	NPASEFYMXA
33	@mm_user1.mm:localhost	NYIKZJDRFF
34	@user1.matrix:localhost	GQUGBBJECP
37	@user2.matrix:localhost	XJGUXKWQTC
39	@user2.matrix:localhost	5b6cQaGf5GV8+fQLo2zlNmEYv5aKsgv9yrozWTIeYd0
40	@user2.matrix:localhost	w0M80S3bnAUb+n2nKhpdQVpRgy9D7oinRrWkM2IpREs
42	@mm_user2.mm:localhost	EJTXMDRSFA
44	@user2.matrix:localhost	GKJBQYVCXV
45	@mm_user2.mm:localhost	KYXTRJOYRV
47	@mm_user1.mm:localhost	ZZCPHWONCH
49	@user1.matrix:localhost	SADCQVCOAS
53	@mm_user2.mm:localhost	KITXFMZISQ
54	@user2.matrix:localhost	AGGSXBPCOI
55	@user3.matrix:localhost	SOHHLFUXPZ
58	@user3.matrix:localhost	JYMLVEKGHU
61	@user1.matrix:localhost	YOPETZJIMM
63	@user2.matrix:localhost	WLPLHFHZUL
66	@mm_user1.mm:localhost	ZBXQDUITVM
67	@mm_user2.mm:localhost	FMYHCZTKYR
71	@mm_user2.mm:localhost	UVFQMBESYP
73	@mm_user2.mm:localhost	CVEBVWQOTR
75	@mm_user2.mm:localhost	QWEBRKLJKV
76	@mm_user2.mm:localhost	IUKMOEVWXH
78	@mm_user2.mm:localhost	KSYKFGVZHK
80	@mm_user2.mm:localhost	JDCIMUQOKJ
81	@mm_user2.mm:localhost	NRWXYHOZHF
82	@mm_user2.mm:localhost	GWSODNGKWN
84	@mm_user2.mm:localhost	YRJUMJDOTL
86	@user1.matrix:localhost	VDICYNRLYT
88	@user1.matrix:localhost	TYRQVABKXX
90	@user1.matrix:localhost	GEGNBCWDZH
92	@user1.matrix:localhost	WEAKIHRDEV
94	@user1.matrix:localhost	NZRPFLRSAA
97	@user1.matrix:localhost	IYHIHSVEEK
99	@mm_user1.mm:localhost	GWJZHMUMZC
100	@user1.matrix:localhost	KDXXHACNYX
101	@user1.matrix:localhost	KAJXFDNQSZ
102	@user1.matrix:localhost	CZTVSJDWNF
103	@user1.matrix:localhost	CWEARHDUGD
104	@user1.matrix:localhost	XLSCVWQFXA
105	@user1.matrix:localhost	YUNPJWSNYK
108	@user1.matrix:localhost	ODNEOYPGKD
112	@user1.matrix:localhost	DGRUMDVCBM
116	@user1.matrix:localhost	OYSHCNGSNY
119	@user1.matrix:localhost	QFUUJKKFTN
121	@mm_user1.mm:localhost	UJIULIRMBN
120	@mm_user2.mm:localhost	VGTDFTGCTC
125	@user1.matrix:localhost	MXUYRJBGML
126	@mm_user1.mm:localhost	RUHMIWBCVC
129	@user1.matrix:localhost	MHEFQYSOSJ
130	@user1.matrix:localhost	AGKMPWYTNG
131	@user1.matrix:localhost	EEZKKHFSQZ
132	@user1.matrix:localhost	YXYODYJSUO
133	@user1.matrix:localhost	FHSLEVUGCR
134	@user1.matrix:localhost	ZJFZTZCAKA
135	@user1.matrix:localhost	KYHCSZZSVY
136	@mm_user1.mm:localhost	YZURYGCAZN
137	@mm_user2.mm:localhost	GOBRRJALAB
138	@user1.matrix:localhost	VIIOQXFMHR
139	@user1.matrix:localhost	MERBZSSHQY
141	@user1.matrix:localhost	WEFSLDHKQY
142	@user1.matrix:localhost	DTWCIRRYLH
143	@user1.matrix:localhost	VGVZMENCED
144	@user1.matrix:localhost	REIEALSNTY
145	@user1.matrix:localhost	WMKPZDBULK
146	@user1.matrix:localhost	HWCBWCBYBR
147	@user1.matrix:localhost	CLVTQIMHDY
149	@user1.matrix:localhost	WSCUTEXBTQ
151	@user1.matrix:localhost	VFSKZPOZFC
153	@user1.matrix:localhost	VCMLSJAPAO
154	@user1.matrix:localhost	HGPAFDPXAI
156	@user1.matrix:localhost	HEEDMBZGMF
158	@user1.matrix:localhost	RJJYFKNGWR
160	@user1.matrix:localhost	MSPZHZFGDA
161	@mm_user2.mm:localhost	RQSENWOTJZ
\.


--
-- Data for Name: devices; Type: TABLE DATA; Schema: public; Owner: synapse
--

COPY public.devices (user_id, device_id, display_name, last_seen, ip, user_agent, hidden) FROM stdin;
@admin:localhost	PExhpsiEzrVbb+nJW0okj2KxglVfRiJSlcyD0+MMljI	master signing key	\N	\N	\N	t
@admin:localhost	hJ2/IzKfbNkQKWlWXSO0LCSGtcCOfc2csC55NNXc2EQ	self_signing signing key	\N	\N	\N	t
@admin:localhost	kYr3N/1MnZ/awEPS8nnspAtjycIp31aCMUeYcARH16M	user_signing signing key	\N	\N	\N	t
@user1.matrix:localhost	beSzgvmiqhyOlsq4MZxq3tNAMlxVH0/q0zWZ5l+taX0	master signing key	\N	\N	\N	t
@user1.matrix:localhost	XDO/JuW2hr3pn+yiAgaWGlXOiZkLZTXihr135+Z5YnA	self_signing signing key	\N	\N	\N	t
@user1.matrix:localhost	FcIIrw9PjZO3SoQHeMatSRfhcThhfPsmWYvHPKaboJw	user_signing signing key	\N	\N	\N	t
@matterbot:localhost	PWRMYRIUQD	\N	\N	\N	\N	f
@user1.matrix:localhost	TVVUNPJUJZ	localhost:8080: Chrome on macOS	1675958805843	172.16.238.1	Mozilla/5.0 (Macintosh; Intel Mac OS X 10_15_7) AppleWebKit/537.36 (KHTML, like Gecko) Chrome/109.0.0.0 Safari/537.36	f
@mm_user1.mm:localhost	RQAXSULDUM	\N	\N	\N	\N	f
@mm_user1.mm:localhost	CTHQGTXACR	\N	\N	\N	\N	f
@mm_user1.mm:localhost	PKQQWLAPGS	\N	\N	\N	\N	f
@user2.matrix:localhost	XJGUXKWQTC	localhost:8080: Chrome on macOS	\N	\N	\N	f
@user2.matrix:localhost	5b6cQaGf5GV8+fQLo2zlNmEYv5aKsgv9yrozWTIeYd0	master signing key	\N	\N	\N	t
@user2.matrix:localhost	w0M80S3bnAUb+n2nKhpdQVpRgy9D7oinRrWkM2IpREs	self_signing signing key	\N	\N	\N	t
@user2.matrix:localhost	vzY0MeHZtI5hpcf4M7D5iZJ4sPuFG9pARVs8WouUgxo	user_signing signing key	\N	\N	\N	t
@mm_user2.mm:localhost	EJTXMDRSFA	\N	\N	\N	\N	f
@user2.matrix:localhost	WLPLHFHZUL	localhost:8080: Chrome on macOS	1679416178864	172.16.238.1	Mozilla/5.0 (Macintosh; Intel Mac OS X 10_15_7) AppleWebKit/537.36 (KHTML, like Gecko) Chrome/111.0.0.0 Safari/537.36	f
@user1.matrix:localhost	SADCQVCOAS	localhost:8080: Safari on macOS	1679416251583	172.16.238.1	Mozilla/5.0 (Macintosh; Intel Mac OS X 10_15_7) AppleWebKit/605.1.15 (KHTML, like Gecko) Version/16.3 Safari/605.1.15	f
@user3.matrix:localhost	SOHHLFUXPZ	localhost:8080: Chrome on macOS	\N	\N	\N	f
@user1.matrix:localhost	XLSCVWQFXA	\N	1681130100745	172.16.238.1	Playwright/1.32.0 (x64; macOS 12.6) node/19.6	f
@user1.matrix:localhost	NZRPFLRSAA	localhost:8080: Chrome on macOS	1681127127383	172.16.238.1	Mozilla/5.0 (Macintosh; Intel Mac OS X 10_15_7) AppleWebKit/537.36 (KHTML, like Gecko) Chrome/112.0.0.0 Safari/537.36	f
@mm_user2.mm:localhost	NRWXYHOZHF	\N	1681111593620	172.16.238.1	axios/1.3.2	f
@user1.matrix:localhost	VIIOQXFMHR	\N	1681307387581	172.16.238.1	Playwright/1.32.0 (x64; macOS 12.6) node/19.6	f
@mm_user2.mm:localhost	IUKMOEVWXH	\N	1681111089908	172.16.238.1	axios/1.3.2	f
@mm_user2.mm:localhost	GWSODNGKWN	\N	1681111783490	172.16.238.1	axios/1.3.2	f
@user1.matrix:localhost	VDICYNRLYT	localhost:8080: Chrome on macOS	1681114847169	172.16.238.1	Mozilla/5.0 (Macintosh; Intel Mac OS X 10_15_7) AppleWebKit/537.36 (KHTML, like Gecko) Chrome/112.0.0.0 Safari/537.36	f
@user1.matrix:localhost	TYRQVABKXX	localhost:8080: Chrome on macOS	1681126918974	172.16.238.1	Mozilla/5.0 (Macintosh; Intel Mac OS X 10_15_7) AppleWebKit/537.36 (KHTML, like Gecko) Chrome/112.0.0.0 Safari/537.36	f
@user1.matrix:localhost	CZTVSJDWNF	\N	1681129757976	172.16.238.1	Playwright/1.32.0 (x64; macOS 12.6) node/19.6	f
@user1.matrix:localhost	GEGNBCWDZH	localhost:8080: Chrome on macOS	1681126960937	172.16.238.1	Mozilla/5.0 (Macintosh; Intel Mac OS X 10_15_7) AppleWebKit/537.36 (KHTML, like Gecko) Chrome/112.0.0.0 Safari/537.36	f
@user1.matrix:localhost	YXYODYJSUO	\N	\N	\N	\N	f
@user1.matrix:localhost	WEAKIHRDEV	localhost:8080: Chrome on macOS	1681127027944	172.16.238.1	Mozilla/5.0 (Macintosh; Intel Mac OS X 10_15_7) AppleWebKit/537.36 (KHTML, like Gecko) Chrome/112.0.0.0 Safari/537.36	f
@user1.matrix:localhost	KDXXHACNYX	\N	1681129573164	172.16.238.1	Playwright/1.32.0 (x64; macOS 12.6) node/19.6	f
@user1.matrix:localhost	CWEARHDUGD	\N	1681129976588	172.16.238.1	Playwright/1.32.0 (x64; macOS 12.6) node/19.6	f
@user1.matrix:localhost	KAJXFDNQSZ	\N	\N	\N	\N	f
@user1.matrix:localhost	YUNPJWSNYK	\N	1681130332259	172.16.238.1	Playwright/1.32.0 (x64; macOS 12.6) node/19.6	f
@user1.matrix:localhost	MHEFQYSOSJ	\N	1681306483715	172.16.238.1	Playwright/1.32.0 (x64; macOS 12.6) node/19.6	f
@user1.matrix:localhost	FHSLEVUGCR	\N	\N	\N	\N	f
@user1.matrix:localhost	ZJFZTZCAKA	\N	\N	\N	\N	f
@user1.matrix:localhost	REIEALSNTY	\N	1681308003399	172.16.238.1	Playwright/1.32.0 (x64; macOS 12.6) node/19.6	f
@user1.matrix:localhost	DTWCIRRYLH	\N	1681307794129	172.16.238.1	Playwright/1.32.0 (x64; macOS 12.6) node/19.6	f
@user1.matrix:localhost	AGKMPWYTNG	\N	1681306675178	172.16.238.1	Playwright/1.32.0 (x64; macOS 12.6) node/19.6	f
@user1.matrix:localhost	HWCBWCBYBR	\N	1681309188777	172.16.238.1	Playwright/1.32.0 (x64; macOS 12.6) node/19.6	f
@user1.matrix:localhost	EEZKKHFSQZ	\N	\N	\N	\N	f
@user1.matrix:localhost	KYHCSZZSVY	\N	\N	\N	\N	f
@user1.matrix:localhost	VGVZMENCED	\N	1681307924818	172.16.238.1	Playwright/1.32.0 (x64; macOS 12.6) node/19.6	f
@user1.matrix:localhost	HGPAFDPXAI	\N	1681311951736	172.16.238.1	Playwright/1.32.0 (x64; macOS 12.6) node/19.6	f
@user1.matrix:localhost	WMKPZDBULK	\N	1681308914514	172.16.238.1	Playwright/1.32.0 (x64; macOS 12.6) node/19.6	f
@user1.matrix:localhost	CLVTQIMHDY	\N	1681309425418	172.16.238.1	Playwright/1.32.0 (x64; macOS 12.6) node/19.6	f
@user1.matrix:localhost	WEFSLDHKQY	localhost:8080: Chrome on macOS	1681385061565	172.16.238.1	Mozilla/5.0 (Macintosh; Intel Mac OS X 10_15_7) AppleWebKit/537.36 (KHTML, like Gecko) Chrome/111.0.0.0 Safari/537.36	f
@admin:localhost	OZJZGYFHKP	\N	1681385134564	172.16.238.1	axios/1.3.2	f
@user1.matrix:localhost	MSPZHZFGDA	\N	\N	\N	\N	f
\.


--
-- Data for Name: e2e_cross_signing_keys; Type: TABLE DATA; Schema: public; Owner: synapse
--

COPY public.e2e_cross_signing_keys (user_id, keytype, keydata, stream_id) FROM stdin;
@admin:localhost	master	{"user_id":"@admin:localhost","usage":["master"],"keys":{"ed25519:PExhpsiEzrVbb+nJW0okj2KxglVfRiJSlcyD0+MMljI":"PExhpsiEzrVbb+nJW0okj2KxglVfRiJSlcyD0+MMljI"},"signatures":{"@admin:localhost":{"ed25519:LWSWGUCQHK":"3YlJSJZ12oVyK6WXIMHUuEIC16ctVfRL0954pBCem033ZsXuyhl7k7u3Q/X2nBBj4Z16Qt7AEY2BxmdajuuGAQ"}}}	2
@admin:localhost	self_signing	{"user_id":"@admin:localhost","usage":["self_signing"],"keys":{"ed25519:hJ2/IzKfbNkQKWlWXSO0LCSGtcCOfc2csC55NNXc2EQ":"hJ2/IzKfbNkQKWlWXSO0LCSGtcCOfc2csC55NNXc2EQ"},"signatures":{"@admin:localhost":{"ed25519:PExhpsiEzrVbb+nJW0okj2KxglVfRiJSlcyD0+MMljI":"H7H8bGpifgp5vpwa2pyyOaWBoybnL0E7qknWpjXmV0Onjo7wxKkkCNXYLDE4yuNNUsFmt0gk5+yVLty8EyjhBg"}}}	3
@admin:localhost	user_signing	{"user_id":"@admin:localhost","usage":["user_signing"],"keys":{"ed25519:kYr3N/1MnZ/awEPS8nnspAtjycIp31aCMUeYcARH16M":"kYr3N/1MnZ/awEPS8nnspAtjycIp31aCMUeYcARH16M"},"signatures":{"@admin:localhost":{"ed25519:PExhpsiEzrVbb+nJW0okj2KxglVfRiJSlcyD0+MMljI":"QWjAIZsHhrIdeZ28agI81PQw3FADJg1R9naUWxlspRt2jnI34DYph4h/35EYx0XfUmQp/WZ7BHXyB10xkyz2BA"}}}	4
@user1.matrix:localhost	master	{"user_id":"@user1.matrix:localhost","usage":["master"],"keys":{"ed25519:beSzgvmiqhyOlsq4MZxq3tNAMlxVH0/q0zWZ5l+taX0":"beSzgvmiqhyOlsq4MZxq3tNAMlxVH0/q0zWZ5l+taX0"},"signatures":{"@user1.matrix:localhost":{"ed25519:TVVUNPJUJZ":"ayiUJcfBfu1NuKTcUoEPjlEiLrwmMWg/rSScfJBgGXMc9HLIKRZTWfGYaXA1Xm8VDgBdoEaDXX+XfHo7mbWsCQ"}}}	5
@user1.matrix:localhost	self_signing	{"user_id":"@user1.matrix:localhost","usage":["self_signing"],"keys":{"ed25519:XDO/JuW2hr3pn+yiAgaWGlXOiZkLZTXihr135+Z5YnA":"XDO/JuW2hr3pn+yiAgaWGlXOiZkLZTXihr135+Z5YnA"},"signatures":{"@user1.matrix:localhost":{"ed25519:beSzgvmiqhyOlsq4MZxq3tNAMlxVH0/q0zWZ5l+taX0":"waOgjO4z0CGVmjygGBFWMMf12xOAG8nUdjV5p4dGkF+6ka75XDZ7ynfi6q87QuvZ+EoENWwji3F6PWXFXtHXBg"}}}	6
@user1.matrix:localhost	user_signing	{"user_id":"@user1.matrix:localhost","usage":["user_signing"],"keys":{"ed25519:FcIIrw9PjZO3SoQHeMatSRfhcThhfPsmWYvHPKaboJw":"FcIIrw9PjZO3SoQHeMatSRfhcThhfPsmWYvHPKaboJw"},"signatures":{"@user1.matrix:localhost":{"ed25519:beSzgvmiqhyOlsq4MZxq3tNAMlxVH0/q0zWZ5l+taX0":"JPl2KUUyu9z6cvqm50NNhRAT9NDltcG/vPGovjjoIN2QRG+FHuPvLctR2JfJxlhzD6RtES02SOYBuuHv1qVUAQ"}}}	7
@user2.matrix:localhost	master	{"user_id":"@user2.matrix:localhost","usage":["master"],"keys":{"ed25519:5b6cQaGf5GV8+fQLo2zlNmEYv5aKsgv9yrozWTIeYd0":"5b6cQaGf5GV8+fQLo2zlNmEYv5aKsgv9yrozWTIeYd0"},"signatures":{"@user2.matrix:localhost":{"ed25519:GKJBQYVCXV":"DPSX4W/xf1CbDNcDU0DjA7remmZJdYvlcGh5xM2kr2gu8WNLv5zUMQoUI6XJoz3FHockq3IHsQclAhshzL7vBg"}}}	8
@user2.matrix:localhost	self_signing	{"user_id":"@user2.matrix:localhost","usage":["self_signing"],"keys":{"ed25519:w0M80S3bnAUb+n2nKhpdQVpRgy9D7oinRrWkM2IpREs":"w0M80S3bnAUb+n2nKhpdQVpRgy9D7oinRrWkM2IpREs"},"signatures":{"@user2.matrix:localhost":{"ed25519:5b6cQaGf5GV8+fQLo2zlNmEYv5aKsgv9yrozWTIeYd0":"ZF8K+ta0UD+f+8oBKObJMhRS+Ur9+5gY9QZSw71gXIqnWUEgIgaIL3f7hKwZY7fn7AAqQNZ2wprAeyAQxjVXDw"}}}	9
@user2.matrix:localhost	user_signing	{"user_id":"@user2.matrix:localhost","usage":["user_signing"],"keys":{"ed25519:vzY0MeHZtI5hpcf4M7D5iZJ4sPuFG9pARVs8WouUgxo":"vzY0MeHZtI5hpcf4M7D5iZJ4sPuFG9pARVs8WouUgxo"},"signatures":{"@user2.matrix:localhost":{"ed25519:5b6cQaGf5GV8+fQLo2zlNmEYv5aKsgv9yrozWTIeYd0":"kChd5mIOdVQvWquzxlS862w9o86lcVyUNXENycwiu1MY+WSmyhis48/D4PUiknv+z18/JznR/IXY57OeLXZDAA"}}}	10
\.


--
-- Data for Name: e2e_cross_signing_signatures; Type: TABLE DATA; Schema: public; Owner: synapse
--

COPY public.e2e_cross_signing_signatures (user_id, key_id, target_user_id, target_device_id, signature) FROM stdin;
@admin:localhost	ed25519:hJ2/IzKfbNkQKWlWXSO0LCSGtcCOfc2csC55NNXc2EQ	@admin:localhost	LWSWGUCQHK	OaW6io7zPXG3tMOuTiK08VaihJ2LvFN8K1okNYoEZ2ezL83U8oOVXhX+eBAeURXGAV/qB3lZ6a8TSfHddKzfBw
@user1.matrix:localhost	ed25519:XDO/JuW2hr3pn+yiAgaWGlXOiZkLZTXihr135+Z5YnA	@user1.matrix:localhost	TVVUNPJUJZ	/STyt607WZGFv9Pqw1skvanc1mCD4Scj8FmjFr3zz0ZMryw4l9J2RaW+iNivHpfPOKqU0AJ/9vsMsc3eeMhvDA
@user2.matrix:localhost	ed25519:w0M80S3bnAUb+n2nKhpdQVpRgy9D7oinRrWkM2IpREs	@user2.matrix:localhost	GKJBQYVCXV	10C25SBcinrz4Wq9bwJbMnxzZiRDe0U25LxwatVWphCLRbfWboGX2hqbrECiLMW4WTI8eEiOKHagKEDM/e7SBw
\.


--
-- Data for Name: e2e_device_keys_json; Type: TABLE DATA; Schema: public; Owner: synapse
--

COPY public.e2e_device_keys_json (user_id, device_id, ts_added_ms, key_json) FROM stdin;
@user1.matrix:localhost	TVVUNPJUJZ	1675956810704	{"algorithms":["m.olm.v1.curve25519-aes-sha2","m.megolm.v1.aes-sha2"],"device_id":"TVVUNPJUJZ","keys":{"curve25519:TVVUNPJUJZ":"NVFjCldekp+Q0Gybz7MGqQhPgU3Lpk8JqGBKUBNEyBs","ed25519:TVVUNPJUJZ":"f8/gI7YahE0lvtIPvFS+kZu7B465C0mawM5+EKvklAg"},"signatures":{"@user1.matrix:localhost":{"ed25519:TVVUNPJUJZ":"vo/Ca+ZIll2MsEG6H4K2tqhv2ErNIUYbn2uvEMjJWzItjaTFaVOcthvbfqOjTxlsVPFQImuuFrGIeczJkd+WAw"}},"user_id":"@user1.matrix:localhost"}
@user1.matrix:localhost	SADCQVCOAS	1679410033082	{"algorithms":["m.olm.v1.curve25519-aes-sha2","m.megolm.v1.aes-sha2"],"device_id":"SADCQVCOAS","keys":{"curve25519:SADCQVCOAS":"WsgaufmaTY6XprvN2Mi/MmC/3Jy+gAXDh7dgdXXs4Fo","ed25519:SADCQVCOAS":"+NnsQbIuuo8Bz6XntaAJNMKGZfDvVOER18+btvCb1/E"},"signatures":{"@user1.matrix:localhost":{"ed25519:SADCQVCOAS":"jMSVDZtzsx275btu2+c1dabRZHZdw9xddk3tM8YREpY2f4Y1AAqNnHH3OgUI6fweW1zDQgSnnm3CaLlzs00lCg"}},"user_id":"@user1.matrix:localhost"}
@user2.matrix:localhost	WLPLHFHZUL	1679413047758	{"algorithms":["m.olm.v1.curve25519-aes-sha2","m.megolm.v1.aes-sha2"],"device_id":"WLPLHFHZUL","keys":{"curve25519:WLPLHFHZUL":"+Vb1GMl6zNMjwPEpM9nlmSBw6eBKfJTj82KqDy6UeGI","ed25519:WLPLHFHZUL":"YqB2/p/HZk98XGXPMEjyOXspKmo7MueOVyhjh4aAuAg"},"signatures":{"@user2.matrix:localhost":{"ed25519:WLPLHFHZUL":"nTiFgV51Isfb4hshOLATZyuzhlRPmBAH8JcT8Z8ZCMihro/gm6wMkxKHH6vMkTYfspqFwn7U01/UbUtHDwQDBg"}},"user_id":"@user2.matrix:localhost"}
@user1.matrix:localhost	VDICYNRLYT	1681114847662	{"algorithms":["m.olm.v1.curve25519-aes-sha2","m.megolm.v1.aes-sha2"],"device_id":"VDICYNRLYT","keys":{"curve25519:VDICYNRLYT":"W+97OtXqzFmMPlcGnVOjq2s4WhCNM7nYGhZdY+ME+FE","ed25519:VDICYNRLYT":"AettF8N9foOE7ZeHYs5hXAWWzRlCnkQ/qzSjb4dT5RI"},"signatures":{"@user1.matrix:localhost":{"ed25519:VDICYNRLYT":"HQim61XaO6IX82MNU/fu6UqMD4/OgA8hxpClzZp68gbNy54lGBEiHFRJmVCNQyN0zBmN/i2um7iQz2GWIkwFBg"}},"user_id":"@user1.matrix:localhost"}
@user1.matrix:localhost	TYRQVABKXX	1681126919469	{"algorithms":["m.olm.v1.curve25519-aes-sha2","m.megolm.v1.aes-sha2"],"device_id":"TYRQVABKXX","keys":{"curve25519:TYRQVABKXX":"OCtVqKu4upKwvfdKl6CEmR2YbTsw5wRcmNyw62BijhI","ed25519:TYRQVABKXX":"B0OZN8GwLawV2rEQAppiJwukuDQZHv5KQT5wm2AIuys"},"signatures":{"@user1.matrix:localhost":{"ed25519:TYRQVABKXX":"nXedk8JPX4/RWVR2aA0ow309pUtWjW8h4PsybxSywbYr8GMCU3LhZyH9UoluikKAbnaJ4S4e5Si2O9U+MhydBA"}},"user_id":"@user1.matrix:localhost"}
@user1.matrix:localhost	GEGNBCWDZH	1681126961293	{"algorithms":["m.olm.v1.curve25519-aes-sha2","m.megolm.v1.aes-sha2"],"device_id":"GEGNBCWDZH","keys":{"curve25519:GEGNBCWDZH":"ir3QqDY28NkBJ7A7VgAIaYYcWuDA73yrOFqWLfEj1xw","ed25519:GEGNBCWDZH":"7ImjI8Hm3tZ9KQ8ynNFawgsdAIA2I8DCE/9hfQ4iad4"},"signatures":{"@user1.matrix:localhost":{"ed25519:GEGNBCWDZH":"K3j3MyMUnMMpSXe5mSjLRc717atjUmmaw0Q//C/vS3KacvxvMprWOzF+85dgWjq/OG1tKM9fZFE9yPY8V6MEAw"}},"user_id":"@user1.matrix:localhost"}
@user1.matrix:localhost	WEAKIHRDEV	1681127028544	{"algorithms":["m.olm.v1.curve25519-aes-sha2","m.megolm.v1.aes-sha2"],"device_id":"WEAKIHRDEV","keys":{"curve25519:WEAKIHRDEV":"Upc2B1fsAzoTZc2rXlPr+5BBjMcEYlvOfN3CzfrgXTA","ed25519:WEAKIHRDEV":"5SuA7D9cUhUqjAcoLNXoiPYOflRxKwf5JTZSqzrs3QI"},"signatures":{"@user1.matrix:localhost":{"ed25519:WEAKIHRDEV":"yHVgWmt14TfDiDcAjaz1pYsVvJFuLrUj/ljDGv485hN4b+HR9qm5ISiwbvTJoZQWPPyT82uTG+smVoJl3pV7BQ"}},"user_id":"@user1.matrix:localhost"}
@user1.matrix:localhost	NZRPFLRSAA	1681127127595	{"algorithms":["m.olm.v1.curve25519-aes-sha2","m.megolm.v1.aes-sha2"],"device_id":"NZRPFLRSAA","keys":{"curve25519:NZRPFLRSAA":"BAB3vnF4zWiByfkPC12Dmqt+M4E1Pkrur0TlyokE0BM","ed25519:NZRPFLRSAA":"YvBvJpO2O8VpDAw8C1FgJMrTMrAFPlPyhedXEffxAAc"},"signatures":{"@user1.matrix:localhost":{"ed25519:NZRPFLRSAA":"+8DxtcBq57zzqcii4Nx3sDszV5pTYRinYQ/9hv5vPOxXslZSieXUkh89fYLwfjC/r4A1c0zfpQTffi4zaxgoBw"}},"user_id":"@user1.matrix:localhost"}
@user1.matrix:localhost	WEFSLDHKQY	1681307759694	{"algorithms":["m.olm.v1.curve25519-aes-sha2","m.megolm.v1.aes-sha2"],"device_id":"WEFSLDHKQY","keys":{"curve25519:WEFSLDHKQY":"wE8ZnoXWTIme3PJO7oJgWVwGPCMQLaiZiHx8La0PUVs","ed25519:WEFSLDHKQY":"CxUpdCketf++vqCk83vfq13bAITYx53d6V3qXzjz+ag"},"signatures":{"@user1.matrix:localhost":{"ed25519:WEFSLDHKQY":"eni9nL0XbtmD+G/4sEYL4ZCmHFotHbtTfZiL85NmawJrw/R1iYnU+ve7CUPsRbh2NtrtXbVxVzapeFz6f4rAAw"}},"user_id":"@user1.matrix:localhost"}
\.


--
-- Data for Name: e2e_fallback_keys_json; Type: TABLE DATA; Schema: public; Owner: synapse
--

COPY public.e2e_fallback_keys_json (user_id, device_id, algorithm, key_id, key_json, used) FROM stdin;
@user1.matrix:localhost	TVVUNPJUJZ	signed_curve25519	AAAABg	{"key":"1mkvKqnczKDOelhS8V4eyRhGWG8Le7+1+4B1wIFRvjE","fallback":true,"signatures":{"@user1.matrix:localhost":{"ed25519:TVVUNPJUJZ":"AHdg7tQUyiDOQveX8bXr7/NXOZ/6NebyhqCIdcLIDSHD7i4N75aGdfQzGLC7QO3RsyfnXO08+g6/cMClwZZqDg"}}}	f
@user1.matrix:localhost	SADCQVCOAS	signed_curve25519	AAAADA	{"key":"tBcVtEyN6Ydn9iL24V1H7mmCurlgBnEkMY/QI/8N6B8","fallback":true,"signatures":{"@user1.matrix:localhost":{"ed25519:SADCQVCOAS":"vXMUoP57VQ5NVk8C1UFG5spKo3Jf0pK9ckdALyEPxWGrGp1Wa5cfzZm2BLlJXGF4Yo0QJ+Nyz/hjzcbpU/CKDg"}}}	f
@user2.matrix:localhost	WLPLHFHZUL	signed_curve25519	AAAABg	{"key":"n/+q/tojApIrnNMeo1gbPnlL3S0q4iu6njv3jRTYA3Q","fallback":true,"signatures":{"@user2.matrix:localhost":{"ed25519:WLPLHFHZUL":"RzTo9LrbRqU6QPWr0ODeDas76nRy7pnr+AdF+vHoWX9lQMT3OTxpc2blFr5CRpAL7f1RwSfLjEyc7yx9scCAAg"}}}	f
@user1.matrix:localhost	VDICYNRLYT	signed_curve25519	AAAADA	{"key":"9Znf3NiIn+BC07+IgWxU/TvSovqhOZwSOHLvagQY53k","fallback":true,"signatures":{"@user1.matrix:localhost":{"ed25519:VDICYNRLYT":"crBPKC5pbtLJI8mtGJnkltw1yvh8DYT1nR+sSb7XRsxPWunCcrV+GGtFx5nLxbAzUfz7LjYV5z16xbpc9xMoCw"}}}	f
@user1.matrix:localhost	TYRQVABKXX	signed_curve25519	AAAADA	{"key":"nP52+g5NrzWk1rxJ0fH/ulk6t3I1kBOl/ZX/Fhi7Pxw","fallback":true,"signatures":{"@user1.matrix:localhost":{"ed25519:TYRQVABKXX":"7LFwm0/BMNaOfum+I4a7w9YolqrT8YerU3jmLIHIMR4qSaLWlnsQHrA2XS/oDNKO4vPKNum9FrIM34ICCPVwDA"}}}	f
@user1.matrix:localhost	GEGNBCWDZH	signed_curve25519	AAAABg	{"key":"M+FEo2JAJ+ysTZDmZ6Uo9Ub++ejQmjnJmDokchh6VBY","fallback":true,"signatures":{"@user1.matrix:localhost":{"ed25519:GEGNBCWDZH":"BtLLiq3qDg1EHjihszGYE6aLbh2wf1L2e3gNQ6LuaNJH2Y82XzaBq46/ccSn/U6FjyV49lLW9wkkAjvhZqDIAw"}}}	f
@user1.matrix:localhost	WEAKIHRDEV	signed_curve25519	AAAADA	{"key":"s7LRATYPph3Hf0vSoY+j21FCiDlZSiZ9eMBJj1CH9Ts","fallback":true,"signatures":{"@user1.matrix:localhost":{"ed25519:WEAKIHRDEV":"rZ2ZEgar1i5MlIPGgrmEXqVSkA4bR5mZHnrPaxQ5auQYH/y9n2QeQWvIF8SqOEvb/+ykQlJ8FsLvu8WBq1hNCA"}}}	f
@user1.matrix:localhost	NZRPFLRSAA	signed_curve25519	AAAADA	{"key":"9nx2IqnFtJ1cgmKwW4/frV3Iq4Rya2Fc/uQlfHRcmyg","fallback":true,"signatures":{"@user1.matrix:localhost":{"ed25519:NZRPFLRSAA":"aymnJ/7UwSUudK2tSMDGVEUULb+xle1C6K/xs8fpdJSKDeoxTWsxjKIiPWtCDhNv0ilWMCkpjjfwWQWu9uzJCQ"}}}	f
@user1.matrix:localhost	WEFSLDHKQY	signed_curve25519	AAAABg	{"key":"bk5IM1JyC6LvwH3WMya2LoqtOj8i9Egxn1UO6tToRRE","fallback":true,"signatures":{"@user1.matrix:localhost":{"ed25519:WEFSLDHKQY":"OlyMiMaBlJpM2rWDsPaSQGYZo2ot8Omewrs06s93HASAFMD8gLR8UcliUNZxTyqT/RjL4+PIos0Rsmt57mRJBg"}}}	f
\.


--
-- Data for Name: e2e_one_time_keys_json; Type: TABLE DATA; Schema: public; Owner: synapse
--

COPY public.e2e_one_time_keys_json (user_id, device_id, algorithm, key_id, ts_added_ms, key_json) FROM stdin;
@user1.matrix:localhost	TVVUNPJUJZ	signed_curve25519	AAAAFQ	1675956811300	{"key":"3zpXWzzcKP1TsIahfyiaLR6qXoX8tDQFcwgPBUB3szs","signatures":{"@user1.matrix:localhost":{"ed25519:TVVUNPJUJZ":"NyhQPSsldVLLgHWOdHK1xdpzI6T15zC5e6EqqM3KhtpbJsRXeYNY4MyxgEMdgdPIeB0XHuaSBN8MqnDe3WeUCg"}}}
@user1.matrix:localhost	TVVUNPJUJZ	signed_curve25519	AAAAFA	1675956811300	{"key":"qZElz+PZ6DaMl1kukE9UGZOTpH9Jcrll1dYCrthfJVA","signatures":{"@user1.matrix:localhost":{"ed25519:TVVUNPJUJZ":"X006NiI456MvUifMIgyT7fLvWfwzXvm4FYsSF4HuRi4W5OFWOqnnufCvJ5JX3lUKR9F805NwiUv0MdnEivwMBw"}}}
@user1.matrix:localhost	TVVUNPJUJZ	signed_curve25519	AAAAEw	1675956811300	{"key":"qT4WJI8iWr+3ILslqZYMMcR2DeDAOZ30XUHIIK+YlW0","signatures":{"@user1.matrix:localhost":{"ed25519:TVVUNPJUJZ":"1/NuY6GzQgefHQtfswnfUWrpMe682sNvP0OOVTIGEWC2NfAykvED7AXOKwugYI4HXAIdnwwd6LbGd9DYfucOBg"}}}
@user1.matrix:localhost	TVVUNPJUJZ	signed_curve25519	AAAAEg	1675956811300	{"key":"7nV4XL/MGEyeb55yhGEpcyNaCqGDyZg1xkMWupUylE0","signatures":{"@user1.matrix:localhost":{"ed25519:TVVUNPJUJZ":"A1kNFObmefgBvrPzkRSzDJkvoWNSXeLzrDcs5zQ+ZIPKeF4fgdkK2xqXIZUzvkT991RYrYg0XO+99yqy/lQuDA"}}}
@user1.matrix:localhost	TVVUNPJUJZ	signed_curve25519	AAAAEQ	1675956811300	{"key":"EuhtlUN/Pf9g/6WnqTcFxCvPUIgQ4H4ipT8D5ipMqlA","signatures":{"@user1.matrix:localhost":{"ed25519:TVVUNPJUJZ":"8xdP6tAJyF4oVHBBg5JzZpNBCl63late170YqwxYR7gOf5NdRblJj93FlrvKAOBTLLdscvcNGbdoSQuOVquMDg"}}}
@user1.matrix:localhost	TVVUNPJUJZ	signed_curve25519	AAAABQ	1675956811061	{"key":"7mKre+5J3SOnie1hJeo6NrMB3zALqsdJw6+v4VlCVWg","signatures":{"@user1.matrix:localhost":{"ed25519:TVVUNPJUJZ":"X7kvPcUej4psPqSv4SUpkH9gnfKCOBC5gZLYr2QXPXoNaRCYIhOTyAGC2itRx4YcPk1kCXyZ0mWdlzfD8DNBBQ"}}}
@user1.matrix:localhost	TVVUNPJUJZ	signed_curve25519	AAAABA	1675956811061	{"key":"FJJtiuh7w7Ok9G8WoR7ifmod9iH6RBYC+oz/J4YOPh8","signatures":{"@user1.matrix:localhost":{"ed25519:TVVUNPJUJZ":"O3osSsyRnhrGtFfxpbwRQi02T8e11d3C5nsoXSVPfjczbIUVnVW3tkw97oclqeSBA6ol2lBPYXqNwKlnkbnEBw"}}}
@user1.matrix:localhost	TVVUNPJUJZ	signed_curve25519	AAAAAw	1675956811061	{"key":"6Ap6Jli6RkeGdLIsVgG8jaY0Miy6JnXo8u+Lg5/zIzU","signatures":{"@user1.matrix:localhost":{"ed25519:TVVUNPJUJZ":"khymQG7nZAtlldD0Zoc5/xvUZ5+F4u7RPrdG2d/BddCgc/2cSYxhSIQ/rKcfkpZ9org8c/EGQCfcsE0ubnzCAQ"}}}
@user1.matrix:localhost	TVVUNPJUJZ	signed_curve25519	AAAAAg	1675956811061	{"key":"vlfWQ5t4r9M8hZuC3VVb4j2b1e1SnWAVBvK8yveJnU8","signatures":{"@user1.matrix:localhost":{"ed25519:TVVUNPJUJZ":"DarJhfWJ5C81OABuRAxDwhr4mawnAHzfy4Dd/sBE7b4nnAawAYoxk9K6D1XTkWGYmqkcF5iDyKFMRz+9Hq3eCQ"}}}
@user1.matrix:localhost	TVVUNPJUJZ	signed_curve25519	AAAAAQ	1675956811061	{"key":"ybt8yqjMYcMUC8VSTUwlVOMq2O+Bw2xxLQiRtDLS01Q","signatures":{"@user1.matrix:localhost":{"ed25519:TVVUNPJUJZ":"o1tOgHevdgAau4SDQmcCNLnxgZ9/83KCyoHh75f2Aps2XQgsGQOFeJ8e5i8+ai1I/HNfXzgbfMyhryvXAffiAw"}}}
@user1.matrix:localhost	TVVUNPJUJZ	signed_curve25519	AAAACw	1675956811167	{"key":"c7rhq19ejSplXccVFOJ/MIz3lX6ELtsJORObsaAgrRk","signatures":{"@user1.matrix:localhost":{"ed25519:TVVUNPJUJZ":"KfQWsw3fmZHkfPW6G5cLaHw1jiRm5gjFRdssA30sEpICp0bjL9Lb/qVK0fXNBWT0rN3TNkrfryCDnpIGcAogCw"}}}
@user1.matrix:localhost	TVVUNPJUJZ	signed_curve25519	AAAACg	1675956811167	{"key":"BWNJHU1qNa/Uf+hZFg5guOavObRIK/II/mnJhodt5lU","signatures":{"@user1.matrix:localhost":{"ed25519:TVVUNPJUJZ":"O6beUTJ5skyV/yXDxJYw6S2zxdC3Lg9ghttSUdgIyydVe0FxqnvlbRaINu7/wcVkndjmewVIGadh+jiICXfOBQ"}}}
@user1.matrix:localhost	TVVUNPJUJZ	signed_curve25519	AAAACQ	1675956811167	{"key":"jnvDdNkTf9cumOw3opVHp0M7qzL7sHBA6UOUpnWjQws","signatures":{"@user1.matrix:localhost":{"ed25519:TVVUNPJUJZ":"KpskXiCIjFo+aCv9XwGdbZId0YhXw7DVAOVE7VYWoV/D7+80SP5s2kJfnSvxk73Sc6xd5wrALD2DLCnefgqrCA"}}}
@user1.matrix:localhost	TVVUNPJUJZ	signed_curve25519	AAAACA	1675956811167	{"key":"ZIJAZoc9N8DTZKtgB+3cfKzuzCnZJapSTGt6KDFhq1w","signatures":{"@user1.matrix:localhost":{"ed25519:TVVUNPJUJZ":"1BJFu3VV/NzwuSZjDsI7dtZ6CWAFD71KqTHIwmrB6kWdw/maVnynRVMnP6wQTvXgK32bzXxK5qTgPy9PSnpNDw"}}}
@user1.matrix:localhost	TVVUNPJUJZ	signed_curve25519	AAAABw	1675956811167	{"key":"NBvG1s9AjAGPx+tF9Mm6q3UnRQjlIOPPWUJnEaPwbUw","signatures":{"@user1.matrix:localhost":{"ed25519:TVVUNPJUJZ":"QYTTSnCUDg/IbiVC4GjPKSn+9DFDH3jr8A2lPeqnAbGT5XRTnrL7Hvsd+gjjk1wOtXLKwr8EQRLGEmRvi0FqBA"}}}
@user1.matrix:localhost	TVVUNPJUJZ	signed_curve25519	AAAAEA	1675956811240	{"key":"ArDrX656iQzXEkUP/5vbdJcbRkJqjaSZiHdAQLzOECg","signatures":{"@user1.matrix:localhost":{"ed25519:TVVUNPJUJZ":"kZxj/U/gkzJbwFfsputW/Kk1mtcYRKbyD+ZK+DW6QoA6+14PYQHc2n/HFmZ6Ilytz8m/G0ZxNVKeFvxQ/NrQBA"}}}
@user1.matrix:localhost	TVVUNPJUJZ	signed_curve25519	AAAADw	1675956811240	{"key":"gbcWkTTAxzO758csgKUgBOqZd1J+b3aW80jU3zfmiWM","signatures":{"@user1.matrix:localhost":{"ed25519:TVVUNPJUJZ":"w18nSFl46Jv0g02fFIf7XlIDCocRM9sxkO8JgEqrF//54nizTcLWTaDQCrRiwNpHnNx4+7+4yqMMcaKIAvwxCQ"}}}
@user1.matrix:localhost	TVVUNPJUJZ	signed_curve25519	AAAADg	1675956811240	{"key":"apm6MrVwpUZM9Oy0JyasMyz1lsbVynXw3kAckKbvYRc","signatures":{"@user1.matrix:localhost":{"ed25519:TVVUNPJUJZ":"/8FgsJbSliniNibvytcnFOKNbt3VnRNdRX2UaWRiUryVEdfBlLzFXN76LKzXJSuiAuRXboetkhYmkASixeb/Bw"}}}
@user1.matrix:localhost	TVVUNPJUJZ	signed_curve25519	AAAADQ	1675956811240	{"key":"+hzefGvjyKQvQ0aDQKnl9slI0XDyoAPwgtiyXNJhEG8","signatures":{"@user1.matrix:localhost":{"ed25519:TVVUNPJUJZ":"vRo5wA2aYZaBRufYUvH/RymN/SUV/v62apYJU0nEfaOYQurKTeVvQPhYM+3t/jdpH+zoMuluBJphI3fsHpmXDA"}}}
@user1.matrix:localhost	TVVUNPJUJZ	signed_curve25519	AAAADA	1675956811240	{"key":"JbAJEDGfZZfapHWIrwd1ft5Qse7+GrndhXtJ3Px+EGU","signatures":{"@user1.matrix:localhost":{"ed25519:TVVUNPJUJZ":"MNRwz2Cvc4V/8yGMd2pHAsHIXbH6Cf8scw0utalI8LMZDLmvmXGmOFRSCE/YQHZULf0skj78B/uDJrCPZxYjBQ"}}}
@user1.matrix:localhost	TVVUNPJUJZ	signed_curve25519	AAAAGg	1675956811356	{"key":"UASdiJ2CNlBeBu8SaBOrXZXmIUcV/035yLejvyjB6nc","signatures":{"@user1.matrix:localhost":{"ed25519:TVVUNPJUJZ":"U2IRgrxEuOVR4MTTSHw+o3fr9beaFbTdVZfpRwog+bU1EtIVadflcbs8joEAgCHEnXhagki/0kIluyALAfNNAQ"}}}
@user1.matrix:localhost	TVVUNPJUJZ	signed_curve25519	AAAAGQ	1675956811356	{"key":"Cpz+zfCenIz4jW8ve31/Azxqr73z/gC7ANrsX2EvwgI","signatures":{"@user1.matrix:localhost":{"ed25519:TVVUNPJUJZ":"OxrniZVDmXmgfqhdicGlij3Wkh/14b/QcYIjzjzNm/GOVBqI1mVe+zS76/Mmukv728MC39PLTEpx84iFpNBaDA"}}}
@user1.matrix:localhost	TVVUNPJUJZ	signed_curve25519	AAAAGA	1675956811356	{"key":"yUqWJnNXoXQOAoy9VZ3/Ju5gTOujWNs8tEu9Y0FPlhY","signatures":{"@user1.matrix:localhost":{"ed25519:TVVUNPJUJZ":"x/Nk72UI+9dHbgJYlRN/E0fW9YKiwGKjwVtWJDoyhAQ8/bZfiYtV2gxg7u9DiSNAJL8opwT3r5hjJqnqCYDeBA"}}}
@user1.matrix:localhost	TVVUNPJUJZ	signed_curve25519	AAAAFw	1675956811356	{"key":"Tfg4vkXEEmoZ4LV90cHKju4ABfEpOhfLABf4LwDKP2Y","signatures":{"@user1.matrix:localhost":{"ed25519:TVVUNPJUJZ":"5P93jlFIOjMN4mEEPzYZ6y8hvnnH2bNJco25dp414jUWhxuqZliHobn5NQgB2KfkFeW//KbUA62gCBMghuxcCw"}}}
@user1.matrix:localhost	TVVUNPJUJZ	signed_curve25519	AAAAFg	1675956811356	{"key":"4jyE44w2bnaY3iJZx3CpvOoM2kwvd7lCaGxPgfAv0AU","signatures":{"@user1.matrix:localhost":{"ed25519:TVVUNPJUJZ":"+dLVyn59/RL1EMsRjjCHj65KvP15oggJWrafO9t6hQ54b4YBXljtPknbrfC+AQWfjSBoLC26IM27t9hvL1wAAg"}}}
@user1.matrix:localhost	TVVUNPJUJZ	signed_curve25519	AAAAHw	1675956811419	{"key":"/4eC4ssL0JyhiVYRmhMHlhjQDkwYRE21gJNsoFoWPn0","signatures":{"@user1.matrix:localhost":{"ed25519:TVVUNPJUJZ":"eIkz76DURW52+yvw2dntkJvPic4fj4ugyVIkX+DjVFqGByDzYTObgV04v+HCKuklA7Qp+7LOMl+gkmaNMtHSCA"}}}
@user1.matrix:localhost	TVVUNPJUJZ	signed_curve25519	AAAAHg	1675956811419	{"key":"CfKllqkEZ+hXV7Gx51gamRJYi1zGTE8jbUNZcSx1d3g","signatures":{"@user1.matrix:localhost":{"ed25519:TVVUNPJUJZ":"8sEcxrjqt01mcfDkeer+6a7vwOv1nGEAfbIrQlZSi5w0bG8mjkQV3jAo/nnWFOhs60X6M3SyRa9QJbp0VSG+Aw"}}}
@user1.matrix:localhost	TVVUNPJUJZ	signed_curve25519	AAAAHQ	1675956811419	{"key":"/NOnn7kupCi3zMXIIHfohAaSsa6aR2HXugqwUn2HaHg","signatures":{"@user1.matrix:localhost":{"ed25519:TVVUNPJUJZ":"rP0V1ZmDN9mTN6TDlQwR6Mc2w12T4hvmFmtJyk+ckQqPL5YRuxrAPH273u4r/z/rg7kRgmOqGayew8yQRxivCg"}}}
@user1.matrix:localhost	TVVUNPJUJZ	signed_curve25519	AAAAHA	1675956811419	{"key":"eeoNTsc9NU7i7Poevh2ezLTrS7Jkg61VLkOONey2BTA","signatures":{"@user1.matrix:localhost":{"ed25519:TVVUNPJUJZ":"6p5bVtJs0ZxCty0w//xvP/H6+9LvZ6qb75A0ktdcykoWLgJdOFhi2Hxg08nYwUcOZiK3jyGeDRauX/sIHLwqAg"}}}
@user1.matrix:localhost	TVVUNPJUJZ	signed_curve25519	AAAAGw	1675956811419	{"key":"QkixO8QbOamzbjAsTe+YiHW5939GiKvt/TweGlWScCU","signatures":{"@user1.matrix:localhost":{"ed25519:TVVUNPJUJZ":"LnNjANgfgt34GvQ3NJHJHO4Ec/+OdBMKdL84FVQP6FRW9GHAMepGXTyoZmnjsmlmHCb+1hTzS27KbJaKWFdjDw"}}}
@user1.matrix:localhost	TVVUNPJUJZ	signed_curve25519	AAAAJA	1675956811478	{"key":"Jz7ItxTgZKX3vMCHH5sL2QLx4LVtTGmGbXdQjVRapiQ","signatures":{"@user1.matrix:localhost":{"ed25519:TVVUNPJUJZ":"tfNsVFImXocwaS3aabXliF+VC5MaNC2OvUR15rgiJkO0f4OuDxQ9OfT1x0Ga4GnyTQQhjJuwudEvxngWXK89DQ"}}}
@user1.matrix:localhost	TVVUNPJUJZ	signed_curve25519	AAAAIw	1675956811478	{"key":"WriSTCVwKSduARrx7kgatcChxzwObR7Fnm9RZ3qjpD8","signatures":{"@user1.matrix:localhost":{"ed25519:TVVUNPJUJZ":"smeiBn8Ul3r+/fffFC0sixlVzNQqGle8iKW2u2Oxhb9t4RNfT6bPZ98/GaGO4p60qXP6G2w0hXv3R+gmEqmjDg"}}}
@user1.matrix:localhost	TVVUNPJUJZ	signed_curve25519	AAAAIg	1675956811478	{"key":"iEsSrd4PQec31IwrYDfDM8irEL9elGoUrOtZpUFcITc","signatures":{"@user1.matrix:localhost":{"ed25519:TVVUNPJUJZ":"LVRjDc9Uw/om21S8EppbsRND/+gKnHEsJj2/AGQk++2mEomqAJlxSFEUMsBvlLmEL1DSviBH+FqjK9C3qKpBBQ"}}}
@user1.matrix:localhost	TVVUNPJUJZ	signed_curve25519	AAAAIQ	1675956811478	{"key":"hI6KXWyKEf8NOxkRRAAsQOHgovD4zjBWrjbxZ1gWzU8","signatures":{"@user1.matrix:localhost":{"ed25519:TVVUNPJUJZ":"Q0AJYb6MU3Nt0hLmiuAAaTJyi5yjPnwE87lQLiPs7DM5URbFiQB+8hbqpWdH56Fu4Ga0J0/R5V8FwwcWlaAKBg"}}}
@user1.matrix:localhost	TVVUNPJUJZ	signed_curve25519	AAAAIA	1675956811478	{"key":"3AYoVKVJ91UI0yXnp6liLbtwOLnL1EzhlvhyDf1GRQE","signatures":{"@user1.matrix:localhost":{"ed25519:TVVUNPJUJZ":"MCtMXBekWsdsyIbFiIbF+OsophUooVDcPkPX/Fpvo4IY16yPqcmHOO+hkuy9rtj1VvxUJPn9RkyesXREo7QmCw"}}}
@user1.matrix:localhost	TVVUNPJUJZ	signed_curve25519	AAAAKQ	1675956811535	{"key":"6TwSU2K4Cd1f06jk3/1YQjPZdr4kCE52F0zgpsXXWws","signatures":{"@user1.matrix:localhost":{"ed25519:TVVUNPJUJZ":"Ff/1UDm5XX34Vrtr6x6ZpsxcoEOoQ0CV6vjWV328/UnKgLM3JEJGWNXipAK0M6BCqc1caf49eiCufx41X7PiDg"}}}
@user1.matrix:localhost	TVVUNPJUJZ	signed_curve25519	AAAAKA	1675956811535	{"key":"3IsMfAkOYC6NQZcLcg2kieNKuSW36KB1uxlqsJIpT1c","signatures":{"@user1.matrix:localhost":{"ed25519:TVVUNPJUJZ":"WYmGKeMBy0rajxDQmK4sxoMisloYWBm5qSO0St3HcVUtDn89YJUnS/xhYdgdb728oDv+LwmGBg5zzAZfSvSeCw"}}}
@user1.matrix:localhost	TVVUNPJUJZ	signed_curve25519	AAAAJw	1675956811535	{"key":"oyo/t4Rt+682nnTvauOOJ/LE+yIV3mk2GEl4INkiIF8","signatures":{"@user1.matrix:localhost":{"ed25519:TVVUNPJUJZ":"TRPFXsq3XAd6b3mdldJnZVP9MNfB7dFa7wm2PygOWQBjmgKNlV9QbnKwBHooEwzRMzlZM/q9jLDFl8u0xJMtCg"}}}
@user1.matrix:localhost	TVVUNPJUJZ	signed_curve25519	AAAAJg	1675956811535	{"key":"LuOhLssP8M9Fyu0xaoBr4Jo7nvgoCd3C8cGHl2jLAVo","signatures":{"@user1.matrix:localhost":{"ed25519:TVVUNPJUJZ":"L2zZhHGvsjxY/s+h1S1cmxlATJxuRBd3EpiELObpRkUEcr/4+J8esGeobsEZ77WleOYxx3DyXP3ta74PawZjCQ"}}}
@user1.matrix:localhost	TVVUNPJUJZ	signed_curve25519	AAAAJQ	1675956811535	{"key":"NicrbkU0JKuxEr3q13cCpmB67+hJcvrmeAGqvay41QE","signatures":{"@user1.matrix:localhost":{"ed25519:TVVUNPJUJZ":"PUIUVoj0Kvq0EUnnaaeSmbQjGYI1vDNgxjP/TpF6W7Y/vGL+j2aDyolEKV9vQn5UroMqI5jWQmvIXH7359BUDw"}}}
@user1.matrix:localhost	TVVUNPJUJZ	signed_curve25519	AAAALg	1675956811625	{"key":"cMn1rp9d/Mkxk8+WUULmrQiA5lMNFYYg/qdvjUgmsl8","signatures":{"@user1.matrix:localhost":{"ed25519:TVVUNPJUJZ":"/nakJ+kU4ZdR6a9gWkbYFnV8igp7ogD9GoJtTUu6HU4B4oG4qYAcr7LCChzXpfwb393VGkHUgwycXuQneoB2Dw"}}}
@user1.matrix:localhost	TVVUNPJUJZ	signed_curve25519	AAAALQ	1675956811625	{"key":"U9ycbK9ZksniOtD3fnKhJVQuqhoxuVmf6Vv2Orw8MRM","signatures":{"@user1.matrix:localhost":{"ed25519:TVVUNPJUJZ":"4iRFlMvs2bI5i5YXB/+THAmmOYd8BxOUdPfwVJVc+JyF5dCipUO2Q//7E5Jy9fm1aG1nO/JC6W0xtXp3B5l6Cg"}}}
@user1.matrix:localhost	TVVUNPJUJZ	signed_curve25519	AAAALA	1675956811625	{"key":"ggnlKMNh9JvVX4asKr6+ip2+jN+DcMZlTcXvxA4u9F8","signatures":{"@user1.matrix:localhost":{"ed25519:TVVUNPJUJZ":"rhs+B/N/cPBFzCJJGwIUo7Gttd5DG9+zDr2zE5Rno6yzI+4hrYVNvrjfPbN2eEhtm7z9D/dSJ6AaJBZUURW4CQ"}}}
@user1.matrix:localhost	TVVUNPJUJZ	signed_curve25519	AAAAKw	1675956811625	{"key":"eNPTDd68+dSADsvjw5uNJV0aT+IJFmswVK0VKRjLugw","signatures":{"@user1.matrix:localhost":{"ed25519:TVVUNPJUJZ":"fwQGrRl6O/5Bww3G5Jqr9qv2k/vGsHDso6xI6L0B50O8O9iCCop0HN0LB+OTHGu8o3hgBygltMU8LEkCHqt/Cg"}}}
@user1.matrix:localhost	TVVUNPJUJZ	signed_curve25519	AAAAKg	1675956811625	{"key":"Pa+Xq1YycH4jf/JzuQMt/8uIBrQmVq88iDdkcXT8ozw","signatures":{"@user1.matrix:localhost":{"ed25519:TVVUNPJUJZ":"IRlVRMsufP4T1VbGhX/PsvFPn1cEfo404lZe7DAD32n7TOg734zPAjBu6CpPHmqedj0I9Of/VqzmJIdhewGaCA"}}}
@user1.matrix:localhost	TVVUNPJUJZ	signed_curve25519	AAAAMw	1675956811758	{"key":"xx8rWp7jdw5I1xUpWh+a+trwR1nFAnj0gGbXK5oJ7nY","signatures":{"@user1.matrix:localhost":{"ed25519:TVVUNPJUJZ":"U5G8jqrXUwFu0qZ8Y33HvuA5nIlEMs+uWINO14iFGrOa59CdnoEXVfX9k0ETEM9YsZpuCJkeRRxmM4ppQqFvDA"}}}
@user1.matrix:localhost	TVVUNPJUJZ	signed_curve25519	AAAAMg	1675956811758	{"key":"/64EcNyM80uhejLaAa4PHI+rnzrHykC2Wf1sbZDrHEY","signatures":{"@user1.matrix:localhost":{"ed25519:TVVUNPJUJZ":"PdDdBLvcslh2VRa/G+bNzqQKMrUFc312hRF7wpl8MeyvqR/H4ycNn4f/4Cky1qWYqEN5/NmHWfhI8bayfFIdAw"}}}
@user1.matrix:localhost	TVVUNPJUJZ	signed_curve25519	AAAAMQ	1675956811758	{"key":"UaCScvGhFGs5bOomvKhOcZj9sU0ckcglq3xnC1eyvg4","signatures":{"@user1.matrix:localhost":{"ed25519:TVVUNPJUJZ":"ne6zUncFW4KHudvtabo5Vo5ks7Jo9KX9hnTw9tEQRkDjUPp01DvLT9jzche8aWBZ8qLSPvaXbVUuAkoE2/N2CA"}}}
@user1.matrix:localhost	TVVUNPJUJZ	signed_curve25519	AAAAMA	1675956811758	{"key":"n7L4bO8OVSxzn1i3rCzByk3zORM+hsGLYo2tGTycg1M","signatures":{"@user1.matrix:localhost":{"ed25519:TVVUNPJUJZ":"Y7j5Py7cE6Zdo1ayMwf1dJKYUdwvOKbjkTYVDLYGeDqDhxxy+KxyhUTkEToUtkUgew5ecOBomYlp+rwdfoXzBw"}}}
@user1.matrix:localhost	TVVUNPJUJZ	signed_curve25519	AAAALw	1675956811758	{"key":"2Qh/QdcNN/I76KnlxgHQ23cqP+88iDz3PCrwL0XRDSk","signatures":{"@user1.matrix:localhost":{"ed25519:TVVUNPJUJZ":"hlzN2WbD/nX7D7s0jlIaOU+DIEEshhu5P8eBxu1+mrzYA0mVT1ENljjHUx7n4wj5h3NktgpF7duXFkIR4Z9yDA"}}}
@user1.matrix:localhost	SADCQVCOAS	signed_curve25519	AAAABQ	1679410033808	{"key":"ECKjwoGAPW15GkeCNIzVmWAPZbvTkKLYXE/+nl8Ld0Y","signatures":{"@user1.matrix:localhost":{"ed25519:SADCQVCOAS":"MSWwT/lhlp0GwKN6Qlvq4RlvI/9kBw4RTEwHpes28pM1gme5YUvBO3rUJBEZW+yYsNJSoIw4mW3xnv+rbXq2BQ"}}}
@user1.matrix:localhost	SADCQVCOAS	signed_curve25519	AAAABA	1679410033808	{"key":"tID3XPx9x5gHIJV4bKcNMs5L9r0Ztt75j2KmNfnDmVQ","signatures":{"@user1.matrix:localhost":{"ed25519:SADCQVCOAS":"4iGJnQy/zLyLK5ETiqWu6NvqjoNFRZrswPat4RDk7VQ/6LcZZu+OhYSNsnPCAq11Me1a/ZTmWoZIX9xGcGJuBw"}}}
@user1.matrix:localhost	SADCQVCOAS	signed_curve25519	AAAAAw	1679410033808	{"key":"TynPClj5LN3ELh+9Pl1uhhB23X9S99LjLFz87v01700","signatures":{"@user1.matrix:localhost":{"ed25519:SADCQVCOAS":"8Jw5TYZtQeQhkCoZG4a2N6hcr2X0yIYjlAtQziAXzJXc7OtY9c+zUmUxGMS5pHfzcz43K8Zx0nkKyzR8Ie75CQ"}}}
@user1.matrix:localhost	SADCQVCOAS	signed_curve25519	AAAAAg	1679410033808	{"key":"nP4WYip77cnbheVcNgVsQILqYcrt3nECWiNdR/sps38","signatures":{"@user1.matrix:localhost":{"ed25519:SADCQVCOAS":"T7L4LdIxXo+vDTZZVGKGqOj2NEpGGKp1Ek5Wy0HO5K3jv3YcXW9gnFhEP6Z2mCnbiuLK9vWbZ/sg/yIMYsvVCA"}}}
@user1.matrix:localhost	SADCQVCOAS	signed_curve25519	AAAAAQ	1679410033808	{"key":"lR7uU/zH/f8ucd6w4DuhsS6w7KCv19bKgklmV3Gt0Vs","signatures":{"@user1.matrix:localhost":{"ed25519:SADCQVCOAS":"M6Dqipp3s/sTw3aTcIL5JKcVZnw4k50GDIaQaZUusFKP21DCiEvos3b4KjDhuSPmxZno6uCVfBQXx8+4uuiUAQ"}}}
@user1.matrix:localhost	SADCQVCOAS	signed_curve25519	AAAACw	1679410033889	{"key":"KKAJ4tR+wd61Moxb2UbR0w+uJN0uTLL6SjmS/8zwBxM","signatures":{"@user1.matrix:localhost":{"ed25519:SADCQVCOAS":"idm3tDrrmfwwJU/juiENXgSXqdXLdzr0HiLkik5SiqIH5R2jyRxxa3oNyCrQyeDPJGPRrjpT0xY2BAWb8pW4Dw"}}}
@user1.matrix:localhost	SADCQVCOAS	signed_curve25519	AAAACg	1679410033889	{"key":"ym6dnGet7QYIb40avgB1mVyOjjh4z9fbMRpv/Bd/YyE","signatures":{"@user1.matrix:localhost":{"ed25519:SADCQVCOAS":"Z8DO8ni838/PMxbry91Bg57LNQwB0+qPb7dnO1CHoHB3mW8PG5vHFZg1r5G7z2cdqYnXrc1LggihSvZw5B9YBA"}}}
@user1.matrix:localhost	SADCQVCOAS	signed_curve25519	AAAACQ	1679410033889	{"key":"iYHegmpxNBrJa1KrpwcFBiwNLchEY1W3ZNZTm6rXtj4","signatures":{"@user1.matrix:localhost":{"ed25519:SADCQVCOAS":"+AcFjTDk/rtWq7SvZAuvoqEj61YZxkUgpYs3NOtFnaJoiMWVOome1otLd9/mK2hxW3TqCk2DexyS1xgFpm/gDA"}}}
@user1.matrix:localhost	SADCQVCOAS	signed_curve25519	AAAACA	1679410033889	{"key":"NOQDiKseUO1voh9fexMr+efOQ2fcgXKLpmaPUHaz2Cs","signatures":{"@user1.matrix:localhost":{"ed25519:SADCQVCOAS":"8fhn4F/ObhHQ0JAWkHnryxrYpiBmavKgfqBt2VfZWp0OiPDZ35zdtc0+UEhTvdGmHGghYHPmSMtesiCzHX/SCA"}}}
@user1.matrix:localhost	SADCQVCOAS	signed_curve25519	AAAABw	1679410033889	{"key":"Uu+RCcO7dq3NOKZPBirdm+NZtgwbBGTERiwYN9I2HGA","signatures":{"@user1.matrix:localhost":{"ed25519:SADCQVCOAS":"eJFYfEOWAE+rrzN1HbNMO3Kl8uPO5iFJ+EzHAyH/uwrRR+c91OGoJKL/M98ywoQm4rPGCThhND6usMQ0o7LaBQ"}}}
@user1.matrix:localhost	SADCQVCOAS	signed_curve25519	AAAAEQ	1679410033950	{"key":"kgt/D8EgLkEM7OLM7r6CgV4ZEqdHisfwJU9j7F662HY","signatures":{"@user1.matrix:localhost":{"ed25519:SADCQVCOAS":"W5xcp4XHr724M45CYY1C1YA5j+LrrZ+VFh8bdbEAa8Hf3YJZ31nfBwjEccmA7MDLSMWJvCi8BEQ23PtR2y6iAQ"}}}
@user1.matrix:localhost	SADCQVCOAS	signed_curve25519	AAAAEA	1679410033950	{"key":"TuTR3xTLaDCSwn6GRzq4v1y43OefRQDtB25rhtGNaSk","signatures":{"@user1.matrix:localhost":{"ed25519:SADCQVCOAS":"lAON8fh2Bx2HUW5QL9tb4h2pTmV7c866Y0wLZFn+v9mYThRV7bKC0//Oe0ZwuFUTuw+1x6fS8Ewsr1Ce+A4KAA"}}}
@user1.matrix:localhost	SADCQVCOAS	signed_curve25519	AAAADw	1679410033950	{"key":"5HSnYEaZOncOPho3Zd15snZVZmHtqcthjCVXkOmATH4","signatures":{"@user1.matrix:localhost":{"ed25519:SADCQVCOAS":"ptV0sA05ONqeAd8vdm8Nic9W+nwydZrg86Siv3glrpPi7HV7Ent0FECFpXT9OTeNIRapgnGbIUmGgQmU2x5+Bg"}}}
@user1.matrix:localhost	SADCQVCOAS	signed_curve25519	AAAADg	1679410033950	{"key":"BqiMRS21+KR8kcuRA3LzKKkaOMvyDZZZ+TUZ8KYVrjg","signatures":{"@user1.matrix:localhost":{"ed25519:SADCQVCOAS":"qK+uBChYF8gES5t4DQhSo8WmJ8ajGlpivAN359LLkhtddYw7HGkWyiDv+oRnmCCZ6ysDYEzcr/Aes3OskY08Bw"}}}
@user1.matrix:localhost	SADCQVCOAS	signed_curve25519	AAAADQ	1679410033950	{"key":"/JBfEp34Oe0bOPf3R/y9n3egJdXwzQTAfdrLkldhKBs","signatures":{"@user1.matrix:localhost":{"ed25519:SADCQVCOAS":"nhr4hSVf2HdkyaCA+wN1EDwVAbwKDRzWW77FjCIA/X6DbbdiACt/5D/cDCtEZfIuFFVIELyVkzXW91aJzoS1BQ"}}}
@user1.matrix:localhost	SADCQVCOAS	signed_curve25519	AAAAFg	1679410033983	{"key":"vbSL5nzhabLIEwTmb0OAM1i+HiuF97mgXhGpBFx2uAQ","signatures":{"@user1.matrix:localhost":{"ed25519:SADCQVCOAS":"esFqRmzE3RNXoFDDOnwaOLFr7raKYGbTQMzUQAm/XaxsKhsGX0vtxtgXlFJdcpoz7tNQ9XclSU8zc7+OiX/IAQ"}}}
@user1.matrix:localhost	SADCQVCOAS	signed_curve25519	AAAAFQ	1679410033983	{"key":"XGmQKvd09d2XhpTy/G0aCG0y0BWVof/56YoYvzefc1k","signatures":{"@user1.matrix:localhost":{"ed25519:SADCQVCOAS":"3E+BVq1g80VY392G2ieIwf+VyViiA9qpY29ZMleD/wbzPr+eEQSWTlwhztTBkLCQT7YwnHRp6K4huzunI8NXDw"}}}
@user1.matrix:localhost	SADCQVCOAS	signed_curve25519	AAAAFA	1679410033983	{"key":"/AUweS2hSiqFxax8wm9s6OE/Ws7YVKjWytiTtR/YfnE","signatures":{"@user1.matrix:localhost":{"ed25519:SADCQVCOAS":"mkFWvTNUwlSdyib6MY/ZM2VamXfXKDqMXIhy/9Q8MixAoyX3k8mDsIQuqQ0pTU8fg6fSKpZb9nKNvnpgSuPLDg"}}}
@user1.matrix:localhost	SADCQVCOAS	signed_curve25519	AAAAEw	1679410033983	{"key":"H6qpULm7oTN4r/xfTiIEYkUAJOOYWzm8cuoYb42Qr2c","signatures":{"@user1.matrix:localhost":{"ed25519:SADCQVCOAS":"Py8D848s6JDavVy0ZmbkGrsneoQeeAlMlhNzXA3wAnViPMAch3dPML7/I99/109bkx2iIKHIuguPXyNEDauoAQ"}}}
@user1.matrix:localhost	SADCQVCOAS	signed_curve25519	AAAAEg	1679410033983	{"key":"xtZOd8UmsVhw4B8yaEhR+46HFGczoneFAoGOfOwYlWM","signatures":{"@user1.matrix:localhost":{"ed25519:SADCQVCOAS":"JYaKHaiKPOEtD0sQM/lm3YMjZ4yKlD6lH/XHap2K3CPGwa/EEqSRwnRlifzWlNyCBZ9scL9k/G8blEj1R2l8Bg"}}}
@user1.matrix:localhost	SADCQVCOAS	signed_curve25519	AAAAGw	1679410034025	{"key":"yEuYIgBuvjVb4N0OMKjsPICXANxI7vGdtYJz4d5/HGA","signatures":{"@user1.matrix:localhost":{"ed25519:SADCQVCOAS":"2etdI7An4X9VvroPKmKbJRCbuXwVonAjqIX43uJBvapUlfaBYfZ9AArGK1Pi470ShIiBUIy68lKbanRJ/IZXCw"}}}
@user1.matrix:localhost	SADCQVCOAS	signed_curve25519	AAAAGg	1679410034025	{"key":"JeACfVb48A7LdvC77ijKHRSJOs/6mZ5Pnc3Vjjsw7Wo","signatures":{"@user1.matrix:localhost":{"ed25519:SADCQVCOAS":"uFExUU38eqYzu+7tWyBKEYXSmPGtFrFzJ86JzVad7QtAtI781zoQB8RBNbKL200KEPtqkI/1w7fVdl7h/Gj7Ag"}}}
@user1.matrix:localhost	SADCQVCOAS	signed_curve25519	AAAAGQ	1679410034025	{"key":"J2BNv31isuBA9RV9DXSPcjwP1y+kB0Aby89OWz5Z3DU","signatures":{"@user1.matrix:localhost":{"ed25519:SADCQVCOAS":"vVFaml5HL1Guib3R/riRZ5gCqGcQ4uPjQsZP0Af/wm0LKKJ9onZshgDStGE/x6CloXHref2C0lEVIa1Gy3T8Aw"}}}
@user1.matrix:localhost	SADCQVCOAS	signed_curve25519	AAAAGA	1679410034025	{"key":"eJKKVLoumLUwYZFp7KBdcWK1oenG/BukEW/n6ROy2Q8","signatures":{"@user1.matrix:localhost":{"ed25519:SADCQVCOAS":"i0UOL+w2TQ0++yp4XiBSBqTNrqkR0XklzCgN2qUD4Z95akq+fvKlOZhcjBNFIt8GEgvvRNj+8d/k2zoQQi5rCg"}}}
@user1.matrix:localhost	SADCQVCOAS	signed_curve25519	AAAAFw	1679410034025	{"key":"nt0nXXdEmXJlCwnAPXYrsTMieADHiBApAX0NvkO1v0s","signatures":{"@user1.matrix:localhost":{"ed25519:SADCQVCOAS":"jxtcBYzef/4y7IL66Hxx4/cct7dQpfmUv45B2jngViGFg+3XzwJnv2BQmHXIQWxImqrPaKpfo60fX7nsBiavBw"}}}
@user1.matrix:localhost	SADCQVCOAS	signed_curve25519	AAAAIA	1679410034066	{"key":"Ke33w2bGGC3xIQpjFsH8u8uCAN9OU3r4r1p+tAIi02w","signatures":{"@user1.matrix:localhost":{"ed25519:SADCQVCOAS":"0GM110xR9GIyAM7rTi8cPCsGZqQjUYvC/+LQ+4Isqx9Knz+Q39SZmoz1JCxRfcQeLukt72gGereiNgJM3fEZAQ"}}}
@user1.matrix:localhost	SADCQVCOAS	signed_curve25519	AAAAHw	1679410034066	{"key":"wLRX8MNtW5fgQxr7heZamI18Ix6rxkAbBUac/hP/zHI","signatures":{"@user1.matrix:localhost":{"ed25519:SADCQVCOAS":"3UyOSvnmoNIvGuTI0aP0rsh3uXOivdfxKNOcHVhziChaMa7k9/es63ZgaZE8Z93QUN7YRAbdHdMZjx46rteXCA"}}}
@user1.matrix:localhost	SADCQVCOAS	signed_curve25519	AAAAHg	1679410034066	{"key":"HG169q/bNYvxukGuASCUBHy3xwjNjv+dFVkiNGcHQnA","signatures":{"@user1.matrix:localhost":{"ed25519:SADCQVCOAS":"6RcG4Et3VumdWA/MjszBkybO3JZFABKe4/vbZK8aL49wfU0d/C7gOCLUJehWyvdm5NxcS+8kWElbxE47Hi0nAQ"}}}
@user1.matrix:localhost	SADCQVCOAS	signed_curve25519	AAAAHQ	1679410034066	{"key":"qt4FGwa9i9IKpl1QqJ5lnbKwPnxKTj75gaf/rdPRmWw","signatures":{"@user1.matrix:localhost":{"ed25519:SADCQVCOAS":"2uJY4fGbP0vU5U6pMj+CNjCU4NkvvDZLDciZBdObWgPDUc7+pTt9VzNiZ2Wbn50kjvucSvkth/xkYbYDyyU2BA"}}}
@user1.matrix:localhost	SADCQVCOAS	signed_curve25519	AAAAHA	1679410034066	{"key":"EyyfJVs+j2ka+jRqW7lb0g0ZJt42NjGVtyqwfAkI2AI","signatures":{"@user1.matrix:localhost":{"ed25519:SADCQVCOAS":"+0Bu/ceyBwCi4WRKwV3BgT/pojiRvF44T3oCwUA0vER0aky7gWXFiVVlrzRI0UmFTU2sV+5ROEPSn7uI8on3CQ"}}}
@user1.matrix:localhost	SADCQVCOAS	signed_curve25519	AAAAJQ	1679410034109	{"key":"ksBpIfrM0VGGdsbrWSDkLydKAO9Gr9hAHRqsw82pIEA","signatures":{"@user1.matrix:localhost":{"ed25519:SADCQVCOAS":"s61hFHbL7nm0InALBreh2shzG9MdO7+l5VTofxtV4he8WUb4lOslzeoMJ9SN/tgmi0enKWGgFlszVyXXSQ1tAg"}}}
@user1.matrix:localhost	SADCQVCOAS	signed_curve25519	AAAAJA	1679410034109	{"key":"yvtm7kxW7Cl6g/F1GVUWuYF/Ik2l9Qfh1jLyfM6tyW4","signatures":{"@user1.matrix:localhost":{"ed25519:SADCQVCOAS":"HfRiqLmhJPLL2/nYiMlBf5yNbczQU2XYjLTDX9Ha728NwI6xEo94ZZyMhquPlqqibUcDZD0mm1i1o+c6zNLxCw"}}}
@user1.matrix:localhost	SADCQVCOAS	signed_curve25519	AAAAIw	1679410034109	{"key":"hEd4UqmO8rPUtRSLcNl1fbBqVpWWTDVE42pm/5OAm1c","signatures":{"@user1.matrix:localhost":{"ed25519:SADCQVCOAS":"vFBQxcGK1Cdg6SbSyarckIippYrJye0JYQhvveEwULJ4OtgUQsXA57FcPGJAQ83it9WW78BQ3F3R4LHbN22HCA"}}}
@user1.matrix:localhost	SADCQVCOAS	signed_curve25519	AAAAIg	1679410034109	{"key":"o3Cg6eAVV2+HYFA5/vFqUPYpiFQU7t3tDCxi2ZNEWVw","signatures":{"@user1.matrix:localhost":{"ed25519:SADCQVCOAS":"VS0W96WaG21NzFszKmPSXMU4wnxzfzECIvI6qlUxNqCc/S1SfxercsLttoajz7EePgqxSg6kN+YTDa5n8qRnBA"}}}
@user1.matrix:localhost	SADCQVCOAS	signed_curve25519	AAAAIQ	1679410034109	{"key":"3Lr+KCFizeCEbYNxQM+f1Qe3Oc1k01rble0YFQnicFg","signatures":{"@user1.matrix:localhost":{"ed25519:SADCQVCOAS":"bxzCQQad/Jfl1XsuYUgOh8ZpNIMwzxWd+0SBU6s+sk5F7iN4B5LhzfXvttcQVH4D6M3Zg3Xr8Q+YL2YHl5RSCQ"}}}
@user1.matrix:localhost	SADCQVCOAS	signed_curve25519	AAAAKg	1679410034155	{"key":"ujCZOpMhGM8NUuIWm8oHVxHlwPrGI7mw6N4cIYl5/BI","signatures":{"@user1.matrix:localhost":{"ed25519:SADCQVCOAS":"QtQjkzvXA3rvNKuDYOWVdEu6Yx1LYmMhkPGXXZSxoH7L5PL6ctQrypizZLD1QM+zhUZ0IgR97tNPRizd/eGgAw"}}}
@user1.matrix:localhost	SADCQVCOAS	signed_curve25519	AAAAKQ	1679410034155	{"key":"e3w5R+Le2ez7O41mJlTybxUxmMZ+NzLoC9ITtrxzxCQ","signatures":{"@user1.matrix:localhost":{"ed25519:SADCQVCOAS":"AbBsOhF+oAVWZz/6Rvhh7twyhZPewWMT6zuE271xGglM9nrY5fBfIZ9cNFeltY6I5v+A5kmEsIi8KgvNG2inBw"}}}
@user1.matrix:localhost	SADCQVCOAS	signed_curve25519	AAAAKA	1679410034155	{"key":"XNKF1sasK9DxJtaevFMIlzAC0GzE8qe3tJnKCYWFTyQ","signatures":{"@user1.matrix:localhost":{"ed25519:SADCQVCOAS":"aLGWGzLiqi3pPpENWHnm8mWNvphPJL8Zz8z5CJyARKs/JOQVMVIZgX9vRywlfNlSvGVVIOAAjQl4g/8rSG0rDA"}}}
@user1.matrix:localhost	SADCQVCOAS	signed_curve25519	AAAAJw	1679410034155	{"key":"m6KSk/NZjS/KX144BDKI9CTAOUERGsaMpN8xBSoojhs","signatures":{"@user1.matrix:localhost":{"ed25519:SADCQVCOAS":"gWtjjA+YqIfCgNeEy5PbyQDTv0nNBC4MVP4Sv6zwagzatcZjPrdbvXVN+YQ+a49bLetoms84UvalZC1C+QrmBA"}}}
@user1.matrix:localhost	SADCQVCOAS	signed_curve25519	AAAAJg	1679410034155	{"key":"xAapVH9+D8nByY3ORt2Ah36LUNPfzYySb0DaK2BJPxc","signatures":{"@user1.matrix:localhost":{"ed25519:SADCQVCOAS":"rzKSUAyn6wK8Az6yFsYVfn6lkM2lluAF6r4063beSWJF8eEq5dR9BeR8FNpk8u3kkfoeX1dMmdKEG9TC26GkDQ"}}}
@user1.matrix:localhost	SADCQVCOAS	signed_curve25519	AAAALw	1679410034196	{"key":"+Ea02fWG6sW8dWJPexq7jcX2nNAftgHdlsH7ghJm/Fk","signatures":{"@user1.matrix:localhost":{"ed25519:SADCQVCOAS":"iEWKgsZM5tmAotcT/xxdrqxqNYeV5URfzJRQ1jVAe9FAgyJiHPlCG81KGxrB+4TeMKnDvSuNyBf+4HQGyhsyCQ"}}}
@user1.matrix:localhost	SADCQVCOAS	signed_curve25519	AAAALg	1679410034196	{"key":"evKO2DWZkLSSPvDj6o9TGvtvY/u6sYwOp0dGX5KsJAc","signatures":{"@user1.matrix:localhost":{"ed25519:SADCQVCOAS":"kpWS9VxiCxNZL9+KGZvhJY8B8ZwwYovwjyV+z8OrlpZ3YmLHh0pKyP3K+cxvL9TFGHwiqh06D/lNiKsO6rxOAw"}}}
@user1.matrix:localhost	SADCQVCOAS	signed_curve25519	AAAALQ	1679410034196	{"key":"n5P8kYCHUnLk4+T8vPhNweBXdOoA6PmXson4tB2dgQg","signatures":{"@user1.matrix:localhost":{"ed25519:SADCQVCOAS":"xqpHE+aOc5dsEdxilBfZzl/zqFE4gAzoS4/P+kOmfYUTNnTDfcQHPwJJwVm/Ufc9Xvb17yjYbJM2NqO6F8PcBA"}}}
@user1.matrix:localhost	SADCQVCOAS	signed_curve25519	AAAALA	1679410034196	{"key":"45NTZyBnf4uWPLCNgIYMnq3bxdyj1E/PpTmIcpdnnH4","signatures":{"@user1.matrix:localhost":{"ed25519:SADCQVCOAS":"sFqm6I9B93qOmJWGQ8vKimXVKlD2aH5y/UUJA0OFuc1gYOTZ2eHTDR3TjYpVzPQviT6IjFEjoBaNDX1uopf9Bg"}}}
@user1.matrix:localhost	SADCQVCOAS	signed_curve25519	AAAAKw	1679410034196	{"key":"O+CnFRof9TijFQh4L7TDfXqJXJzNau2iZZ9Z0/TtemM","signatures":{"@user1.matrix:localhost":{"ed25519:SADCQVCOAS":"dRTmSBUSb8EfwVd07m4Gz8ATmFoqWJgeM5CMdXtvfHEI+rKb/0I0XU7zaO0kO5AXSNDDvFW0myLKJcqC9FUsDA"}}}
@user1.matrix:localhost	SADCQVCOAS	signed_curve25519	AAAANA	1679410034238	{"key":"nM3WMC/+t5jBFxf4I89s0+qxBS07hJErvLtWcYqqnXU","signatures":{"@user1.matrix:localhost":{"ed25519:SADCQVCOAS":"QSGoOM+EiubcrGAIuARyC5/a1qR54mLDH1s9Cc/7Qr3t3qlu1JygNqrkuwgcylMkacUtDlxWFqvKTzXHIOK0Dg"}}}
@user1.matrix:localhost	SADCQVCOAS	signed_curve25519	AAAAMw	1679410034238	{"key":"S+s47sBw4cZbGJkr4ueKsLEIycJbUxXeSdMfSYyT+34","signatures":{"@user1.matrix:localhost":{"ed25519:SADCQVCOAS":"uwao168Ut9YD4SHzZPn8lQGYWQm7oQ4jo0VbKREDJ0H4DywFIqsrM0wNPDb6sGkeBxXn3wLHVjoerodwaTGpDQ"}}}
@user1.matrix:localhost	SADCQVCOAS	signed_curve25519	AAAAMg	1679410034238	{"key":"42VWEkfK5jkoZ+8iTQEkKJLB6XHI4pe8UBRInfjzzAY","signatures":{"@user1.matrix:localhost":{"ed25519:SADCQVCOAS":"6ySwybhA05P6Q/H/D3P5att2FUhGm622I1CD9tIiAubyfORpSBVDmPxht9d8fk9yYUpbKvKTBzhvaf0v9i2ZBQ"}}}
@user1.matrix:localhost	SADCQVCOAS	signed_curve25519	AAAAMQ	1679410034238	{"key":"1GuA7K3LuXo5J6zXxld9hk4Z+t2jh3JwYqZXaViw/XQ","signatures":{"@user1.matrix:localhost":{"ed25519:SADCQVCOAS":"l5IcTtDL0dmwG2DbAUbxcL8G0hnxl7kTboEGCqS5JLDAdlZXTKgnhjF7ntPsmLXU3vtoPwDSXYC2zaCbQlrTBg"}}}
@user1.matrix:localhost	SADCQVCOAS	signed_curve25519	AAAAMA	1679410034238	{"key":"AA1MZo0gYUCVR1GK19+RxOKg5/b+yjepogOF9nBV92U","signatures":{"@user1.matrix:localhost":{"ed25519:SADCQVCOAS":"Cakapur+WzBhSTm94U3d+Iva4y6acQS9fin7oXwxK+vP5j4367g+ZEm6a6INd6wozcA/qmYQoKAc5zPys4tkCw"}}}
@user2.matrix:localhost	WLPLHFHZUL	signed_curve25519	AAAABQ	1679413048328	{"key":"sEsGBZHuO4Xooxtd/CzQ1pjvAl5r9J7Oy8MqXFY7QkI","signatures":{"@user2.matrix:localhost":{"ed25519:WLPLHFHZUL":"6t1a9NhNnA8AsKxQIEub2Q9MQnts1Z0wCldHafhFbUkYUjv62wzPZNVCx6STWyomsxBn0l5ER+KZJdv+7ZPNAw"}}}
@user2.matrix:localhost	WLPLHFHZUL	signed_curve25519	AAAABA	1679413048328	{"key":"el5FEXONrU+9/VmzLjH6847d/k64wJmHzNqTilgOBF8","signatures":{"@user2.matrix:localhost":{"ed25519:WLPLHFHZUL":"OxkCimAJnEvdfg3DRyTW4Rd2UvmOdWz3xil22rLVqAO8Q+JFNe9AJRBCf8wohvrcvSx1B7wJFaaOt4KG4cSTBQ"}}}
@user2.matrix:localhost	WLPLHFHZUL	signed_curve25519	AAAAAw	1679413048328	{"key":"+KCzfhPEt8O6g/rj+Qx0W6rjEIJSv9r6zFGOLy/uz1k","signatures":{"@user2.matrix:localhost":{"ed25519:WLPLHFHZUL":"WufO3P6uMUyA0nDBMlcePbfe2L5MJVyMuc9+X94CLrh0p5qzrqzFP+eH8jDTyneGx1O2TLtrju+ZDNrxKYTCDg"}}}
@user2.matrix:localhost	WLPLHFHZUL	signed_curve25519	AAAAAg	1679413048328	{"key":"D3KCcVXLzCaeuo603wsRgIwdHxDw06153OUHBFb4zWI","signatures":{"@user2.matrix:localhost":{"ed25519:WLPLHFHZUL":"oXWK6oARqz2ZjVvemYxvEPoNtjSTkf9PXwiOOVXMQ/SZ5fOsnvzggsqwh/7ZShbi5NNQNF8X8rUhlQK1Lg5ICQ"}}}
@user2.matrix:localhost	WLPLHFHZUL	signed_curve25519	AAAAAQ	1679413048328	{"key":"M5v2WucjPM+/feM5tLO0WpTKrnKnII5ut22g0Bi7EhQ","signatures":{"@user2.matrix:localhost":{"ed25519:WLPLHFHZUL":"CWDGsKetT4U7IaU+2Wn0l4GazGGprMJ5c0wmbAiLTaE+imlvi2+VVHktg+Z9NS4CjxN2Pa934GLQ8SibReqUCw"}}}
@user2.matrix:localhost	WLPLHFHZUL	signed_curve25519	AAAAHw	1679413048666	{"key":"ImQANOhObNCnYJegwBS6snVdhEJHk1DuZoya0TILjy0","signatures":{"@user2.matrix:localhost":{"ed25519:WLPLHFHZUL":"J6Tf6psV13T5AQLqa6URSpF43yhiTsEuOwdLB1o32CeMHpA1D+NaZNgRbJNGzzUnhobCrJnJcBzNecMjpPFsBw"}}}
@user2.matrix:localhost	WLPLHFHZUL	signed_curve25519	AAAAHg	1679413048666	{"key":"wTdU/7ozUDmuM+DHHBQduGAa4s3/+ymJuYAFQnckiAk","signatures":{"@user2.matrix:localhost":{"ed25519:WLPLHFHZUL":"Jq2dyKAXj7Y1qCp6mWXlQFFFape38pG427dkW2w90e8T25rViRpPeLveHUs60VnN+JGpl31zxs80bPcU6jrgCg"}}}
@user2.matrix:localhost	WLPLHFHZUL	signed_curve25519	AAAAHQ	1679413048666	{"key":"fzWjxNeK4M2ZMvBl2lqTNYm6UCYAnjwR36WRxef26Fg","signatures":{"@user2.matrix:localhost":{"ed25519:WLPLHFHZUL":"duutGd5fzACQPyr1r5iVh4JiOoK+gVrKhE89/wax8xsZmA/AWT+w5w6iJ5NfdQWSo68C3uif2FeBnO+69ivEAA"}}}
@user2.matrix:localhost	WLPLHFHZUL	signed_curve25519	AAAAHA	1679413048666	{"key":"iGwxl8kXEiIRpwmroj7alZRDOuWHcq4WW5dkou0EMCk","signatures":{"@user2.matrix:localhost":{"ed25519:WLPLHFHZUL":"Z6n0fDYtz6fF3z1kFzbmLsxQCVRHykT7srHbFybHT1RNe9dEvd5f5FoZkIlLo7+cvdQVvFXgj1dkndpmV1OQBA"}}}
@user2.matrix:localhost	WLPLHFHZUL	signed_curve25519	AAAAGw	1679413048666	{"key":"qgDmTxmQyLzqb8zMwVX432UamNLXN/sekg59rzgRxGc","signatures":{"@user2.matrix:localhost":{"ed25519:WLPLHFHZUL":"aSMYE9MoRPPuJVeMlFPr8WogYWoXd79y1MKBLwiC0OIcbEY1Pgs3tDtQ2ODpEvvvO+M71PGt4c2+COqDCSiODg"}}}
@user2.matrix:localhost	WLPLHFHZUL	signed_curve25519	AAAAKQ	1679413048928	{"key":"mDQAztqXyMV1TvXvB24w3wkhIqYrvlbGYn5FPRjfPBI","signatures":{"@user2.matrix:localhost":{"ed25519:WLPLHFHZUL":"0FOJca3wMGs05BrTmIJUDY3upaBGgGt0A0SIjsH19szrMzCjTnxdRnCD2bTCxJBU6Zn4WG8nrbSFQaF/yJjXCQ"}}}
@user2.matrix:localhost	WLPLHFHZUL	signed_curve25519	AAAAKA	1679413048928	{"key":"aPtP6a6D83TUAa/tT1ql07tclTR1At00lBBfWriGUG0","signatures":{"@user2.matrix:localhost":{"ed25519:WLPLHFHZUL":"0jdai54B4i3OnnKQfUUuk3uwEdqHg5hPBXUWb92KdGjzT+thqwwicF5aWGzz6pob0K0bvqHrKMQo+CvfH81YCQ"}}}
@user2.matrix:localhost	WLPLHFHZUL	signed_curve25519	AAAAJw	1679413048928	{"key":"xFzApK4x/DXARTV8YmXCa4/GvpKuj22H6yATA7Z/M24","signatures":{"@user2.matrix:localhost":{"ed25519:WLPLHFHZUL":"FAdMu6nOhzoFWX+MroXmv8kaZ4TCkjMClXoWiDtkeNdoD72JWn92PLsoMytdc6xCIp9wNSqBPjc2cqzJ8ZgJAw"}}}
@user2.matrix:localhost	WLPLHFHZUL	signed_curve25519	AAAAJg	1679413048928	{"key":"HYrsOp9O4szVIP1iQgkdWg99SpkDLj1LJLRFy8eH9XU","signatures":{"@user2.matrix:localhost":{"ed25519:WLPLHFHZUL":"pr7nlSkJw7mmOaRtEtsReIZRZ/W0xQ4qEQwMSp0oerqE8Y9WOvQR7BZDVCU0v4OllyWTRf0YVrzsDhjo/OetBQ"}}}
@user2.matrix:localhost	WLPLHFHZUL	signed_curve25519	AAAAJQ	1679413048928	{"key":"btihZ6FGSFh0cBuqSTJgf1dEdtIHfP3AQYi7cGgcxQQ","signatures":{"@user2.matrix:localhost":{"ed25519:WLPLHFHZUL":"bOcbZgqSVAFkU3Eujyhx6nY56Tk2yRbWeN8VC/avSLuz1tOk8EK0kQZyGFl4y0cgkWRKN8nvCIqVoZIIYiccAA"}}}
@user2.matrix:localhost	WLPLHFHZUL	signed_curve25519	AAAACw	1679413048428	{"key":"jSClcyKHQ2uZo0ud/VuXoG14N5JC93BbP/DYm5sRbUQ","signatures":{"@user2.matrix:localhost":{"ed25519:WLPLHFHZUL":"yvxsNvcd8UzDNgD3tI0/F9FxWvkjSIevBA6UkxxmB9/VjZ4HxL3FUMmi9MPxro8qSR0symHxFwNzN5S712u4AQ"}}}
@user2.matrix:localhost	WLPLHFHZUL	signed_curve25519	AAAACg	1679413048428	{"key":"7CTKo3TD/TNeuLdzpNDqrTrMK0qV6JtBXghlz3Pe0no","signatures":{"@user2.matrix:localhost":{"ed25519:WLPLHFHZUL":"oaCwRQaGY3hIOzDfLWjQLJRXeUniO1Z810IRfRKaoQBSMg8rnLI+ejYELhn0edYrI02d5Z1veTtbvJ8ezikKAA"}}}
@user2.matrix:localhost	WLPLHFHZUL	signed_curve25519	AAAACQ	1679413048428	{"key":"SAVw1gdMXsuzJiCYRD+zCNiRh+O7xF9neysnfu4rGgA","signatures":{"@user2.matrix:localhost":{"ed25519:WLPLHFHZUL":"IS9cN4jVWUk9CJUDpB/YUPuIIeI7avtYbEH675aofYStTt4YwEz4LPx+vYixZpAx/OBizaWX9BlLMYz46vx1Dw"}}}
@user2.matrix:localhost	WLPLHFHZUL	signed_curve25519	AAAACA	1679413048428	{"key":"6bTOIPIWpgrsANTSnqOiG4zeEvNO4jQyE+ibTu63jUo","signatures":{"@user2.matrix:localhost":{"ed25519:WLPLHFHZUL":"nnXWHlyylBjVaKml5Xt76pjeFNcDUa8LehL1IMNYLJ7RbPiPQnmXm6MONHWP7OCEEY+/X0xip5dWfA3FuNA8CA"}}}
@user2.matrix:localhost	WLPLHFHZUL	signed_curve25519	AAAABw	1679413048428	{"key":"oAlpboR4Tgoc0nJo/lkTqkoiJR/eW+jPySe2IleevzQ","signatures":{"@user2.matrix:localhost":{"ed25519:WLPLHFHZUL":"DW51KhgGe2BPSDIdul5m/5rkFi2MyhA19kCgZMIwEYrA8E/yW7feIO2dER7kH9DazvoVefz9DlNRfh6cO+vKCw"}}}
@user2.matrix:localhost	WLPLHFHZUL	signed_curve25519	AAAAJA	1679413048830	{"key":"xYymkz4XbogZYMp1fNaCcnpxbQWcleKGjldurNYUVWY","signatures":{"@user2.matrix:localhost":{"ed25519:WLPLHFHZUL":"gWghQbYq2bRFHUmznJv9hFbdkK6PHLQ5vnUow0L+XQsKygeCWnWp47mwgb981rfpWk1hqtN/a/ZSHHXZgzG5CQ"}}}
@user2.matrix:localhost	WLPLHFHZUL	signed_curve25519	AAAAIw	1679413048830	{"key":"P98ZlQZGP1pO4zyqF6nScvSHYpf6Z3p0JD3662FATh4","signatures":{"@user2.matrix:localhost":{"ed25519:WLPLHFHZUL":"rYhG5xE/sy50/XpWwthqHCH/f5T5/GG6LkQFIchKmuobN+ss3+Noylq4rpyLdfkgiq0PRWrvO+/Z8HDcJ6ABBQ"}}}
@user2.matrix:localhost	WLPLHFHZUL	signed_curve25519	AAAAIg	1679413048830	{"key":"Rf3/J/khDCk7G2JBE1Tg/7n7qFIxvbqLCcefWUlB5mc","signatures":{"@user2.matrix:localhost":{"ed25519:WLPLHFHZUL":"pRGQnoXXgwrCE74u2AGzPqZuVyPfgWXoTDZBEsvtQNlXxg6kE5k6OYRxyG2D56lU9zB8b/elkAsRDytw82d6Ag"}}}
@user2.matrix:localhost	WLPLHFHZUL	signed_curve25519	AAAAIQ	1679413048830	{"key":"bSvwDKD0AMT2eWdRR53ykHhiywNS8nCwuC3GcKCEwV0","signatures":{"@user2.matrix:localhost":{"ed25519:WLPLHFHZUL":"UWr8MfSgC9la34frloEorA9K7Y/NCYbQ5F+eoU/j2iqbsRS+2jqj5bNqiyZDB0Na9x2T6SEUevECj8XmdQLFDQ"}}}
@user2.matrix:localhost	WLPLHFHZUL	signed_curve25519	AAAAIA	1679413048830	{"key":"rWJAs7KgSc1drYkhGf7q3ZuVMtG2Mvim3kzInD3JoH8","signatures":{"@user2.matrix:localhost":{"ed25519:WLPLHFHZUL":"z4e1Qf5GKyHEK4VKnODlMiEigi9z6nsCtI1oBZ4a3GNK4SZHoMcU/wsPYkZWbV6+yPUZb+Zg4JhiMsNL9900Ag"}}}
@user2.matrix:localhost	WLPLHFHZUL	signed_curve25519	AAAAEA	1679413048484	{"key":"CtLvR/f2NwKqDnHfbW2drqO3r3tcG5oPjLZX09YuLHA","signatures":{"@user2.matrix:localhost":{"ed25519:WLPLHFHZUL":"G6ssueUF4BXaIhE0XlX8+k43DI87EtfG4ruxIHVHp1KPYx2KeADxxBEkMB+yG4jPskKWpLxRe1bKrRkg1T96BQ"}}}
@user2.matrix:localhost	WLPLHFHZUL	signed_curve25519	AAAADw	1679413048484	{"key":"jNGqJBc9G/mligZEXKl+0reJlxWW45huIEvtvQbXkUs","signatures":{"@user2.matrix:localhost":{"ed25519:WLPLHFHZUL":"5B6lBUiW9SVD6ETBHVWb6ldY37+BLLMsSUhy09g43nfIdS0GYkHip9lnFJjA+lYKI4HAw8XqZZKjFAK3XuiNCw"}}}
@user2.matrix:localhost	WLPLHFHZUL	signed_curve25519	AAAADg	1679413048484	{"key":"59bqWELO1R0g+Uvnz0iWQ1tEu9lrmU3C0b1klSMV8no","signatures":{"@user2.matrix:localhost":{"ed25519:WLPLHFHZUL":"xu9Juc3YIm6WHduwWgzmCNWDUrtngP0lG+HOlumsXSaM8c2YatpEqReqAI31wdU1NPSLtKVpsLLlHQjNxum7Cw"}}}
@user2.matrix:localhost	WLPLHFHZUL	signed_curve25519	AAAADQ	1679413048484	{"key":"YHB7twrxme/KTjbmYfoD7ArfV3lPpRhaWbVjOYrJhRE","signatures":{"@user2.matrix:localhost":{"ed25519:WLPLHFHZUL":"7K+x0+1prJwTm6bj0o7A2YCspYNaQbK/9naEyl1tiSR7MLH9V4utLKefV+sa4SGfDYRG5F8JGiBZ790dhpqEDQ"}}}
@user2.matrix:localhost	WLPLHFHZUL	signed_curve25519	AAAADA	1679413048484	{"key":"p5i08KvyepTy45DcEEjbhmOXiHKMv8Zt10DGj/nCgi4","signatures":{"@user2.matrix:localhost":{"ed25519:WLPLHFHZUL":"e3pXWptVWG0hkJHYzAXkZNp2cwqO+trVwdvqVQn1NaQOupJlTA3+isrtmDZqLSvqqnW5cttUhU3QVMqHQO4rCA"}}}
@user2.matrix:localhost	WLPLHFHZUL	signed_curve25519	AAAALg	1679413049012	{"key":"SoeahbzBRHBXOX32+En8YVPCNtziWlynhSSdZl1sQXs","signatures":{"@user2.matrix:localhost":{"ed25519:WLPLHFHZUL":"xZ1egL/exCmg5KuZo2yEBd8ueieznHN0Un//QPJhk1n8Cs+IO2ygNVv0NBDvVF8TT24JYDLlaN5FSXymc9mUBw"}}}
@user2.matrix:localhost	WLPLHFHZUL	signed_curve25519	AAAALQ	1679413049012	{"key":"YtfJL3KekEP3aWQplfxctbXhqhLGhOblivfmzFFr8iU","signatures":{"@user2.matrix:localhost":{"ed25519:WLPLHFHZUL":"twlNL8M+qVfNXlaJncNajegSaOBi1HCdpqYptifr6pjGOp/cSECieckQcWr37iVWK6bqy3nwNovLyVkD2RthBw"}}}
@user2.matrix:localhost	WLPLHFHZUL	signed_curve25519	AAAALA	1679413049012	{"key":"3sm8SNk0ejc6JZ133X32njgvEwt2jOMuhUJxtOUP0WY","signatures":{"@user2.matrix:localhost":{"ed25519:WLPLHFHZUL":"a5S9Z6ZI83aaVGqqPiLSVJ/g6LNlZd16lf9VI2eh+dV/LP6oUSDB04LPq8aiy1UnvBzYGiO+4JumF19d1m+BDg"}}}
@user2.matrix:localhost	WLPLHFHZUL	signed_curve25519	AAAAKw	1679413049012	{"key":"AYps7w0KvEAwPTubNOxlV4ELXNx0zTs6ygcWL7QXmzE","signatures":{"@user2.matrix:localhost":{"ed25519:WLPLHFHZUL":"9Fp0SS79JdHzXP1/qPiQrAG32cPq6kbI0rdtJV9KrCd6AcT2zU13wHFoKEAj7S6jQvCbX5oWN6v9SF1RbMkaBg"}}}
@user2.matrix:localhost	WLPLHFHZUL	signed_curve25519	AAAAKg	1679413049012	{"key":"Kl9jUJ4PRTi4s3lo8mKOg7tk9Pf5fPyV3wBJJ/UgDwQ","signatures":{"@user2.matrix:localhost":{"ed25519:WLPLHFHZUL":"2483z+wJc6Ne+GiDPObb/6xajnqRgXmNs6jozcHE8U2KMkc+X9z7ACgmjpqc3uFwKW2SYwxkppSHt/s1h4yZCA"}}}
@user2.matrix:localhost	WLPLHFHZUL	signed_curve25519	AAAAFQ	1679413048543	{"key":"E6DGN93gPglrBQpOVyOUQMpZUwuoxCZYWQmsYYwFQjc","signatures":{"@user2.matrix:localhost":{"ed25519:WLPLHFHZUL":"YSH4IJaj7sXeRB8XAA+m5Tfl+69QPOYCuC8C93lEvz60BshVV/F1Y8ClBSCSE+AFav0dX2NflfiU5yEofQlCBg"}}}
@user2.matrix:localhost	WLPLHFHZUL	signed_curve25519	AAAAFA	1679413048543	{"key":"Lctx4mWOcUQ8jO9r1iVeT3C7/C95sDF3Pxi5M1PisXg","signatures":{"@user2.matrix:localhost":{"ed25519:WLPLHFHZUL":"xOFMArZ4UpS1Hf2YaS8njzmK8br3gxyA06zlRwQlxeI4lmjhO9jQM4Z0L91AvjVF4O4QViY5IpBJM8NSzB0ADQ"}}}
@user2.matrix:localhost	WLPLHFHZUL	signed_curve25519	AAAAEw	1679413048543	{"key":"K4md0xdc8Ig+kcK+s0t34y01eP4cJ3j5+lVApwR+qj0","signatures":{"@user2.matrix:localhost":{"ed25519:WLPLHFHZUL":"eprU+SkZNAe2bzWx/KO6PcRfcDcH+ioqp3eGf1ddtHGcMI7htAyMQR1s3IGcOsR7QOd7xm/K0iWOnV1MQ6OLAw"}}}
@user2.matrix:localhost	WLPLHFHZUL	signed_curve25519	AAAAEg	1679413048543	{"key":"Rc+2oBhT43k9EkWo8GbP4/mrmoE0vjltqwwXVd2F/0s","signatures":{"@user2.matrix:localhost":{"ed25519:WLPLHFHZUL":"zaTwu0z4oEpl+ofU/dTuMXxuuF67Iiz5wZ7u1r8A56Tu5Lpoi7a4HOUL74xgYxNtiZqYF0SSdKVoRSeaueRCBQ"}}}
@user2.matrix:localhost	WLPLHFHZUL	signed_curve25519	AAAAEQ	1679413048543	{"key":"Y9UniR2IIkfhXtYO4HCvNfp40fuDblL48lwgJ3XcYyI","signatures":{"@user2.matrix:localhost":{"ed25519:WLPLHFHZUL":"+cth/OACL/zDmcdmPLmt1zwicJaW8f1fjBCdWljY8EEL0qGCtGnrenQmak4E7Anixq1ZgtsKvXemEdu882yDBQ"}}}
@user2.matrix:localhost	WLPLHFHZUL	signed_curve25519	AAAAMw	1679413049085	{"key":"D+J7DpX29IYxsDZVGmeKyIv7HevUxp8vlEJx2Rw2R1s","signatures":{"@user2.matrix:localhost":{"ed25519:WLPLHFHZUL":"O5reBz9aXKZezmk9hC4wZEJvLeGWRPZ6mF/491XfNKEkRXBLkf/tYJBI44BvAQVCqxMhG4aNZUnIklEjzaumBw"}}}
@user2.matrix:localhost	WLPLHFHZUL	signed_curve25519	AAAAMg	1679413049085	{"key":"iT9BZbgwZyfEre9c9NYCvqVBYC2DQd/PwivnNNF/YDw","signatures":{"@user2.matrix:localhost":{"ed25519:WLPLHFHZUL":"RLqXdgptd8fHMV+YaK24GR/rwInKNiiLbe/Ud/x2k3n3FmB0ACwhvBod0+HDoN8HM0CiNMRWtJcBUubGG4l7Dg"}}}
@user2.matrix:localhost	WLPLHFHZUL	signed_curve25519	AAAAMQ	1679413049085	{"key":"PoAfllI9Md3CfRURuZbH9PFI4pNRpsAeIP4m/OkvSFE","signatures":{"@user2.matrix:localhost":{"ed25519:WLPLHFHZUL":"BZmizC1oPChX54ANWAc4cjvpL5VXIsbUQZqzlZhcbU62GxIhNKMRNC4Dzi+SIePjMFvWM0TA8rrmpjJts7NADA"}}}
@user2.matrix:localhost	WLPLHFHZUL	signed_curve25519	AAAAMA	1679413049085	{"key":"4ux1iXb4Ss3lJutaZHLa1e4+XK3A9t/UOLDQvzcjzBk","signatures":{"@user2.matrix:localhost":{"ed25519:WLPLHFHZUL":"uCo5vkVkBdlu8kWaRFFgPCt9uWENWi5M3QHDjl+VHxUThhO+lT/G0Zp+K3eKEi8El9dYQO5gbNA3Xa93AdFbDw"}}}
@user2.matrix:localhost	WLPLHFHZUL	signed_curve25519	AAAALw	1679413049085	{"key":"IufRCVrhcy/Wub0AET4OcKtRq398IR5LkF5otzwvCnE","signatures":{"@user2.matrix:localhost":{"ed25519:WLPLHFHZUL":"CdqykwO0zIUHGsFYyWszcgzmMpJrLzGkm3zgBE9kKs5Oa7FA6ilgViGcAXS3nEcDtElOijDadOOl9WHAUqngDw"}}}
@user2.matrix:localhost	WLPLHFHZUL	signed_curve25519	AAAAGg	1679413048604	{"key":"RReJFTdaqI4Sxi0FDvp2EsHqmg5MKJjIGb/0/hIQx24","signatures":{"@user2.matrix:localhost":{"ed25519:WLPLHFHZUL":"JjEn+p/vxqxxBMqCGvL0Frj+e7+oFRao+n/nWvcD6p1uDQh9f9IfUCNRaOdXiwuN+6FlF6bb0LjEX7uuQOgzCg"}}}
@user2.matrix:localhost	WLPLHFHZUL	signed_curve25519	AAAAGQ	1679413048604	{"key":"jcDVIK38mxPe8C9cVm8rHCEbyQBRkMtPsH87aKnZcUY","signatures":{"@user2.matrix:localhost":{"ed25519:WLPLHFHZUL":"YcFgbYMh4kh+NYmNBMQIcVOgSQ5BNgogmlzq1eJ2lsO7ZbXwBpwM0XGoqjgvoIaPZnKBc9GQ8V52qSnVa+jAAA"}}}
@user2.matrix:localhost	WLPLHFHZUL	signed_curve25519	AAAAGA	1679413048604	{"key":"GE8yq+2wArylXFanH3WMhN8ytLoySNyUKDDEPAWwYHI","signatures":{"@user2.matrix:localhost":{"ed25519:WLPLHFHZUL":"lbLsGE8+gyGupA0GZ93Bg1bSnMvHuMVdymzJK8z8NfaIrvbTv6m0zVclRaBzCzIVJBBmGztA4GVIIuxCTZyJCA"}}}
@user2.matrix:localhost	WLPLHFHZUL	signed_curve25519	AAAAFw	1679413048604	{"key":"G1XpKBBVWnPIAMqNBb1pO/XnYOl6t0R/31xtMfLSDxk","signatures":{"@user2.matrix:localhost":{"ed25519:WLPLHFHZUL":"jrTzTZACPcHPdcFI/InAy1BsN6AyQmARTAQfEf4FMXt4xZc+qtImzzfYlf6nmq1+DgWrLa0SmQzahpeWeojnCg"}}}
@user2.matrix:localhost	WLPLHFHZUL	signed_curve25519	AAAAFg	1679413048604	{"key":"2IqaPX45oYM2OLad1S0VNe1oon119P5FuhTMDSqYnU4","signatures":{"@user2.matrix:localhost":{"ed25519:WLPLHFHZUL":"tSdzuFzJQpcPuPJNXvy/S69kfzn1fDUmDA2SMNQ9KHGIM1Efzoovo5lCzHQM63prrmJdnYauJX1NnOt3RBTkAA"}}}
@user1.matrix:localhost	VDICYNRLYT	signed_curve25519	AAAABQ	1681114850231	{"key":"OHP0u87jn1sJK61Z2AudxPFwn3o7btLoGDn5TAg0+lU","signatures":{"@user1.matrix:localhost":{"ed25519:VDICYNRLYT":"Q0jS/Dz1ZMdScchBkIQnR/fZFr0nsSDkPeFKb70z370yFBA8VhTq2ZgvJZ2Cq3QiQ6G5xdbrtUKGxUkPogJmAA"}}}
@user1.matrix:localhost	VDICYNRLYT	signed_curve25519	AAAABA	1681114850231	{"key":"DjUtwugzGNWYzci6heErfGH0v8aGCdYlXz0PIZV5nAQ","signatures":{"@user1.matrix:localhost":{"ed25519:VDICYNRLYT":"vlNiqVXnZ9QfUKI7HUYTWw9K3j8KLHXUhPJ3LPkGI/serMLm+pVp1DuHYghRr1oTeq1+rz40dghvxGt2WwYoBg"}}}
@user1.matrix:localhost	VDICYNRLYT	signed_curve25519	AAAAAw	1681114850231	{"key":"Tv/VlAIM5EFAzdZgiICXME7dlS921ghcQlHr1wd+k1Q","signatures":{"@user1.matrix:localhost":{"ed25519:VDICYNRLYT":"b+wm4ul52WoXP6WfUoSUhN9AIZDl0rc9FHFVtHS0emsf1hJRTRZAatFKIWFI/Q52sL3f3w/ZM5yJr+En9jl7BA"}}}
@user1.matrix:localhost	VDICYNRLYT	signed_curve25519	AAAAAg	1681114850231	{"key":"lpccM+IDZ0YQB6AxjUbX0I370yvMZpdHfqrqLyw9ZxI","signatures":{"@user1.matrix:localhost":{"ed25519:VDICYNRLYT":"S4n6CXtMTm5ti+P3qPG/4FuGsHF19n5c3kVmgVhf/Jn2AQ3YCADYtsa0cLrrmI26pbH0RsLT/pGRB+cpLTb/CA"}}}
@user1.matrix:localhost	VDICYNRLYT	signed_curve25519	AAAAAQ	1681114850231	{"key":"iOdBPOkNQtuinvvdZcXawSiYNpqmFiAbjkNGrh695yY","signatures":{"@user1.matrix:localhost":{"ed25519:VDICYNRLYT":"GuMNBboXUnSsQHmBfQJ8zg7zzxiBD2sf0z962peJlYIN2KZd102NZ5X7GQO5h77sDEFLvqaLscwIUrJ44Qu/Aw"}}}
@user1.matrix:localhost	VDICYNRLYT	signed_curve25519	AAAANA	1681114852504	{"key":"+sBXfcXwmEeXO2JKzukSSPVInIUY/Ic0h3p+qRdTrV4","signatures":{"@user1.matrix:localhost":{"ed25519:VDICYNRLYT":"e9x+zNolKIlFT0/6i4HcgO4NV9bqMe9XYTZUIpScXSSLxWyGG3rKGrODRQPYtA3r4jpuIhMSsmbCr38hHVICAg"}}}
@user1.matrix:localhost	VDICYNRLYT	signed_curve25519	AAAAMw	1681114852504	{"key":"RPMibXeMasth+QIfxU7/4tJjyIJs4L9oc/Dia1Fx3xQ","signatures":{"@user1.matrix:localhost":{"ed25519:VDICYNRLYT":"Z40hihmLmyB2p5fmuj7JUeW0LrGqP7pWpCbjTFtCu6fg1TINvxToMnozUuY2tte006IdVu0/gJaJEFU7keMICQ"}}}
@user1.matrix:localhost	VDICYNRLYT	signed_curve25519	AAAAMg	1681114852504	{"key":"rhPSq4pVRvHKkFUgQPFaSu4K+MsaAU8Fvmg8Y0bOSWo","signatures":{"@user1.matrix:localhost":{"ed25519:VDICYNRLYT":"h4sR6HFaM4mFSpv5AkmudKO4lgWTAzK8DiXK29rEOF1ZAePLYfDsaHDuTlrns02hUeTGgJD6AUEyuL3KA2j0Ag"}}}
@user1.matrix:localhost	VDICYNRLYT	signed_curve25519	AAAAMQ	1681114852504	{"key":"Ar8l/uXB5YHGhq4Iaawc9h9uGRN6DLVrIVi0qz7avEs","signatures":{"@user1.matrix:localhost":{"ed25519:VDICYNRLYT":"ab+ryanM5QEnuznjMOPVMaY1rEa7vyCOYnjEySDArO/a7LRnH2sUF/+qImq99yVaoG7Jj+n31av4NUgrlK+sCQ"}}}
@user1.matrix:localhost	VDICYNRLYT	signed_curve25519	AAAAMA	1681114852504	{"key":"Wwvh938m8xDhe7+U73CuvhjQTscgAqIPGtv1s049kVw","signatures":{"@user1.matrix:localhost":{"ed25519:VDICYNRLYT":"2TEhfceE5UdKeKoJsENHjX/o6rizLsoWfqmfiV/6aVrNO8EMwIBKh7FVLeOZeeJm0nVCCe21LIfWUEgMlwggAw"}}}
@user1.matrix:localhost	WEFSLDHKQY	signed_curve25519	AAAAGg	1681307761211	{"key":"OUjovGgj9Ltr8R49Pu32I+3xd5XhhFd7JGkLvLgT/nY","signatures":{"@user1.matrix:localhost":{"ed25519:WEFSLDHKQY":"h3a/Um6mXVa1JttddLgAer5gkxCpyNACegZulWOBoAg64HK0jeKDMU+wZSgiQWb1jaDFmdC+T2JXhW9IPIEDAg"}}}
@user1.matrix:localhost	WEFSLDHKQY	signed_curve25519	AAAAGQ	1681307761211	{"key":"K71nmF9qO4ciN5Z0OvekKJ3g7IIRB1VJhqUvNVDyGG4","signatures":{"@user1.matrix:localhost":{"ed25519:WEFSLDHKQY":"N8MysPcHaft7UxkSSQLPmlYGPmE6m9m0KZ0XCGQfqUq/7QRxVH0cZ1WcSyjQ9qTFhXo3seJRuTdzPlHKMkd3Cg"}}}
@user1.matrix:localhost	WEFSLDHKQY	signed_curve25519	AAAAGA	1681307761211	{"key":"iGe+LvZvdGqZxH9zzysEsDLecgXhyA0QJRengTLaTjk","signatures":{"@user1.matrix:localhost":{"ed25519:WEFSLDHKQY":"b2U+SjAZ/pl0nAByVbnynDiUmyya/FVzdoQWg4nlB+QXTHWuOOAcdy3Wlqndvc5We4zs1onPQjgzemdppIRADQ"}}}
@user1.matrix:localhost	WEFSLDHKQY	signed_curve25519	AAAAFw	1681307761211	{"key":"zm3CU9tVoGXIjZchDXH4zXh8dSMHneYk39jMOO+gQBs","signatures":{"@user1.matrix:localhost":{"ed25519:WEFSLDHKQY":"VPZ+OusjyxaBNkC8EEFh+m5k2RlAiA9WXOCfrVjq+hdAwvhAjEEC5LH1fxlmMh3qDV4LErGDcdVcAMemBmDcBQ"}}}
@user1.matrix:localhost	WEFSLDHKQY	signed_curve25519	AAAAFg	1681307761211	{"key":"aR4i2kAqcS0NSgkqHwObREKK2jXaoIdxaENBH/i4GRc","signatures":{"@user1.matrix:localhost":{"ed25519:WEFSLDHKQY":"fDcbgKV1Yn8fd6dCnNBg9ZALP/FTCfVg810VVA07P8PkLD+Lk73trL/GXoqfbbOm+peEHCjOaxlblMpgwKcTBw"}}}
@user1.matrix:localhost	VDICYNRLYT	signed_curve25519	AAAACw	1681114851534	{"key":"h++wdTUFXHIsRKeXonrE9Yg1cOYWsSXoulGETa7l61Y","signatures":{"@user1.matrix:localhost":{"ed25519:VDICYNRLYT":"A6jYhWfLgazjkY6Vurrl1alapDpJOXiuMw2tlItkqDNdTnt7sIy6bkJSEdsi6w06jWWDcIYqYpHZt3YMRxE6CQ"}}}
@user1.matrix:localhost	VDICYNRLYT	signed_curve25519	AAAACg	1681114851534	{"key":"MUu/b98jO+vL/IzU1t9G0EqnlDeznqXeLHO2kNZZPV0","signatures":{"@user1.matrix:localhost":{"ed25519:VDICYNRLYT":"zm/r8Trx97vJk0VDBb0FQzSxFse3F3ksGGHUZNt/cNPQtOUKR/LKiMuDUJstQFcFu7AgtoXHCfOjBcuuA0gtBQ"}}}
@user1.matrix:localhost	VDICYNRLYT	signed_curve25519	AAAACQ	1681114851534	{"key":"xwXRObpgycZ2TehHhgWr0NzqW5LD5VVKmD8dOCxIR1I","signatures":{"@user1.matrix:localhost":{"ed25519:VDICYNRLYT":"m+UTJr6DCNO7DAI0pYzVlyh2xJOfBxZeBCkgxpvRkf3DsC+fsMOvMbQi9c/cOyOpmUpf4LiU6o2SBvb7OpbFDg"}}}
@user1.matrix:localhost	VDICYNRLYT	signed_curve25519	AAAACA	1681114851534	{"key":"hsacirJ3h4DLVTPQkwDufXqhA+RzYr9mA+k9VFDi3FI","signatures":{"@user1.matrix:localhost":{"ed25519:VDICYNRLYT":"lxapKgeb0r9yy9lXMx18AA0+okhhYVKggExN68p5AfaktPqekpA74VbtgRBcflcQuiMSeU2jNaANdoImptpqCg"}}}
@user1.matrix:localhost	VDICYNRLYT	signed_curve25519	AAAABw	1681114851534	{"key":"D8mWN09XDgJ22F6ZcoW/zKUXwx8EchP+WDLKd15kfSY","signatures":{"@user1.matrix:localhost":{"ed25519:VDICYNRLYT":"v2tkdSt3oZDjddomRiu23vzFvdO6V4SEaYiDPuCk1EEVnQO/Cpf+TFAKALA3HeExmq1/G1GMMv60Tz4DglaeBQ"}}}
@user1.matrix:localhost	VDICYNRLYT	signed_curve25519	AAAAKg	1681114852406	{"key":"LkfpXKKz1Q3G9uoVgjm4J9mdgbmcQSQx8J+BQVfnJSc","signatures":{"@user1.matrix:localhost":{"ed25519:VDICYNRLYT":"jL3NckH89PmymN8uvswQ81SZfpjirGlPEmT/uvMwTsxKWYFWRj4ziSExT2MAr0xeBLIBujcjAaXYXlx0S9R4CQ"}}}
@user1.matrix:localhost	VDICYNRLYT	signed_curve25519	AAAAKQ	1681114852406	{"key":"HV02gaiHpw8GSj620gjzr23FdGT4pscTCdKYjwxenkw","signatures":{"@user1.matrix:localhost":{"ed25519:VDICYNRLYT":"fZoRw2reDB/kHVIKnUY2Ilsn4nIj3IiwO+Dk3Nv23u5fp5iEHUipk5PIfvLkwEPtpb/5A4rNcxTzX79nN0jtAg"}}}
@user1.matrix:localhost	VDICYNRLYT	signed_curve25519	AAAAKA	1681114852406	{"key":"JOQmZitO8kSdZTgbV2a+RwrADM44FMJZ8+Ut+bvJJFo","signatures":{"@user1.matrix:localhost":{"ed25519:VDICYNRLYT":"PPX4cSTflpjcS5fsY8Vhjkzi9frFNAF3RMdTrQQfjwE9YKxyTuJwBOUyiNxZ4Sk10FHJJeNCuTB+20UhWp1bDg"}}}
@user1.matrix:localhost	VDICYNRLYT	signed_curve25519	AAAAJw	1681114852406	{"key":"XFXNJgpx22h/y0h6c2Ee1+2ai5Z/k42Q/+Al1bP+6GY","signatures":{"@user1.matrix:localhost":{"ed25519:VDICYNRLYT":"glm9gxHXAqesGj8k/YM1oiHGwWGO0U3E84hKYa6VK8d6vZzq7WjLvlZzd7KVeK7OxzsBp/5OZPO77+YNPdakBw"}}}
@user1.matrix:localhost	VDICYNRLYT	signed_curve25519	AAAAJg	1681114852406	{"key":"Hkq05UlnRXNqtTfEDsSDJq80CXLenqn+t9rbrbWFnBE","signatures":{"@user1.matrix:localhost":{"ed25519:VDICYNRLYT":"sV6XLS8XUL3bjKJCleKqfahCkg4dkVYrs1PvtihfeOmNUICPcAKhhlfbb1YmgLOtbyZ4GglrLh6mSI/Dxq19Dw"}}}
@user1.matrix:localhost	WEFSLDHKQY	signed_curve25519	AAAAHw	1681307761300	{"key":"JVg4udGyu07tTo4dyUefmTSXFkmJp0ZS5BTr0OfSQxg","signatures":{"@user1.matrix:localhost":{"ed25519:WEFSLDHKQY":"3/7VGwdTpyJ2wXqzGWQZq6+34Pr3jaE44o8q2fd6kI2ukpBb8ct7Io+XVwxJUTaEDeT/7bcAw1SGzHfmzuJ7Bg"}}}
@user1.matrix:localhost	WEFSLDHKQY	signed_curve25519	AAAAHg	1681307761300	{"key":"rBhFyom2knLsZ4ZVvArcpvngJQ0vBzQAqZnaUzNISyU","signatures":{"@user1.matrix:localhost":{"ed25519:WEFSLDHKQY":"8vd2RazuDKA2F0yJvGhbOQU/GSXUe9ZpLwEs8jgeHp6jKD/xqf3mlUBaeZ+QOixk8uApf/Hij2cRz81sBlsFBQ"}}}
@user1.matrix:localhost	WEFSLDHKQY	signed_curve25519	AAAAHQ	1681307761300	{"key":"mxe/TSiovHpqTVizjUk30LcipF1c4XmudND7/OLsUkA","signatures":{"@user1.matrix:localhost":{"ed25519:WEFSLDHKQY":"XYxCk4Km19mjPgzzSwG9N2nQ9p7x6kDidm6Osv7RhqlUxq5M/kj1QLMEK5z5wkJuPhdSFbsofIESq131KtEqDg"}}}
@user1.matrix:localhost	WEFSLDHKQY	signed_curve25519	AAAAHA	1681307761300	{"key":"5vOhk0D4mgiHbTq4w+UP7dyooOG0QtitTvdRuhZD6Qg","signatures":{"@user1.matrix:localhost":{"ed25519:WEFSLDHKQY":"qJN8AMRoWy1kLQa6Mg/5rjNDqLp5WgPaKAwbFCMR4EpyMVZz3y1D4cE4micJBAf8IEchEbfIFay0q3g0kxtkBg"}}}
@user1.matrix:localhost	WEFSLDHKQY	signed_curve25519	AAAAGw	1681307761300	{"key":"USNinmQF2ZlR455IdhEcbbWfHX2/A434K29yqintd2A","signatures":{"@user1.matrix:localhost":{"ed25519:WEFSLDHKQY":"JJGTXlAa6DErDW6gkAB3WtsW2rVFkuEvfz1Rt9yaemuxTGyVwxgsG2Dw5q+os2ARGpaDPlYZTcG2FAx1mSY7BA"}}}
@user1.matrix:localhost	VDICYNRLYT	signed_curve25519	AAAAEQ	1681114851814	{"key":"q1z5zqSkhrjsZuDPgpDuB8gXoNKrG/GeffmnTdWj0U4","signatures":{"@user1.matrix:localhost":{"ed25519:VDICYNRLYT":"wydFnE7wXX27gofkpJY7JfC6KTabuZVbQoucgiEPQ0n7ZQHFk8glrXAwnwUXBvS+LYIPN7wqxBbo5uLdds1jBw"}}}
@user1.matrix:localhost	VDICYNRLYT	signed_curve25519	AAAAEA	1681114851814	{"key":"pyQinrRtoMq0cavNY+OWTCfi+HA/OpEY/LJIGA/mLCo","signatures":{"@user1.matrix:localhost":{"ed25519:VDICYNRLYT":"lv2iTEsxmn9DZOUOvCb5kBfmh5wcUbtuJmyrFznqcFKIR7iHMLrBGC0jIjabw5g9BRc2ABB0bztSaSns5RjjBg"}}}
@user1.matrix:localhost	VDICYNRLYT	signed_curve25519	AAAADw	1681114851814	{"key":"B4qi1ZgSi9ffvjmnbv2dxaL91rY+o5v7ppEtdM/VryY","signatures":{"@user1.matrix:localhost":{"ed25519:VDICYNRLYT":"yQZTjSLN5Nacfr8pQMEdZ+6cC2r2W3SFcWfFIpusV2P8FO11AdEaSeuL3d+nNdN0BmOnJwMhkZy5mJ6HxHsrCg"}}}
@user1.matrix:localhost	VDICYNRLYT	signed_curve25519	AAAADg	1681114851814	{"key":"UXIb3AnUeDG8CVt5AL+cErzX0RixiJwYurmbqAOzqiY","signatures":{"@user1.matrix:localhost":{"ed25519:VDICYNRLYT":"elbx7qx+132WqwuHxh4LqV3uLBQBtLWrwfy+31NT1wYhPn+WhMe/jJyHXvaCqZC/0Y+z1n/tQIIeC0JbLBCcAg"}}}
@user1.matrix:localhost	VDICYNRLYT	signed_curve25519	AAAADQ	1681114851814	{"key":"P92u9vgbHINFv1eE5dNmgZtOte55NnyLYoTfoRhnXyM","signatures":{"@user1.matrix:localhost":{"ed25519:VDICYNRLYT":"LVKb1CK7rqu7RSrFElMdJig7NJeEvyF83khYXQ2nM+LiVgA2tkUUsmLFcTpimZurw3vCSR+uE580Npgf9Vm3AQ"}}}
@user1.matrix:localhost	VDICYNRLYT	signed_curve25519	AAAAFg	1681114851983	{"key":"y0rjtxDzLR4fcyqz9/hD+cuxlwGtfb1oEEKYL7lT7Xs","signatures":{"@user1.matrix:localhost":{"ed25519:VDICYNRLYT":"yD30IgfnvK4cHMDQD9W+pq+4mCnhVCkR3Q2aWMxejLwdgyyStjSzJj/rAcMmNnX/yYpGsvok77xvqt2sBDKiCQ"}}}
@user1.matrix:localhost	VDICYNRLYT	signed_curve25519	AAAAFQ	1681114851983	{"key":"mB0NSsFVB+s0xJmeZ5awLSnzICh7YyNZoOJ0SUV2h1I","signatures":{"@user1.matrix:localhost":{"ed25519:VDICYNRLYT":"+STRjK6vTlGElsYIXtMFYDibaM9lWk06Re5aa+yZG9O1LIFYcxjmi5UK1CUhavTRkkbtvaq/oLlK3wlfvQu/DQ"}}}
@user1.matrix:localhost	VDICYNRLYT	signed_curve25519	AAAAFA	1681114851983	{"key":"ppzuYfe+mfkxKLrXJab1bXTDBJSt9lRvS+IO3jfmKiI","signatures":{"@user1.matrix:localhost":{"ed25519:VDICYNRLYT":"FbVp14GFKx0QLM2BqTWozrauYVdb7xOgaI5wTTuT5RAkSZpHbFHloynVpzY5I4Gqt7o5XBOYonR6/fN6+WihCQ"}}}
@user1.matrix:localhost	VDICYNRLYT	signed_curve25519	AAAAEw	1681114851983	{"key":"ehm4QmeQ7pht3F+xzJscGDZILEjOvWk8AGwH3GSn0xo","signatures":{"@user1.matrix:localhost":{"ed25519:VDICYNRLYT":"VR7Tliv0dxPXVeX7uzroGKUE4cOQQE5ngHg+rOSvqJBlhBSkvEz8AY1HhMS1PcP9dXrg1huTIQHRT6gqdKiFAQ"}}}
@user1.matrix:localhost	VDICYNRLYT	signed_curve25519	AAAAEg	1681114851983	{"key":"AQdm4ewGfJaCcAoHUTx2YdXouQXzQvV/OKWb1l6YZTs","signatures":{"@user1.matrix:localhost":{"ed25519:VDICYNRLYT":"ojojZJFqKOtAevkA6sWhUY87C6p/dEQ39Y8HvRkqRQtp84DfKaxmI2w5iwoWFVMz7zQLRV0NZKr8o+Ws7qihBw"}}}
@user1.matrix:localhost	VDICYNRLYT	signed_curve25519	AAAAGw	1681114852151	{"key":"kBmqZ+bxHMOCYcMUUEJIthfTo4TbBKTFyvbDQpKrKxI","signatures":{"@user1.matrix:localhost":{"ed25519:VDICYNRLYT":"TChPPmUwAHBifFUZ6D2Od+yKOuqRBAn7WsJDszs7ip9/RN1NW209a5BPWJ6kqRB99IvyC0o+WEWHWOpdCQiYBw"}}}
@user1.matrix:localhost	VDICYNRLYT	signed_curve25519	AAAAGg	1681114852151	{"key":"iDdrpBQ1JOs0OuhbQ1qjZJqadegdncjyCbPxKScNKlI","signatures":{"@user1.matrix:localhost":{"ed25519:VDICYNRLYT":"o/yGUVirgEE9nO57jwLbfaR5ekbYBUYCYGoPgqsrWorNYpD5Pc50tV4Gi8QK+dXdljYMbEQWJn3tPaAu/kqBDQ"}}}
@user1.matrix:localhost	VDICYNRLYT	signed_curve25519	AAAAGQ	1681114852151	{"key":"keSxb3IUDwfh1uPJHnov5VpXDy68TIxuGaCcHjCdjxU","signatures":{"@user1.matrix:localhost":{"ed25519:VDICYNRLYT":"w/+9jeiu908jtp5d+1MlhaTqJaI+h2K3xltWHp9lrjo7kB9Dd/aLRhguHtHGuwpOZvI9kHd0NGgeeGQAH/SkDQ"}}}
@user1.matrix:localhost	VDICYNRLYT	signed_curve25519	AAAAGA	1681114852151	{"key":"YYw9ReXNd0zcYPL4Yi/PKjLzYt9yKGv2zORoYFGuyj4","signatures":{"@user1.matrix:localhost":{"ed25519:VDICYNRLYT":"2qyvTQkBtgkr7g/RmtYgwIFWFvZzSCRbwbdvIFvI0drBOnSW4jYsqA3NYMjKYDpFNeVfoHLfvTv8IMpcoXIpAA"}}}
@user1.matrix:localhost	VDICYNRLYT	signed_curve25519	AAAAFw	1681114852151	{"key":"/vh30dB1MVp+0AiMEQ+RzZaNtd1Yk4R9Lu0hikIGbEc","signatures":{"@user1.matrix:localhost":{"ed25519:VDICYNRLYT":"UzsZmMQwclOyM01CbRle4E2GUyAJnpcf/Z7xTWo98FNWoc9OpNZXWaQw3UXnmw3OQjznjJ2iDd921fV8FSqXBg"}}}
@user1.matrix:localhost	VDICYNRLYT	signed_curve25519	AAAAIA	1681114852275	{"key":"stN9nprxKJmMEnFDxG6sTrYzC90jCdvtSJnlhWjDpTw","signatures":{"@user1.matrix:localhost":{"ed25519:VDICYNRLYT":"5E9TDAeKhHUu4A79LyCyHp8dzxslwI985BKMhhElFolaEUxbfnPTUCAYzSN479Kxfdon0hOs5zR0BJd1e6yNBQ"}}}
@user1.matrix:localhost	VDICYNRLYT	signed_curve25519	AAAAHw	1681114852275	{"key":"woHtLALKUoUcYBXYhFaLowGN9lQkC9kzPDwhT+vNCmc","signatures":{"@user1.matrix:localhost":{"ed25519:VDICYNRLYT":"3vfa1CiGMCEZumKpDTeekwmjUIjN8OeEFGWUF+j5qyj29DGzenvtK+vQ4FVml2zyKJfQEaQXafV1nmFMiRqICg"}}}
@user1.matrix:localhost	VDICYNRLYT	signed_curve25519	AAAAHg	1681114852275	{"key":"wNCwH694IZlzknUCrextvvgdOVgqW+oBblggkL/BCkU","signatures":{"@user1.matrix:localhost":{"ed25519:VDICYNRLYT":"78PilSRPwQsTY+vma6l3ofWgZdA1SsKYp9K5IqwguTrrN6i+rJDG1oMZ+vqkxhgEutR/xjbu5ErNVJTqFznoBw"}}}
@user1.matrix:localhost	VDICYNRLYT	signed_curve25519	AAAAHQ	1681114852275	{"key":"Oc7NzLxjQGPA0L+uSej4BDfc0IqswgZt4SQQh696hho","signatures":{"@user1.matrix:localhost":{"ed25519:VDICYNRLYT":"dz1oSiBT7IZ55oyKwp855LE3RU0cVDkM1tlmzMhTCy3Z0yQGCfmCMMX/PK72C4D0pR7qzXKt4gXkukrfAcazCw"}}}
@user1.matrix:localhost	VDICYNRLYT	signed_curve25519	AAAAHA	1681114852275	{"key":"m/eGsZ1PD4948QkspnE5PZf+hT0sNB+DNSBAWAHyJnE","signatures":{"@user1.matrix:localhost":{"ed25519:VDICYNRLYT":"1BPfZIhGW605sk7IlSWQuZsfxwoxaB4ck9oIm18DoMAPMm39QG+eceMqbojKlf8efYnXwHIKmYy1qWW21b4WCA"}}}
@user1.matrix:localhost	VDICYNRLYT	signed_curve25519	AAAAJQ	1681114852342	{"key":"ZHD+sKE82bfuf2zCfw7w9Rkj6qmFjWCC281TUoBMJUg","signatures":{"@user1.matrix:localhost":{"ed25519:VDICYNRLYT":"CLeaAJlxzXYMfnalaJyp0u9LzQUebqCS9HQx7/iGjqJz8Z/LFP+KqFdryBjjP8dzI9QHu1+MDJU9umY3riiUBw"}}}
@user1.matrix:localhost	VDICYNRLYT	signed_curve25519	AAAAJA	1681114852342	{"key":"Db259r0SWx+vG0STcm1O8z78EcAnTLGTw+T8baOt6XE","signatures":{"@user1.matrix:localhost":{"ed25519:VDICYNRLYT":"5rrCV0FewH3OGuCwXHamdkOTgJlU0yOqI90K6w0CYr07njAk79a3S4SOmRXzcN0R79grP89DRiRBiXnsUEj1AA"}}}
@user1.matrix:localhost	VDICYNRLYT	signed_curve25519	AAAAIw	1681114852342	{"key":"oLw4R5NwSUsDFEGRbcoFtmiRn/9luWUIQ7I816AivhA","signatures":{"@user1.matrix:localhost":{"ed25519:VDICYNRLYT":"pXzr9Onhmb8oCXFcAgxOWAXZmccrNTsNL+I1onjKTcHJCuv3ioVQb643aGAKCpEWAGyjLMQaxyWOi9BtnK33AQ"}}}
@user1.matrix:localhost	VDICYNRLYT	signed_curve25519	AAAAIg	1681114852342	{"key":"couFGAnYMT1ArbnVsN/kEZp59/WlxAjKOKfNwPebnng","signatures":{"@user1.matrix:localhost":{"ed25519:VDICYNRLYT":"3R6VT5dKE1Mub3P1td+5qQCpfNC51JFraOIl6RuuAbHEytdSzGi4DrKAwipcL5VdzFfKM26cc5if8tF7ypHkBA"}}}
@user1.matrix:localhost	VDICYNRLYT	signed_curve25519	AAAAIQ	1681114852342	{"key":"4O9lINgMYkX4dSybj9qo4lnvUYiLinmtARZVB+gyezI","signatures":{"@user1.matrix:localhost":{"ed25519:VDICYNRLYT":"bgDi3Fw77uCaCnWBrJDWBF5H+2sDicpZvLeH55XzEgxVZWz7ywfE3PRgiLdebjYg0f7SyTHABiqB9fM648mSDg"}}}
@user1.matrix:localhost	VDICYNRLYT	signed_curve25519	AAAALw	1681114852452	{"key":"jTQROP0In+tEdLMS9muFrFlAhQbx747GDafY1VMOO1U","signatures":{"@user1.matrix:localhost":{"ed25519:VDICYNRLYT":"72Wm1RxdKnW+a7RnvLjQKNkJNuW1geQ6nwA4c7HHwXSNAfFoLZkYWtrAHOYUCOzfdEypaNjLl/aSe8O8vKuDDg"}}}
@user1.matrix:localhost	VDICYNRLYT	signed_curve25519	AAAALg	1681114852452	{"key":"e17vMtEsbs6thdDiVRkNj/69hzHVImDUPNojF8KaUio","signatures":{"@user1.matrix:localhost":{"ed25519:VDICYNRLYT":"VQxBIIam+4WEnRdI8kMpkW5HPOUoqEPMJW+sUoLYl7yLXeWyFCsDteX6761iEpWgYA3amtNVSpY6XtAolfvTDQ"}}}
@user1.matrix:localhost	VDICYNRLYT	signed_curve25519	AAAALQ	1681114852452	{"key":"JIlF8rUqlGkX0YvvQPRopG5khW4OGcjROfrF1SlLqh4","signatures":{"@user1.matrix:localhost":{"ed25519:VDICYNRLYT":"nr5c7Kuf6JqPIpZlQ42dG3PpGnydeHgSSHWllcpz8+9CKuKzLyTNrq8tx/OFmNzURfWb38mR4DHsR5lK34DABA"}}}
@user1.matrix:localhost	VDICYNRLYT	signed_curve25519	AAAALA	1681114852452	{"key":"08QxSAGvakmr9FlPPgv0qVgqvT7VhC5rIG9xo+q16Ek","signatures":{"@user1.matrix:localhost":{"ed25519:VDICYNRLYT":"Bvy5zBW/JZR6wCq+UoOeSEWr7VPHBI5xC/L4ObKS1BsnUc6Ro8IwlHYdQV7dCVpgZ/GsRnNBSkk9DucHCjUVAg"}}}
@user1.matrix:localhost	VDICYNRLYT	signed_curve25519	AAAAKw	1681114852452	{"key":"Iv2FN+SpbCbCIUXbzlbEpoQrW+rwSs/VroIq4nAg9X0","signatures":{"@user1.matrix:localhost":{"ed25519:VDICYNRLYT":"sg/OpSll6s0LxiRqGXrQDH56waZrhNPibgR1cgFYJUX8a2whNe7HMMmCTARpfeh3mb80/f4uCUtcfpEnlPHzAg"}}}
@user1.matrix:localhost	TYRQVABKXX	signed_curve25519	AAAABQ	1681126922086	{"key":"+lZ7zTlSv0+HhBrCk0Gt1HlmsB+PlAUJevJkY3Bpbl8","signatures":{"@user1.matrix:localhost":{"ed25519:TYRQVABKXX":"wiOkRdJSANhjliT4uTLurOoShBVMqPAY8q7A5SODww4VgSuSq+a+8cJ7pJUE7W4Kyt5e24s4sSU23aHBDcCeCQ"}}}
@user1.matrix:localhost	TYRQVABKXX	signed_curve25519	AAAABA	1681126922086	{"key":"vzeJtI6KY2lRfkFrppF4vP8Wr2X4jnF5P1uaKQmXWT0","signatures":{"@user1.matrix:localhost":{"ed25519:TYRQVABKXX":"+z2WbVGc8XALTNMyO09t8my48MLJzpyNbj87GOX2CNbxctSSJZRe0KUPVn0wKW7140i/54XT4f23XnVdKvahAw"}}}
@user1.matrix:localhost	TYRQVABKXX	signed_curve25519	AAAAAw	1681126922086	{"key":"JBYe1Zo/RLmO4F/UAY4k4y1QeX6d0BnLSeAVZePZ/iU","signatures":{"@user1.matrix:localhost":{"ed25519:TYRQVABKXX":"jn4RySwMF/xEQ71f+l3os0mHAPRoB6P967Z9kWkz71o+h204i3s0JmPRX/jRm15myPnOGNjPcGn0gASpleY4Bg"}}}
@user1.matrix:localhost	TYRQVABKXX	signed_curve25519	AAAAAg	1681126922086	{"key":"w70FLqwEpbpXwfhT++Wch17tjLWN+/KkfSvXTffQy08","signatures":{"@user1.matrix:localhost":{"ed25519:TYRQVABKXX":"OIexR4ETikDBm/vX9tPrX0X1Knlgc9anuiC4RmE4Xq+xbURpBmISDVet0WNCNjXoRYIWcSWwdRSqP6fV0bGaDQ"}}}
@user1.matrix:localhost	TYRQVABKXX	signed_curve25519	AAAAAQ	1681126922086	{"key":"aeQnn10MN/OQfpr///9vjhBuzY4oKFu7MdLlkDmWAUU","signatures":{"@user1.matrix:localhost":{"ed25519:TYRQVABKXX":"afw9OCbGsjfQ/sld0qIjNv9sQDTsbQO9oYTaIFVJSq+H/p/X+CXu7k+Mx3W3ou1J+O+X22ijL1CxkIR1uPWDDA"}}}
@user1.matrix:localhost	TYRQVABKXX	signed_curve25519	AAAACw	1681126922593	{"key":"Wpx9Zqik155wok6upwNzPML+OOcBpYGQpI9NFcAI8wE","signatures":{"@user1.matrix:localhost":{"ed25519:TYRQVABKXX":"qUJwvGD6+m8ZDIzfVE14Wmf3lIbL2XSejutK6tUdUpHEusN/4SeH+vqjExsdIe6BQ8rIlj4mmtSbSrI+z6OQCw"}}}
@user1.matrix:localhost	TYRQVABKXX	signed_curve25519	AAAACg	1681126922593	{"key":"chxEeDH6onDkAmVCpE4y/9/dJ0bqMdnmgLd2OblRLUI","signatures":{"@user1.matrix:localhost":{"ed25519:TYRQVABKXX":"ivsJoasXXHqlXJb6JZ3iEN5N3gwI6n+FtJSOqzTLrj+7kuAbnFupw47SI7sY5rUjWsR9s/n3YWK0mrzcno5WDQ"}}}
@user1.matrix:localhost	TYRQVABKXX	signed_curve25519	AAAACQ	1681126922593	{"key":"dUGaVhw8GYuxy9/DipLFvnN/rj1wwKxBUjuDJ8H+e1Y","signatures":{"@user1.matrix:localhost":{"ed25519:TYRQVABKXX":"d/B/RU34v5npu2C5Mc4x4/kvwwIc1jbtRiS23SPa2Tm7D09xivwmvqEeWPsNnQJEMZgOPJwXKNDkkfYcDaQfDQ"}}}
@user1.matrix:localhost	TYRQVABKXX	signed_curve25519	AAAACA	1681126922593	{"key":"8D0o55rZTDrmXDff6cSJTaVgueWFhYa+GghvN4s2US4","signatures":{"@user1.matrix:localhost":{"ed25519:TYRQVABKXX":"nDsGq5nIpuQVo2tMl81+IHGndorYST5DZfQOt0RnpI7fNKqmusgJeeZ/qfnrTaqQDq1FjzU4ZGeHBeTrlAS+CA"}}}
@user1.matrix:localhost	TYRQVABKXX	signed_curve25519	AAAABw	1681126922593	{"key":"Kgm/sCU0a/rNzTzxVu1h+/GUd9TE0IIu8YWUKaOA1BE","signatures":{"@user1.matrix:localhost":{"ed25519:TYRQVABKXX":"bLu/Sym4Ps2HeJx7N/HAuAEBb0rvk6gJ5W7oNBPc701dESaDJA5BREmcoRzHMFbdT76VjGSrMTb992zWegoPDQ"}}}
@user1.matrix:localhost	TYRQVABKXX	signed_curve25519	AAAAEQ	1681126923995	{"key":"OwvyQP6t2MHzKLZgIjIucCWR9ywnRCoNBcEvD73FW1g","signatures":{"@user1.matrix:localhost":{"ed25519:TYRQVABKXX":"Mm2f34bvjrqwiblpnHCuQMfvL+nBuERTZAZYJ4iVK0IDqgyAyxy2ZQI28sElxInUqhnx6+KjayPgPGsqWTi2Dg"}}}
@user1.matrix:localhost	TYRQVABKXX	signed_curve25519	AAAAEA	1681126923995	{"key":"L/Or7IziLkfAE9VQt5VhHzumkPX9tJH7o/hVi17+IT0","signatures":{"@user1.matrix:localhost":{"ed25519:TYRQVABKXX":"b2Gtj4gDJCGKAcjS6vLmzd9QyET4rcLJqDmL2PHTCJMd27npRr+UBmKQP93KUTqArM2K1SwYJP5dr0fC6I66BQ"}}}
@user1.matrix:localhost	TYRQVABKXX	signed_curve25519	AAAADw	1681126923995	{"key":"yyG59dipPV0/vxJHr/gF8CqI0FLKdZ5nCz4+9RJzIEk","signatures":{"@user1.matrix:localhost":{"ed25519:TYRQVABKXX":"Xyw7quBj8cYbtAx+dEKesek/l52/xUYOQBRsMkpDZmsLpfW3m5tZdvShFxUmkVtEQ26njMBsDV7TgOGUTHIdBg"}}}
@user1.matrix:localhost	TYRQVABKXX	signed_curve25519	AAAADg	1681126923995	{"key":"DNSNn8KHG/SE1LHjJd6IJowLuJyursMtgc5xH+/5zho","signatures":{"@user1.matrix:localhost":{"ed25519:TYRQVABKXX":"k53MjkmX1jPGLDkZwzrkVAlB3FYwxSyEr/sfOPRbNN+Cv5OmlsNc4+YDaF2ESR9ahPIY4aXYjLjklkWdlPowAg"}}}
@user1.matrix:localhost	TYRQVABKXX	signed_curve25519	AAAADQ	1681126923995	{"key":"9ZxjVjFkE2BPQEE+3LgK4rf9fwsU07ESTN2+qRMEG2g","signatures":{"@user1.matrix:localhost":{"ed25519:TYRQVABKXX":"Q6mzBujsFXptqu7nf5PlFsY0z+pOPcgZzYMT9XpwO42O9jLHwncRn6NDTD+5mTTsqGKw3Pvftrmj9EQ0ld2qBw"}}}
@user1.matrix:localhost	TYRQVABKXX	signed_curve25519	AAAAFg	1681126924294	{"key":"ei5EwY7azqi8LKHqw8JYMk3vYDvpMTTXO1721adcLQo","signatures":{"@user1.matrix:localhost":{"ed25519:TYRQVABKXX":"Fa35Fnzv+BGfp9W45BNbZY3nig8JiwEdB90N1DAcpYU9DDWfP2sCufzjfU4O3lh5DtpeTC3h10DNI+wx1sIxBA"}}}
@user1.matrix:localhost	TYRQVABKXX	signed_curve25519	AAAAFQ	1681126924294	{"key":"WM+OHt6OS+u3y5fbtfG9oggi3GTm+IcujqZVaKAeREQ","signatures":{"@user1.matrix:localhost":{"ed25519:TYRQVABKXX":"myPEPK2RZbrD0DYuTm3eeJaBJWPi2/qth+XhOoKNd102Qx9k2sUyzDW4pbGL3OyYs6TiPeiv4x0/wb40X/KfBw"}}}
@user1.matrix:localhost	TYRQVABKXX	signed_curve25519	AAAAFA	1681126924294	{"key":"0MAR1EM7oc7yqupYc8YlZEESYJrr/kwLxDbP0+EfFxE","signatures":{"@user1.matrix:localhost":{"ed25519:TYRQVABKXX":"U3cOmgaNS6LZS2Xul4niOUGTpnMqTDDQpARMXVJSr4v1MGnKqS/0Tt3B5SRK1o7K7/ftM6PgvqFuvhuj4d10BA"}}}
@user1.matrix:localhost	TYRQVABKXX	signed_curve25519	AAAAEw	1681126924294	{"key":"d2dZL6o9waeJborEbwZ9Xnw6iNvCGIlg5H6Lb2Pp0lo","signatures":{"@user1.matrix:localhost":{"ed25519:TYRQVABKXX":"z5W7vDwVcXKds338j7ygsfodoMVni2OiLyU1ZhmR5PYYwu2lwNnMSwecPWOWdws7KZRe/M7r7Qlcj135Q5EiAQ"}}}
@user1.matrix:localhost	TYRQVABKXX	signed_curve25519	AAAAEg	1681126924294	{"key":"P1yhQuv10378vqSmD2W/CQIpPf26QXKIlQSSaTAlzUI","signatures":{"@user1.matrix:localhost":{"ed25519:TYRQVABKXX":"cSNlCfurkr8MyHaODpBuIITrC3U3g/TLnSLZlx2HkhwkbZ4xNxbKKdOc9A/cKUuR3jzKf4wXpFePZYJkE0/CDQ"}}}
@user1.matrix:localhost	TYRQVABKXX	signed_curve25519	AAAAGw	1681126924562	{"key":"aiyAyHMWGClKDmKn3cmouZzsyAkcDVs09mcw/6HQvVA","signatures":{"@user1.matrix:localhost":{"ed25519:TYRQVABKXX":"yxnEvavDpC+KvoZNiTzHsfoGdUYKzK9CNKU6KL5esYlzZwmruE3PRsAPEBvQcqskfGppLMdkjD2awsSDx2rkBQ"}}}
@user1.matrix:localhost	TYRQVABKXX	signed_curve25519	AAAAGg	1681126924562	{"key":"Zo8OaekrUY8pBffaoRWe4DT4VFP2y6miRC1AVnSyfCs","signatures":{"@user1.matrix:localhost":{"ed25519:TYRQVABKXX":"dyrdC7QuVLPPGpJ7unXZDB8J/bdIL/i0RsvARLOjxdjuHqR29J7hWKLVKrfJVfDFXS7lx52wSchUHkxUegZdAw"}}}
@user1.matrix:localhost	TYRQVABKXX	signed_curve25519	AAAAGQ	1681126924562	{"key":"bq/yABYJHKNl6xi520V20spTkxBn8p4XtJXJeSQ8YDI","signatures":{"@user1.matrix:localhost":{"ed25519:TYRQVABKXX":"1zoZ6kHP96J1pDWsyLNYJCxnoJltMzJSNajjXlhPZ/ptl2xFAIoJ14Y/jwUezMerjzO4ImQXCB8+t1Eb5xFlBA"}}}
@user1.matrix:localhost	TYRQVABKXX	signed_curve25519	AAAAGA	1681126924562	{"key":"TyJsk41dtbsO+lXQnR+oDfWmsWu2NQpFOoR1RMiqoQI","signatures":{"@user1.matrix:localhost":{"ed25519:TYRQVABKXX":"dhcud+pLuJCyS7u6ci0YnlZbd/0QFyUy5TRTYVK+LD3kfJsuLR973G+StkIHypplkTeiqvG0kWS0JPPKn9ZBDA"}}}
@user1.matrix:localhost	TYRQVABKXX	signed_curve25519	AAAAFw	1681126924562	{"key":"SQRDQyGSuZ95lZpokxFZt3XPrhU3W571ZEhv8rn6iTs","signatures":{"@user1.matrix:localhost":{"ed25519:TYRQVABKXX":"VKeu6k5Ttx+WwgPiaIJFE1vhbLY66c/VYcxa8O+zcFHsPdWlrJw8zVvpnFSpzUuAtaZsMErI1wIMj7TyDAtfAA"}}}
@user1.matrix:localhost	TYRQVABKXX	signed_curve25519	AAAAIA	1681126924685	{"key":"ppzmZ21YDv37PrlM7QYnOciuf0V9WgWWpCeDc8KX2mc","signatures":{"@user1.matrix:localhost":{"ed25519:TYRQVABKXX":"jHuWwbDGsin5eEv8HYgI+gXfHPR0fkeuLkTowpGHKAMFBnc7bFwAJvWSTngfUDxnL9zcrZb7AvI6KAdiqb6UBQ"}}}
@user1.matrix:localhost	TYRQVABKXX	signed_curve25519	AAAAHw	1681126924685	{"key":"6kxNTCplZHeSSMwY17tbXcBFcto+lppu0OgMer6UADw","signatures":{"@user1.matrix:localhost":{"ed25519:TYRQVABKXX":"3cR4/TnFSsftSfM7KekSkp+E5yLm5+aUfMERPlIyJRauuh8lilPzxuK3sm5E80qgRQKDhY3KZ0FRVCTiG8lrBQ"}}}
@user1.matrix:localhost	TYRQVABKXX	signed_curve25519	AAAAHg	1681126924685	{"key":"2cb9E25egVuUtORow9MGgu16dN6v6es1D4XH8xrNBEQ","signatures":{"@user1.matrix:localhost":{"ed25519:TYRQVABKXX":"+U1SKbYjaRz+QARU6Dib7nB0kojYwhe+OmeiKUnGGSxRjG9Inrlj9vM1hCB9KyivHPmqLsqkusFtGRNzyZhZCg"}}}
@user1.matrix:localhost	TYRQVABKXX	signed_curve25519	AAAAHQ	1681126924685	{"key":"yE+74hiduks9Y/zOdphejjDCaxgIQ1qoYLjNCR3wfh4","signatures":{"@user1.matrix:localhost":{"ed25519:TYRQVABKXX":"/N7XJBEuaynWDGNnwT9r3Jh6lzoaNnRDwE9iLWimiZ3mP5ANkTKwrCojNtUUao/kQrej0K1GcLnEyut5DmLKAQ"}}}
@user1.matrix:localhost	TYRQVABKXX	signed_curve25519	AAAAHA	1681126924685	{"key":"pLZuTM2xi+FVBUFgmBcxIFhG2alSCLxqbqsb51eEImQ","signatures":{"@user1.matrix:localhost":{"ed25519:TYRQVABKXX":"9IqTnK0g/93xXSr1OMyje6ELAov5EN86KRU2V07NYNvCDPz8buJ+xd3P+RssnCBJ6/zSFz25AX3GOS2/IiIXCw"}}}
@user1.matrix:localhost	TYRQVABKXX	signed_curve25519	AAAAJQ	1681126924745	{"key":"FVXJSHR5tBD1JVIQV1ojOH3Zy0Plf493EWUqh4Yz62I","signatures":{"@user1.matrix:localhost":{"ed25519:TYRQVABKXX":"0Ot266YiYuQZjrzWGrITtvq+6gnTEQHt/F/gWSbX+RRM8hH1Cl4Iw914IKtUSV3uIyTz2q247oLkHINlfP5ODQ"}}}
@user1.matrix:localhost	TYRQVABKXX	signed_curve25519	AAAAJA	1681126924745	{"key":"MzB/GbhWXLkcqamGIRdXscSmaFMXBiQQiFdc1ttf6Do","signatures":{"@user1.matrix:localhost":{"ed25519:TYRQVABKXX":"/lICAbOnbZL6C956EEVJ0JAuvnqZy+ZFecHqI/N3CUdrW6fTDFps9sJECLf3g5ZL1xGMohYyhlxOo1MueOCLCg"}}}
@user1.matrix:localhost	TYRQVABKXX	signed_curve25519	AAAAIw	1681126924745	{"key":"AeoAYgzcyEvQVW5vjlA9enjTI3horS3g3ynjAAxgPlM","signatures":{"@user1.matrix:localhost":{"ed25519:TYRQVABKXX":"nUwva5C+gDQPYP85IsSyKpoYM8zwlE/jPSTnLed9tgeKPdztaGKFI/NApAf2njsxTkCCjdD2wRuoff4VfT95BA"}}}
@user1.matrix:localhost	TYRQVABKXX	signed_curve25519	AAAAIg	1681126924745	{"key":"FJTM6HX4AN8pobB+p6PA0ikFWNw66Q38JzDPwDj2enI","signatures":{"@user1.matrix:localhost":{"ed25519:TYRQVABKXX":"Kt5DhXrBtVoV3Vr+sQ1mSNfUxxCe/CqH4pP/PFfWg869GwtiLZnYnCjCGcV+93hTLIefpRia6dlWLkp1iwzKCA"}}}
@user1.matrix:localhost	TYRQVABKXX	signed_curve25519	AAAAIQ	1681126924745	{"key":"8dKFbS4nwYBbGin/da4pr8nG+rUMm01Y6rbuVBsAEnQ","signatures":{"@user1.matrix:localhost":{"ed25519:TYRQVABKXX":"FA0e5/inBE7E4dDFgRGxbVuAroODuUave+1OhBhgEY8amigq4d+bkjFRxCXT2PtzIgXJMQF/YxLiICJzM61MDA"}}}
@user1.matrix:localhost	TYRQVABKXX	signed_curve25519	AAAAKg	1681126924809	{"key":"tp9pDHesUpsqpH4gwDISQiG8Qv45c+DMPILaFZOmphs","signatures":{"@user1.matrix:localhost":{"ed25519:TYRQVABKXX":"hgUkCWfmRKfU1uchz6g+OSJiW/a9OhExgiTFROZ7I1dtLaPB6znuaB5jguLBAQpl14nrVrXN8hgWuDPsIV5mAQ"}}}
@user1.matrix:localhost	TYRQVABKXX	signed_curve25519	AAAAKQ	1681126924809	{"key":"034i1D2l4Cq8J80fUiYLIbZ4zmLaIme3rYuuY1z4ZiQ","signatures":{"@user1.matrix:localhost":{"ed25519:TYRQVABKXX":"qYpenylw2yjF6JZEhq53PekAxEbyQShd2yOYdMtlCW/qKjSPOR+U0Vi4Dr+kZabaHo/F0SMpDvq/KvKXeiIdCw"}}}
@user1.matrix:localhost	TYRQVABKXX	signed_curve25519	AAAAKA	1681126924809	{"key":"jCU/A4irhJf/vXzp+RKCP0g/Rc6ZDrIebd2LrPD94lM","signatures":{"@user1.matrix:localhost":{"ed25519:TYRQVABKXX":"0Bh767sVyeIq4LWTUIPrU4PWJEbpM+csNPDbNcoN8dT3NvKGBG/x9EzDxU4nFJ8KvvTwk2o5mpUdA9kZ4Ez1Ag"}}}
@user1.matrix:localhost	TYRQVABKXX	signed_curve25519	AAAAJw	1681126924809	{"key":"WJLTYAx5ozhezibNtRYtxVMk3kmbkdvTU7FBVl3qjE0","signatures":{"@user1.matrix:localhost":{"ed25519:TYRQVABKXX":"UZmALSwxWI0ueLbC9mM2sQaxwFHMb3W4AcJo3YAI56k/6HFulxcgeRBuBu7FBb941BrZnahWPoM3uExqRfTWBQ"}}}
@user1.matrix:localhost	TYRQVABKXX	signed_curve25519	AAAAJg	1681126924809	{"key":"oMOKobQWCl0O09u3zuSQEOr0c5vzDKTXSF1Qc/7SXhY","signatures":{"@user1.matrix:localhost":{"ed25519:TYRQVABKXX":"oXnx0uw4XBgllubIu4FZN/lmtVcpXuZDaAekyMMSFUOA8sI5fW7mjNDDab2Nno+wbFS+aWvt/XJ9j3fAEQoYBQ"}}}
@user1.matrix:localhost	TYRQVABKXX	signed_curve25519	AAAALw	1681126924872	{"key":"KdtgmbiF5uQOgoJc6cpB6tR2fjqXBBwxmPzMZt9nMWo","signatures":{"@user1.matrix:localhost":{"ed25519:TYRQVABKXX":"p7Ag/qNnod0JlbPrzpCfEZmcFOHRsxOSJ1NcjLinwzG6zQccGzbCNTzj2F2ZxLwNvV1El7lKd67SSRhvUDh2Dw"}}}
@user1.matrix:localhost	TYRQVABKXX	signed_curve25519	AAAALg	1681126924872	{"key":"tRmNxRZ9+LISXWuVTMmp78YJ3W3J52CN5p5B4MpdXXo","signatures":{"@user1.matrix:localhost":{"ed25519:TYRQVABKXX":"TW0RgLhKjF5a4rtSnSXhTtuYZ7N1x27dreiOi7oLc6618/ZQ+pYBxO7bFO//oPPg4mjMA3VGXJOtcugL9I+JCQ"}}}
@user1.matrix:localhost	TYRQVABKXX	signed_curve25519	AAAALQ	1681126924872	{"key":"FalRGwea93SxNIg3WPbUSEaiZL1X8R5/ga1K6CdPRmg","signatures":{"@user1.matrix:localhost":{"ed25519:TYRQVABKXX":"FRFYbjNxrkXqGcXzNXimQ4s571/tWfCN+eFWt1Kkz5B9SCrp2NbiOGLC4KGLuXXThqdJnWfLk5Gk6OsdYzHfBw"}}}
@user1.matrix:localhost	TYRQVABKXX	signed_curve25519	AAAALA	1681126924872	{"key":"6votYLYMUGwOozEhF+sJwAemIYd+Sn5CRjKtTmUGxTI","signatures":{"@user1.matrix:localhost":{"ed25519:TYRQVABKXX":"GchR/vkmFGeJdcWg68MbdXmNNCl2IB0u/F5a8ZPmlLEDkB2QDb4N6w9L+/q119Bc+mvHqdncFOEwLkzWk91GCQ"}}}
@user1.matrix:localhost	TYRQVABKXX	signed_curve25519	AAAAKw	1681126924872	{"key":"Pw9kAOCdT2GNl6PRtQO2baqONkXZBEM8tt5mg2PcmXo","signatures":{"@user1.matrix:localhost":{"ed25519:TYRQVABKXX":"IhZ4jSbMB7yEoBUgrXC+YnOQw8j4jdjnsvpJgWkNCX3AVctrPTlAVqaXbN56b7XAfQGEdhCwdAri0FfncQiaDA"}}}
@user1.matrix:localhost	TYRQVABKXX	signed_curve25519	AAAANA	1681126924936	{"key":"0NDoTbj0PLicMjC+EVGmAKBu+43B5fUh/FM9PKJVFjI","signatures":{"@user1.matrix:localhost":{"ed25519:TYRQVABKXX":"hsFWYVBsOJmJ3gxDEXDsEF3SjVLEBwYVckAIjxZWzNVt1luAuHf/7bwlgOLutcqC4J4wTjdT6VC6ZtTWMdkfAA"}}}
@user1.matrix:localhost	TYRQVABKXX	signed_curve25519	AAAAMw	1681126924936	{"key":"MWt9yVsqNULtH1Wx+2oHjFqHOtxSK1XOOzDRn4OPnkU","signatures":{"@user1.matrix:localhost":{"ed25519:TYRQVABKXX":"y0nug/CrTvKz8daMDqYXZi+nYDXpXY0GfY0mxQyEzqSP+GqU2bPRLFxawyY3Sp+JHyHU7/MM4oKct4+DWlc2Ag"}}}
@user1.matrix:localhost	TYRQVABKXX	signed_curve25519	AAAAMg	1681126924936	{"key":"ZCRLMthh/P3jp7JI0D7ZjTmmr/GBCL3HKv2lrw5DnHQ","signatures":{"@user1.matrix:localhost":{"ed25519:TYRQVABKXX":"MgemrIKrcb4KzsCu1QdBZDlOlJplLAWFSOjjnIVup54jSht76duw4vy0k8FhKQjchqqGdOOTOViTCpPe1lopBQ"}}}
@user1.matrix:localhost	TYRQVABKXX	signed_curve25519	AAAAMQ	1681126924936	{"key":"TtNO3M0koV8EfquzjwMJRaPNzuxsBJpT+gEZiNZNQmo","signatures":{"@user1.matrix:localhost":{"ed25519:TYRQVABKXX":"lhZTmkoXRHTiA2Toj0lDQAEzJfyXKfEJ5iipXxprvQ+ecE4un5Zk/Bqznp3JzawE2t/Bo/OJaeNrezKU7lBGAg"}}}
@user1.matrix:localhost	TYRQVABKXX	signed_curve25519	AAAAMA	1681126924936	{"key":"5eYFaCJ+meeH5E4HS5qy+DHqG8Ndknn7VJtYZfPzXD8","signatures":{"@user1.matrix:localhost":{"ed25519:TYRQVABKXX":"DYlB7p2Fyi9Exlfvg5op+Qijy7sGF+vR/9ifXLcoZG+lkZ5BNljRXUXhgCULQYVPvfgz65vPxNNDCZe48ri6Cg"}}}
@user1.matrix:localhost	GEGNBCWDZH	signed_curve25519	AAAABQ	1681126963251	{"key":"vo7IwPIE/EjfUpKxXH6lTG5hGr398TZLMCsW7bB7bCE","signatures":{"@user1.matrix:localhost":{"ed25519:GEGNBCWDZH":"/4umzs423P3fy8sqq9TYfvyXadhiABnGiDc41AFnV72zq1KPFyzarF3XrksH0+u9cCK58fAl5H6djS2UtOFQBw"}}}
@user1.matrix:localhost	GEGNBCWDZH	signed_curve25519	AAAABA	1681126963251	{"key":"AtYLmuVyDY0oTjKYgZj37MxRwi6Fo4myI6rasFHrUn8","signatures":{"@user1.matrix:localhost":{"ed25519:GEGNBCWDZH":"ooOkN51zOge3ojw3pZU3l+YCxmdteHrN3DH4WuWEvXlEgi+u+ywv9MUKx0Uj5iE6aiOaGiK5WMXL+O2ajkI/Bw"}}}
@user1.matrix:localhost	GEGNBCWDZH	signed_curve25519	AAAAAw	1681126963251	{"key":"LIs6uw6K6hwls7lvu20E/IVdHW6MiBAd/K7EuX7zMyI","signatures":{"@user1.matrix:localhost":{"ed25519:GEGNBCWDZH":"I9YofUQkYnSqV91p9y7dHlWxRz+Vvnp6yCs9RWQ6GOU7u0KShnE6/7dU4FjswDVKi3uaKQp3/ky8o1CI2FhVDQ"}}}
@user1.matrix:localhost	GEGNBCWDZH	signed_curve25519	AAAAAg	1681126963251	{"key":"5E4262uOTqmnK6ywb9HxwH3rrXTpZVDmMn61dPp4B20","signatures":{"@user1.matrix:localhost":{"ed25519:GEGNBCWDZH":"H5Ocgl5tb39DTMkESmGVZB9gGoj0TyH5FK2TF5J+ShLMotWYxytPM97acKNxskqGM686tMsDbPhzMFpipDOUAQ"}}}
@user1.matrix:localhost	GEGNBCWDZH	signed_curve25519	AAAAAQ	1681126963251	{"key":"70GfQR2XR5be3o9ftMOFWRSVV5iOhPlwT+2a1huWyVg","signatures":{"@user1.matrix:localhost":{"ed25519:GEGNBCWDZH":"Q9HmQ73/rm+DYy1swP/ff+SGn/BpAORVlybD0ouI7G4dNPspQbhkV4nWzNWTkIxMeWLTEqqXQeEPYRbf60NjCQ"}}}
@user1.matrix:localhost	GEGNBCWDZH	signed_curve25519	AAAAKQ	1681126965187	{"key":"GLnlfcDeMNqUa1iIoj8cIfJO8dT1WNpNOk1Fu1h1j0E","signatures":{"@user1.matrix:localhost":{"ed25519:GEGNBCWDZH":"QtCu5k8jJ6oCVqcWOqH11LSiIhi6ozaEX9fCGO9FK3goOgMX4WAfVLaD+EW0WbqfO9H8JPBCj9o66amdigVPBg"}}}
@user1.matrix:localhost	GEGNBCWDZH	signed_curve25519	AAAAKA	1681126965187	{"key":"/9/gQSzLdrOzisT2wpTMwG48rXEUeWmcUF2PpN3GLyE","signatures":{"@user1.matrix:localhost":{"ed25519:GEGNBCWDZH":"c8JLMPpV9QqGl52DkOTNVxUPD3fUVPPhsTXEzfCcqa5H+jxlKORYK99+4GFgwJapZtWpimugvTGvcyM5jgm7Bw"}}}
@user1.matrix:localhost	GEGNBCWDZH	signed_curve25519	AAAAJw	1681126965187	{"key":"EqD2fkpQQFALnO3ee/4qXzjxwTy3qZrNesexUsfl6UU","signatures":{"@user1.matrix:localhost":{"ed25519:GEGNBCWDZH":"l6KeJjjeIOMIl7NCdSU6729bRDNhyrT6imnFwo5YRIz9aMI2am/XAZvdNpar3QdhbiEvqvGWh3+h5MZ6EHPFBQ"}}}
@user1.matrix:localhost	GEGNBCWDZH	signed_curve25519	AAAAJg	1681126965187	{"key":"pEcHDC6YCrZ0/Ic4lOhOq2Je9E9jw39xG/1hJAoE9WY","signatures":{"@user1.matrix:localhost":{"ed25519:GEGNBCWDZH":"l7udpBCABSsah2d6syNSORaCxjDnlc89KzOMhp4Aldms8kIKGvzuc8OMyQk2v6ymceaatTpSW4lcsqO7Nj7tDA"}}}
@user1.matrix:localhost	GEGNBCWDZH	signed_curve25519	AAAAJQ	1681126965187	{"key":"Jfl2f5oQlC9WtV+ftKqfbE2tR/W0Jpf553qs6yIlkXE","signatures":{"@user1.matrix:localhost":{"ed25519:GEGNBCWDZH":"it0ZZX3hbo0v2JoxefzBEK31QYI34kujctnHUwx4cfuKa6FB5bEABO05qzkBNPGpIzkM/8ysQALoxBLZikTbCg"}}}
@user1.matrix:localhost	GEGNBCWDZH	signed_curve25519	AAAALg	1681126965248	{"key":"H6cctLtJN6dqxD6FHPBUYGAk40Fixaro3rHGawQD9VU","signatures":{"@user1.matrix:localhost":{"ed25519:GEGNBCWDZH":"m142vYof3BExYP0fbTvJwQiHGlvSXjtOn/OaufvO3zsSilIDkYyIeHo52bmo2WYKF9Qj4K9SI1UpqGY701WRCA"}}}
@user1.matrix:localhost	GEGNBCWDZH	signed_curve25519	AAAALQ	1681126965248	{"key":"rU1ZQFBwKJpcxktK09GBhZ+skZv6uzFGYPUbDaeE+hw","signatures":{"@user1.matrix:localhost":{"ed25519:GEGNBCWDZH":"7J7GyZW2HlT0HkYU4bSL5iRZB2Zkus1u5VjXiK7N+2vVlTZ72lTSipcljqLM/17AjcjVEylIwFVYXB0YPmi5DQ"}}}
@user1.matrix:localhost	GEGNBCWDZH	signed_curve25519	AAAALA	1681126965248	{"key":"kKPGyfU1B5kaYgQzdvfy6gTI/VaXBYsNNsYZoyKdAks","signatures":{"@user1.matrix:localhost":{"ed25519:GEGNBCWDZH":"ACQWhXLbVZ0+8EMQV9YJafERKVndlwvh1dXKg8sOebmuVCYrq9rQe6/q0Vudbtji7QFTkPqF8qjiGWmBYY70DA"}}}
@user1.matrix:localhost	GEGNBCWDZH	signed_curve25519	AAAAKw	1681126965248	{"key":"IJi0Wyj3zXJz22oNTYoFcDjs9fPIXZf9Vu56iXpZ1Vc","signatures":{"@user1.matrix:localhost":{"ed25519:GEGNBCWDZH":"C6l2RXDO4Vz2hYEZFVfD3g3FdHwL8CpKiYb75o0ZnHBTLgZCT2pysB7138+u7vJRry/YPZaxUbNTpKy+mMZ0Dg"}}}
@user1.matrix:localhost	GEGNBCWDZH	signed_curve25519	AAAAKg	1681126965248	{"key":"nm6SYdz3cmRA2hOFE8vE0ZZlpJB724NnG+NUKKiM+DM","signatures":{"@user1.matrix:localhost":{"ed25519:GEGNBCWDZH":"P2EuGUsAEdvo3RXZPUWIOKgxe95CAKYLvF7mC6iqQkvIlmtDj8/wc9YW5kxcyavYN4HzMpEaPxSU52cxuYDCAQ"}}}
@user1.matrix:localhost	GEGNBCWDZH	signed_curve25519	AAAACw	1681126963354	{"key":"JjpiUy2th67XyiZZK31udoYqqpFMoR1O+HnDI+t4TDY","signatures":{"@user1.matrix:localhost":{"ed25519:GEGNBCWDZH":"ucDtl8B/M6yxeXr3R1qFdX/6+fKleb6PKbEBPFf/+wQP87I4zFSSQKbl5PuZz09MuFAlI2jb+GhTUCaUqpolAA"}}}
@user1.matrix:localhost	GEGNBCWDZH	signed_curve25519	AAAACg	1681126963354	{"key":"avHn/gN9ysAGR7xJgWbU8gUxzHuS8QWNkmZ2j8rmgnM","signatures":{"@user1.matrix:localhost":{"ed25519:GEGNBCWDZH":"EF4LEmqET6nrzUDekfUqhNn+YTvHlkjU5xFW8jYHkMVFLsq9RlxrGs9WNzQx+vtvkwiuRrXMKqJwuqfaZxr2Aw"}}}
@user1.matrix:localhost	GEGNBCWDZH	signed_curve25519	AAAACQ	1681126963354	{"key":"rksk0yX5XfEdfnKRwx7ngf3go4xLx6WYaUVCWJSkFQA","signatures":{"@user1.matrix:localhost":{"ed25519:GEGNBCWDZH":"hfWuA14E4SsNinPR+/9222aHiKyxXSM3oloiZ6Buxw+K+Xu1zveeJYViQIGGYhDrJRuZj+KrqviujOcvpEbSBQ"}}}
@user1.matrix:localhost	GEGNBCWDZH	signed_curve25519	AAAACA	1681126963354	{"key":"R+1qxZ9iCoFjnOJmZcNOOjk+B5HSfJf7i6VYQUTNUik","signatures":{"@user1.matrix:localhost":{"ed25519:GEGNBCWDZH":"WgWOdDBCf2z5VT5DNwcKLWlDetO7xtmL/u+bTyFsAZM+BtNmedKsfD83Fe0N5TG945GdY3qorJ+DB+Pz8WnVBg"}}}
@user1.matrix:localhost	GEGNBCWDZH	signed_curve25519	AAAABw	1681126963354	{"key":"yr+sATkQ7IGS/dDzk71QZ3rWvg7QRDaiHXyXFl2dbgM","signatures":{"@user1.matrix:localhost":{"ed25519:GEGNBCWDZH":"2NcY5Scg5qy7uRAvx1mRDkCP8bhNt8BBNCzVW9efuaJId2yHknv5l+ky7SGGzrh+S/NxT9MqPdVi8gxMXhxcDw"}}}
@user1.matrix:localhost	GEGNBCWDZH	signed_curve25519	AAAAFQ	1681126964186	{"key":"Ru8ggwFx9CiR+X5Ti+bGKnVcS8VuKQ1q8Ii9HGd5QXA","signatures":{"@user1.matrix:localhost":{"ed25519:GEGNBCWDZH":"uVYKHrJeRFibkjFBRysAZExEkheD8oa+iJmAnHaYKDq2td4mTHBSaXryJ1Pz5m2o8h8mvekR6/Z0XSx/0Eb/BA"}}}
@user1.matrix:localhost	GEGNBCWDZH	signed_curve25519	AAAAFA	1681126964186	{"key":"CDXOxoBKdiuUkPMO/UJ5msftcMdB9qgJKiwHoFXhfnE","signatures":{"@user1.matrix:localhost":{"ed25519:GEGNBCWDZH":"g//a4twj4quFq4Gsf2bbglsM9G3lYbFlJr3kj6bI4aM+3SzpaD0Q+HNMOjymQwhYHQYoYIloyj/FjzhypJmfBw"}}}
@user1.matrix:localhost	GEGNBCWDZH	signed_curve25519	AAAAEw	1681126964186	{"key":"ncW3JWZpmNFPvVCVBn0qpOPwpgkxg929tfT/22WPZUA","signatures":{"@user1.matrix:localhost":{"ed25519:GEGNBCWDZH":"EBxQCfO5GQlEiuZhF7NU98cIxkKJDM1GkwZgkgAVb9CQzYQ2o99DVdZlH9vePa9fu5BSwvHasfXXfTBDhMZkCA"}}}
@user1.matrix:localhost	GEGNBCWDZH	signed_curve25519	AAAAEg	1681126964186	{"key":"xEBOoNLS9i/CPIdt2fAce+HCXXoA5WnhQNhASnGdQjg","signatures":{"@user1.matrix:localhost":{"ed25519:GEGNBCWDZH":"HBlZm2jod9Q+4CBlzpQ1tfL3EsHVSE4Qn585F6wNAnZK1KjFhJ/Bber1Q/c4k1rM7OsRuzG41jfs4ldkAzhjCw"}}}
@user1.matrix:localhost	GEGNBCWDZH	signed_curve25519	AAAAEQ	1681126964186	{"key":"OgOgJG9vvek0j9mbZLbxMvCwdVg9Ro5ANBFnLckaoUY","signatures":{"@user1.matrix:localhost":{"ed25519:GEGNBCWDZH":"UGOhHnhIEbpRD3LfSFd1scTn0pqQi0pERiUqt8oB8ujaVn8GsF98UYsMcu6BI0sS0SKvOpkSr2CrGLC/f+bTAQ"}}}
@user1.matrix:localhost	GEGNBCWDZH	signed_curve25519	AAAAEA	1681126963440	{"key":"SAvK9I+AIJVsmr8dDlvKtI93CB4KWxYvlBSVei6krA4","signatures":{"@user1.matrix:localhost":{"ed25519:GEGNBCWDZH":"ECfeFPxPNfZAt6v7GqNlifzFGtHm12wEJBvP4fVYhjszIqvztFDnq28+lG2TrVbyZixkaCgx7zlDQ3t8H+2yBg"}}}
@user1.matrix:localhost	GEGNBCWDZH	signed_curve25519	AAAADw	1681126963440	{"key":"2Z6IcTQW9iubfOlZL4SCOHk7h0oFhzEYjc6QbbjgwUc","signatures":{"@user1.matrix:localhost":{"ed25519:GEGNBCWDZH":"VCl0dxFwHYu2UDrwDogpJXXztjWBnJJTcKe4NJhnC0Z5SA4pd68ZXQHtWOmg/+ZQ50JUQ/QWEeEBNZSWaQUmCg"}}}
@user1.matrix:localhost	GEGNBCWDZH	signed_curve25519	AAAADg	1681126963440	{"key":"3pdpMCZ1vyLo2opmbw3Vbm6tTXyCBkQ/5oQJytO7RWI","signatures":{"@user1.matrix:localhost":{"ed25519:GEGNBCWDZH":"xun91aq+ZuwFbgCg1HktV6w0vpY08/7eJO3b+hjnNENjqaSZe3wz65+krig2bscf2jfcG8uFqpvLfIdUFTtRCQ"}}}
@user1.matrix:localhost	GEGNBCWDZH	signed_curve25519	AAAADQ	1681126963440	{"key":"wA/CqnesdZu73boS5l5YkC2Ga1f80duBU66IfUSubgs","signatures":{"@user1.matrix:localhost":{"ed25519:GEGNBCWDZH":"2f5TLy3w6EH8MR+w8ehLlH5NM/7uGjrkjUITy+tDjNP6gJNJhmZbGyhD6KHV18BFS8Zoa0xkTfy/AkSF766BAw"}}}
@user1.matrix:localhost	GEGNBCWDZH	signed_curve25519	AAAADA	1681126963440	{"key":"MaQP7C3yej02kKPgzQF4SPrGDXCgOG+d5UO8gW4JbTc","signatures":{"@user1.matrix:localhost":{"ed25519:GEGNBCWDZH":"v0dTS9XyN+XLxp95TGRiXpiWCoeLJfJ7l4EH7oP5/avS+ilhtdEnVY9D4UpT0ebj2bQZOzLrVELR/DqKzDEkCg"}}}
@user1.matrix:localhost	GEGNBCWDZH	signed_curve25519	AAAAGg	1681126964642	{"key":"sHNRQTejwR6XN7hexLanBjZn2Ho7CIrQvY2qirrlKlw","signatures":{"@user1.matrix:localhost":{"ed25519:GEGNBCWDZH":"rE4nFbDr6KE1ISJng4j8k156py3M8tXyKYfuZIJpQKKX9t/40azbhywTJFRkOA72ZOJ6z/PfPa/tNyB3dbyqAg"}}}
@user1.matrix:localhost	GEGNBCWDZH	signed_curve25519	AAAAGQ	1681126964642	{"key":"z6NwA6mdsJklVPClkah4KvFgKPOe4Gao4PBNTRFOjU0","signatures":{"@user1.matrix:localhost":{"ed25519:GEGNBCWDZH":"Q8U00c3Vga57p7nmFFbW/wzb9zIwWHY3hYMQzNSsxJB25yZahoxaUKKYT6ixmgqHcbe6Hti6+Ubt/I2HKxeBBA"}}}
@user1.matrix:localhost	GEGNBCWDZH	signed_curve25519	AAAAGA	1681126964642	{"key":"8nlKAoPly3bXKF+nYfn47EeK+uCXIOCILxiEiiFC5F8","signatures":{"@user1.matrix:localhost":{"ed25519:GEGNBCWDZH":"Z8RW25cDHBRN4qPBBGKia+ySO60+35K3Z4GQp+BUfD5MASA62jcW4pIDHquk1YKmiI+FzT1SUvEugQI0txuRCQ"}}}
@user1.matrix:localhost	GEGNBCWDZH	signed_curve25519	AAAAFw	1681126964642	{"key":"ZfMb0dw2uAU1BRaaUDlebtbP6ssZ3V4My3pZUzFj3lc","signatures":{"@user1.matrix:localhost":{"ed25519:GEGNBCWDZH":"0AjLPbFTzfH3+fADBY+CyiRc9qFylzaAvxKdOv8FgffeLxU7hFw4SyhPFjIYScRCuycfAuCorH5IxO3T9usDDw"}}}
@user1.matrix:localhost	GEGNBCWDZH	signed_curve25519	AAAAFg	1681126964642	{"key":"OZ3MPuSecPKC95HkGsh4irlmNG4dYmxI+nZXjuTfdRU","signatures":{"@user1.matrix:localhost":{"ed25519:GEGNBCWDZH":"5x82B+7HEPoRDL8t3IjwdRHg+LLlafDw48y7QSZ6XCNiy26qz0P3S06yCThE/scRMDLMDwnxs+Bv+fibutNWBw"}}}
@user1.matrix:localhost	GEGNBCWDZH	signed_curve25519	AAAAHw	1681126964841	{"key":"jXBN9/6YFlRqfQcuRrQua/YzI6c7mbo7pVFXIFqFrGM","signatures":{"@user1.matrix:localhost":{"ed25519:GEGNBCWDZH":"KiaDcpN0tdi9cb4X0SbSckrqmvQJwbY+EMAaeNWwwdCThOWMRq8aCtWL5kIQ7Cb5lnbwc7hFNFejKBsWrV2yAQ"}}}
@user1.matrix:localhost	GEGNBCWDZH	signed_curve25519	AAAAHg	1681126964841	{"key":"1vTqO6sdwDT4708AF0tbjDm1z9OSXedk2xyfmAhDtzo","signatures":{"@user1.matrix:localhost":{"ed25519:GEGNBCWDZH":"t8Y1QFaYm/WWlcZ/BQhxjNYuiYIkBud1ilbWdZw1PrJlYdvAe5xVlrZj7Oxaxai8d2RrpOik9EHB+YnAI4S8Dg"}}}
@user1.matrix:localhost	GEGNBCWDZH	signed_curve25519	AAAAHQ	1681126964841	{"key":"nW+73qp7+bEQVnTT7ayEjHElFVza+D3IEG2TDS+jomg","signatures":{"@user1.matrix:localhost":{"ed25519:GEGNBCWDZH":"WFHsw/58KiPNWPjyrxUsmBmahpeXFUfy8pw3ZokkbKBaTFO4+A4Ku5rwOL+Zc+MeDLkQjmSp1CxWlf+cQxvuBg"}}}
@user1.matrix:localhost	GEGNBCWDZH	signed_curve25519	AAAAHA	1681126964841	{"key":"eOoa6jjybwL5lDhnNFGvqcMg1Vc1qZPi9l2gOnXKOzs","signatures":{"@user1.matrix:localhost":{"ed25519:GEGNBCWDZH":"k1E4r6Vn9xsvT7s3wxvQEGPu35rnXe5jKHtP1EySayDyC92t+p7ERQHlcGFyyHfFaw0C5AxXJOUcsZuNlOOFDQ"}}}
@user1.matrix:localhost	GEGNBCWDZH	signed_curve25519	AAAAGw	1681126964841	{"key":"xb+iUaA/Fjt8ufCJCeqCg1JOsR28VDWzSBN3yXlQqGs","signatures":{"@user1.matrix:localhost":{"ed25519:GEGNBCWDZH":"t3SpVZ+Hpwfah8lidNYpu4+BnW2xY9dyKCYWMRp5yCPLtricTspLVyek7VkcnhECQ6XPtNm7s8RO8i487d4DAw"}}}
@user1.matrix:localhost	GEGNBCWDZH	signed_curve25519	AAAAJA	1681126965073	{"key":"4DXhpv5gi16LTOMik9PA9iz4yjDXCT2Um7sjxmYpFzE","signatures":{"@user1.matrix:localhost":{"ed25519:GEGNBCWDZH":"RBSaBHjkeP4gSEMWqwtMA2HlSU9H86S0d19wMaNk9q6nZdhTGxKR757OW6X8M3tka5gOC+rAaJmjeGUeBUVgAQ"}}}
@user1.matrix:localhost	GEGNBCWDZH	signed_curve25519	AAAAIw	1681126965073	{"key":"qa1uk2QI1Y4LuQpxGflqn/Mbk29DC30wFLqls1PpmFk","signatures":{"@user1.matrix:localhost":{"ed25519:GEGNBCWDZH":"oFKjIKZLmzL8vOpzvT+abmV/XgYgjQg5WypI+G8WDtZGSb9YqeX1tDwshYA1pVGGI1cFdrtg40jaQ5J9Yag6Dg"}}}
@user1.matrix:localhost	GEGNBCWDZH	signed_curve25519	AAAAIg	1681126965073	{"key":"rCa2cMMPd78WNkR+SSBFlBlBGyfA3F8oSBvpQPqiOyA","signatures":{"@user1.matrix:localhost":{"ed25519:GEGNBCWDZH":"KAtm9wUYlRq2E2om4OU+WzPdY28qkhb+HIfsZe7uI4Mb7vki7mvPeNHmq9jLhyU1coCmE+ILb779Q0/CK6m5CA"}}}
@user1.matrix:localhost	GEGNBCWDZH	signed_curve25519	AAAAIQ	1681126965073	{"key":"v2L/+clUJjO0WoopRiot+uXrXs4MSF+ySvtZQXKoJ1Y","signatures":{"@user1.matrix:localhost":{"ed25519:GEGNBCWDZH":"QIa0tnvqB0GPOGWXSbisOv2Ny9y7fZKBpVJs+Kl8YphNi+rFmqdO/bIOeTueMxXgF3UOQ1eKgVSk9c8Gl+yfBQ"}}}
@user1.matrix:localhost	GEGNBCWDZH	signed_curve25519	AAAAIA	1681126965073	{"key":"GMg2qGLl6i2zR7Oi5SeIqIE06IwezbxJJQjIXBgE31Y","signatures":{"@user1.matrix:localhost":{"ed25519:GEGNBCWDZH":"2N/Y0Oie9wMC3AtgjaGMwZHPgafZFt5MPDouihKj+DqFjin5+KB1GwTYeJd0UE6eJjbLTt41f6TH7Xf0USYzAQ"}}}
@user1.matrix:localhost	GEGNBCWDZH	signed_curve25519	AAAAMw	1681126965308	{"key":"wEI6lnmq+/yzu3Lun49H+23DccESKsyPaL6zKjeRsxs","signatures":{"@user1.matrix:localhost":{"ed25519:GEGNBCWDZH":"RLG4pDgVyxU+71qGe7hjowY94dyLAMCn873vafvLY4kWtrU2LTR0bSdlrW/hgUC66/MT4sJIOWfIVRn0TPLxDQ"}}}
@user1.matrix:localhost	GEGNBCWDZH	signed_curve25519	AAAAMg	1681126965308	{"key":"YyOm7nmu2GyKc2hW0hgwX5IGEUTN2DAmmYdk7VfIAxI","signatures":{"@user1.matrix:localhost":{"ed25519:GEGNBCWDZH":"Cqonh4orZoRiZAMBNdOrk2iFC4mNup3phT9ejDbj2opGYQcwaRtZ6GQ/qspGSfC5wTDMTZHiaCY4clrQW1icBw"}}}
@user1.matrix:localhost	GEGNBCWDZH	signed_curve25519	AAAAMQ	1681126965308	{"key":"qbO8ooLZfq+R7HH1YF74xqYiKlLV0s8Cy0umTSXeukI","signatures":{"@user1.matrix:localhost":{"ed25519:GEGNBCWDZH":"q5Z8X7ytV9ovUSRnflQVr1byun12mZlvd9s7OksIFeWx/xH8ecVZMqz0r/9wALkEN6JOcFvvPEsewXn+mP+6Dg"}}}
@user1.matrix:localhost	GEGNBCWDZH	signed_curve25519	AAAAMA	1681126965308	{"key":"FfPZcOzoH3JHVJJXz5/bTrhfOPy8IxMVKfb/e5GZ8ig","signatures":{"@user1.matrix:localhost":{"ed25519:GEGNBCWDZH":"kUnjVCJOHsi8N6N7CFO1VsSL7SbWy9ZNWjHRYplrTSUe/jEAB3j0abfs/v19Fs/Kjrgwi2RX4FIBySg58IApAw"}}}
@user1.matrix:localhost	GEGNBCWDZH	signed_curve25519	AAAALw	1681126965308	{"key":"Ubru49PhxjMpZtIcnjhnNiGuNP5nwfZ2xSdVyFhsUFk","signatures":{"@user1.matrix:localhost":{"ed25519:GEGNBCWDZH":"yGB09rrje+oTaqg8h6dCZQ0lbYn8CNRmaFjzKs5FKDmNgmW5+P5s2O16z7wSXe9RQ7VRdcJAbJb5HSpUmqW3Bg"}}}
@user1.matrix:localhost	WEAKIHRDEV	signed_curve25519	AAAABQ	1681127030381	{"key":"5yk/Vih0cHXC+AM8u1pZ2N/mdRqwANVoZvMuAEMuoVs","signatures":{"@user1.matrix:localhost":{"ed25519:WEAKIHRDEV":"zDWNd+1SN2EBEJtIrGHui4g10WAGEDZ6ryTNI4ZifS2dLglypeTIzAVEnoJZj7LR+wTIkGq7XcO5YBpSQq05Cg"}}}
@user1.matrix:localhost	WEAKIHRDEV	signed_curve25519	AAAABA	1681127030381	{"key":"qo1sGFvNAxNLcSIKCbX3sQ3JFrVW7Ctp+MZAKUJeclA","signatures":{"@user1.matrix:localhost":{"ed25519:WEAKIHRDEV":"N9tUfI/dmabivGWt3F1l5MGLEXnpJeEveNs7fOrQ9tOcDUQoG8G2NX7KjZWjChswoVDkFKtiE4TjT8MVn9PzBA"}}}
@user1.matrix:localhost	WEAKIHRDEV	signed_curve25519	AAAAAw	1681127030381	{"key":"gRIVfHZf3Rl7/V3THp9wD5Ru8NuCbX7SVveVFL4pVBk","signatures":{"@user1.matrix:localhost":{"ed25519:WEAKIHRDEV":"tT6wAOPn5y5B9cjSLaUwPu4oSqh3o7NTPkvjhIpiwnfANrhJpUBFNseVUWkpPW0Lrx87LfjdHO9Qz0Bf9K0ZDQ"}}}
@user1.matrix:localhost	WEAKIHRDEV	signed_curve25519	AAAAAg	1681127030381	{"key":"p7zZP+uOySX4HmCH9NzTLFYHCz9Y3HBT3RZvoeY78jA","signatures":{"@user1.matrix:localhost":{"ed25519:WEAKIHRDEV":"DWnfdZD/9ydskzugftDa4fCzTfn7z0m6hN1ienQdm45zYFwMp83lJtYPceXIXDcf0N3AwPEYfp0f8hoDrL8/DA"}}}
@user1.matrix:localhost	WEAKIHRDEV	signed_curve25519	AAAAAQ	1681127030381	{"key":"AOUtIxL4YV9+8X7GoJM0N7A7xk1lxwniYn+DD9YK/VM","signatures":{"@user1.matrix:localhost":{"ed25519:WEAKIHRDEV":"t0k52iuj4u6Pk1ggPV1DREOrHcNa3+f3PNrg78aLt3fyRmnB3arvlrVhAC6n6fBrXmqEguU2N+iv1mxJ7oPNCw"}}}
@user1.matrix:localhost	WEAKIHRDEV	signed_curve25519	AAAACw	1681127030543	{"key":"y+oqxBftvz88mjBiXhCnSOUV1j0DaGrdIY2qkGYyu0g","signatures":{"@user1.matrix:localhost":{"ed25519:WEAKIHRDEV":"NOb0PQWnhryB4lIhnGBvOcarZPHH1wJSf+aTJacjTXO0sc1ZbYraFrL3pySx9zghOjVEbaIdprLbqbprwdYBCQ"}}}
@user1.matrix:localhost	WEAKIHRDEV	signed_curve25519	AAAACg	1681127030543	{"key":"RkRoq29bTLI+El1oKp7dTkeD5/z4iiBE4IyUMUPLCnY","signatures":{"@user1.matrix:localhost":{"ed25519:WEAKIHRDEV":"SzbjiVSY5lgitbmMpf+nbTbcyhxHYzTFiOD4hCrjlczTmbF92IrWzmJnPzNJ0AHsAhAgpS+L6lCBvfMylLSPAQ"}}}
@user1.matrix:localhost	WEAKIHRDEV	signed_curve25519	AAAACQ	1681127030543	{"key":"17fS8lLh9jpUeQ8JoroiMTbpkxiXxSyIEbVpoF4Nkww","signatures":{"@user1.matrix:localhost":{"ed25519:WEAKIHRDEV":"NTiH4zqjnuRa4o8+S8Y/PxVdJAfJ6g8BEWSK9VhT3ow+qcqvsV6SLNP2gIE6gVXFHagI64GHKAb6ZpR6RnJDDw"}}}
@user1.matrix:localhost	WEAKIHRDEV	signed_curve25519	AAAACA	1681127030543	{"key":"i3SBG7CM4UnDvR+HfQkoOR0H4dfxSGJkmBaAeqZUqXs","signatures":{"@user1.matrix:localhost":{"ed25519:WEAKIHRDEV":"DnnwJqFzPeav/fyORXQXBDgMVxZnD3z6+b/W0uIN6/PX1OF3wvpC3R4byTUVkpltUg4Kkoyc+ngSsD6gdHIqBg"}}}
@user1.matrix:localhost	WEAKIHRDEV	signed_curve25519	AAAABw	1681127030543	{"key":"+OPai2IqL51nyq6dmzMYS3y3MjhgJK2Zlvw803snthM","signatures":{"@user1.matrix:localhost":{"ed25519:WEAKIHRDEV":"zaeIMwekvz95848dgeyAn1HGqC82iA7SypzYxWXoWGcWIQUXeQ2GHPXn8z0Mds0XMvwGMypNSLy63nCyif3dBg"}}}
@user1.matrix:localhost	WEAKIHRDEV	signed_curve25519	AAAAEQ	1681127030623	{"key":"+D1YgJ+ngcy1h3oHJGfBhXp/c1gk/VzQw+dDWc5l5BI","signatures":{"@user1.matrix:localhost":{"ed25519:WEAKIHRDEV":"d1ktNxsG03ngtBO1P+UVO6aAsVaYBLCS+E40SZYd9LAGKfP9XdUUscjLxNgfkT5J0hhwdpmeyEHkxgtVQb2LCA"}}}
@user1.matrix:localhost	WEAKIHRDEV	signed_curve25519	AAAAEA	1681127030623	{"key":"eccRtZlgiJ+G3xhcSCYgiA5zC1nbcFjStUALnQwHvxk","signatures":{"@user1.matrix:localhost":{"ed25519:WEAKIHRDEV":"jEwRkwfpaFFWveZhOWo9wezyieTnXwn2MRqOHLLx0mf7gg/wYo9DTpX109ZifFLdO3ZVyuz5WAl5juzC7DAcBA"}}}
@user1.matrix:localhost	WEAKIHRDEV	signed_curve25519	AAAADw	1681127030623	{"key":"fnNcuylVLy/vOD1/t//uGCrr/9yAGwXO2u3FN0W5zXE","signatures":{"@user1.matrix:localhost":{"ed25519:WEAKIHRDEV":"PlDb4Ezv9EEw8hnq2539hlkS0eYBoeyLiU6PL+qV8GbzYNZnJYNjmRFQRyzKhrgy5StBGn+dlFGaxR+osnBxCA"}}}
@user1.matrix:localhost	WEAKIHRDEV	signed_curve25519	AAAADg	1681127030623	{"key":"RiIZdSrMZlXbFW7wLg7Rxd0FNxsUFD6bMe1itSTEWQw","signatures":{"@user1.matrix:localhost":{"ed25519:WEAKIHRDEV":"AO65krCWX5GravozpA0jd+paM8E43wsmh+mhQOh+DQpzjEzLfk8Ao68qv/lKGt+Fv2LgtwZPM8l2uSgjYq5JAQ"}}}
@user1.matrix:localhost	WEAKIHRDEV	signed_curve25519	AAAADQ	1681127030623	{"key":"iwHGNCnTYpNHiSRuhh4omBiWx8tfk6yX7msSc8dXW3k","signatures":{"@user1.matrix:localhost":{"ed25519:WEAKIHRDEV":"6fmGezYEs4MEyl4lsc1E4v03gzrQdSiNW/rOEtTGteSpjHYTWduIs0UGfkSW0AfiE1DyEg3NKWh4mXKRcMUCAA"}}}
@user1.matrix:localhost	WEAKIHRDEV	signed_curve25519	AAAAFg	1681127030800	{"key":"BuTTmUuI4vmpdmnPsJXzFaKehVEkX8byO9gaYQ/7/j0","signatures":{"@user1.matrix:localhost":{"ed25519:WEAKIHRDEV":"KjHqeWLOamuPFuD2YrL2vTWVWBXggFLVRlFj6voAc0LbHlx3yd5HVigOOS6Mwyfna8C0Jha87hJQEDMBkijPDw"}}}
@user1.matrix:localhost	WEAKIHRDEV	signed_curve25519	AAAAFQ	1681127030800	{"key":"jR3qGQrSAhauOnDt3+73Y6Yua/3yf5kIT1/5MeC3iho","signatures":{"@user1.matrix:localhost":{"ed25519:WEAKIHRDEV":"cOM4SWIiiAtb7Py7EE1FQCOFYFRbTvKvcS266YfEAwSU6NU9DbvKwja4XpoCrU3cOjt0zLnzrDy4nuLf46+ABw"}}}
@user1.matrix:localhost	WEAKIHRDEV	signed_curve25519	AAAAFA	1681127030800	{"key":"lDkjqRTgyiRbGNGbxgbzvcXU/oxYqY/nIYKnbsD851M","signatures":{"@user1.matrix:localhost":{"ed25519:WEAKIHRDEV":"fkalcUyBc3DylPfp+tfIBFUns78Dz2SejobEWJ7am6Zj0MUvKdTXxfKCAfc+6LR/+t7egEcPNX3tD2UXoEHyAA"}}}
@user1.matrix:localhost	WEAKIHRDEV	signed_curve25519	AAAAEw	1681127030800	{"key":"w7aQHd7eko38vqMNYMYXKUm3wLg7o/t1wLFeV7QTtmY","signatures":{"@user1.matrix:localhost":{"ed25519:WEAKIHRDEV":"RDzzV0jbTdxdpmRLFEdoLVW/iVRRDJcpi3exHobZCchdXGFBchBhJQsJrLsmGmX4XwT8mzLH0k/EqoNU5AsDAw"}}}
@user1.matrix:localhost	WEAKIHRDEV	signed_curve25519	AAAAEg	1681127030800	{"key":"ycPBjuyXuYCwDi0a9+7vMJ2GPffRRNMfAn0R4d22j1A","signatures":{"@user1.matrix:localhost":{"ed25519:WEAKIHRDEV":"0dkTmQ4NHXYRfbRS+eAnVainZEf0J6xTvrj3IYKqk5hIZL3YaSTQ7oDM5JvuWzAGiE30tnDKqkdJgs6xv00bAA"}}}
@user1.matrix:localhost	WEAKIHRDEV	signed_curve25519	AAAAGw	1681127031820	{"key":"Iujerbf0YDEexvJpyqYAU3LWmAqV/joNAwBNlwluWWY","signatures":{"@user1.matrix:localhost":{"ed25519:WEAKIHRDEV":"kUVW+ltY8f/ta7bAwVxMbS9V/QQ7xNYis7BTEAqilevOBhgN6Z6iKqb9kY6G8M4SNtTTKFOIDMVQ4+s0naLRCw"}}}
@user1.matrix:localhost	WEAKIHRDEV	signed_curve25519	AAAAGg	1681127031820	{"key":"pynkxfrcHihs4xw5M0udyGgqLlJniLP+LqtikNQjyTE","signatures":{"@user1.matrix:localhost":{"ed25519:WEAKIHRDEV":"MGvg3REUbmWZ/hFwKX2lGGwa+TpS4l/nqBqpwcW6bAu2rVN0OdCDtyCsx8hNSvi21wdapBgHOVi5GUdY0FGhAw"}}}
@user1.matrix:localhost	WEAKIHRDEV	signed_curve25519	AAAAGQ	1681127031820	{"key":"h+keQliCH+yUw0WJAvXmmGqCFPjSpeZ0KJsJEHjhXB0","signatures":{"@user1.matrix:localhost":{"ed25519:WEAKIHRDEV":"D4A9eZSAfYL3g2pBIXJ9lYIFIrIi+1PSIAJCFcNJvcfciTD/7PsMtK+ydEejFJdHe7E5wgK05LEYgX9WigrICQ"}}}
@user1.matrix:localhost	WEAKIHRDEV	signed_curve25519	AAAAGA	1681127031820	{"key":"8Hnm8IsyPJUd9WDNK4OW9VPFGBRWGISBdbgtrpGCvSM","signatures":{"@user1.matrix:localhost":{"ed25519:WEAKIHRDEV":"L5Al99ysd+6Nv22OvbgNP39ygC+UrLUMlFD3et7ZFSYkv5K1kqES4w94sc4lyHrbX6OGH/vmrkjdvM1TCEpKCg"}}}
@user1.matrix:localhost	WEAKIHRDEV	signed_curve25519	AAAAFw	1681127031820	{"key":"+yAOGbhE6GBYC6X5vFRCkd7mfP+9nJ50UXDROOxiEEk","signatures":{"@user1.matrix:localhost":{"ed25519:WEAKIHRDEV":"bhvYbHr2QvUVqOlvd2JdrMc0c3QP/rNwznVGuBdd8/s9PvBXV5MxAEjr5+w6y0sPzSB8hW/TDgLkVk49+LhaDA"}}}
@user1.matrix:localhost	NZRPFLRSAA	signed_curve25519	AAAAGw	1681127131182	{"key":"m8YRkM+Vg5/EFbRQB8Q3f7ckd2xIaoHcADWWfL+zg3A","signatures":{"@user1.matrix:localhost":{"ed25519:NZRPFLRSAA":"iTrBGfYmZ9zWgP9gUKKOJtO0dTooYMZ2WL8vinIkb3lz/8fcSbWdehdASUiVNpH5jelR11eh8nFTpGuwQ9HNDw"}}}
@user1.matrix:localhost	NZRPFLRSAA	signed_curve25519	AAAAGg	1681127131182	{"key":"cjeTSSXQlKoIx2dRjUyZMBtjzelnBjlJvwCdAT52LkE","signatures":{"@user1.matrix:localhost":{"ed25519:NZRPFLRSAA":"MXewt4Uq55keOK9kbVs6ZzpyQrKIXjTVD9b6MYJ8IfV5pfFwulgOe4ez2f0tmI8bmb+k95GhMI9mLrXjE78zDw"}}}
@user1.matrix:localhost	NZRPFLRSAA	signed_curve25519	AAAAGQ	1681127131182	{"key":"mKogRqjgoL9NQufebZaKR+8IyXe2ah6s/iJw1nDs0nw","signatures":{"@user1.matrix:localhost":{"ed25519:NZRPFLRSAA":"D0Uqvz1lHrbhea4VXScK63xmlmAAT/RaM9UTBP6hCHYncanEdY51f9NmD2dPANRSJHp+tOIx+tOJeBVGGau+AA"}}}
@user1.matrix:localhost	NZRPFLRSAA	signed_curve25519	AAAAGA	1681127131182	{"key":"4UGWimtAMJ3AMa6330z6wh89A7snaqUZyWWJ48nzejE","signatures":{"@user1.matrix:localhost":{"ed25519:NZRPFLRSAA":"7TT9U4nZ87VLm5TqNg+jAzUuDQtW7UkI2aSavE6JDVSno7t68xeIPjeIHxBPu4oTX9j3EHM5GXyTufHMPXR+AQ"}}}
@user1.matrix:localhost	NZRPFLRSAA	signed_curve25519	AAAAFw	1681127131182	{"key":"qKagfeOpbPwEE8tfwvd3t5thJZNyqes/ZBcDQIUB1Fw","signatures":{"@user1.matrix:localhost":{"ed25519:NZRPFLRSAA":"Evi5P69qKefKCgBqDdnXxiPmU7g9BKIO84F5IhhHD/4eg9TY5cIcBhZr1tz24e9iwUVEh35VHYVL0II4d6MZCg"}}}
@user1.matrix:localhost	WEAKIHRDEV	signed_curve25519	AAAAIA	1681127032037	{"key":"/f5Xtjm5lSq4voMPnQHFQ5Pr/Yzn+TYT9zU8oJDBPDM","signatures":{"@user1.matrix:localhost":{"ed25519:WEAKIHRDEV":"D/Wbsbu44iKOQ6+2xNnFKJfcNscY7NB5uRklHtc2TEdLtgQTKk/06RTyjtxOjBIp6D5lFYNDVW1wdC3daqFHAg"}}}
@user1.matrix:localhost	WEAKIHRDEV	signed_curve25519	AAAAHw	1681127032037	{"key":"Ex8Lz10TJQ6qG3sCg0SAiZo1F4kYDpxBtjfT2qjOiEU","signatures":{"@user1.matrix:localhost":{"ed25519:WEAKIHRDEV":"kc+eKoJrD/qrN63SIfdYOMExonowoGfZZePteDbaoytHOHDPlDhoe1i/5UmnsewTF9hgjXjZOj454vtiIloNAw"}}}
@user1.matrix:localhost	WEAKIHRDEV	signed_curve25519	AAAAHg	1681127032037	{"key":"9AaT3c/Kn0dDaZxuSa9E3TqEQZLdhE7RSSfCpSyrB3Y","signatures":{"@user1.matrix:localhost":{"ed25519:WEAKIHRDEV":"4txiXi99plEnfPowkgadKg+u+4qrvXV3lxGjvivuiG39t59NJ1GF6W4iGRwK++JxGgBNz2X1ITWFtb8BjxH1CA"}}}
@user1.matrix:localhost	WEAKIHRDEV	signed_curve25519	AAAAHQ	1681127032037	{"key":"R8G6X36cIvQ0Lgs+czUtbiwYmpVWsrBPx1BOoL//iFE","signatures":{"@user1.matrix:localhost":{"ed25519:WEAKIHRDEV":"FG0iJHLCoBwYfZYZxzPNCjRY5wvqaoPWQXPsqf66fEZupHMIlGYcTO5jUAlWQNvFCoiDdDW23KcUrD9/mZzTCA"}}}
@user1.matrix:localhost	WEAKIHRDEV	signed_curve25519	AAAAHA	1681127032037	{"key":"EXWpyJUEz8j4qSLbgkcRlubqzwb1HWwYfLoUEh1uqRw","signatures":{"@user1.matrix:localhost":{"ed25519:WEAKIHRDEV":"twi+P3P35hNsPNHxo6JEawrlZ4eY44EPab+zyTHg3Drii6VsVXmK4gDXHGpFaGQwyA3qigE7HhaJPIRLNXvyCg"}}}
@user1.matrix:localhost	WEAKIHRDEV	signed_curve25519	AAAAJQ	1681127032273	{"key":"w8qErj0pq6mm09/OymSChP02lOogn6QnGFt2JJT/bh4","signatures":{"@user1.matrix:localhost":{"ed25519:WEAKIHRDEV":"VVJjXbFkRWyv4LHSDXZyelvJxpUrYl2lCuz2JzvEUDHDlMWuBulPNoTOvRGY+hQyZXgGQBMdAxJwcYwUpmguAw"}}}
@user1.matrix:localhost	WEAKIHRDEV	signed_curve25519	AAAAJA	1681127032273	{"key":"e9q10iSmnycpehw3weaorKTTsOK3ROJd9agEKyazZVM","signatures":{"@user1.matrix:localhost":{"ed25519:WEAKIHRDEV":"iLtU1rJqxY1VLtj8d9172PtZR+beDmwwBtvSvA/5TreqxzgKjXUcDuBaATsy/98XboqQKiDbzucSy+U2+4IkDQ"}}}
@user1.matrix:localhost	WEAKIHRDEV	signed_curve25519	AAAAIw	1681127032273	{"key":"PRnuqe/qi/c4Z7IK46jLt2dQtW4EGcKNVLarhqdj6ns","signatures":{"@user1.matrix:localhost":{"ed25519:WEAKIHRDEV":"e3PA1dWYnSmVhtzBHmVpwloTQTJzjPBluy/4DwwfEhCy2tujv/Ick6pjMYdtlxLNr6qf2mLSXwj1+JmyGn/FAg"}}}
@user1.matrix:localhost	WEAKIHRDEV	signed_curve25519	AAAAIg	1681127032273	{"key":"E0xPQ83WsACYayKJnfcuUaR5LjkXgTvjZmu29jwrdiU","signatures":{"@user1.matrix:localhost":{"ed25519:WEAKIHRDEV":"GKNanIqieJ/+4rhL9LRIWZp4TQ+o8iUUtvcP/77JTdXIhXlWGDIqaHLoX3q9jKpO+4l/MAr9LI/zpvv/CZK+CQ"}}}
@user1.matrix:localhost	WEAKIHRDEV	signed_curve25519	AAAAIQ	1681127032273	{"key":"WNS668eX0U1C/uM3FwQWzC1nQKtFkRnud8yUXRnrhE4","signatures":{"@user1.matrix:localhost":{"ed25519:WEAKIHRDEV":"SxGB6NocDROof3FqlK5ogoPFCdSbP7N0ouMDuh8wUY5ux6Y0iU3glveKYadgQk5FFLdjYQ3jBpy0CmywMvKWAg"}}}
@user1.matrix:localhost	WEAKIHRDEV	signed_curve25519	AAAAKg	1681127032414	{"key":"xoj1RkI3TuROX70TR0TRiCy8CUTpL9Mpnp2kaPVb6iQ","signatures":{"@user1.matrix:localhost":{"ed25519:WEAKIHRDEV":"8Ueui1cPtvv0/h29nSR4u/eA5iUyBKcM6QUNv3o2cqp40TETByVBazDfA8lJFrsjSEYaZpWUdXPZoUtcE6z7DQ"}}}
@user1.matrix:localhost	WEAKIHRDEV	signed_curve25519	AAAAKQ	1681127032414	{"key":"/btrGIyDpj4IhzVZtXVdgFFZCdYWNfLQsLV8CV00WCM","signatures":{"@user1.matrix:localhost":{"ed25519:WEAKIHRDEV":"kW4lcfskLi+a6aiDR954gHPDYSnOMM28ExTzYUeRPyMCD4WuSnJxzSOy6lciBHt9U07zfN+SD6TX/mLxIT9+CA"}}}
@user1.matrix:localhost	WEAKIHRDEV	signed_curve25519	AAAAKA	1681127032414	{"key":"A/C3kaGmernBvrAqj7wTI9BGfAVQ4b1Kg3UF7UgD2kk","signatures":{"@user1.matrix:localhost":{"ed25519:WEAKIHRDEV":"1kW/WBBpJqMlwtTOG2xUdyYnNgOPVwAyefNwvDjmZDleGCcFLFCuXtBWxpn7wo7lkveQj4XLTTP+5b0Yt9B5BQ"}}}
@user1.matrix:localhost	WEAKIHRDEV	signed_curve25519	AAAAJw	1681127032414	{"key":"zQWh+Fnw3u/q0H+22vYKUyUASj/ADJdE1eVvpXZDomg","signatures":{"@user1.matrix:localhost":{"ed25519:WEAKIHRDEV":"jInwpw+JACTRPYJstFuDSf1L8bmJ4VYlfOxUZ5CFK3JeKNmrGWOzuPRkcMTRwsEXKOVEFzb5zktFLe9CjA5uDg"}}}
@user1.matrix:localhost	WEAKIHRDEV	signed_curve25519	AAAAJg	1681127032414	{"key":"qY29ECBdtKAB6EN+bOhjQiHnRwMiLRZg+vQfJJhJlyc","signatures":{"@user1.matrix:localhost":{"ed25519:WEAKIHRDEV":"EUezs0yZ/FpHnJnutIbBhDA7XIR3/DA75xoKGqSKuxY/xf5Q4GbZyPuGQqHXht5ZP3eBYLpJ2ngCTbGtD3uNCw"}}}
@user1.matrix:localhost	WEAKIHRDEV	signed_curve25519	AAAALw	1681127032472	{"key":"GJwar/E4HwYp9k56D8JoTc6YOfu9+EK00XYMTXwWxwE","signatures":{"@user1.matrix:localhost":{"ed25519:WEAKIHRDEV":"SZv3RZT1QKA6OfZqbNJf/jAN/UxHDVFlVfXJFndK7lYENx4HeLktsKGvGlxtV6/ce8EIUxYtdbTK9HuHEKjUBw"}}}
@user1.matrix:localhost	WEAKIHRDEV	signed_curve25519	AAAALg	1681127032472	{"key":"CUfono1kKygSoJyW9FvSlkR7q9M1eyqUod5FbxilHn0","signatures":{"@user1.matrix:localhost":{"ed25519:WEAKIHRDEV":"YXT6dxIb1ca8pPIE+r1xxmkBfEu/sb0rqqi8ub5qMQlAz6yYVV8S6iz16TbCjmzDe2fOb9nFxHq+WAMYyb+3Dw"}}}
@user1.matrix:localhost	WEAKIHRDEV	signed_curve25519	AAAALQ	1681127032472	{"key":"atQ1yFiqiyVUOMDISYiDQGl8ohXEF9tRj08vlSrt6wM","signatures":{"@user1.matrix:localhost":{"ed25519:WEAKIHRDEV":"jIgG2nnHdexzvc+c3my6eW4+cSF580KulE2/pq/JyGMG8JuiNQRbm2vtbAbqZTu9lwii5D2q7BVYWm4YuwtBBQ"}}}
@user1.matrix:localhost	WEAKIHRDEV	signed_curve25519	AAAALA	1681127032472	{"key":"MFsp+O7EW+XSF0MuOWslchRVKu4PUc2AT8Zy+CtRJEY","signatures":{"@user1.matrix:localhost":{"ed25519:WEAKIHRDEV":"2Y+gR6gfh7Jo8a+wrnk311WOBVMsZRmYPWuGdrYIbM9pn2xN+VNjloqlLn/b8QS054QjW0n0zcrugAGiPsPlDQ"}}}
@user1.matrix:localhost	WEAKIHRDEV	signed_curve25519	AAAAKw	1681127032472	{"key":"JX5vBKTNh0w05oJvEyfNhCyP31ASHI39wskhyKdSeng","signatures":{"@user1.matrix:localhost":{"ed25519:WEAKIHRDEV":"gEuyOhDaGEg6cfmPwyBhx1GFwavHnKCmuSm0xLK6D5Zjhu/DuMXUXsZVXHuC+SH/Vp6jwdAq+jzzsYESUnYqBQ"}}}
@user1.matrix:localhost	NZRPFLRSAA	signed_curve25519	AAAABQ	1681127129395	{"key":"0Wo6CuDY/pk07ZJwoDy0DuV7GEb6s7Y+RX3tL4FMjFU","signatures":{"@user1.matrix:localhost":{"ed25519:NZRPFLRSAA":"y5Td3z8o7VxEzsFtNFR4KOMMq0NqX3MEXjhtA53Zh8LIf1xop48QuO95X8OEwLGtS4EPyB47EXbKW62D7O9FAg"}}}
@user1.matrix:localhost	NZRPFLRSAA	signed_curve25519	AAAABA	1681127129395	{"key":"mLFrdt590ZJ1pgSJZseoyF0kbAayljtx4aP255BLGVg","signatures":{"@user1.matrix:localhost":{"ed25519:NZRPFLRSAA":"YOeaq5CsGe+UpZAPT4NGj26bRVp/fQQxqOZA7gquwusRMnGyUysE15VJdApsCTgLM18gHT8pa7O9sity8FX3Aw"}}}
@user1.matrix:localhost	NZRPFLRSAA	signed_curve25519	AAAAAw	1681127129395	{"key":"cXXTUjv0681v7edLifqh7OGz9AzllOW7AUvOFidCD3k","signatures":{"@user1.matrix:localhost":{"ed25519:NZRPFLRSAA":"L44//b4Fo0Ohh4D+s0zitk+yZbbqhHaXFsiMxBaKz7/vCyGJn5nxLvReGHwT6yPtcB/jHgZfvCzmQSMMTAofCw"}}}
@user1.matrix:localhost	NZRPFLRSAA	signed_curve25519	AAAAAg	1681127129395	{"key":"G8BGGis2aS+9emeGEwWyCamq66nF++cA3Phj0F7otzU","signatures":{"@user1.matrix:localhost":{"ed25519:NZRPFLRSAA":"OGu5Xgi2L1T/YWRadWr2pnZPCZTtIGFGpVbODbbq27o8ObMKkkOwmr/hsHXaKrw7iZ5RGg/ZdlEWsG9tN9uZAA"}}}
@user1.matrix:localhost	NZRPFLRSAA	signed_curve25519	AAAAAQ	1681127129395	{"key":"xa8MQiY/q+MUolU9qJTPeKFlJl2oiipk08SwMIRfVhs","signatures":{"@user1.matrix:localhost":{"ed25519:NZRPFLRSAA":"ZpEPQjnRaaLuNL8gzOHT5NQTy8zqIQ04htn5GvL8At8mBNFAn/B2hpp8EmsA7AyhfyI03vdHAxXsATt94sGVDw"}}}
@user1.matrix:localhost	WEAKIHRDEV	signed_curve25519	AAAANA	1681127032586	{"key":"Z8+ZhkS8iZgSNXhyP8V9L7wHLZppDDe1ZSEy6YXjmmg","signatures":{"@user1.matrix:localhost":{"ed25519:WEAKIHRDEV":"8BZNUDi5/nHg59rQ8CSjKwOLvPDtRNeEBuUX5YQFtpDdF/EvUylgKtYxeNMPKYzudteHWnU3gCz5AV7aV50oAg"}}}
@user1.matrix:localhost	WEAKIHRDEV	signed_curve25519	AAAAMw	1681127032586	{"key":"KRPQjxV3oRIiquSARfgF+ND69wbTzafi9ufZMaF6bik","signatures":{"@user1.matrix:localhost":{"ed25519:WEAKIHRDEV":"Tj+9eD54APoE3+WzBrlxrM9GOricuJwA7Fx0UklKeTfapNo1McvknQDH9trJeuNXSJ/P2vwsqXelgqHvHaWfBg"}}}
@user1.matrix:localhost	WEAKIHRDEV	signed_curve25519	AAAAMg	1681127032586	{"key":"DOSbDGOXGaZyOcKDMtLnhKtPnncYP75VKbngJlVYMAs","signatures":{"@user1.matrix:localhost":{"ed25519:WEAKIHRDEV":"Zu5vbJxk2O6CK5MQ8KgTbeo5tGTqyiwOfiHZXY266fWoTgtEY7UyFyq4+3l8CDzFTugmztZPnwzwDi9qca5YAQ"}}}
@user1.matrix:localhost	WEAKIHRDEV	signed_curve25519	AAAAMQ	1681127032586	{"key":"T6To1cDT+MJ0YAZ/yO0d3xV/5YpvldTNjV5obFKGjig","signatures":{"@user1.matrix:localhost":{"ed25519:WEAKIHRDEV":"dL4NflHmbNvgql6oYIsw+1kxxlEigjYqTQI92eF7a4wa7ulBUhoFEJNy9mIjAiJGOOwulOWTnfcie99lcdoWBQ"}}}
@user1.matrix:localhost	WEAKIHRDEV	signed_curve25519	AAAAMA	1681127032586	{"key":"33173oWUk000HuyIthz6+z5WhXHU2Vj6Km767uUTNF8","signatures":{"@user1.matrix:localhost":{"ed25519:WEAKIHRDEV":"9DAVmz+LDXv9MUEvZ78OJIH4VgB+3rFOyc6mm9HcVKAIW3jwd2DccveHwBxMoqdU2x9OwsoSrYQizV43kd9ABQ"}}}
@user1.matrix:localhost	NZRPFLRSAA	signed_curve25519	AAAAEQ	1681127130713	{"key":"/xRmrIgdhMonGuBXE1XHdMwjIQMecpajVGwPT/nNeSc","signatures":{"@user1.matrix:localhost":{"ed25519:NZRPFLRSAA":"a19Qxu3mlxt+fanw1TRStrXyXHHP58B41in3LNtcpj9UXxPn7mAoYvF2BtIwpE/zEfg89+xiG4RGGU486PUKDQ"}}}
@user1.matrix:localhost	NZRPFLRSAA	signed_curve25519	AAAAEA	1681127130713	{"key":"wqOWzUp9TJOglWQK7NiL7FGeEAsh38nbPQ6JqsTT3lk","signatures":{"@user1.matrix:localhost":{"ed25519:NZRPFLRSAA":"bmr3pKiyX9neJZCK0yIjqehBspyTO76+2FwcBF6Vb3C8LZA8e1eQa3x4s6Vsr5BPGQwv7Fq0RvQkU3SEuOEtBw"}}}
@user1.matrix:localhost	NZRPFLRSAA	signed_curve25519	AAAADw	1681127130713	{"key":"4wfqtvtqPyrAHT43oSc59SswJsS2gCz50ACaGYJu2i4","signatures":{"@user1.matrix:localhost":{"ed25519:NZRPFLRSAA":"fw0Rielk3gGI8dUISs8FVdR9VmX7u5iWedwAn3hDb77VGM0pRohsSU9grSRj5szhLv07OxolOPAKUzOlGWTNDg"}}}
@user1.matrix:localhost	NZRPFLRSAA	signed_curve25519	AAAADg	1681127130713	{"key":"z99NhOo1drRLo8zvFyS82VdOoDI9tmMZHYOS2tUKPz0","signatures":{"@user1.matrix:localhost":{"ed25519:NZRPFLRSAA":"CzFB2+r0hf7tpn0ZDrhkYiRHt8otBybCAAZdIQgf8pazobrSMsKdZ6kQzSSRTpdivbIt8KzHizY3dXZx6diKDA"}}}
@user1.matrix:localhost	NZRPFLRSAA	signed_curve25519	AAAADQ	1681127130713	{"key":"oAiJoEbUgnnhEcs+ciQWNzIfdmjUX1PZyjJLOdzD7TQ","signatures":{"@user1.matrix:localhost":{"ed25519:NZRPFLRSAA":"O81Ab7uZFppIrzeZse04fxTIbzyWHnV9SXu5wManRe8KRGDXYzWusEbS7UU7BFh+/SytlA2NitywHsS9CuojCA"}}}
@user1.matrix:localhost	NZRPFLRSAA	signed_curve25519	AAAALw	1681127131688	{"key":"XWVk5cDHOaY2sm1WEZyKIFLKrCVkHN8SUZs5n8CvxRE","signatures":{"@user1.matrix:localhost":{"ed25519:NZRPFLRSAA":"UTrNo2+mKNbEi43+0VmOyME/SsmGYeaALfO38AkWsnnzLiGkM9iiAbd9R54nGexrDm5U0LCyCTddGCt36rBCBA"}}}
@user1.matrix:localhost	NZRPFLRSAA	signed_curve25519	AAAALg	1681127131688	{"key":"K9N4KW7Aq/1aJMfkykvqra7s9PY6UEceQ2EMW3p3jQE","signatures":{"@user1.matrix:localhost":{"ed25519:NZRPFLRSAA":"uEJ/xbSHhu2Ity4UcM5LxG/LxF2RpdLNw75zNyknb8DUahs2Mt2EYZxjYvSvEY5BHS0i6k/7SQtxEBY/kheUAQ"}}}
@user1.matrix:localhost	NZRPFLRSAA	signed_curve25519	AAAALQ	1681127131688	{"key":"yH8L+fvquoFMzvXtG07OGPXjpsB5XNxfU4k9XAs+Lmc","signatures":{"@user1.matrix:localhost":{"ed25519:NZRPFLRSAA":"ACEmWUVGWC/h8FxfcK97k3tBkoBWKhPMOF+pdl9NOs2c2rJtcNN3nAt6rvIHWhHxz3/N1Xm0aGpWQjlzpnKgCA"}}}
@user1.matrix:localhost	NZRPFLRSAA	signed_curve25519	AAAALA	1681127131688	{"key":"ig3mjE96AV9omDXI/VrwIgAgSYcvmNtaNq98EEgo8TY","signatures":{"@user1.matrix:localhost":{"ed25519:NZRPFLRSAA":"SldxJzjISu/WLzBnZXxVll0sauszvVNqqJVE8+k181v9iHDMz2xydexHUKzoZAmqnANdsc0mTrnwEYBarYR8Bw"}}}
@user1.matrix:localhost	NZRPFLRSAA	signed_curve25519	AAAAKw	1681127131688	{"key":"jOEYz+l3fDJxBh13jruf13zJUQR4z5V60uLXwIhqVGg","signatures":{"@user1.matrix:localhost":{"ed25519:NZRPFLRSAA":"REcXLmVYxBPPRb0LUATg+c8LJJv4n3Ekll34TkmDOtEGbXucNYnTdIg4+0T63MylXt0KOB4JMeUdrBwAn1biCw"}}}
@user1.matrix:localhost	NZRPFLRSAA	signed_curve25519	AAAACw	1681127129754	{"key":"sqZjiQdUf0+theOWvpKV/5bmzkyligb3518mFAFJi2M","signatures":{"@user1.matrix:localhost":{"ed25519:NZRPFLRSAA":"Zb+49kGEaRR/3UbXZouJGl8UFOj/bEEvyNhthwU8wXr8YrBR/9+fgHjlF/5J5GsnDAzjC8SMp95p6FTaCVDmDw"}}}
@user1.matrix:localhost	NZRPFLRSAA	signed_curve25519	AAAACg	1681127129754	{"key":"8rci14ovZQKMDE+HjmyhkSKx2VOgxl0tE6nPi/T3piA","signatures":{"@user1.matrix:localhost":{"ed25519:NZRPFLRSAA":"mlXmSg8ug225KPHhB39BxppvnYczlsaV0gpi1qsGmcu92FcoynWbwiJbOPDjtdGRh/tl20bVcETiUruZ0PTcDw"}}}
@user1.matrix:localhost	NZRPFLRSAA	signed_curve25519	AAAACQ	1681127129754	{"key":"eluIH7SfnBECynU5taH6NSlK+uzMNnMBVtfVyY7Mpjo","signatures":{"@user1.matrix:localhost":{"ed25519:NZRPFLRSAA":"WAPfcAUuuVgIglTkCivAF6KaCQRXmUQLC8gOXOfdy+M1B5FS8EU8vPAaXmBOWsz1ZQm0fdvQJw7m1TfBcv0VAA"}}}
@user1.matrix:localhost	NZRPFLRSAA	signed_curve25519	AAAACA	1681127129754	{"key":"2nHqhs9SOOUny21M9NMrH3a+sshX6sDkDpiqeQvcVk0","signatures":{"@user1.matrix:localhost":{"ed25519:NZRPFLRSAA":"CmZE/9pZIKKL8XgBGEV3OIt9xOwhDRKQa8/re9bcU293U2CztVKR9IXkoX23eJF3/RjAK78ETmDCBtWgZ/7aCA"}}}
@user1.matrix:localhost	NZRPFLRSAA	signed_curve25519	AAAABw	1681127129754	{"key":"PXrQAMkErOzOKdMFy2nA5D+xl7YQjMS+dfIEHui1EAk","signatures":{"@user1.matrix:localhost":{"ed25519:NZRPFLRSAA":"hRV6dZhHHZuB7DMg2MEpMRE2TKDtMElEluM+LR34QQCQ0srgGU/Kfyd49thB4f50cIFwyQ6TaWm6BRaC+BOIBA"}}}
@user1.matrix:localhost	WEFSLDHKQY	signed_curve25519	AAAABQ	1681307760892	{"key":"ChcnYuDHliO3rS6CpZen9BJjo20CEdYLIywesvWPTx8","signatures":{"@user1.matrix:localhost":{"ed25519:WEFSLDHKQY":"Wsc3femfk4hc2YvUuJL/TZwgDs6nlAFN1bDwH3U7bxQDQcAOxDBo7NgsIOcldRq6eVgP/XAL8JmpBg/vpYNNDA"}}}
@user1.matrix:localhost	WEFSLDHKQY	signed_curve25519	AAAABA	1681307760892	{"key":"+tbBc0OZMfY4X6F0FpsB8S/ic1gYf/1dNLuS8djKCWg","signatures":{"@user1.matrix:localhost":{"ed25519:WEFSLDHKQY":"GQClBIPz69wBQ3SwLc1MA7iAvf/eQEp+HFbrAV+Dlu7la0dcbz/bBVXspOeDe9vvdSxFwJGwS3iju15penNCDg"}}}
@user1.matrix:localhost	WEFSLDHKQY	signed_curve25519	AAAAAw	1681307760892	{"key":"6N9PS4Tap3srcOLBUZ4HOefft2G96D43XAKyMH03ED4","signatures":{"@user1.matrix:localhost":{"ed25519:WEFSLDHKQY":"PXU/sitKjsJKFItP/ttxeYSqumamQ/sQ02p1AzR0hi+fAZDIio7kW6byjKzSD21ZUIeYMOQVia7SP6dKbz7hBQ"}}}
@user1.matrix:localhost	WEFSLDHKQY	signed_curve25519	AAAAAg	1681307760892	{"key":"5fZji+Id0LxMBODwaAb26HOdMUEmNgSPQzDm99QVWnM","signatures":{"@user1.matrix:localhost":{"ed25519:WEFSLDHKQY":"0ZOmOPMc+9lYKMgkL9FUaOwf6leb+UK4Or3m4+RwMVfsjWVwYZxlLoftp3yzcpKB0DHIflfJAX35RC7bUnHuDw"}}}
@user1.matrix:localhost	WEFSLDHKQY	signed_curve25519	AAAAAQ	1681307760892	{"key":"JGmtNa5QWPVFGTzIEYs1uXaPjA9iX9GU0h28jbbHWhE","signatures":{"@user1.matrix:localhost":{"ed25519:WEFSLDHKQY":"BXLLhwmXqb67tLIpg8h36aOQOBqSErudX0X6GkT8jvN0hy6RJtykT0rULEK6Qnmu4NtugW8d328H008exucYAA"}}}
@user1.matrix:localhost	WEFSLDHKQY	signed_curve25519	AAAAJA	1681307761384	{"key":"THbu8LFUaec050XXPPwdPAG3Rjs089NvKEARoezP6hE","signatures":{"@user1.matrix:localhost":{"ed25519:WEFSLDHKQY":"GeY/Awuwy+9xD/MW+3CuE1+VpqqrLfxoyD6HmYLCtRmckhdBpcAh7/tW3FT9c1J3JqubpGJSAgyrzPCFB8FsAA"}}}
@user1.matrix:localhost	WEFSLDHKQY	signed_curve25519	AAAAIw	1681307761384	{"key":"zz414e8Aay019Il7If5AiIeSIkG7JJTGckL40gJgR04","signatures":{"@user1.matrix:localhost":{"ed25519:WEFSLDHKQY":"chFJOGKjbEVQH3XFcM27mxzrYm+FnPA6AelOSLZLSEC+yS5Lbe5igiqvcLNbIapTCyxYXiXyfyJ8/BjlCd0hAQ"}}}
@user1.matrix:localhost	WEFSLDHKQY	signed_curve25519	AAAAIg	1681307761384	{"key":"VDWDEE6/mZ93GJ3496e+E70BmxkOddLc+6o9qquMYwI","signatures":{"@user1.matrix:localhost":{"ed25519:WEFSLDHKQY":"+wm/9J+Qsua3fyfQ8kwO1tOodIGFKs1ZaKrgWPewTNO3VSYtNsRXmjGmNDMtIzXytPxyIjYW9VXyJZFdiTQACQ"}}}
@user1.matrix:localhost	WEFSLDHKQY	signed_curve25519	AAAAIQ	1681307761384	{"key":"n3EHEYijmjjoy98louWgkCXYc7NPq88JCcsE1WxiLgI","signatures":{"@user1.matrix:localhost":{"ed25519:WEFSLDHKQY":"1QNSExDiijqm2xZUGUwyKkK4XXFvSzZaN8DF8Ht9i2TVOewkah7XVIL00/NqWThEOn/lhctwj5ncPBghy2yUBw"}}}
@user1.matrix:localhost	WEFSLDHKQY	signed_curve25519	AAAAIA	1681307761384	{"key":"IDIsKmulJciIHUqowMVLGTa4kitpMBPvyAC+D9v/flo","signatures":{"@user1.matrix:localhost":{"ed25519:WEFSLDHKQY":"gNWQ7BhCcXqIgkYo7fKOVUi8GPPo2dew6klhEKwMcI59PGmrnYj1495YgJkxrAj//bivuu8B67liBUF4TOSYDg"}}}
@user1.matrix:localhost	NZRPFLRSAA	signed_curve25519	AAAAFg	1681127131080	{"key":"HDupMTA/wkHhSL5HTZ9ppjk+OWFy4orpv1RdWyz6Gh8","signatures":{"@user1.matrix:localhost":{"ed25519:NZRPFLRSAA":"e2fSqtW4NBy139QYHGsHtbWWVWfPr1ceGCr7/uwidItb7ZDKTLPiiS8r+ffusXhJLiZAVxE5JOv4pVNLYtT3CA"}}}
@user1.matrix:localhost	NZRPFLRSAA	signed_curve25519	AAAAFQ	1681127131080	{"key":"mS3Bzm1J0a3LVpJKNkiqzesaGF39YSdUjAei4DmFjR8","signatures":{"@user1.matrix:localhost":{"ed25519:NZRPFLRSAA":"Y0fxSTAidqPAarYOgNvKdZZ34AGAqGopmGqeigdVsngpBup0eXcRO11f0NMAxoFUT8ep1RgipvnWjCKgJmZBAQ"}}}
@user1.matrix:localhost	NZRPFLRSAA	signed_curve25519	AAAAFA	1681127131080	{"key":"47rQv/U47JuT2QCeijiZA1Ibs/RxpfO5owBN5PCgdy4","signatures":{"@user1.matrix:localhost":{"ed25519:NZRPFLRSAA":"ODBrsZHyzhbZD6BA4ca89WpsocSRKBNZQNhnK5KLDqUV6fvqDX5Mol+UEYGI19hL0W6R59sM9Z3x4mFakDLiAA"}}}
@user1.matrix:localhost	NZRPFLRSAA	signed_curve25519	AAAAEw	1681127131080	{"key":"Po38Xd6W7RFAgmVs0ja7Ior+pvznFD95Mx4d50mMBEE","signatures":{"@user1.matrix:localhost":{"ed25519:NZRPFLRSAA":"R8+05J2kV6bcCuathWT6VEjmWRQ7C/OuxuYZwr4gzyjtr/p2baWE6t/VijhN1pOhN7yvcUiQN5d7SG6QPW5bCw"}}}
@user1.matrix:localhost	NZRPFLRSAA	signed_curve25519	AAAAEg	1681127131080	{"key":"mSSrhajZXbT3JE7OMc9zUcw5P+2yjtUHyxZf7HUWsSA","signatures":{"@user1.matrix:localhost":{"ed25519:NZRPFLRSAA":"jx9Rjoy66zeKBMY68JSTCPCMCRcC0Lke3hgex6uFcSlaI6l9svQmf7miCZKzDWuqFMrPhjjOZULU2ydwRN4gCg"}}}
@user1.matrix:localhost	NZRPFLRSAA	signed_curve25519	AAAANA	1681127131879	{"key":"YlSac560qlIRX/1n1RIc5BRZLXLtiGlAGY0BZR8sry8","signatures":{"@user1.matrix:localhost":{"ed25519:NZRPFLRSAA":"qZ18IKMyl5Q7rOMrEDRu9dwCjmq+8gdAkvvZ0QxRZDQ2rSZ9XpnAyc0in/NDgpaFTi5dIGSA0epRWHTcu9LfAw"}}}
@user1.matrix:localhost	NZRPFLRSAA	signed_curve25519	AAAAMw	1681127131879	{"key":"s12zVlTajiHQHAnvztTCR9eCcyBk6utCUWIg8RnP9y0","signatures":{"@user1.matrix:localhost":{"ed25519:NZRPFLRSAA":"Ge5Y+JflI7abJKu+bm2Unf9srStCQ+zxu61VeUAotNh8d+6WpHDsl1u2Uan+I7gBEqxo1UYQMfw1vj2670peAw"}}}
@user1.matrix:localhost	NZRPFLRSAA	signed_curve25519	AAAAMg	1681127131879	{"key":"evglY8ENKPI8PpKxbKNk1U+scUQllAIzPV6fNb2YngA","signatures":{"@user1.matrix:localhost":{"ed25519:NZRPFLRSAA":"FcigZGAk31q7kt9m1EZavN6PiHZF2seI+UcO7AplFVfgf3i6sZolMXljWqcrv7t2Ag/d3uegK9QJ8eBNdAIwDA"}}}
@user1.matrix:localhost	NZRPFLRSAA	signed_curve25519	AAAAMQ	1681127131879	{"key":"UUqZYs4/MWWq73b3fCR1QvpMzGvhKkwpIFMOW3N1AnM","signatures":{"@user1.matrix:localhost":{"ed25519:NZRPFLRSAA":"k+Vzhzws2+OLiSY2dCnc6D16QOAFW5rF3nPxPbc2sUgSQk2SX6FGTxsokieynN9iJo3hEYywqSgIg0KDZZfqCg"}}}
@user1.matrix:localhost	NZRPFLRSAA	signed_curve25519	AAAAMA	1681127131879	{"key":"D0MEgANgF4OUJECSvOXyskjpILGv6HYAPqqarlF6eCA","signatures":{"@user1.matrix:localhost":{"ed25519:NZRPFLRSAA":"aPbKhOKRgERSTXNekqnW06EvRqkhOgDp+OR4fLSj5SIIbnghKzYU8FCbcgSCK5GbdSX/TvFoEZ7PMGhOPfLFAg"}}}
@user1.matrix:localhost	WEFSLDHKQY	signed_curve25519	AAAACw	1681307761009	{"key":"5WWcxlXZhGrlnap2k+dRx+vOWD0fS4HhP7dWHnBDMD8","signatures":{"@user1.matrix:localhost":{"ed25519:WEFSLDHKQY":"eN3trucksobC7hB9PnnI9l/glr9caobYwKXOni6i7vnZOtRGBk5py1ChLPIphZNX4qgQpAw2+yuXzzpEMdizCQ"}}}
@user1.matrix:localhost	WEFSLDHKQY	signed_curve25519	AAAACg	1681307761009	{"key":"8Q+xAOw2vwYwnR+aWA29MTlg21qc4iyV+vIgX+TOrxI","signatures":{"@user1.matrix:localhost":{"ed25519:WEFSLDHKQY":"rZ3IfQDg6xPerw77lse9jwovx4o0LTaWkq4WAkYNOxsKnV/loFeC6mxMTjWLxM1QkmbTOX/DHKvqbUdaWXAHCg"}}}
@user1.matrix:localhost	WEFSLDHKQY	signed_curve25519	AAAACQ	1681307761009	{"key":"1uRcchhLNiLvC/ZNlSSEE1vt25MxuDvNPDcSypr8/30","signatures":{"@user1.matrix:localhost":{"ed25519:WEFSLDHKQY":"gUutTzqi6CaHtMo+vap46fPPvRdbMLmAfegqyw8jZtKJ7u8uET/tF203eLUXAxDeLMANHzk/8qerTnI5qUC1AA"}}}
@user1.matrix:localhost	WEFSLDHKQY	signed_curve25519	AAAACA	1681307761009	{"key":"BDVF0sKAkZbT6UXjWGnFcFBVpZe8TFKY9nSFAxQmklU","signatures":{"@user1.matrix:localhost":{"ed25519:WEFSLDHKQY":"pB7gm6sq90TZbnwfxh31So3WCLaxSFeUhZrLl/Pb7FsBlJL3H8yWKV5iRUCw0P4/o1rXAwtZ46PBoK77NagZAg"}}}
@user1.matrix:localhost	WEFSLDHKQY	signed_curve25519	AAAABw	1681307761009	{"key":"jy/FQXkIvcdc/s0VFB0Ps6WKhP9GTcehZKzXG0u6tCs","signatures":{"@user1.matrix:localhost":{"ed25519:WEFSLDHKQY":"ERkwlkklr4reCdJ7OC4ZLX9EHCBWk9ik7FZGa6hOfcgW5zvdrykupaLKp05MiKa7tMmBfNm2rne1buhs228tDg"}}}
@user1.matrix:localhost	WEFSLDHKQY	signed_curve25519	AAAAKQ	1681307761463	{"key":"gxRuaTMXP2i0wM96w24GrtUD9fU3sFJhQQCJ8U9+4hk","signatures":{"@user1.matrix:localhost":{"ed25519:WEFSLDHKQY":"5ettystoWZ5H1flLRCgDfKrEMR7KPAWzunuqfIGdBjh4C3YRawBvkB9V9QgYEd0JQydbo1+XWvmenW7aOBE0DQ"}}}
@user1.matrix:localhost	WEFSLDHKQY	signed_curve25519	AAAAKA	1681307761463	{"key":"dP7j741lTv5VVCumFolgjauu7UuQj7Tc2YXMV2denyg","signatures":{"@user1.matrix:localhost":{"ed25519:WEFSLDHKQY":"4zjcXY1A5BKz3GWZafz+QCAQm+ABay9SdEvUOUokw/bDeF481BztjP+ClIXK866tZkXdEWdMsYV4rOUluavPCA"}}}
@user1.matrix:localhost	WEFSLDHKQY	signed_curve25519	AAAAJw	1681307761463	{"key":"1nyU+jSG3BXxgJqxxaR0aBRvbHm58DfNY0ac9PbN4yQ","signatures":{"@user1.matrix:localhost":{"ed25519:WEFSLDHKQY":"uAZ9T3dCuYRoeNOHtNDRR/94oin6RJ5mXrdWwr6ZL0sdn9WAEMaJoC2gf37JzVq76DhL3FwE49UbahPBN691Bg"}}}
@user1.matrix:localhost	WEFSLDHKQY	signed_curve25519	AAAAJg	1681307761463	{"key":"6BSSKldL0rnLWkRKVY2rHbMzSn+rncWeceMCOD3wsWk","signatures":{"@user1.matrix:localhost":{"ed25519:WEFSLDHKQY":"7XV16cFipx1HrhGzjImE1zFOQK4GjerRgUnxXkZyIQWFHpCvHY6iP5pWPiadnAKs3waOPJ8I0HNAny8SbhBdCA"}}}
@user1.matrix:localhost	WEFSLDHKQY	signed_curve25519	AAAAJQ	1681307761463	{"key":"kEPbS12eg2lW2hFlTG6YeVsNKVmHyCjntTyOMa4vsQg","signatures":{"@user1.matrix:localhost":{"ed25519:WEFSLDHKQY":"dMf4ufYtxV+6nU3V6tav1Q6Q4RS5BfLZE5BerZT2LCwfdseettlzwpdrJZtY9FHq2noz9c+LPo/HgvTYjv2FBA"}}}
@user1.matrix:localhost	NZRPFLRSAA	signed_curve25519	AAAAIA	1681127131366	{"key":"eR7HVBtjVtzBJjdbAD39oDmSWElgYyWymFbJx22XfTc","signatures":{"@user1.matrix:localhost":{"ed25519:NZRPFLRSAA":"yTZG4BtvV23LdL5enxEupOdYzO2Oc4bQovdXCshGQRu76OSkHSkKC8A/nGbH3DWO9kb6QZwQw6H2sGQjVOcFDg"}}}
@user1.matrix:localhost	NZRPFLRSAA	signed_curve25519	AAAAHw	1681127131366	{"key":"J6JtV5FYeb8/X5xuZA5uWL0JaOLTD7E6GNf30Z8Y40E","signatures":{"@user1.matrix:localhost":{"ed25519:NZRPFLRSAA":"Ram90z1zzVh3LLdjjytyBZA6vGw4TDWfAjTW/6qpg7NhPwlbKOnNegKolMTNlQjkD9dvwJkeQTEEfRrgYRY+BA"}}}
@user1.matrix:localhost	NZRPFLRSAA	signed_curve25519	AAAAHg	1681127131366	{"key":"qIO0HMDLprCbFz5Jvy7jUOoKuPIrrtW17zsummDF/0w","signatures":{"@user1.matrix:localhost":{"ed25519:NZRPFLRSAA":"uOaF44+gZTfHb8DLNTE5I+SOta9Jd3K0HV5QGqIXsMQ6F1Hq75xqW9RYwxletnnBQtl2+yC76JVKoyk+9TWMDg"}}}
@user1.matrix:localhost	NZRPFLRSAA	signed_curve25519	AAAAHQ	1681127131366	{"key":"VqRjATPCkvec/1nCPmRADYR6PwYEgSQB/Qg3PuIArk8","signatures":{"@user1.matrix:localhost":{"ed25519:NZRPFLRSAA":"j2WBoHUEvO6RVNTGDerj+fjSYfzDROfeQM1lFtHRUGqdiN2vJwcZzPR/iQPxKBlfjXjnpBj+5f10hYS6UJHMBA"}}}
@user1.matrix:localhost	NZRPFLRSAA	signed_curve25519	AAAAHA	1681127131366	{"key":"ZY/DYQsso10kU8561CmeeiOGvGMVD1xa+f88MfjyigI","signatures":{"@user1.matrix:localhost":{"ed25519:NZRPFLRSAA":"h3Kpo64Cw/fwhVc63WqRDZZbMkeLTvpD2KHrO+2quU9JyazZhDJuMsrPufM6d9w4DOmuj1Fgv1RbCDVPKfo5Bw"}}}
@user1.matrix:localhost	WEFSLDHKQY	signed_curve25519	AAAAEA	1681307761083	{"key":"70DX9wQmsENuyOYUZV0GLKoHeFTE1mSzMeDHY1m9PzI","signatures":{"@user1.matrix:localhost":{"ed25519:WEFSLDHKQY":"w1FmG7uI8LPqFDEBUm0gkFXfxGAx65QkgQzCCyut/lxcNYD7KI8217wv1Snbg1FGmw80ct4eM7K5Pe2QSAFeAg"}}}
@user1.matrix:localhost	WEFSLDHKQY	signed_curve25519	AAAADw	1681307761083	{"key":"NDFgthru7dD9aQD9WNo/M6Rsly/MrgZShQppAF6FEC8","signatures":{"@user1.matrix:localhost":{"ed25519:WEFSLDHKQY":"WQ7UTqbXd08QR+8FisAtGupN0nEQFAWeApJ5txht5L21+9nEYV92RKSBRkeFmbTtBw0LplbUtGkNjmBU/8tnAQ"}}}
@user1.matrix:localhost	WEFSLDHKQY	signed_curve25519	AAAADg	1681307761083	{"key":"VveuSzsAoMPpKSvrXPF0mnEi7Z8Dogors3iGU8oJOjA","signatures":{"@user1.matrix:localhost":{"ed25519:WEFSLDHKQY":"vYhVkFjKDT6J4PDOqoYpjrIxpD7bWn/4s+A0/1iPVvtM/bLUvrRTWRTPiDGkfCrmunHEptjkGk1kZ1cnLw8hCA"}}}
@user1.matrix:localhost	WEFSLDHKQY	signed_curve25519	AAAADQ	1681307761083	{"key":"3vAXhFo+aD/yFz+2pX69SDf3dMDL333BaMWBehSZz1Y","signatures":{"@user1.matrix:localhost":{"ed25519:WEFSLDHKQY":"XQPfTM00QqaH7Sn944LfrOw2qAQweZ1XCPp9bP5/UdDxJR/Jdcp/MoFl9dnMGFc/b1zK4QXEV3vLwlFV4+MpCA"}}}
@user1.matrix:localhost	WEFSLDHKQY	signed_curve25519	AAAADA	1681307761083	{"key":"9hB2dUbbpahz1aFMWgSl1g5Bbrw+mVNvn9nYs9WmeUA","signatures":{"@user1.matrix:localhost":{"ed25519:WEFSLDHKQY":"sOfy+Fl4umGmyFVNFzgUxhyoKTFg1LOrIxzmU7IKPYii1Cvz/7JemzvEBzeAIjCixaHRctlS7kAifvsTgPPPDg"}}}
@user1.matrix:localhost	WEFSLDHKQY	signed_curve25519	AAAALg	1681307761562	{"key":"76w2/iXSE97bzmVavVhWJA2pAzb/KlPZSHHAw5rpNnQ","signatures":{"@user1.matrix:localhost":{"ed25519:WEFSLDHKQY":"CelIRcH+tNeTZqEHLu8sPa0g9jm/ZNebvJaNkUChFWUvqDqaHKe/ZF7Unyowk9y+BY1vRrDFZN1/dQY6lbEUDw"}}}
@user1.matrix:localhost	WEFSLDHKQY	signed_curve25519	AAAALQ	1681307761562	{"key":"S+VTrOeqvgvukfpidxNzS/syw14TVHEPYOdRX0ecuDQ","signatures":{"@user1.matrix:localhost":{"ed25519:WEFSLDHKQY":"G63E8BHvFPqq7AZrxkROLNqFfC6Ohljpqp8jyYs5AIh3rJpjFEF9H+3srVDIvwwI6n7SaiknC9VvM5zIFMMLBA"}}}
@user1.matrix:localhost	WEFSLDHKQY	signed_curve25519	AAAALA	1681307761562	{"key":"7Lgw+tuETfeJ6tvFjHg/NmpXnf4uZqKM3f/QXb7tYHU","signatures":{"@user1.matrix:localhost":{"ed25519:WEFSLDHKQY":"BWIFjwno5xdVzoYTCrWgN2pQ7DAPq9qrx1OlKyId5IlHDahJmvu+CsWQLXnDKGr4uLDemp6OHEp12YyksFkbDQ"}}}
@user1.matrix:localhost	WEFSLDHKQY	signed_curve25519	AAAAKw	1681307761562	{"key":"2XefYX0MT1lgros20+RJeD40jD7y6/6xMyAoGOhwewE","signatures":{"@user1.matrix:localhost":{"ed25519:WEFSLDHKQY":"xJdAlksHm9W7WEbdm+mEQW+jFNvTNmveoz56hsQKf4j5+BUoImXuD7HpLgmIux+z3iYNw6kNFaCJITxw8CbzCw"}}}
@user1.matrix:localhost	WEFSLDHKQY	signed_curve25519	AAAAKg	1681307761562	{"key":"B/0sfgWZkkMAb2juRNoVsB9z6JGZrZ04xVdXXZnO73Q","signatures":{"@user1.matrix:localhost":{"ed25519:WEFSLDHKQY":"LjMaIeBnnzM/BmuaYAymhivk8MR3gi0Z2LDzwJUa4bYFXL1p0j/1uPjr8LZDuJhKg0QmGTIKAD/D2Z3Z96ALCw"}}}
@user1.matrix:localhost	NZRPFLRSAA	signed_curve25519	AAAAJQ	1681127131514	{"key":"fixPwqKntgr9FY6FnGkZi1S24tF3638N4mMpoDFpVDI","signatures":{"@user1.matrix:localhost":{"ed25519:NZRPFLRSAA":"ivf7TFRmvciXS2xPHwST/jzEjRBqHfMe/wGyDLGtkI98+1mniFhZEKpv8vHUlcscurZ0PKvetXa25NIRU6TECg"}}}
@user1.matrix:localhost	NZRPFLRSAA	signed_curve25519	AAAAJA	1681127131514	{"key":"gfiOfzUjSRhVflXPkkHN+K6nC3qJ7VMPBFTS9eyC9ys","signatures":{"@user1.matrix:localhost":{"ed25519:NZRPFLRSAA":"OKdbFgpkz1ijmAMYsXSIaITGCJrKq9w3r4A6DajYiWwzt5Yn9UtspUSySMtETGp2y2ieW0dvWW4c84KgBUxiDA"}}}
@user1.matrix:localhost	NZRPFLRSAA	signed_curve25519	AAAAIw	1681127131514	{"key":"XiZnxeJf3Jv3tHKgAMaSJpsoKb9GI42qz5J41Zyf1TE","signatures":{"@user1.matrix:localhost":{"ed25519:NZRPFLRSAA":"8u4BTV7LVmilC1F/c92MipePP5M61/sY97Jxa/A3oxwPzomoSGuEUZTfC+SSxR4BdHdVGjBpIKE8F+sof8riAg"}}}
@user1.matrix:localhost	NZRPFLRSAA	signed_curve25519	AAAAIg	1681127131514	{"key":"CJsn0xZajoIU0Q/43Sh6wx/GL+tHnNsxGZMAQYhHVFU","signatures":{"@user1.matrix:localhost":{"ed25519:NZRPFLRSAA":"cx70nwoiWd6TPLoOPhESVspJyqa+n50TROXn0H4dCtud7NcQFELfrQ2frUsiEx+aa4LHnvUlgSpUocewDdXZAw"}}}
@user1.matrix:localhost	NZRPFLRSAA	signed_curve25519	AAAAIQ	1681127131514	{"key":"uhYURwKb1+Vry2LEv4p0VYeJCDP2hyR5vxNA7Rkc0zU","signatures":{"@user1.matrix:localhost":{"ed25519:NZRPFLRSAA":"JiYYFaCiiXCkzKtrjNpjS/ymFInSQ7+Bvypfgk75ZeB2zKdEtyAkDl24tdEO7eEZk+lY4vcCyy3qSr62jltHBg"}}}
@user1.matrix:localhost	NZRPFLRSAA	signed_curve25519	AAAAKg	1681127131592	{"key":"XW5kvrepLZwjGirquG7twB7akSk2MBgZJz0qeqZXDEw","signatures":{"@user1.matrix:localhost":{"ed25519:NZRPFLRSAA":"LENXASskdJ4426OYw13AmehhoRwEuSEavXLiR+ZtqaJCpvgCsW3FS+5Z8RDRSXzz2ISaDEsIQ+ZAzGOWOVHoBw"}}}
@user1.matrix:localhost	NZRPFLRSAA	signed_curve25519	AAAAKQ	1681127131592	{"key":"SAPgcrkh23oNep9iHgELEapAHW26uOMzKBNn2/6Za3k","signatures":{"@user1.matrix:localhost":{"ed25519:NZRPFLRSAA":"wiIXs0IT4EyUp1zChGiOMaB9oEZ/KUCMNIKauAVONIpE+EAfLIhoWcWf/38PBL5LDwqlmND+kZBM4zVHw/QfCQ"}}}
@user1.matrix:localhost	NZRPFLRSAA	signed_curve25519	AAAAKA	1681127131592	{"key":"t0p7oYDqZel5oapVt94OkhSZxTbzTKxN4n8LPwzKTn0","signatures":{"@user1.matrix:localhost":{"ed25519:NZRPFLRSAA":"4B6nk8+Jq3x8jiJr5f/ySl8Vzex8QXCaiEzEjGJHn45NBgAzaMYXDIQjNDeQL7OSY6HrA0t2iDXUq+rmaRoSDg"}}}
@user1.matrix:localhost	NZRPFLRSAA	signed_curve25519	AAAAJw	1681127131592	{"key":"mrFcHQKhytPS7tM5FNQggm5q6TIu3tYWJ+tRCQf+JEQ","signatures":{"@user1.matrix:localhost":{"ed25519:NZRPFLRSAA":"dG7EzlhL6HJm3TuHzDLGIYYBN6It5tzi9metCOGNDrkp62EWL1bP1UtdH0kWjFVLGkKtk+kdlCrSnYgpp/VTCQ"}}}
@user1.matrix:localhost	NZRPFLRSAA	signed_curve25519	AAAAJg	1681127131592	{"key":"ZQPJ8veT3LKdV7TpJdEvhdJ23bUUj2sCFyAzhKaQgEU","signatures":{"@user1.matrix:localhost":{"ed25519:NZRPFLRSAA":"JqxaCYrjqGqImAc9+doBVcXHfL+NCS+8xZimMBWWO/Zrv3TJ1h09wkoLa+LTFDxt/Oh0XgBDvYtOVgq651j9CQ"}}}
@user1.matrix:localhost	WEFSLDHKQY	signed_curve25519	AAAAFQ	1681307761152	{"key":"zCOeUYZtLW/BEtjTf7gsalNWnPpjNnaPV3XS+YsFbzE","signatures":{"@user1.matrix:localhost":{"ed25519:WEFSLDHKQY":"RJq5Dng7rjxZWGBU/jlHSN6PHft7+6vEy1VmUlf/aOXJd9wy+t4EXZ6YZ33wX0fY2ToiuHmu9Vo1ZQxxBXwEAA"}}}
@user1.matrix:localhost	WEFSLDHKQY	signed_curve25519	AAAAFA	1681307761152	{"key":"cn9hB291W6/rOZWYlF4Z1eoJt0Ow+EqSH90yuNyuXAA","signatures":{"@user1.matrix:localhost":{"ed25519:WEFSLDHKQY":"Kd075A4Ea5TAVaZmyaqwLe0K014sQBZTWJr3ZrDavIcg1weUIJAeT20fo8Zcfb3g3aLDTmRSKU3pXHIM+lzICA"}}}
@user1.matrix:localhost	WEFSLDHKQY	signed_curve25519	AAAAEw	1681307761152	{"key":"y1HU7rdhoKke9h33gZKof0ARDedTqxxocZZmNrupWSc","signatures":{"@user1.matrix:localhost":{"ed25519:WEFSLDHKQY":"ArJcBrShA/Tt4nN5Azph2CYruhzTJ0VLv6iwVbc/T/+Y++egHura3EFQIByQYhjx27xppWeq9c4GCp/cW4jiCg"}}}
@user1.matrix:localhost	WEFSLDHKQY	signed_curve25519	AAAAEg	1681307761152	{"key":"rxs4UPYNhLCjfGLkwD2K0dr751UXMzyEC5iiAEHVGyE","signatures":{"@user1.matrix:localhost":{"ed25519:WEFSLDHKQY":"rQA1MhAKqfX+UQVvF2N81ZMdNQxSnIxF2jxPKP/YwOGw+np0wjNqbJ6PROXjF/4LJCLScehHOInrABf0OjF9AQ"}}}
@user1.matrix:localhost	WEFSLDHKQY	signed_curve25519	AAAAEQ	1681307761152	{"key":"ybXJ+HcHuak/B7kYRHaMOm2ttBU0zXmKIu2ejJ+ZcB0","signatures":{"@user1.matrix:localhost":{"ed25519:WEFSLDHKQY":"17Uc8/68Vb79tDIezu0tUT25FVpWhhRSHN4QyWBpZhQclGE2WuwqLV+X/e+anUS6AU4aZYSDAHcyz8hjUCjODw"}}}
@user1.matrix:localhost	WEFSLDHKQY	signed_curve25519	AAAAMw	1681307761666	{"key":"kmEfcviGTt9pSaA9TyE9Cg+yHv0NX5mLIsGNfXE3G1U","signatures":{"@user1.matrix:localhost":{"ed25519:WEFSLDHKQY":"Z8i4rOdf2eT2WCOeP78sA1lmSZU6iRbzKpXUPjWcbZHhlACmHieI3IrNLx/1bw73tayMBcnea8e2jF5VfXkmCg"}}}
@user1.matrix:localhost	WEFSLDHKQY	signed_curve25519	AAAAMg	1681307761666	{"key":"y8Yh2F2jBucDlEEFT5V9TjoOwiREzyqHy+EUOA80RUw","signatures":{"@user1.matrix:localhost":{"ed25519:WEFSLDHKQY":"A2sLL46bsDNmSkKleDoQ3swadba6cVyuAip9c1Ju+xJZ8ty+iylcQ4Z7hMAJBHSowkrYbUW4Xi7ljH/ZrAMzCQ"}}}
@user1.matrix:localhost	WEFSLDHKQY	signed_curve25519	AAAAMQ	1681307761666	{"key":"IlfffDSL/QwAFzc3v7uhIdtgWDa4DEG5qUMKmKw+uCQ","signatures":{"@user1.matrix:localhost":{"ed25519:WEFSLDHKQY":"xCHeq6vNiPruMwGDLlfdx105OKAEgP5TOGCRr7RYNBYXcLSeDSIPe0BdrZuEgzuataYaZ0MPUuC3Op32TjByCw"}}}
@user1.matrix:localhost	WEFSLDHKQY	signed_curve25519	AAAAMA	1681307761666	{"key":"etepny5KrHB8W1bwBtTxByrK/79buyslRjCWfOcJQ1I","signatures":{"@user1.matrix:localhost":{"ed25519:WEFSLDHKQY":"gvsuBIYSxbC5Ka2zOHdHXQokVOoHs4JoyQTV27k2Z+haeB3idKqTrA6LZ1I0yyHglxvu0s3+MCtrQrylm8WSCg"}}}
@user1.matrix:localhost	WEFSLDHKQY	signed_curve25519	AAAALw	1681307761666	{"key":"TBe6a7J8s+4UAZ/CZhaglFrm1zThpiNbRp8lv8IgVXA","signatures":{"@user1.matrix:localhost":{"ed25519:WEFSLDHKQY":"NNXW+84NcA3vY4QeClOuP5H9MTJQ3I+9WoFk9PZ+K2pCY58kQ+skFFK/xNzcO7xQ3QUW88/f7ybdGeGgG3GKBA"}}}
\.


--
-- Data for Name: e2e_room_keys; Type: TABLE DATA; Schema: public; Owner: synapse
--

COPY public.e2e_room_keys (user_id, room_id, session_id, version, first_message_index, forwarded_count, is_verified, session_data) FROM stdin;
\.


--
-- Data for Name: e2e_room_keys_versions; Type: TABLE DATA; Schema: public; Owner: synapse
--

COPY public.e2e_room_keys_versions (user_id, version, algorithm, auth_data, deleted, etag) FROM stdin;
\.


--
-- Data for Name: erased_users; Type: TABLE DATA; Schema: public; Owner: synapse
--

COPY public.erased_users (user_id) FROM stdin;
\.


--
-- Data for Name: event_auth; Type: TABLE DATA; Schema: public; Owner: synapse
--

COPY public.event_auth (event_id, auth_id, room_id) FROM stdin;
$IU1ZxuT0Nte99MGUdW5IhEVc_pVMkrUEqjP5xs27dVs	$c4I4FYRPIltfSw8Wf6w1NWiI0mLCN0eVcYuMsCyqiS4	!FzTtpSkXWMPYBKHUQN:localhost
$1kn0z5XFW6tgZeQlEjEweLSJX_vv-w54n3uMagFyz9o	$c4I4FYRPIltfSw8Wf6w1NWiI0mLCN0eVcYuMsCyqiS4	!FzTtpSkXWMPYBKHUQN:localhost
$1kn0z5XFW6tgZeQlEjEweLSJX_vv-w54n3uMagFyz9o	$IU1ZxuT0Nte99MGUdW5IhEVc_pVMkrUEqjP5xs27dVs	!FzTtpSkXWMPYBKHUQN:localhost
$CgLbWRULI45y2D98z5CUQGfnpkIanhBTri6Qgk2FtZI	$c4I4FYRPIltfSw8Wf6w1NWiI0mLCN0eVcYuMsCyqiS4	!FzTtpSkXWMPYBKHUQN:localhost
$CgLbWRULI45y2D98z5CUQGfnpkIanhBTri6Qgk2FtZI	$1kn0z5XFW6tgZeQlEjEweLSJX_vv-w54n3uMagFyz9o	!FzTtpSkXWMPYBKHUQN:localhost
$CgLbWRULI45y2D98z5CUQGfnpkIanhBTri6Qgk2FtZI	$IU1ZxuT0Nte99MGUdW5IhEVc_pVMkrUEqjP5xs27dVs	!FzTtpSkXWMPYBKHUQN:localhost
$MjPoUIyI-4SLUb_2CX0SN6Cq4siLSpO81XmSX0Tt1Ag	$c4I4FYRPIltfSw8Wf6w1NWiI0mLCN0eVcYuMsCyqiS4	!FzTtpSkXWMPYBKHUQN:localhost
$MjPoUIyI-4SLUb_2CX0SN6Cq4siLSpO81XmSX0Tt1Ag	$1kn0z5XFW6tgZeQlEjEweLSJX_vv-w54n3uMagFyz9o	!FzTtpSkXWMPYBKHUQN:localhost
$MjPoUIyI-4SLUb_2CX0SN6Cq4siLSpO81XmSX0Tt1Ag	$IU1ZxuT0Nte99MGUdW5IhEVc_pVMkrUEqjP5xs27dVs	!FzTtpSkXWMPYBKHUQN:localhost
$eaTE2oVse5UGe2gxU6bH4McqUJFwuNN8UMpxUnfeCzc	$c4I4FYRPIltfSw8Wf6w1NWiI0mLCN0eVcYuMsCyqiS4	!FzTtpSkXWMPYBKHUQN:localhost
$eaTE2oVse5UGe2gxU6bH4McqUJFwuNN8UMpxUnfeCzc	$1kn0z5XFW6tgZeQlEjEweLSJX_vv-w54n3uMagFyz9o	!FzTtpSkXWMPYBKHUQN:localhost
$eaTE2oVse5UGe2gxU6bH4McqUJFwuNN8UMpxUnfeCzc	$IU1ZxuT0Nte99MGUdW5IhEVc_pVMkrUEqjP5xs27dVs	!FzTtpSkXWMPYBKHUQN:localhost
$Z8l2x75Ktp4i5ZFSxqQHoicfewpQOJ2yKoIXvdXGGL4	$c4I4FYRPIltfSw8Wf6w1NWiI0mLCN0eVcYuMsCyqiS4	!FzTtpSkXWMPYBKHUQN:localhost
$Z8l2x75Ktp4i5ZFSxqQHoicfewpQOJ2yKoIXvdXGGL4	$1kn0z5XFW6tgZeQlEjEweLSJX_vv-w54n3uMagFyz9o	!FzTtpSkXWMPYBKHUQN:localhost
$Z8l2x75Ktp4i5ZFSxqQHoicfewpQOJ2yKoIXvdXGGL4	$IU1ZxuT0Nte99MGUdW5IhEVc_pVMkrUEqjP5xs27dVs	!FzTtpSkXWMPYBKHUQN:localhost
$hZ3X11MNOocXcrcCNowWncNXGOcKtKz2Yuy15DpSX9Y	$gyvaweguHrwLjB1B_41QMnzSUMHQGbQmTALeOOMmWfU	!pYSbiOyjMFsKNxSMyi:localhost
$EgLH6XFurmJirUH4D5Zkm8y1WyPdrFX2SSko4S0-7hQ	$gyvaweguHrwLjB1B_41QMnzSUMHQGbQmTALeOOMmWfU	!pYSbiOyjMFsKNxSMyi:localhost
$EgLH6XFurmJirUH4D5Zkm8y1WyPdrFX2SSko4S0-7hQ	$hZ3X11MNOocXcrcCNowWncNXGOcKtKz2Yuy15DpSX9Y	!pYSbiOyjMFsKNxSMyi:localhost
$6A1pwZ_SweaaUsjoN5q44E3waqx9e_BX_Vch4BXsSMc	$gyvaweguHrwLjB1B_41QMnzSUMHQGbQmTALeOOMmWfU	!pYSbiOyjMFsKNxSMyi:localhost
$6A1pwZ_SweaaUsjoN5q44E3waqx9e_BX_Vch4BXsSMc	$EgLH6XFurmJirUH4D5Zkm8y1WyPdrFX2SSko4S0-7hQ	!pYSbiOyjMFsKNxSMyi:localhost
$6A1pwZ_SweaaUsjoN5q44E3waqx9e_BX_Vch4BXsSMc	$hZ3X11MNOocXcrcCNowWncNXGOcKtKz2Yuy15DpSX9Y	!pYSbiOyjMFsKNxSMyi:localhost
$tkoiHC3Vf1zAnFhhvTe60NQ7m3nRNvT1ILxtf8O8Tdc	$gyvaweguHrwLjB1B_41QMnzSUMHQGbQmTALeOOMmWfU	!pYSbiOyjMFsKNxSMyi:localhost
$tkoiHC3Vf1zAnFhhvTe60NQ7m3nRNvT1ILxtf8O8Tdc	$EgLH6XFurmJirUH4D5Zkm8y1WyPdrFX2SSko4S0-7hQ	!pYSbiOyjMFsKNxSMyi:localhost
$tkoiHC3Vf1zAnFhhvTe60NQ7m3nRNvT1ILxtf8O8Tdc	$hZ3X11MNOocXcrcCNowWncNXGOcKtKz2Yuy15DpSX9Y	!pYSbiOyjMFsKNxSMyi:localhost
$W2bBymarQF5AVOanxoytGxta4UVf4fhh6doJw6GmsQ0	$gyvaweguHrwLjB1B_41QMnzSUMHQGbQmTALeOOMmWfU	!pYSbiOyjMFsKNxSMyi:localhost
$W2bBymarQF5AVOanxoytGxta4UVf4fhh6doJw6GmsQ0	$EgLH6XFurmJirUH4D5Zkm8y1WyPdrFX2SSko4S0-7hQ	!pYSbiOyjMFsKNxSMyi:localhost
$W2bBymarQF5AVOanxoytGxta4UVf4fhh6doJw6GmsQ0	$hZ3X11MNOocXcrcCNowWncNXGOcKtKz2Yuy15DpSX9Y	!pYSbiOyjMFsKNxSMyi:localhost
$YSS-8MMEgCETq_EouYM-mm0KiVKGloqtULWeqmdQKZg	$gyvaweguHrwLjB1B_41QMnzSUMHQGbQmTALeOOMmWfU	!pYSbiOyjMFsKNxSMyi:localhost
$YSS-8MMEgCETq_EouYM-mm0KiVKGloqtULWeqmdQKZg	$EgLH6XFurmJirUH4D5Zkm8y1WyPdrFX2SSko4S0-7hQ	!pYSbiOyjMFsKNxSMyi:localhost
$YSS-8MMEgCETq_EouYM-mm0KiVKGloqtULWeqmdQKZg	$hZ3X11MNOocXcrcCNowWncNXGOcKtKz2Yuy15DpSX9Y	!pYSbiOyjMFsKNxSMyi:localhost
$0RmvI0B1zTbePI4eCXXUO_9tJQY2XcOy4Kt4FqYQ-Yk	$gyvaweguHrwLjB1B_41QMnzSUMHQGbQmTALeOOMmWfU	!pYSbiOyjMFsKNxSMyi:localhost
$0RmvI0B1zTbePI4eCXXUO_9tJQY2XcOy4Kt4FqYQ-Yk	$EgLH6XFurmJirUH4D5Zkm8y1WyPdrFX2SSko4S0-7hQ	!pYSbiOyjMFsKNxSMyi:localhost
$0RmvI0B1zTbePI4eCXXUO_9tJQY2XcOy4Kt4FqYQ-Yk	$tkoiHC3Vf1zAnFhhvTe60NQ7m3nRNvT1ILxtf8O8Tdc	!pYSbiOyjMFsKNxSMyi:localhost
$FSGyxWobRbm3XPzA_RJTfx_wFyj7eioybzttjovTej0	$c4I4FYRPIltfSw8Wf6w1NWiI0mLCN0eVcYuMsCyqiS4	!FzTtpSkXWMPYBKHUQN:localhost
$FSGyxWobRbm3XPzA_RJTfx_wFyj7eioybzttjovTej0	$1kn0z5XFW6tgZeQlEjEweLSJX_vv-w54n3uMagFyz9o	!FzTtpSkXWMPYBKHUQN:localhost
$FSGyxWobRbm3XPzA_RJTfx_wFyj7eioybzttjovTej0	$MjPoUIyI-4SLUb_2CX0SN6Cq4siLSpO81XmSX0Tt1Ag	!FzTtpSkXWMPYBKHUQN:localhost
$3iFc4KVKwTYBpN8T8PyFgNCDxXkCtJF5qS1nJbulpmU	$MjPoUIyI-4SLUb_2CX0SN6Cq4siLSpO81XmSX0Tt1Ag	!FzTtpSkXWMPYBKHUQN:localhost
$f8S-mPLHMnruZFOTih-IYlCoYILk6A_BPx3dtO79ubI	$tkoiHC3Vf1zAnFhhvTe60NQ7m3nRNvT1ILxtf8O8Tdc	!pYSbiOyjMFsKNxSMyi:localhost
$3iFc4KVKwTYBpN8T8PyFgNCDxXkCtJF5qS1nJbulpmU	$c4I4FYRPIltfSw8Wf6w1NWiI0mLCN0eVcYuMsCyqiS4	!FzTtpSkXWMPYBKHUQN:localhost
$3iFc4KVKwTYBpN8T8PyFgNCDxXkCtJF5qS1nJbulpmU	$1kn0z5XFW6tgZeQlEjEweLSJX_vv-w54n3uMagFyz9o	!FzTtpSkXWMPYBKHUQN:localhost
$f8S-mPLHMnruZFOTih-IYlCoYILk6A_BPx3dtO79ubI	$gyvaweguHrwLjB1B_41QMnzSUMHQGbQmTALeOOMmWfU	!pYSbiOyjMFsKNxSMyi:localhost
$f8S-mPLHMnruZFOTih-IYlCoYILk6A_BPx3dtO79ubI	$EgLH6XFurmJirUH4D5Zkm8y1WyPdrFX2SSko4S0-7hQ	!pYSbiOyjMFsKNxSMyi:localhost
$Q7qpUYZra7SmdftawkKRrQilka-WlRBbgKYybv2QRls	$tkoiHC3Vf1zAnFhhvTe60NQ7m3nRNvT1ILxtf8O8Tdc	!pYSbiOyjMFsKNxSMyi:localhost
$Q7qpUYZra7SmdftawkKRrQilka-WlRBbgKYybv2QRls	$gyvaweguHrwLjB1B_41QMnzSUMHQGbQmTALeOOMmWfU	!pYSbiOyjMFsKNxSMyi:localhost
$Q7qpUYZra7SmdftawkKRrQilka-WlRBbgKYybv2QRls	$EgLH6XFurmJirUH4D5Zkm8y1WyPdrFX2SSko4S0-7hQ	!pYSbiOyjMFsKNxSMyi:localhost
$Q7qpUYZra7SmdftawkKRrQilka-WlRBbgKYybv2QRls	$f8S-mPLHMnruZFOTih-IYlCoYILk6A_BPx3dtO79ubI	!pYSbiOyjMFsKNxSMyi:localhost
$o5ttVgA4qLDCRoIxN9qyVPOLj9QUajTOF3D_U8es57Y	$MjPoUIyI-4SLUb_2CX0SN6Cq4siLSpO81XmSX0Tt1Ag	!FzTtpSkXWMPYBKHUQN:localhost
$o5ttVgA4qLDCRoIxN9qyVPOLj9QUajTOF3D_U8es57Y	$c4I4FYRPIltfSw8Wf6w1NWiI0mLCN0eVcYuMsCyqiS4	!FzTtpSkXWMPYBKHUQN:localhost
$o5ttVgA4qLDCRoIxN9qyVPOLj9QUajTOF3D_U8es57Y	$1kn0z5XFW6tgZeQlEjEweLSJX_vv-w54n3uMagFyz9o	!FzTtpSkXWMPYBKHUQN:localhost
$o5ttVgA4qLDCRoIxN9qyVPOLj9QUajTOF3D_U8es57Y	$3iFc4KVKwTYBpN8T8PyFgNCDxXkCtJF5qS1nJbulpmU	!FzTtpSkXWMPYBKHUQN:localhost
$EeKexStxnjQMJwZnkxIZRNXLdggHQGqT_RJYm1xCocU	$c4I4FYRPIltfSw8Wf6w1NWiI0mLCN0eVcYuMsCyqiS4	!FzTtpSkXWMPYBKHUQN:localhost
$EeKexStxnjQMJwZnkxIZRNXLdggHQGqT_RJYm1xCocU	$MjPoUIyI-4SLUb_2CX0SN6Cq4siLSpO81XmSX0Tt1Ag	!FzTtpSkXWMPYBKHUQN:localhost
$EeKexStxnjQMJwZnkxIZRNXLdggHQGqT_RJYm1xCocU	$IU1ZxuT0Nte99MGUdW5IhEVc_pVMkrUEqjP5xs27dVs	!FzTtpSkXWMPYBKHUQN:localhost
$EeKexStxnjQMJwZnkxIZRNXLdggHQGqT_RJYm1xCocU	$1kn0z5XFW6tgZeQlEjEweLSJX_vv-w54n3uMagFyz9o	!FzTtpSkXWMPYBKHUQN:localhost
$ZPGmNdM7zvGVfx5_posO0xAJ7C6aAnDZavYGV23i3eM	$EeKexStxnjQMJwZnkxIZRNXLdggHQGqT_RJYm1xCocU	!FzTtpSkXWMPYBKHUQN:localhost
$ZPGmNdM7zvGVfx5_posO0xAJ7C6aAnDZavYGV23i3eM	$MjPoUIyI-4SLUb_2CX0SN6Cq4siLSpO81XmSX0Tt1Ag	!FzTtpSkXWMPYBKHUQN:localhost
$ZPGmNdM7zvGVfx5_posO0xAJ7C6aAnDZavYGV23i3eM	$1kn0z5XFW6tgZeQlEjEweLSJX_vv-w54n3uMagFyz9o	!FzTtpSkXWMPYBKHUQN:localhost
$ZPGmNdM7zvGVfx5_posO0xAJ7C6aAnDZavYGV23i3eM	$c4I4FYRPIltfSw8Wf6w1NWiI0mLCN0eVcYuMsCyqiS4	!FzTtpSkXWMPYBKHUQN:localhost
$DRO5TAucLHxvrlJ47kjeEKQiKn1D0J-pwsDdrExDhfM	$IU1ZxuT0Nte99MGUdW5IhEVc_pVMkrUEqjP5xs27dVs	!FzTtpSkXWMPYBKHUQN:localhost
$DRO5TAucLHxvrlJ47kjeEKQiKn1D0J-pwsDdrExDhfM	$1kn0z5XFW6tgZeQlEjEweLSJX_vv-w54n3uMagFyz9o	!FzTtpSkXWMPYBKHUQN:localhost
$DRO5TAucLHxvrlJ47kjeEKQiKn1D0J-pwsDdrExDhfM	$c4I4FYRPIltfSw8Wf6w1NWiI0mLCN0eVcYuMsCyqiS4	!FzTtpSkXWMPYBKHUQN:localhost
$2AEp1hOUUsulI8Zc2ISpcmI9VmKuftWZdClPUSC_mD4	$8JzwefAwHCl96ZlTja5b5rV-MxH_1T91x6Yl6vKYGSg	!AHOiTmgdxQzlhIOUsy:localhost
$425aYo_LNE95R3HHpQZSk0MGS0CjqhCPkp0DJvtMk5M	$2AEp1hOUUsulI8Zc2ISpcmI9VmKuftWZdClPUSC_mD4	!AHOiTmgdxQzlhIOUsy:localhost
$425aYo_LNE95R3HHpQZSk0MGS0CjqhCPkp0DJvtMk5M	$8JzwefAwHCl96ZlTja5b5rV-MxH_1T91x6Yl6vKYGSg	!AHOiTmgdxQzlhIOUsy:localhost
$z1GwtHO3iyw6MvOYBxrwIdl_jvUlP6_Bn6yFfE9P2aI	$2AEp1hOUUsulI8Zc2ISpcmI9VmKuftWZdClPUSC_mD4	!AHOiTmgdxQzlhIOUsy:localhost
$z1GwtHO3iyw6MvOYBxrwIdl_jvUlP6_Bn6yFfE9P2aI	$425aYo_LNE95R3HHpQZSk0MGS0CjqhCPkp0DJvtMk5M	!AHOiTmgdxQzlhIOUsy:localhost
$z1GwtHO3iyw6MvOYBxrwIdl_jvUlP6_Bn6yFfE9P2aI	$8JzwefAwHCl96ZlTja5b5rV-MxH_1T91x6Yl6vKYGSg	!AHOiTmgdxQzlhIOUsy:localhost
$Ww-5pR04rXtgZleTLBj7vJSR1LGkC3tZ5Zuaxqazwek	$2AEp1hOUUsulI8Zc2ISpcmI9VmKuftWZdClPUSC_mD4	!AHOiTmgdxQzlhIOUsy:localhost
$Ww-5pR04rXtgZleTLBj7vJSR1LGkC3tZ5Zuaxqazwek	$425aYo_LNE95R3HHpQZSk0MGS0CjqhCPkp0DJvtMk5M	!AHOiTmgdxQzlhIOUsy:localhost
$Ww-5pR04rXtgZleTLBj7vJSR1LGkC3tZ5Zuaxqazwek	$8JzwefAwHCl96ZlTja5b5rV-MxH_1T91x6Yl6vKYGSg	!AHOiTmgdxQzlhIOUsy:localhost
$LmDzEqXVjmgNKIk52bhBmbosSuVDk32P02nhwggY0RM	$2AEp1hOUUsulI8Zc2ISpcmI9VmKuftWZdClPUSC_mD4	!AHOiTmgdxQzlhIOUsy:localhost
$LmDzEqXVjmgNKIk52bhBmbosSuVDk32P02nhwggY0RM	$425aYo_LNE95R3HHpQZSk0MGS0CjqhCPkp0DJvtMk5M	!AHOiTmgdxQzlhIOUsy:localhost
$LmDzEqXVjmgNKIk52bhBmbosSuVDk32P02nhwggY0RM	$8JzwefAwHCl96ZlTja5b5rV-MxH_1T91x6Yl6vKYGSg	!AHOiTmgdxQzlhIOUsy:localhost
$sFv4HsuqMN9A0Wl_Bb1tZ-I7Kgdtxe83YsRaNWowWDM	$2AEp1hOUUsulI8Zc2ISpcmI9VmKuftWZdClPUSC_mD4	!AHOiTmgdxQzlhIOUsy:localhost
$sFv4HsuqMN9A0Wl_Bb1tZ-I7Kgdtxe83YsRaNWowWDM	$425aYo_LNE95R3HHpQZSk0MGS0CjqhCPkp0DJvtMk5M	!AHOiTmgdxQzlhIOUsy:localhost
$sFv4HsuqMN9A0Wl_Bb1tZ-I7Kgdtxe83YsRaNWowWDM	$8JzwefAwHCl96ZlTja5b5rV-MxH_1T91x6Yl6vKYGSg	!AHOiTmgdxQzlhIOUsy:localhost
$xOF81meT9KSyhw3dY5FjCzADSBULEj6OoQaHM9DWtMY	$8JzwefAwHCl96ZlTja5b5rV-MxH_1T91x6Yl6vKYGSg	!AHOiTmgdxQzlhIOUsy:localhost
$xOF81meT9KSyhw3dY5FjCzADSBULEj6OoQaHM9DWtMY	$Ww-5pR04rXtgZleTLBj7vJSR1LGkC3tZ5Zuaxqazwek	!AHOiTmgdxQzlhIOUsy:localhost
$xOF81meT9KSyhw3dY5FjCzADSBULEj6OoQaHM9DWtMY	$2AEp1hOUUsulI8Zc2ISpcmI9VmKuftWZdClPUSC_mD4	!AHOiTmgdxQzlhIOUsy:localhost
$xOF81meT9KSyhw3dY5FjCzADSBULEj6OoQaHM9DWtMY	$425aYo_LNE95R3HHpQZSk0MGS0CjqhCPkp0DJvtMk5M	!AHOiTmgdxQzlhIOUsy:localhost
$cgYituIGJ7X54S5-Ax3C5u2yLwCnf99x2VbMmy0YD3w	$Ww-5pR04rXtgZleTLBj7vJSR1LGkC3tZ5Zuaxqazwek	!AHOiTmgdxQzlhIOUsy:localhost
$cgYituIGJ7X54S5-Ax3C5u2yLwCnf99x2VbMmy0YD3w	$xOF81meT9KSyhw3dY5FjCzADSBULEj6OoQaHM9DWtMY	!AHOiTmgdxQzlhIOUsy:localhost
$cgYituIGJ7X54S5-Ax3C5u2yLwCnf99x2VbMmy0YD3w	$425aYo_LNE95R3HHpQZSk0MGS0CjqhCPkp0DJvtMk5M	!AHOiTmgdxQzlhIOUsy:localhost
$cgYituIGJ7X54S5-Ax3C5u2yLwCnf99x2VbMmy0YD3w	$8JzwefAwHCl96ZlTja5b5rV-MxH_1T91x6Yl6vKYGSg	!AHOiTmgdxQzlhIOUsy:localhost
$hgeuyu5_SLbd99TLf-m4kSUM8l1Jy-W4XmhdQGO2rr0	$8JzwefAwHCl96ZlTja5b5rV-MxH_1T91x6Yl6vKYGSg	!AHOiTmgdxQzlhIOUsy:localhost
$hgeuyu5_SLbd99TLf-m4kSUM8l1Jy-W4XmhdQGO2rr0	$Ww-5pR04rXtgZleTLBj7vJSR1LGkC3tZ5Zuaxqazwek	!AHOiTmgdxQzlhIOUsy:localhost
$hgeuyu5_SLbd99TLf-m4kSUM8l1Jy-W4XmhdQGO2rr0	$2AEp1hOUUsulI8Zc2ISpcmI9VmKuftWZdClPUSC_mD4	!AHOiTmgdxQzlhIOUsy:localhost
$hgeuyu5_SLbd99TLf-m4kSUM8l1Jy-W4XmhdQGO2rr0	$425aYo_LNE95R3HHpQZSk0MGS0CjqhCPkp0DJvtMk5M	!AHOiTmgdxQzlhIOUsy:localhost
$jiXC1l1ou9Ti0I7CV7PJrsVblqsrb9dPQentqZqLBys	$hgeuyu5_SLbd99TLf-m4kSUM8l1Jy-W4XmhdQGO2rr0	!AHOiTmgdxQzlhIOUsy:localhost
$jiXC1l1ou9Ti0I7CV7PJrsVblqsrb9dPQentqZqLBys	$Ww-5pR04rXtgZleTLBj7vJSR1LGkC3tZ5Zuaxqazwek	!AHOiTmgdxQzlhIOUsy:localhost
$jiXC1l1ou9Ti0I7CV7PJrsVblqsrb9dPQentqZqLBys	$425aYo_LNE95R3HHpQZSk0MGS0CjqhCPkp0DJvtMk5M	!AHOiTmgdxQzlhIOUsy:localhost
$jiXC1l1ou9Ti0I7CV7PJrsVblqsrb9dPQentqZqLBys	$8JzwefAwHCl96ZlTja5b5rV-MxH_1T91x6Yl6vKYGSg	!AHOiTmgdxQzlhIOUsy:localhost
$ye7ixCV2UmoA3GCF2K5lqNSxMrWwkdvkTSOdQDHy-P0	$Ww-5pR04rXtgZleTLBj7vJSR1LGkC3tZ5Zuaxqazwek	!AHOiTmgdxQzlhIOUsy:localhost
$ye7ixCV2UmoA3GCF2K5lqNSxMrWwkdvkTSOdQDHy-P0	$8JzwefAwHCl96ZlTja5b5rV-MxH_1T91x6Yl6vKYGSg	!AHOiTmgdxQzlhIOUsy:localhost
$ye7ixCV2UmoA3GCF2K5lqNSxMrWwkdvkTSOdQDHy-P0	$425aYo_LNE95R3HHpQZSk0MGS0CjqhCPkp0DJvtMk5M	!AHOiTmgdxQzlhIOUsy:localhost
$0XMDIAwJBH-iA7qIReHWRJAwmGiTGGioVtV8KFmJ4_M	$Ww-5pR04rXtgZleTLBj7vJSR1LGkC3tZ5Zuaxqazwek	!AHOiTmgdxQzlhIOUsy:localhost
$0XMDIAwJBH-iA7qIReHWRJAwmGiTGGioVtV8KFmJ4_M	$cgYituIGJ7X54S5-Ax3C5u2yLwCnf99x2VbMmy0YD3w	!AHOiTmgdxQzlhIOUsy:localhost
$0XMDIAwJBH-iA7qIReHWRJAwmGiTGGioVtV8KFmJ4_M	$425aYo_LNE95R3HHpQZSk0MGS0CjqhCPkp0DJvtMk5M	!AHOiTmgdxQzlhIOUsy:localhost
$0XMDIAwJBH-iA7qIReHWRJAwmGiTGGioVtV8KFmJ4_M	$8JzwefAwHCl96ZlTja5b5rV-MxH_1T91x6Yl6vKYGSg	!AHOiTmgdxQzlhIOUsy:localhost
$v8iGN1Nqfe45E9UAlYS-2URhe0VSFqIHY_trb51SesI	$1kn0z5XFW6tgZeQlEjEweLSJX_vv-w54n3uMagFyz9o	!FzTtpSkXWMPYBKHUQN:localhost
$v8iGN1Nqfe45E9UAlYS-2URhe0VSFqIHY_trb51SesI	$c4I4FYRPIltfSw8Wf6w1NWiI0mLCN0eVcYuMsCyqiS4	!FzTtpSkXWMPYBKHUQN:localhost
$v8iGN1Nqfe45E9UAlYS-2URhe0VSFqIHY_trb51SesI	$MjPoUIyI-4SLUb_2CX0SN6Cq4siLSpO81XmSX0Tt1Ag	!FzTtpSkXWMPYBKHUQN:localhost
$0xWeoIOTCY4e3-7ZbZGuokwWQFjVMhIRQNXarqF1pxw	$1kn0z5XFW6tgZeQlEjEweLSJX_vv-w54n3uMagFyz9o	!FzTtpSkXWMPYBKHUQN:localhost
$0xWeoIOTCY4e3-7ZbZGuokwWQFjVMhIRQNXarqF1pxw	$c4I4FYRPIltfSw8Wf6w1NWiI0mLCN0eVcYuMsCyqiS4	!FzTtpSkXWMPYBKHUQN:localhost
$0xWeoIOTCY4e3-7ZbZGuokwWQFjVMhIRQNXarqF1pxw	$MjPoUIyI-4SLUb_2CX0SN6Cq4siLSpO81XmSX0Tt1Ag	!FzTtpSkXWMPYBKHUQN:localhost
$0xWeoIOTCY4e3-7ZbZGuokwWQFjVMhIRQNXarqF1pxw	$IU1ZxuT0Nte99MGUdW5IhEVc_pVMkrUEqjP5xs27dVs	!FzTtpSkXWMPYBKHUQN:localhost
$pdWypCivt0W58tNdti2PPFECr9nY2FHCzPHcq3t7WEY	$1kn0z5XFW6tgZeQlEjEweLSJX_vv-w54n3uMagFyz9o	!FzTtpSkXWMPYBKHUQN:localhost
$pdWypCivt0W58tNdti2PPFECr9nY2FHCzPHcq3t7WEY	$c4I4FYRPIltfSw8Wf6w1NWiI0mLCN0eVcYuMsCyqiS4	!FzTtpSkXWMPYBKHUQN:localhost
$pdWypCivt0W58tNdti2PPFECr9nY2FHCzPHcq3t7WEY	$0xWeoIOTCY4e3-7ZbZGuokwWQFjVMhIRQNXarqF1pxw	!FzTtpSkXWMPYBKHUQN:localhost
$pdWypCivt0W58tNdti2PPFECr9nY2FHCzPHcq3t7WEY	$MjPoUIyI-4SLUb_2CX0SN6Cq4siLSpO81XmSX0Tt1Ag	!FzTtpSkXWMPYBKHUQN:localhost
$Fv99ToyoiCcmIgW4cLLELDhrk41dcIcraArBj2LvaNE	$EgLH6XFurmJirUH4D5Zkm8y1WyPdrFX2SSko4S0-7hQ	!pYSbiOyjMFsKNxSMyi:localhost
$Fv99ToyoiCcmIgW4cLLELDhrk41dcIcraArBj2LvaNE	$gyvaweguHrwLjB1B_41QMnzSUMHQGbQmTALeOOMmWfU	!pYSbiOyjMFsKNxSMyi:localhost
$Fv99ToyoiCcmIgW4cLLELDhrk41dcIcraArBj2LvaNE	$tkoiHC3Vf1zAnFhhvTe60NQ7m3nRNvT1ILxtf8O8Tdc	!pYSbiOyjMFsKNxSMyi:localhost
$Fv99ToyoiCcmIgW4cLLELDhrk41dcIcraArBj2LvaNE	$hZ3X11MNOocXcrcCNowWncNXGOcKtKz2Yuy15DpSX9Y	!pYSbiOyjMFsKNxSMyi:localhost
$PdV2tqK4NNZudisUim3L-UFebwMTDKtC4V3oRBsAKNg	$EgLH6XFurmJirUH4D5Zkm8y1WyPdrFX2SSko4S0-7hQ	!pYSbiOyjMFsKNxSMyi:localhost
$PdV2tqK4NNZudisUim3L-UFebwMTDKtC4V3oRBsAKNg	$gyvaweguHrwLjB1B_41QMnzSUMHQGbQmTALeOOMmWfU	!pYSbiOyjMFsKNxSMyi:localhost
$PdV2tqK4NNZudisUim3L-UFebwMTDKtC4V3oRBsAKNg	$Fv99ToyoiCcmIgW4cLLELDhrk41dcIcraArBj2LvaNE	!pYSbiOyjMFsKNxSMyi:localhost
$PdV2tqK4NNZudisUim3L-UFebwMTDKtC4V3oRBsAKNg	$tkoiHC3Vf1zAnFhhvTe60NQ7m3nRNvT1ILxtf8O8Tdc	!pYSbiOyjMFsKNxSMyi:localhost
$iBD87Nj7pcqWKLj0dW9b0Am9tLGDUsUNgGx_DLCak6c	$hZ3X11MNOocXcrcCNowWncNXGOcKtKz2Yuy15DpSX9Y	!pYSbiOyjMFsKNxSMyi:localhost
$iBD87Nj7pcqWKLj0dW9b0Am9tLGDUsUNgGx_DLCak6c	$EgLH6XFurmJirUH4D5Zkm8y1WyPdrFX2SSko4S0-7hQ	!pYSbiOyjMFsKNxSMyi:localhost
$iBD87Nj7pcqWKLj0dW9b0Am9tLGDUsUNgGx_DLCak6c	$tkoiHC3Vf1zAnFhhvTe60NQ7m3nRNvT1ILxtf8O8Tdc	!pYSbiOyjMFsKNxSMyi:localhost
$iBD87Nj7pcqWKLj0dW9b0Am9tLGDUsUNgGx_DLCak6c	$gyvaweguHrwLjB1B_41QMnzSUMHQGbQmTALeOOMmWfU	!pYSbiOyjMFsKNxSMyi:localhost
$Z6q_pHNPM3MSDJqL1coCYtFuO0XvjFyT7uEHW_VzTmI	$tkoiHC3Vf1zAnFhhvTe60NQ7m3nRNvT1ILxtf8O8Tdc	!pYSbiOyjMFsKNxSMyi:localhost
$Z6q_pHNPM3MSDJqL1coCYtFuO0XvjFyT7uEHW_VzTmI	$gyvaweguHrwLjB1B_41QMnzSUMHQGbQmTALeOOMmWfU	!pYSbiOyjMFsKNxSMyi:localhost
$Z6q_pHNPM3MSDJqL1coCYtFuO0XvjFyT7uEHW_VzTmI	$EgLH6XFurmJirUH4D5Zkm8y1WyPdrFX2SSko4S0-7hQ	!pYSbiOyjMFsKNxSMyi:localhost
$Z6q_pHNPM3MSDJqL1coCYtFuO0XvjFyT7uEHW_VzTmI	$iBD87Nj7pcqWKLj0dW9b0Am9tLGDUsUNgGx_DLCak6c	!pYSbiOyjMFsKNxSMyi:localhost
$Qz3TCt9TZASSCaEgtUMB4UvTNFiNj8xUud69yTLrB1A	$8JzwefAwHCl96ZlTja5b5rV-MxH_1T91x6Yl6vKYGSg	!AHOiTmgdxQzlhIOUsy:localhost
$Qz3TCt9TZASSCaEgtUMB4UvTNFiNj8xUud69yTLrB1A	$425aYo_LNE95R3HHpQZSk0MGS0CjqhCPkp0DJvtMk5M	!AHOiTmgdxQzlhIOUsy:localhost
$Qz3TCt9TZASSCaEgtUMB4UvTNFiNj8xUud69yTLrB1A	$Ww-5pR04rXtgZleTLBj7vJSR1LGkC3tZ5Zuaxqazwek	!AHOiTmgdxQzlhIOUsy:localhost
$slqMcNC5aM4RPcFxUSnvevAVSEwE34tlwYESlS2z7W4	$8JzwefAwHCl96ZlTja5b5rV-MxH_1T91x6Yl6vKYGSg	!AHOiTmgdxQzlhIOUsy:localhost
$slqMcNC5aM4RPcFxUSnvevAVSEwE34tlwYESlS2z7W4	$425aYo_LNE95R3HHpQZSk0MGS0CjqhCPkp0DJvtMk5M	!AHOiTmgdxQzlhIOUsy:localhost
$slqMcNC5aM4RPcFxUSnvevAVSEwE34tlwYESlS2z7W4	$Ww-5pR04rXtgZleTLBj7vJSR1LGkC3tZ5Zuaxqazwek	!AHOiTmgdxQzlhIOUsy:localhost
$slqMcNC5aM4RPcFxUSnvevAVSEwE34tlwYESlS2z7W4	$2AEp1hOUUsulI8Zc2ISpcmI9VmKuftWZdClPUSC_mD4	!AHOiTmgdxQzlhIOUsy:localhost
$cWb_bCwCrj6N8hvObwR3Dfe63W634wlYWIy2-UKO28M	$slqMcNC5aM4RPcFxUSnvevAVSEwE34tlwYESlS2z7W4	!AHOiTmgdxQzlhIOUsy:localhost
$cWb_bCwCrj6N8hvObwR3Dfe63W634wlYWIy2-UKO28M	$425aYo_LNE95R3HHpQZSk0MGS0CjqhCPkp0DJvtMk5M	!AHOiTmgdxQzlhIOUsy:localhost
$cWb_bCwCrj6N8hvObwR3Dfe63W634wlYWIy2-UKO28M	$8JzwefAwHCl96ZlTja5b5rV-MxH_1T91x6Yl6vKYGSg	!AHOiTmgdxQzlhIOUsy:localhost
$cWb_bCwCrj6N8hvObwR3Dfe63W634wlYWIy2-UKO28M	$Ww-5pR04rXtgZleTLBj7vJSR1LGkC3tZ5Zuaxqazwek	!AHOiTmgdxQzlhIOUsy:localhost
$jLqj0K8k8IznEp_zldWz_Ezx5RfWpkQZCFKnJyfUBQ8	$1kn0z5XFW6tgZeQlEjEweLSJX_vv-w54n3uMagFyz9o	!FzTtpSkXWMPYBKHUQN:localhost
$jLqj0K8k8IznEp_zldWz_Ezx5RfWpkQZCFKnJyfUBQ8	$c4I4FYRPIltfSw8Wf6w1NWiI0mLCN0eVcYuMsCyqiS4	!FzTtpSkXWMPYBKHUQN:localhost
$jLqj0K8k8IznEp_zldWz_Ezx5RfWpkQZCFKnJyfUBQ8	$MjPoUIyI-4SLUb_2CX0SN6Cq4siLSpO81XmSX0Tt1Ag	!FzTtpSkXWMPYBKHUQN:localhost
$8L8kolK-08m1wXb1AstqZz_qz_SUzB08YqJZ_kYqWMs	$425aYo_LNE95R3HHpQZSk0MGS0CjqhCPkp0DJvtMk5M	!AHOiTmgdxQzlhIOUsy:localhost
$8L8kolK-08m1wXb1AstqZz_qz_SUzB08YqJZ_kYqWMs	$8JzwefAwHCl96ZlTja5b5rV-MxH_1T91x6Yl6vKYGSg	!AHOiTmgdxQzlhIOUsy:localhost
$8L8kolK-08m1wXb1AstqZz_qz_SUzB08YqJZ_kYqWMs	$Ww-5pR04rXtgZleTLBj7vJSR1LGkC3tZ5Zuaxqazwek	!AHOiTmgdxQzlhIOUsy:localhost
$I7bu0SuyZ_d7gNQWqG7B7c9bRaJpJVrKN3Ftzy-ST3o	$EgLH6XFurmJirUH4D5Zkm8y1WyPdrFX2SSko4S0-7hQ	!pYSbiOyjMFsKNxSMyi:localhost
$I7bu0SuyZ_d7gNQWqG7B7c9bRaJpJVrKN3Ftzy-ST3o	$gyvaweguHrwLjB1B_41QMnzSUMHQGbQmTALeOOMmWfU	!pYSbiOyjMFsKNxSMyi:localhost
$I7bu0SuyZ_d7gNQWqG7B7c9bRaJpJVrKN3Ftzy-ST3o	$tkoiHC3Vf1zAnFhhvTe60NQ7m3nRNvT1ILxtf8O8Tdc	!pYSbiOyjMFsKNxSMyi:localhost
$91Cmq-17R2sVRCRnizx8fJKL3TLGjsOR0c4Ry3CKGyo	$gyvaweguHrwLjB1B_41QMnzSUMHQGbQmTALeOOMmWfU	!pYSbiOyjMFsKNxSMyi:localhost
$91Cmq-17R2sVRCRnizx8fJKL3TLGjsOR0c4Ry3CKGyo	$EgLH6XFurmJirUH4D5Zkm8y1WyPdrFX2SSko4S0-7hQ	!pYSbiOyjMFsKNxSMyi:localhost
$91Cmq-17R2sVRCRnizx8fJKL3TLGjsOR0c4Ry3CKGyo	$tkoiHC3Vf1zAnFhhvTe60NQ7m3nRNvT1ILxtf8O8Tdc	!pYSbiOyjMFsKNxSMyi:localhost
$jD3h3ETxg2QK1PtrN6AW6y2kwQsFAQe7srLpSwfPhNg	$V4h-t7Z_ikk8f5J8DFBd6LCzIg27Ls_Cq5SwfTNvF0E	!wGvWnTVpsbEMByNykc:localhost
$kec4ZazwDdb-ZMxMr8ymwytOs-zGx-8VjOrW00BW_ZA	$jD3h3ETxg2QK1PtrN6AW6y2kwQsFAQe7srLpSwfPhNg	!wGvWnTVpsbEMByNykc:localhost
$kec4ZazwDdb-ZMxMr8ymwytOs-zGx-8VjOrW00BW_ZA	$V4h-t7Z_ikk8f5J8DFBd6LCzIg27Ls_Cq5SwfTNvF0E	!wGvWnTVpsbEMByNykc:localhost
$7btK-y7mZ9nK9LBiSKR03J1T2D334LbUVJkbe2o-CYw	$jD3h3ETxg2QK1PtrN6AW6y2kwQsFAQe7srLpSwfPhNg	!wGvWnTVpsbEMByNykc:localhost
$7btK-y7mZ9nK9LBiSKR03J1T2D334LbUVJkbe2o-CYw	$kec4ZazwDdb-ZMxMr8ymwytOs-zGx-8VjOrW00BW_ZA	!wGvWnTVpsbEMByNykc:localhost
$7btK-y7mZ9nK9LBiSKR03J1T2D334LbUVJkbe2o-CYw	$V4h-t7Z_ikk8f5J8DFBd6LCzIg27Ls_Cq5SwfTNvF0E	!wGvWnTVpsbEMByNykc:localhost
$Sw-_lchwyW0pw30wm3AP7MzTQVU56CugEatZVVNGmbA	$jD3h3ETxg2QK1PtrN6AW6y2kwQsFAQe7srLpSwfPhNg	!wGvWnTVpsbEMByNykc:localhost
$Sw-_lchwyW0pw30wm3AP7MzTQVU56CugEatZVVNGmbA	$kec4ZazwDdb-ZMxMr8ymwytOs-zGx-8VjOrW00BW_ZA	!wGvWnTVpsbEMByNykc:localhost
$Sw-_lchwyW0pw30wm3AP7MzTQVU56CugEatZVVNGmbA	$V4h-t7Z_ikk8f5J8DFBd6LCzIg27Ls_Cq5SwfTNvF0E	!wGvWnTVpsbEMByNykc:localhost
$83AF6m7uhB3hZQz5lmrPcLy_9huJCm_W9wt7-WQ_VYk	$jD3h3ETxg2QK1PtrN6AW6y2kwQsFAQe7srLpSwfPhNg	!wGvWnTVpsbEMByNykc:localhost
$83AF6m7uhB3hZQz5lmrPcLy_9huJCm_W9wt7-WQ_VYk	$kec4ZazwDdb-ZMxMr8ymwytOs-zGx-8VjOrW00BW_ZA	!wGvWnTVpsbEMByNykc:localhost
$83AF6m7uhB3hZQz5lmrPcLy_9huJCm_W9wt7-WQ_VYk	$V4h-t7Z_ikk8f5J8DFBd6LCzIg27Ls_Cq5SwfTNvF0E	!wGvWnTVpsbEMByNykc:localhost
$MIJv8SIPMQ5955dHrWtYlemxtCwV0f4tqf-i_3dQVns	$V4h-t7Z_ikk8f5J8DFBd6LCzIg27Ls_Cq5SwfTNvF0E	!wGvWnTVpsbEMByNykc:localhost
$MIJv8SIPMQ5955dHrWtYlemxtCwV0f4tqf-i_3dQVns	$jD3h3ETxg2QK1PtrN6AW6y2kwQsFAQe7srLpSwfPhNg	!wGvWnTVpsbEMByNykc:localhost
$MIJv8SIPMQ5955dHrWtYlemxtCwV0f4tqf-i_3dQVns	$kec4ZazwDdb-ZMxMr8ymwytOs-zGx-8VjOrW00BW_ZA	!wGvWnTVpsbEMByNykc:localhost
$MIJv8SIPMQ5955dHrWtYlemxtCwV0f4tqf-i_3dQVns	$7btK-y7mZ9nK9LBiSKR03J1T2D334LbUVJkbe2o-CYw	!wGvWnTVpsbEMByNykc:localhost
$bwBAv8SR7RG8_oUvZFU0lU5iPNq8aNv-mxr6MW9PztU	$V4h-t7Z_ikk8f5J8DFBd6LCzIg27Ls_Cq5SwfTNvF0E	!wGvWnTVpsbEMByNykc:localhost
$bwBAv8SR7RG8_oUvZFU0lU5iPNq8aNv-mxr6MW9PztU	$jD3h3ETxg2QK1PtrN6AW6y2kwQsFAQe7srLpSwfPhNg	!wGvWnTVpsbEMByNykc:localhost
$bwBAv8SR7RG8_oUvZFU0lU5iPNq8aNv-mxr6MW9PztU	$kec4ZazwDdb-ZMxMr8ymwytOs-zGx-8VjOrW00BW_ZA	!wGvWnTVpsbEMByNykc:localhost
$bwBAv8SR7RG8_oUvZFU0lU5iPNq8aNv-mxr6MW9PztU	$7btK-y7mZ9nK9LBiSKR03J1T2D334LbUVJkbe2o-CYw	!wGvWnTVpsbEMByNykc:localhost
$F0LR4DEA3oLcc3k_eNE6_RKKA11yLcsmfO_8qPHHW8Y	$MIJv8SIPMQ5955dHrWtYlemxtCwV0f4tqf-i_3dQVns	!wGvWnTVpsbEMByNykc:localhost
$F0LR4DEA3oLcc3k_eNE6_RKKA11yLcsmfO_8qPHHW8Y	$kec4ZazwDdb-ZMxMr8ymwytOs-zGx-8VjOrW00BW_ZA	!wGvWnTVpsbEMByNykc:localhost
$F0LR4DEA3oLcc3k_eNE6_RKKA11yLcsmfO_8qPHHW8Y	$V4h-t7Z_ikk8f5J8DFBd6LCzIg27Ls_Cq5SwfTNvF0E	!wGvWnTVpsbEMByNykc:localhost
$F0LR4DEA3oLcc3k_eNE6_RKKA11yLcsmfO_8qPHHW8Y	$7btK-y7mZ9nK9LBiSKR03J1T2D334LbUVJkbe2o-CYw	!wGvWnTVpsbEMByNykc:localhost
$wTfVj9B1xWTDZGpgTmLF5VwLS4zZnOAoCichsjzrqsI	$V4h-t7Z_ikk8f5J8DFBd6LCzIg27Ls_Cq5SwfTNvF0E	!wGvWnTVpsbEMByNykc:localhost
$wTfVj9B1xWTDZGpgTmLF5VwLS4zZnOAoCichsjzrqsI	$kec4ZazwDdb-ZMxMr8ymwytOs-zGx-8VjOrW00BW_ZA	!wGvWnTVpsbEMByNykc:localhost
$wTfVj9B1xWTDZGpgTmLF5VwLS4zZnOAoCichsjzrqsI	$bwBAv8SR7RG8_oUvZFU0lU5iPNq8aNv-mxr6MW9PztU	!wGvWnTVpsbEMByNykc:localhost
$wTfVj9B1xWTDZGpgTmLF5VwLS4zZnOAoCichsjzrqsI	$7btK-y7mZ9nK9LBiSKR03J1T2D334LbUVJkbe2o-CYw	!wGvWnTVpsbEMByNykc:localhost
$_E-EZa8gdS-_4F2CasYTKomuDixia3fJ1R-Wu2xx_CQ	$BzCYUUyIaNg8MGhOw_QYTtD2BuIWdSnks84kegIMIzk	!KBqzwXdLtXZopjBikg:localhost
$1tmD6lvkYEIlbb5awAzEuSw6acgFDp21uA4450asM6M	$BzCYUUyIaNg8MGhOw_QYTtD2BuIWdSnks84kegIMIzk	!KBqzwXdLtXZopjBikg:localhost
$1tmD6lvkYEIlbb5awAzEuSw6acgFDp21uA4450asM6M	$_E-EZa8gdS-_4F2CasYTKomuDixia3fJ1R-Wu2xx_CQ	!KBqzwXdLtXZopjBikg:localhost
$6qBmbp-ZfOQMsOgVGcf1da8QrUWLTBmULjDBY8xnQDc	$BzCYUUyIaNg8MGhOw_QYTtD2BuIWdSnks84kegIMIzk	!KBqzwXdLtXZopjBikg:localhost
$6qBmbp-ZfOQMsOgVGcf1da8QrUWLTBmULjDBY8xnQDc	$1tmD6lvkYEIlbb5awAzEuSw6acgFDp21uA4450asM6M	!KBqzwXdLtXZopjBikg:localhost
$6qBmbp-ZfOQMsOgVGcf1da8QrUWLTBmULjDBY8xnQDc	$_E-EZa8gdS-_4F2CasYTKomuDixia3fJ1R-Wu2xx_CQ	!KBqzwXdLtXZopjBikg:localhost
$jgk7UOdyP6mp8rwKMOqqupF6sWOPwnMorSa67AYZ9A0	$BzCYUUyIaNg8MGhOw_QYTtD2BuIWdSnks84kegIMIzk	!KBqzwXdLtXZopjBikg:localhost
$jgk7UOdyP6mp8rwKMOqqupF6sWOPwnMorSa67AYZ9A0	$1tmD6lvkYEIlbb5awAzEuSw6acgFDp21uA4450asM6M	!KBqzwXdLtXZopjBikg:localhost
$jgk7UOdyP6mp8rwKMOqqupF6sWOPwnMorSa67AYZ9A0	$_E-EZa8gdS-_4F2CasYTKomuDixia3fJ1R-Wu2xx_CQ	!KBqzwXdLtXZopjBikg:localhost
$RE6G8a-zySUuohhp6UFLrBJ4ROulO2pvp_K_476Q-lY	$BzCYUUyIaNg8MGhOw_QYTtD2BuIWdSnks84kegIMIzk	!KBqzwXdLtXZopjBikg:localhost
$RE6G8a-zySUuohhp6UFLrBJ4ROulO2pvp_K_476Q-lY	$1tmD6lvkYEIlbb5awAzEuSw6acgFDp21uA4450asM6M	!KBqzwXdLtXZopjBikg:localhost
$RE6G8a-zySUuohhp6UFLrBJ4ROulO2pvp_K_476Q-lY	$_E-EZa8gdS-_4F2CasYTKomuDixia3fJ1R-Wu2xx_CQ	!KBqzwXdLtXZopjBikg:localhost
$VaarpFJs6_0c2wYxJdAYq1G8uznJdufYfnCfjuqvI_M	$ZHUq2VN0HpuE5oJi6l_3Uh8aLOuQmXN5WDqUyhjy8Vw	!KBqzwXdLtXZopjBikg:localhost
$VaarpFJs6_0c2wYxJdAYq1G8uznJdufYfnCfjuqvI_M	$1tmD6lvkYEIlbb5awAzEuSw6acgFDp21uA4450asM6M	!KBqzwXdLtXZopjBikg:localhost
$VaarpFJs6_0c2wYxJdAYq1G8uznJdufYfnCfjuqvI_M	$BzCYUUyIaNg8MGhOw_QYTtD2BuIWdSnks84kegIMIzk	!KBqzwXdLtXZopjBikg:localhost
$VaarpFJs6_0c2wYxJdAYq1G8uznJdufYfnCfjuqvI_M	$6qBmbp-ZfOQMsOgVGcf1da8QrUWLTBmULjDBY8xnQDc	!KBqzwXdLtXZopjBikg:localhost
$IZOLJfGYfNnK_aLuKaBOBCTx7SnxrLtHU1f4wTszqzo	$BzCYUUyIaNg8MGhOw_QYTtD2BuIWdSnks84kegIMIzk	!KBqzwXdLtXZopjBikg:localhost
$IZOLJfGYfNnK_aLuKaBOBCTx7SnxrLtHU1f4wTszqzo	$1tmD6lvkYEIlbb5awAzEuSw6acgFDp21uA4450asM6M	!KBqzwXdLtXZopjBikg:localhost
$IZOLJfGYfNnK_aLuKaBOBCTx7SnxrLtHU1f4wTszqzo	$6qBmbp-ZfOQMsOgVGcf1da8QrUWLTBmULjDBY8xnQDc	!KBqzwXdLtXZopjBikg:localhost
$IZOLJfGYfNnK_aLuKaBOBCTx7SnxrLtHU1f4wTszqzo	$_E-EZa8gdS-_4F2CasYTKomuDixia3fJ1R-Wu2xx_CQ	!KBqzwXdLtXZopjBikg:localhost
$ZHUq2VN0HpuE5oJi6l_3Uh8aLOuQmXN5WDqUyhjy8Vw	$BzCYUUyIaNg8MGhOw_QYTtD2BuIWdSnks84kegIMIzk	!KBqzwXdLtXZopjBikg:localhost
$ZHUq2VN0HpuE5oJi6l_3Uh8aLOuQmXN5WDqUyhjy8Vw	$1tmD6lvkYEIlbb5awAzEuSw6acgFDp21uA4450asM6M	!KBqzwXdLtXZopjBikg:localhost
$ZHUq2VN0HpuE5oJi6l_3Uh8aLOuQmXN5WDqUyhjy8Vw	$6qBmbp-ZfOQMsOgVGcf1da8QrUWLTBmULjDBY8xnQDc	!KBqzwXdLtXZopjBikg:localhost
$ZHUq2VN0HpuE5oJi6l_3Uh8aLOuQmXN5WDqUyhjy8Vw	$_E-EZa8gdS-_4F2CasYTKomuDixia3fJ1R-Wu2xx_CQ	!KBqzwXdLtXZopjBikg:localhost
$Q6YXU96RlR1dPKmp4iI3R_d2KiWzKnZbMMURN8OqDVE	$F0LR4DEA3oLcc3k_eNE6_RKKA11yLcsmfO_8qPHHW8Y	!wGvWnTVpsbEMByNykc:localhost
$Q6YXU96RlR1dPKmp4iI3R_d2KiWzKnZbMMURN8OqDVE	$kec4ZazwDdb-ZMxMr8ymwytOs-zGx-8VjOrW00BW_ZA	!wGvWnTVpsbEMByNykc:localhost
$Q6YXU96RlR1dPKmp4iI3R_d2KiWzKnZbMMURN8OqDVE	$V4h-t7Z_ikk8f5J8DFBd6LCzIg27Ls_Cq5SwfTNvF0E	!wGvWnTVpsbEMByNykc:localhost
$8d4e-CjuEEdRj8aSFNq0yHpo_JxouT8tHUVX8HfS4oc	$2rWHZ1dTRYXYOGEBkYy9w4xQNGND9i5euMRpJJww04o	!vDRByArErEHuGOOJxE:localhost
$UL96b2DZHng5g_OXTbE0nBq-yL1Vv1SUxB3wRg5Nqsw	$2rWHZ1dTRYXYOGEBkYy9w4xQNGND9i5euMRpJJww04o	!vDRByArErEHuGOOJxE:localhost
$UL96b2DZHng5g_OXTbE0nBq-yL1Vv1SUxB3wRg5Nqsw	$8d4e-CjuEEdRj8aSFNq0yHpo_JxouT8tHUVX8HfS4oc	!vDRByArErEHuGOOJxE:localhost
$XLGuUcPmbE5vRHADIEfcDA5P4qTClMO9Xn9ircCdTUg	$2rWHZ1dTRYXYOGEBkYy9w4xQNGND9i5euMRpJJww04o	!vDRByArErEHuGOOJxE:localhost
$XLGuUcPmbE5vRHADIEfcDA5P4qTClMO9Xn9ircCdTUg	$UL96b2DZHng5g_OXTbE0nBq-yL1Vv1SUxB3wRg5Nqsw	!vDRByArErEHuGOOJxE:localhost
$XLGuUcPmbE5vRHADIEfcDA5P4qTClMO9Xn9ircCdTUg	$8d4e-CjuEEdRj8aSFNq0yHpo_JxouT8tHUVX8HfS4oc	!vDRByArErEHuGOOJxE:localhost
$7y6Y35EbOlNtACU1RM3BCrmU7hb9GBXUJEFAI6-9gkg	$2rWHZ1dTRYXYOGEBkYy9w4xQNGND9i5euMRpJJww04o	!vDRByArErEHuGOOJxE:localhost
$7y6Y35EbOlNtACU1RM3BCrmU7hb9GBXUJEFAI6-9gkg	$UL96b2DZHng5g_OXTbE0nBq-yL1Vv1SUxB3wRg5Nqsw	!vDRByArErEHuGOOJxE:localhost
$7y6Y35EbOlNtACU1RM3BCrmU7hb9GBXUJEFAI6-9gkg	$8d4e-CjuEEdRj8aSFNq0yHpo_JxouT8tHUVX8HfS4oc	!vDRByArErEHuGOOJxE:localhost
$-Jddg6JtZ13Om3mZilR7hqtovSNKbu_jCbiDSN9u23M	$2rWHZ1dTRYXYOGEBkYy9w4xQNGND9i5euMRpJJww04o	!vDRByArErEHuGOOJxE:localhost
$-Jddg6JtZ13Om3mZilR7hqtovSNKbu_jCbiDSN9u23M	$UL96b2DZHng5g_OXTbE0nBq-yL1Vv1SUxB3wRg5Nqsw	!vDRByArErEHuGOOJxE:localhost
$-Jddg6JtZ13Om3mZilR7hqtovSNKbu_jCbiDSN9u23M	$8d4e-CjuEEdRj8aSFNq0yHpo_JxouT8tHUVX8HfS4oc	!vDRByArErEHuGOOJxE:localhost
$PtKNK0cvGyJhBT-BIAFZs4gDvODQiScnlQFqLmWKqNc	$2rWHZ1dTRYXYOGEBkYy9w4xQNGND9i5euMRpJJww04o	!vDRByArErEHuGOOJxE:localhost
$PtKNK0cvGyJhBT-BIAFZs4gDvODQiScnlQFqLmWKqNc	$UL96b2DZHng5g_OXTbE0nBq-yL1Vv1SUxB3wRg5Nqsw	!vDRByArErEHuGOOJxE:localhost
$PtKNK0cvGyJhBT-BIAFZs4gDvODQiScnlQFqLmWKqNc	$XLGuUcPmbE5vRHADIEfcDA5P4qTClMO9Xn9ircCdTUg	!vDRByArErEHuGOOJxE:localhost
$PtKNK0cvGyJhBT-BIAFZs4gDvODQiScnlQFqLmWKqNc	$8d4e-CjuEEdRj8aSFNq0yHpo_JxouT8tHUVX8HfS4oc	!vDRByArErEHuGOOJxE:localhost
$QvV8o1KjtX_tArxR1zwHZepfVa9NB03-81BjGpKxo9M	$2rWHZ1dTRYXYOGEBkYy9w4xQNGND9i5euMRpJJww04o	!vDRByArErEHuGOOJxE:localhost
$QvV8o1KjtX_tArxR1zwHZepfVa9NB03-81BjGpKxo9M	$UL96b2DZHng5g_OXTbE0nBq-yL1Vv1SUxB3wRg5Nqsw	!vDRByArErEHuGOOJxE:localhost
$QvV8o1KjtX_tArxR1zwHZepfVa9NB03-81BjGpKxo9M	$XLGuUcPmbE5vRHADIEfcDA5P4qTClMO9Xn9ircCdTUg	!vDRByArErEHuGOOJxE:localhost
$QvV8o1KjtX_tArxR1zwHZepfVa9NB03-81BjGpKxo9M	$8d4e-CjuEEdRj8aSFNq0yHpo_JxouT8tHUVX8HfS4oc	!vDRByArErEHuGOOJxE:localhost
$0LNMKjea0zgdHTDMe3B3fmAnzNxu72ULA7HsNOs1pHw	$UL96b2DZHng5g_OXTbE0nBq-yL1Vv1SUxB3wRg5Nqsw	!vDRByArErEHuGOOJxE:localhost
$0LNMKjea0zgdHTDMe3B3fmAnzNxu72ULA7HsNOs1pHw	$2rWHZ1dTRYXYOGEBkYy9w4xQNGND9i5euMRpJJww04o	!vDRByArErEHuGOOJxE:localhost
$0LNMKjea0zgdHTDMe3B3fmAnzNxu72ULA7HsNOs1pHw	$XLGuUcPmbE5vRHADIEfcDA5P4qTClMO9Xn9ircCdTUg	!vDRByArErEHuGOOJxE:localhost
$0LNMKjea0zgdHTDMe3B3fmAnzNxu72ULA7HsNOs1pHw	$PtKNK0cvGyJhBT-BIAFZs4gDvODQiScnlQFqLmWKqNc	!vDRByArErEHuGOOJxE:localhost
$pdfBN0Z96G_wbgh4VuNnIiOuwEeEcxbECI1vAE0JEC4	$Z8Uf7knMci62YkFiphxCZI55avAa7X64_K1l9SJ-dqQ	!CZMvztYPoMDXZghGjm:localhost
$Oxivd8PnLITfhmuJ0pPdRRyMngE_kr3tbyIkDTT8_-o	$pdfBN0Z96G_wbgh4VuNnIiOuwEeEcxbECI1vAE0JEC4	!CZMvztYPoMDXZghGjm:localhost
$Oxivd8PnLITfhmuJ0pPdRRyMngE_kr3tbyIkDTT8_-o	$Z8Uf7knMci62YkFiphxCZI55avAa7X64_K1l9SJ-dqQ	!CZMvztYPoMDXZghGjm:localhost
$eQXATedxlGls7x4dhbO1w3NQRV-9oaR7nqj-pHxGiU4	$pdfBN0Z96G_wbgh4VuNnIiOuwEeEcxbECI1vAE0JEC4	!CZMvztYPoMDXZghGjm:localhost
$eQXATedxlGls7x4dhbO1w3NQRV-9oaR7nqj-pHxGiU4	$Oxivd8PnLITfhmuJ0pPdRRyMngE_kr3tbyIkDTT8_-o	!CZMvztYPoMDXZghGjm:localhost
$eQXATedxlGls7x4dhbO1w3NQRV-9oaR7nqj-pHxGiU4	$Z8Uf7knMci62YkFiphxCZI55avAa7X64_K1l9SJ-dqQ	!CZMvztYPoMDXZghGjm:localhost
$NEaM4RT_u5IYgHQJXffTluS21pSYxn3Ob3rh6lBPzJk	$pdfBN0Z96G_wbgh4VuNnIiOuwEeEcxbECI1vAE0JEC4	!CZMvztYPoMDXZghGjm:localhost
$NEaM4RT_u5IYgHQJXffTluS21pSYxn3Ob3rh6lBPzJk	$Oxivd8PnLITfhmuJ0pPdRRyMngE_kr3tbyIkDTT8_-o	!CZMvztYPoMDXZghGjm:localhost
$NEaM4RT_u5IYgHQJXffTluS21pSYxn3Ob3rh6lBPzJk	$Z8Uf7knMci62YkFiphxCZI55avAa7X64_K1l9SJ-dqQ	!CZMvztYPoMDXZghGjm:localhost
$n4SLSzegw2_2XZuYVHMaBqQM0y0XXHqIEc6-sUt5lyo	$pdfBN0Z96G_wbgh4VuNnIiOuwEeEcxbECI1vAE0JEC4	!CZMvztYPoMDXZghGjm:localhost
$n4SLSzegw2_2XZuYVHMaBqQM0y0XXHqIEc6-sUt5lyo	$Oxivd8PnLITfhmuJ0pPdRRyMngE_kr3tbyIkDTT8_-o	!CZMvztYPoMDXZghGjm:localhost
$n4SLSzegw2_2XZuYVHMaBqQM0y0XXHqIEc6-sUt5lyo	$Z8Uf7knMci62YkFiphxCZI55avAa7X64_K1l9SJ-dqQ	!CZMvztYPoMDXZghGjm:localhost
$JHQCf63sTH6Vjufjj8sai_9QWCkwlbiKAUP0crmtihU	$Z8Uf7knMci62YkFiphxCZI55avAa7X64_K1l9SJ-dqQ	!CZMvztYPoMDXZghGjm:localhost
$JHQCf63sTH6Vjufjj8sai_9QWCkwlbiKAUP0crmtihU	$pdfBN0Z96G_wbgh4VuNnIiOuwEeEcxbECI1vAE0JEC4	!CZMvztYPoMDXZghGjm:localhost
$JHQCf63sTH6Vjufjj8sai_9QWCkwlbiKAUP0crmtihU	$Oxivd8PnLITfhmuJ0pPdRRyMngE_kr3tbyIkDTT8_-o	!CZMvztYPoMDXZghGjm:localhost
$JHQCf63sTH6Vjufjj8sai_9QWCkwlbiKAUP0crmtihU	$eQXATedxlGls7x4dhbO1w3NQRV-9oaR7nqj-pHxGiU4	!CZMvztYPoMDXZghGjm:localhost
$AmA--7RkBYVchLC_Tr104AXFweEwn_n7AeoFpptk0iI	$Z8Uf7knMci62YkFiphxCZI55avAa7X64_K1l9SJ-dqQ	!CZMvztYPoMDXZghGjm:localhost
$AmA--7RkBYVchLC_Tr104AXFweEwn_n7AeoFpptk0iI	$pdfBN0Z96G_wbgh4VuNnIiOuwEeEcxbECI1vAE0JEC4	!CZMvztYPoMDXZghGjm:localhost
$AmA--7RkBYVchLC_Tr104AXFweEwn_n7AeoFpptk0iI	$Oxivd8PnLITfhmuJ0pPdRRyMngE_kr3tbyIkDTT8_-o	!CZMvztYPoMDXZghGjm:localhost
$AmA--7RkBYVchLC_Tr104AXFweEwn_n7AeoFpptk0iI	$eQXATedxlGls7x4dhbO1w3NQRV-9oaR7nqj-pHxGiU4	!CZMvztYPoMDXZghGjm:localhost
$EVIMbY1fZLGzs0Xp19eKjkS2aizDSYFoS8Wzj42_LQI	$Z8Uf7knMci62YkFiphxCZI55avAa7X64_K1l9SJ-dqQ	!CZMvztYPoMDXZghGjm:localhost
$EVIMbY1fZLGzs0Xp19eKjkS2aizDSYFoS8Wzj42_LQI	$pdfBN0Z96G_wbgh4VuNnIiOuwEeEcxbECI1vAE0JEC4	!CZMvztYPoMDXZghGjm:localhost
$EVIMbY1fZLGzs0Xp19eKjkS2aizDSYFoS8Wzj42_LQI	$Oxivd8PnLITfhmuJ0pPdRRyMngE_kr3tbyIkDTT8_-o	!CZMvztYPoMDXZghGjm:localhost
$EVIMbY1fZLGzs0Xp19eKjkS2aizDSYFoS8Wzj42_LQI	$eQXATedxlGls7x4dhbO1w3NQRV-9oaR7nqj-pHxGiU4	!CZMvztYPoMDXZghGjm:localhost
$mGp05ykxc7iuNGM9nc4QHqFY1mnuCUW_Hq3ocgiZgFg	$JHQCf63sTH6Vjufjj8sai_9QWCkwlbiKAUP0crmtihU	!CZMvztYPoMDXZghGjm:localhost
$mGp05ykxc7iuNGM9nc4QHqFY1mnuCUW_Hq3ocgiZgFg	$Oxivd8PnLITfhmuJ0pPdRRyMngE_kr3tbyIkDTT8_-o	!CZMvztYPoMDXZghGjm:localhost
$mGp05ykxc7iuNGM9nc4QHqFY1mnuCUW_Hq3ocgiZgFg	$Z8Uf7knMci62YkFiphxCZI55avAa7X64_K1l9SJ-dqQ	!CZMvztYPoMDXZghGjm:localhost
$mGp05ykxc7iuNGM9nc4QHqFY1mnuCUW_Hq3ocgiZgFg	$eQXATedxlGls7x4dhbO1w3NQRV-9oaR7nqj-pHxGiU4	!CZMvztYPoMDXZghGjm:localhost
$jqog1KTVZdbZSwVzHyAI1GAzMymJrQgDaEx7zSDIuvw	$Z8Uf7knMci62YkFiphxCZI55avAa7X64_K1l9SJ-dqQ	!CZMvztYPoMDXZghGjm:localhost
$jqog1KTVZdbZSwVzHyAI1GAzMymJrQgDaEx7zSDIuvw	$Oxivd8PnLITfhmuJ0pPdRRyMngE_kr3tbyIkDTT8_-o	!CZMvztYPoMDXZghGjm:localhost
$jqog1KTVZdbZSwVzHyAI1GAzMymJrQgDaEx7zSDIuvw	$EVIMbY1fZLGzs0Xp19eKjkS2aizDSYFoS8Wzj42_LQI	!CZMvztYPoMDXZghGjm:localhost
$jqog1KTVZdbZSwVzHyAI1GAzMymJrQgDaEx7zSDIuvw	$eQXATedxlGls7x4dhbO1w3NQRV-9oaR7nqj-pHxGiU4	!CZMvztYPoMDXZghGjm:localhost
$LwCMrUFKLRRfUwxX_bj8hMYLg15fXGwOuu2QDPdjcHY	$Oxivd8PnLITfhmuJ0pPdRRyMngE_kr3tbyIkDTT8_-o	!CZMvztYPoMDXZghGjm:localhost
$LwCMrUFKLRRfUwxX_bj8hMYLg15fXGwOuu2QDPdjcHY	$Z8Uf7knMci62YkFiphxCZI55avAa7X64_K1l9SJ-dqQ	!CZMvztYPoMDXZghGjm:localhost
$LwCMrUFKLRRfUwxX_bj8hMYLg15fXGwOuu2QDPdjcHY	$eQXATedxlGls7x4dhbO1w3NQRV-9oaR7nqj-pHxGiU4	!CZMvztYPoMDXZghGjm:localhost
$LwCMrUFKLRRfUwxX_bj8hMYLg15fXGwOuu2QDPdjcHY	$AmA--7RkBYVchLC_Tr104AXFweEwn_n7AeoFpptk0iI	!CZMvztYPoMDXZghGjm:localhost
$06Um82m6RzKMOebWv0lcKQOaSvr6C10y6QA2Snc_R0I	$TV4MVQPx61vM41xEXo5UuJRdzeBIjcqclWUsGWNacYM	!mjuhEfzSkeOAWJqsoF:localhost
$csK689aRZ89elBgFJKAWBiNKhwnp635K09OhhnXruek	$TV4MVQPx61vM41xEXo5UuJRdzeBIjcqclWUsGWNacYM	!mjuhEfzSkeOAWJqsoF:localhost
$csK689aRZ89elBgFJKAWBiNKhwnp635K09OhhnXruek	$06Um82m6RzKMOebWv0lcKQOaSvr6C10y6QA2Snc_R0I	!mjuhEfzSkeOAWJqsoF:localhost
$WRC3DV_k1RkC4oedKmIL5Gi3JgPmcv4vcT615tEnu8M	$TV4MVQPx61vM41xEXo5UuJRdzeBIjcqclWUsGWNacYM	!mjuhEfzSkeOAWJqsoF:localhost
$WRC3DV_k1RkC4oedKmIL5Gi3JgPmcv4vcT615tEnu8M	$csK689aRZ89elBgFJKAWBiNKhwnp635K09OhhnXruek	!mjuhEfzSkeOAWJqsoF:localhost
$WRC3DV_k1RkC4oedKmIL5Gi3JgPmcv4vcT615tEnu8M	$06Um82m6RzKMOebWv0lcKQOaSvr6C10y6QA2Snc_R0I	!mjuhEfzSkeOAWJqsoF:localhost
$gfpOuJZriCh7xj2c1m5EnJfNW1LjpsjRlCI91G-Fpv8	$TV4MVQPx61vM41xEXo5UuJRdzeBIjcqclWUsGWNacYM	!mjuhEfzSkeOAWJqsoF:localhost
$gfpOuJZriCh7xj2c1m5EnJfNW1LjpsjRlCI91G-Fpv8	$csK689aRZ89elBgFJKAWBiNKhwnp635K09OhhnXruek	!mjuhEfzSkeOAWJqsoF:localhost
$gfpOuJZriCh7xj2c1m5EnJfNW1LjpsjRlCI91G-Fpv8	$06Um82m6RzKMOebWv0lcKQOaSvr6C10y6QA2Snc_R0I	!mjuhEfzSkeOAWJqsoF:localhost
$gn9BJ39HJ5v_qwj0jcIRfiLcgvbMbDnBRAfEJMS4RUI	$TV4MVQPx61vM41xEXo5UuJRdzeBIjcqclWUsGWNacYM	!mjuhEfzSkeOAWJqsoF:localhost
$gn9BJ39HJ5v_qwj0jcIRfiLcgvbMbDnBRAfEJMS4RUI	$csK689aRZ89elBgFJKAWBiNKhwnp635K09OhhnXruek	!mjuhEfzSkeOAWJqsoF:localhost
$gn9BJ39HJ5v_qwj0jcIRfiLcgvbMbDnBRAfEJMS4RUI	$06Um82m6RzKMOebWv0lcKQOaSvr6C10y6QA2Snc_R0I	!mjuhEfzSkeOAWJqsoF:localhost
$8T5cGFOjiTe4zjIYX9tmzFfae8WV6TVvUpmBmV2carA	$TV4MVQPx61vM41xEXo5UuJRdzeBIjcqclWUsGWNacYM	!mjuhEfzSkeOAWJqsoF:localhost
$8T5cGFOjiTe4zjIYX9tmzFfae8WV6TVvUpmBmV2carA	$csK689aRZ89elBgFJKAWBiNKhwnp635K09OhhnXruek	!mjuhEfzSkeOAWJqsoF:localhost
$8T5cGFOjiTe4zjIYX9tmzFfae8WV6TVvUpmBmV2carA	$WRC3DV_k1RkC4oedKmIL5Gi3JgPmcv4vcT615tEnu8M	!mjuhEfzSkeOAWJqsoF:localhost
$8T5cGFOjiTe4zjIYX9tmzFfae8WV6TVvUpmBmV2carA	$06Um82m6RzKMOebWv0lcKQOaSvr6C10y6QA2Snc_R0I	!mjuhEfzSkeOAWJqsoF:localhost
$wKoDxwAtZ46KFnzdR2bV-nE-gCX8oSTpE4qkJq_05QE	$TV4MVQPx61vM41xEXo5UuJRdzeBIjcqclWUsGWNacYM	!mjuhEfzSkeOAWJqsoF:localhost
$wKoDxwAtZ46KFnzdR2bV-nE-gCX8oSTpE4qkJq_05QE	$csK689aRZ89elBgFJKAWBiNKhwnp635K09OhhnXruek	!mjuhEfzSkeOAWJqsoF:localhost
$wKoDxwAtZ46KFnzdR2bV-nE-gCX8oSTpE4qkJq_05QE	$WRC3DV_k1RkC4oedKmIL5Gi3JgPmcv4vcT615tEnu8M	!mjuhEfzSkeOAWJqsoF:localhost
$wKoDxwAtZ46KFnzdR2bV-nE-gCX8oSTpE4qkJq_05QE	$06Um82m6RzKMOebWv0lcKQOaSvr6C10y6QA2Snc_R0I	!mjuhEfzSkeOAWJqsoF:localhost
$5j9APu_03G5KZMO9hHc9AdVNHD7TfIlrfU87LHEi5aA	$8T5cGFOjiTe4zjIYX9tmzFfae8WV6TVvUpmBmV2carA	!mjuhEfzSkeOAWJqsoF:localhost
$5j9APu_03G5KZMO9hHc9AdVNHD7TfIlrfU87LHEi5aA	$csK689aRZ89elBgFJKAWBiNKhwnp635K09OhhnXruek	!mjuhEfzSkeOAWJqsoF:localhost
$5j9APu_03G5KZMO9hHc9AdVNHD7TfIlrfU87LHEi5aA	$TV4MVQPx61vM41xEXo5UuJRdzeBIjcqclWUsGWNacYM	!mjuhEfzSkeOAWJqsoF:localhost
$5j9APu_03G5KZMO9hHc9AdVNHD7TfIlrfU87LHEi5aA	$WRC3DV_k1RkC4oedKmIL5Gi3JgPmcv4vcT615tEnu8M	!mjuhEfzSkeOAWJqsoF:localhost
$SfEuZPwDHWx4dsnQKRsLDI7Qwgt-Q84vGhE1THOba3s	$VaarpFJs6_0c2wYxJdAYq1G8uznJdufYfnCfjuqvI_M	!KBqzwXdLtXZopjBikg:localhost
$SfEuZPwDHWx4dsnQKRsLDI7Qwgt-Q84vGhE1THOba3s	$1tmD6lvkYEIlbb5awAzEuSw6acgFDp21uA4450asM6M	!KBqzwXdLtXZopjBikg:localhost
$SfEuZPwDHWx4dsnQKRsLDI7Qwgt-Q84vGhE1THOba3s	$BzCYUUyIaNg8MGhOw_QYTtD2BuIWdSnks84kegIMIzk	!KBqzwXdLtXZopjBikg:localhost
$DR5VmuWusNClKlyAtCuWLyQC__lzA2aHFKFHP9MMUfk	$nc1eJdpqNsaDyb3SdIbRwuQPExhfIPzPopcRSNdl3cQ	!cZnmZQFBeDsHEQbFQs:localhost
$6bHlgH99jQtK-ue9-7g5rvZivsofVViJiR_vh1fGkBA	$nc1eJdpqNsaDyb3SdIbRwuQPExhfIPzPopcRSNdl3cQ	!cZnmZQFBeDsHEQbFQs:localhost
$6bHlgH99jQtK-ue9-7g5rvZivsofVViJiR_vh1fGkBA	$DR5VmuWusNClKlyAtCuWLyQC__lzA2aHFKFHP9MMUfk	!cZnmZQFBeDsHEQbFQs:localhost
$GAY76tMkYhuarSNOWWZqqDw36X1qIacZiQgHquoQtwA	$6bHlgH99jQtK-ue9-7g5rvZivsofVViJiR_vh1fGkBA	!cZnmZQFBeDsHEQbFQs:localhost
$GAY76tMkYhuarSNOWWZqqDw36X1qIacZiQgHquoQtwA	$nc1eJdpqNsaDyb3SdIbRwuQPExhfIPzPopcRSNdl3cQ	!cZnmZQFBeDsHEQbFQs:localhost
$GAY76tMkYhuarSNOWWZqqDw36X1qIacZiQgHquoQtwA	$DR5VmuWusNClKlyAtCuWLyQC__lzA2aHFKFHP9MMUfk	!cZnmZQFBeDsHEQbFQs:localhost
$Jg_lbElh_Ag9z-VOceAlpgofNZg8W8x8HX4n5Ajmu6Y	$6bHlgH99jQtK-ue9-7g5rvZivsofVViJiR_vh1fGkBA	!cZnmZQFBeDsHEQbFQs:localhost
$Jg_lbElh_Ag9z-VOceAlpgofNZg8W8x8HX4n5Ajmu6Y	$nc1eJdpqNsaDyb3SdIbRwuQPExhfIPzPopcRSNdl3cQ	!cZnmZQFBeDsHEQbFQs:localhost
$Jg_lbElh_Ag9z-VOceAlpgofNZg8W8x8HX4n5Ajmu6Y	$DR5VmuWusNClKlyAtCuWLyQC__lzA2aHFKFHP9MMUfk	!cZnmZQFBeDsHEQbFQs:localhost
$c_oFn9bOCQHYWCw4hjt9zWK3fTqd6CS9ho6797C20x8	$6bHlgH99jQtK-ue9-7g5rvZivsofVViJiR_vh1fGkBA	!cZnmZQFBeDsHEQbFQs:localhost
$c_oFn9bOCQHYWCw4hjt9zWK3fTqd6CS9ho6797C20x8	$nc1eJdpqNsaDyb3SdIbRwuQPExhfIPzPopcRSNdl3cQ	!cZnmZQFBeDsHEQbFQs:localhost
$c_oFn9bOCQHYWCw4hjt9zWK3fTqd6CS9ho6797C20x8	$DR5VmuWusNClKlyAtCuWLyQC__lzA2aHFKFHP9MMUfk	!cZnmZQFBeDsHEQbFQs:localhost
$J6BFnxxVtwKMBZMazTB3yX8rosc2skmuxAuI4OinjBM	$6bHlgH99jQtK-ue9-7g5rvZivsofVViJiR_vh1fGkBA	!cZnmZQFBeDsHEQbFQs:localhost
$J6BFnxxVtwKMBZMazTB3yX8rosc2skmuxAuI4OinjBM	$nc1eJdpqNsaDyb3SdIbRwuQPExhfIPzPopcRSNdl3cQ	!cZnmZQFBeDsHEQbFQs:localhost
$J6BFnxxVtwKMBZMazTB3yX8rosc2skmuxAuI4OinjBM	$DR5VmuWusNClKlyAtCuWLyQC__lzA2aHFKFHP9MMUfk	!cZnmZQFBeDsHEQbFQs:localhost
$7kIusj7_vjnjvM5XRI1_3dU_wgeCRurNbLxWl7Wza64	$Jg_lbElh_Ag9z-VOceAlpgofNZg8W8x8HX4n5Ajmu6Y	!cZnmZQFBeDsHEQbFQs:localhost
$7kIusj7_vjnjvM5XRI1_3dU_wgeCRurNbLxWl7Wza64	$6bHlgH99jQtK-ue9-7g5rvZivsofVViJiR_vh1fGkBA	!cZnmZQFBeDsHEQbFQs:localhost
$7kIusj7_vjnjvM5XRI1_3dU_wgeCRurNbLxWl7Wza64	$nc1eJdpqNsaDyb3SdIbRwuQPExhfIPzPopcRSNdl3cQ	!cZnmZQFBeDsHEQbFQs:localhost
$7kIusj7_vjnjvM5XRI1_3dU_wgeCRurNbLxWl7Wza64	$DR5VmuWusNClKlyAtCuWLyQC__lzA2aHFKFHP9MMUfk	!cZnmZQFBeDsHEQbFQs:localhost
$yB_pgWY1MngMlhaqo70bZTnADr2mMUjbkEKY3cjnlqk	$Jg_lbElh_Ag9z-VOceAlpgofNZg8W8x8HX4n5Ajmu6Y	!cZnmZQFBeDsHEQbFQs:localhost
$yB_pgWY1MngMlhaqo70bZTnADr2mMUjbkEKY3cjnlqk	$6bHlgH99jQtK-ue9-7g5rvZivsofVViJiR_vh1fGkBA	!cZnmZQFBeDsHEQbFQs:localhost
$yB_pgWY1MngMlhaqo70bZTnADr2mMUjbkEKY3cjnlqk	$7kIusj7_vjnjvM5XRI1_3dU_wgeCRurNbLxWl7Wza64	!cZnmZQFBeDsHEQbFQs:localhost
$yB_pgWY1MngMlhaqo70bZTnADr2mMUjbkEKY3cjnlqk	$nc1eJdpqNsaDyb3SdIbRwuQPExhfIPzPopcRSNdl3cQ	!cZnmZQFBeDsHEQbFQs:localhost
$LwuV3S_QSzHUfw7pEQBk-n4jquK3n8qlEDA3ZQTkHDI	$Jg_lbElh_Ag9z-VOceAlpgofNZg8W8x8HX4n5Ajmu6Y	!cZnmZQFBeDsHEQbFQs:localhost
$LwuV3S_QSzHUfw7pEQBk-n4jquK3n8qlEDA3ZQTkHDI	$6bHlgH99jQtK-ue9-7g5rvZivsofVViJiR_vh1fGkBA	!cZnmZQFBeDsHEQbFQs:localhost
$LwuV3S_QSzHUfw7pEQBk-n4jquK3n8qlEDA3ZQTkHDI	$nc1eJdpqNsaDyb3SdIbRwuQPExhfIPzPopcRSNdl3cQ	!cZnmZQFBeDsHEQbFQs:localhost
$LwuV3S_QSzHUfw7pEQBk-n4jquK3n8qlEDA3ZQTkHDI	$DR5VmuWusNClKlyAtCuWLyQC__lzA2aHFKFHP9MMUfk	!cZnmZQFBeDsHEQbFQs:localhost
$ZJsRzPjCUHZTNUN_j78KyrW5EVPSKt9Pw_F-tVVvH7k	$Jg_lbElh_Ag9z-VOceAlpgofNZg8W8x8HX4n5Ajmu6Y	!cZnmZQFBeDsHEQbFQs:localhost
$ZJsRzPjCUHZTNUN_j78KyrW5EVPSKt9Pw_F-tVVvH7k	$6bHlgH99jQtK-ue9-7g5rvZivsofVViJiR_vh1fGkBA	!cZnmZQFBeDsHEQbFQs:localhost
$ZJsRzPjCUHZTNUN_j78KyrW5EVPSKt9Pw_F-tVVvH7k	$nc1eJdpqNsaDyb3SdIbRwuQPExhfIPzPopcRSNdl3cQ	!cZnmZQFBeDsHEQbFQs:localhost
$ZJsRzPjCUHZTNUN_j78KyrW5EVPSKt9Pw_F-tVVvH7k	$LwuV3S_QSzHUfw7pEQBk-n4jquK3n8qlEDA3ZQTkHDI	!cZnmZQFBeDsHEQbFQs:localhost
$FyOdtUu1pDq9pkxIHuGA8NRmuYwbc56h3FAanha48Hk	$Jg_lbElh_Ag9z-VOceAlpgofNZg8W8x8HX4n5Ajmu6Y	!cZnmZQFBeDsHEQbFQs:localhost
$FyOdtUu1pDq9pkxIHuGA8NRmuYwbc56h3FAanha48Hk	$6bHlgH99jQtK-ue9-7g5rvZivsofVViJiR_vh1fGkBA	!cZnmZQFBeDsHEQbFQs:localhost
$FyOdtUu1pDq9pkxIHuGA8NRmuYwbc56h3FAanha48Hk	$nc1eJdpqNsaDyb3SdIbRwuQPExhfIPzPopcRSNdl3cQ	!cZnmZQFBeDsHEQbFQs:localhost
$QC7bXFDxGhDk6yv_4ChjXTMkJ0t0dKySNdOD6sK8xWs	$SlMhs1Tixs22BdZ3XXqNy9AnhoIY4iemw--vg-i_Lm0	!mOsaATLFknhUVKMKbF:localhost
$_O7HCNBcIf7TFakcNOXd_OGa-EktXdY7jXFtq-0AuZ4	$SlMhs1Tixs22BdZ3XXqNy9AnhoIY4iemw--vg-i_Lm0	!mOsaATLFknhUVKMKbF:localhost
$_O7HCNBcIf7TFakcNOXd_OGa-EktXdY7jXFtq-0AuZ4	$QC7bXFDxGhDk6yv_4ChjXTMkJ0t0dKySNdOD6sK8xWs	!mOsaATLFknhUVKMKbF:localhost
$M668pvJTHPULzOyaFTfazYWkwGgORFCTi0KoC37EWeM	$_O7HCNBcIf7TFakcNOXd_OGa-EktXdY7jXFtq-0AuZ4	!mOsaATLFknhUVKMKbF:localhost
$M668pvJTHPULzOyaFTfazYWkwGgORFCTi0KoC37EWeM	$SlMhs1Tixs22BdZ3XXqNy9AnhoIY4iemw--vg-i_Lm0	!mOsaATLFknhUVKMKbF:localhost
$M668pvJTHPULzOyaFTfazYWkwGgORFCTi0KoC37EWeM	$QC7bXFDxGhDk6yv_4ChjXTMkJ0t0dKySNdOD6sK8xWs	!mOsaATLFknhUVKMKbF:localhost
$ORKiMUdUMVOsbsyJYKmngYgY7DjjpWm4TvnNHjGoyzo	$_O7HCNBcIf7TFakcNOXd_OGa-EktXdY7jXFtq-0AuZ4	!mOsaATLFknhUVKMKbF:localhost
$ORKiMUdUMVOsbsyJYKmngYgY7DjjpWm4TvnNHjGoyzo	$SlMhs1Tixs22BdZ3XXqNy9AnhoIY4iemw--vg-i_Lm0	!mOsaATLFknhUVKMKbF:localhost
$ORKiMUdUMVOsbsyJYKmngYgY7DjjpWm4TvnNHjGoyzo	$QC7bXFDxGhDk6yv_4ChjXTMkJ0t0dKySNdOD6sK8xWs	!mOsaATLFknhUVKMKbF:localhost
$hgqRK-dYe5eYsbxIs8yg30z62yTih79k6lYT3W-FrO0	$_O7HCNBcIf7TFakcNOXd_OGa-EktXdY7jXFtq-0AuZ4	!mOsaATLFknhUVKMKbF:localhost
$hgqRK-dYe5eYsbxIs8yg30z62yTih79k6lYT3W-FrO0	$SlMhs1Tixs22BdZ3XXqNy9AnhoIY4iemw--vg-i_Lm0	!mOsaATLFknhUVKMKbF:localhost
$hgqRK-dYe5eYsbxIs8yg30z62yTih79k6lYT3W-FrO0	$QC7bXFDxGhDk6yv_4ChjXTMkJ0t0dKySNdOD6sK8xWs	!mOsaATLFknhUVKMKbF:localhost
$NPeyvzf9NsetiIPlSR9A6CS672r3JVsnZYO0nXId2bk	$_O7HCNBcIf7TFakcNOXd_OGa-EktXdY7jXFtq-0AuZ4	!mOsaATLFknhUVKMKbF:localhost
$NPeyvzf9NsetiIPlSR9A6CS672r3JVsnZYO0nXId2bk	$SlMhs1Tixs22BdZ3XXqNy9AnhoIY4iemw--vg-i_Lm0	!mOsaATLFknhUVKMKbF:localhost
$NPeyvzf9NsetiIPlSR9A6CS672r3JVsnZYO0nXId2bk	$QC7bXFDxGhDk6yv_4ChjXTMkJ0t0dKySNdOD6sK8xWs	!mOsaATLFknhUVKMKbF:localhost
$-_npKAXQzDZatyCE982iFmq7-fA6EcpCzljKEwGGWgg	$_O7HCNBcIf7TFakcNOXd_OGa-EktXdY7jXFtq-0AuZ4	!mOsaATLFknhUVKMKbF:localhost
$-_npKAXQzDZatyCE982iFmq7-fA6EcpCzljKEwGGWgg	$SlMhs1Tixs22BdZ3XXqNy9AnhoIY4iemw--vg-i_Lm0	!mOsaATLFknhUVKMKbF:localhost
$-_npKAXQzDZatyCE982iFmq7-fA6EcpCzljKEwGGWgg	$QC7bXFDxGhDk6yv_4ChjXTMkJ0t0dKySNdOD6sK8xWs	!mOsaATLFknhUVKMKbF:localhost
$biZp1kn2ycj-NFYzBIsolRQUhuy_Jcdb1TWFXs-wm_M	$ORKiMUdUMVOsbsyJYKmngYgY7DjjpWm4TvnNHjGoyzo	!mOsaATLFknhUVKMKbF:localhost
$biZp1kn2ycj-NFYzBIsolRQUhuy_Jcdb1TWFXs-wm_M	$_O7HCNBcIf7TFakcNOXd_OGa-EktXdY7jXFtq-0AuZ4	!mOsaATLFknhUVKMKbF:localhost
$biZp1kn2ycj-NFYzBIsolRQUhuy_Jcdb1TWFXs-wm_M	$SlMhs1Tixs22BdZ3XXqNy9AnhoIY4iemw--vg-i_Lm0	!mOsaATLFknhUVKMKbF:localhost
$biZp1kn2ycj-NFYzBIsolRQUhuy_Jcdb1TWFXs-wm_M	$QC7bXFDxGhDk6yv_4ChjXTMkJ0t0dKySNdOD6sK8xWs	!mOsaATLFknhUVKMKbF:localhost
$i7p_9pGUCmPcRci6QowPd0isnxc650XUL0nkZkXIJqI	$ORKiMUdUMVOsbsyJYKmngYgY7DjjpWm4TvnNHjGoyzo	!mOsaATLFknhUVKMKbF:localhost
$i7p_9pGUCmPcRci6QowPd0isnxc650XUL0nkZkXIJqI	$_O7HCNBcIf7TFakcNOXd_OGa-EktXdY7jXFtq-0AuZ4	!mOsaATLFknhUVKMKbF:localhost
$i7p_9pGUCmPcRci6QowPd0isnxc650XUL0nkZkXIJqI	$SlMhs1Tixs22BdZ3XXqNy9AnhoIY4iemw--vg-i_Lm0	!mOsaATLFknhUVKMKbF:localhost
$i7p_9pGUCmPcRci6QowPd0isnxc650XUL0nkZkXIJqI	$QC7bXFDxGhDk6yv_4ChjXTMkJ0t0dKySNdOD6sK8xWs	!mOsaATLFknhUVKMKbF:localhost
$oRS_K9WwEjRY1LoGRh6ymmTYBFe4S3jiGLxKdFZq0xo	$ORKiMUdUMVOsbsyJYKmngYgY7DjjpWm4TvnNHjGoyzo	!mOsaATLFknhUVKMKbF:localhost
$oRS_K9WwEjRY1LoGRh6ymmTYBFe4S3jiGLxKdFZq0xo	$_O7HCNBcIf7TFakcNOXd_OGa-EktXdY7jXFtq-0AuZ4	!mOsaATLFknhUVKMKbF:localhost
$oRS_K9WwEjRY1LoGRh6ymmTYBFe4S3jiGLxKdFZq0xo	$i7p_9pGUCmPcRci6QowPd0isnxc650XUL0nkZkXIJqI	!mOsaATLFknhUVKMKbF:localhost
$oRS_K9WwEjRY1LoGRh6ymmTYBFe4S3jiGLxKdFZq0xo	$SlMhs1Tixs22BdZ3XXqNy9AnhoIY4iemw--vg-i_Lm0	!mOsaATLFknhUVKMKbF:localhost
$Y0bkVaMbWG30DJH750qUtZjIwDm6EWGKt22Jikt7ncc	$ORKiMUdUMVOsbsyJYKmngYgY7DjjpWm4TvnNHjGoyzo	!mOsaATLFknhUVKMKbF:localhost
$Y0bkVaMbWG30DJH750qUtZjIwDm6EWGKt22Jikt7ncc	$_O7HCNBcIf7TFakcNOXd_OGa-EktXdY7jXFtq-0AuZ4	!mOsaATLFknhUVKMKbF:localhost
$Y0bkVaMbWG30DJH750qUtZjIwDm6EWGKt22Jikt7ncc	$biZp1kn2ycj-NFYzBIsolRQUhuy_Jcdb1TWFXs-wm_M	!mOsaATLFknhUVKMKbF:localhost
$Y0bkVaMbWG30DJH750qUtZjIwDm6EWGKt22Jikt7ncc	$SlMhs1Tixs22BdZ3XXqNy9AnhoIY4iemw--vg-i_Lm0	!mOsaATLFknhUVKMKbF:localhost
$CcGczUOKTX_OEsfQVWp2qPlgJwMCRsa25dLU8fT6UH0	$Jg_lbElh_Ag9z-VOceAlpgofNZg8W8x8HX4n5Ajmu6Y	!cZnmZQFBeDsHEQbFQs:localhost
$CcGczUOKTX_OEsfQVWp2qPlgJwMCRsa25dLU8fT6UH0	$6bHlgH99jQtK-ue9-7g5rvZivsofVViJiR_vh1fGkBA	!cZnmZQFBeDsHEQbFQs:localhost
$CcGczUOKTX_OEsfQVWp2qPlgJwMCRsa25dLU8fT6UH0	$yB_pgWY1MngMlhaqo70bZTnADr2mMUjbkEKY3cjnlqk	!cZnmZQFBeDsHEQbFQs:localhost
$CcGczUOKTX_OEsfQVWp2qPlgJwMCRsa25dLU8fT6UH0	$nc1eJdpqNsaDyb3SdIbRwuQPExhfIPzPopcRSNdl3cQ	!cZnmZQFBeDsHEQbFQs:localhost
\.


--
-- Data for Name: event_auth_chain_links; Type: TABLE DATA; Schema: public; Owner: synapse
--

COPY public.event_auth_chain_links (origin_chain_id, origin_sequence_number, target_chain_id, target_sequence_number) FROM stdin;
2	1	1	1
5	1	3	1
5	1	1	1
4	1	2	1
3	1	1	1
4	1	3	1
5	1	2	1
4	1	1	1
3	1	2	1
6	1	1	1
6	1	2	1
6	1	3	1
7	1	3	1
7	1	1	1
7	1	2	1
9	1	8	1
10	1	9	1
12	1	9	1
12	1	13	1
12	1	8	1
10	1	8	1
11	1	13	1
11	1	8	1
10	1	13	1
11	1	9	1
13	1	8	1
13	1	9	1
14	1	13	1
14	1	8	1
14	1	9	1
15	1	8	1
15	1	9	1
15	1	12	1
15	1	13	1
16	1	1	1
16	1	2	1
16	1	3	1
16	1	4	1
18	1	1	1
17	1	13	1
17	1	8	1
17	1	9	1
17	1	12	1
18	1	3	1
18	1	4	1
18	1	2	1
19	1	3	1
19	1	1	1
19	1	4	1
19	1	2	1
20	1	2	1
20	1	3	1
20	1	1	1
22	1	21	1
26	1	21	1
24	1	25	1
24	1	21	1
25	1	21	1
26	1	22	1
25	1	22	1
23	1	25	1
23	1	21	1
24	1	22	1
23	1	22	1
26	1	25	1
27	1	25	1
27	1	22	1
27	1	21	1
28	1	21	1
28	1	22	1
28	1	25	1
28	1	26	1
29	1	25	1
29	1	22	1
29	1	26	1
29	1	21	1
30	1	21	1
30	1	25	1
30	1	22	1
30	1	26	1
31	1	1	1
31	1	4	1
31	1	2	1
31	1	3	1
32	1	1	1
32	1	3	1
32	1	4	1
32	1	2	1
33	1	13	1
33	1	12	1
33	1	8	1
33	1	9	1
34	1	8	1
34	1	9	1
34	1	12	1
34	1	13	1
35	1	25	1
35	1	26	1
35	1	21	1
35	1	22	1
36	1	25	1
36	1	26	1
36	1	21	1
36	1	22	1
37	1	2	1
37	1	3	1
37	1	4	1
37	1	1	1
38	1	22	1
38	1	25	1
38	1	26	1
38	1	21	1
39	1	8	1
39	1	9	1
39	1	12	1
39	1	13	1
40	1	8	1
40	1	9	1
40	1	12	1
40	1	13	1
42	1	41	1
44	1	41	1
44	1	43	1
43	1	41	1
45	1	43	1
46	1	41	1
45	1	41	1
46	1	42	1
45	1	42	1
46	1	43	1
44	1	42	1
43	1	42	1
47	1	43	1
47	1	46	1
47	1	41	1
47	1	42	1
48	1	43	1
48	1	46	1
48	1	41	1
48	1	42	1
50	1	49	1
52	1	50	1
54	1	51	1
53	1	50	1
53	1	51	1
52	1	49	1
51	1	49	1
53	1	49	1
51	1	50	1
52	1	51	1
54	1	49	1
54	1	50	1
55	1	51	1
55	1	49	1
55	1	52	1
55	1	50	1
56	1	52	1
56	1	49	1
56	1	50	1
56	1	51	1
58	1	57	1
60	1	58	1
61	1	62	1
61	1	57	1
62	1	57	1
61	1	58	1
60	1	62	1
60	1	57	1
59	1	62	1
59	1	57	1
59	1	58	1
62	1	58	1
63	1	57	1
63	1	60	1
63	1	58	1
63	1	62	1
64	1	57	1
64	1	60	1
64	1	58	1
64	1	62	1
66	1	65	1
68	1	65	1
67	1	65	1
67	1	66	1
70	1	65	1
69	1	67	1
70	1	66	1
69	1	65	1
69	1	66	1
68	1	66	1
68	1	67	1
70	1	67	1
71	1	66	1
71	1	67	1
71	1	70	1
71	1	65	1
72	1	66	1
72	1	67	1
72	1	70	1
72	1	65	1
73	1	70	1
73	1	65	1
73	1	67	1
73	1	66	1
75	1	74	1
76	1	79	1
78	1	75	1
79	1	75	1
76	1	75	1
78	1	79	1
78	1	74	1
79	1	74	1
77	1	79	1
77	1	74	1
76	1	74	1
77	1	75	1
80	1	78	1
80	1	79	1
80	1	74	1
80	1	75	1
81	1	78	1
81	1	79	1
81	1	74	1
81	1	75	1
83	1	82	1
84	1	82	1
84	1	83	1
88	1	83	1
87	1	84	1
88	1	84	1
86	1	83	1
87	1	82	1
86	1	82	1
88	1	82	1
85	1	84	1
87	1	83	1
85	1	82	1
86	1	84	1
85	1	83	1
89	1	83	1
89	1	84	1
89	1	87	1
89	1	82	1
90	1	87	1
90	1	82	1
90	1	83	1
90	1	84	1
91	1	82	1
91	1	83	1
91	1	84	1
91	1	87	1
93	1	92	1
98	1	96	1
97	1	96	1
97	1	92	1
95	1	92	1
96	1	93	1
97	1	93	1
99	1	96	1
99	1	92	1
99	1	93	1
95	1	96	1
96	1	92	1
94	1	96	1
98	1	92	1
94	1	92	1
95	1	93	1
94	1	93	1
98	1	93	1
100	1	92	1
100	1	93	1
100	1	96	1
100	1	94	1
101	1	96	1
101	1	93	1
101	1	94	1
101	1	92	1
\.


--
-- Data for Name: event_auth_chain_to_calculate; Type: TABLE DATA; Schema: public; Owner: synapse
--

COPY public.event_auth_chain_to_calculate (event_id, room_id, type, state_key) FROM stdin;
\.


--
-- Data for Name: event_auth_chains; Type: TABLE DATA; Schema: public; Owner: synapse
--

COPY public.event_auth_chains (event_id, chain_id, sequence_number) FROM stdin;
$c4I4FYRPIltfSw8Wf6w1NWiI0mLCN0eVcYuMsCyqiS4	1	1
$IU1ZxuT0Nte99MGUdW5IhEVc_pVMkrUEqjP5xs27dVs	2	1
$1kn0z5XFW6tgZeQlEjEweLSJX_vv-w54n3uMagFyz9o	3	1
$CgLbWRULI45y2D98z5CUQGfnpkIanhBTri6Qgk2FtZI	6	1
$MjPoUIyI-4SLUb_2CX0SN6Cq4siLSpO81XmSX0Tt1Ag	4	1
$eaTE2oVse5UGe2gxU6bH4McqUJFwuNN8UMpxUnfeCzc	5	1
$Z8l2x75Ktp4i5ZFSxqQHoicfewpQOJ2yKoIXvdXGGL4	7	1
$gyvaweguHrwLjB1B_41QMnzSUMHQGbQmTALeOOMmWfU	8	1
$hZ3X11MNOocXcrcCNowWncNXGOcKtKz2Yuy15DpSX9Y	9	1
$EgLH6XFurmJirUH4D5Zkm8y1WyPdrFX2SSko4S0-7hQ	13	1
$6A1pwZ_SweaaUsjoN5q44E3waqx9e_BX_Vch4BXsSMc	11	1
$W2bBymarQF5AVOanxoytGxta4UVf4fhh6doJw6GmsQ0	10	1
$tkoiHC3Vf1zAnFhhvTe60NQ7m3nRNvT1ILxtf8O8Tdc	12	1
$YSS-8MMEgCETq_EouYM-mm0KiVKGloqtULWeqmdQKZg	14	1
$0RmvI0B1zTbePI4eCXXUO_9tJQY2XcOy4Kt4FqYQ-Yk	15	1
$FSGyxWobRbm3XPzA_RJTfx_wFyj7eioybzttjovTej0	16	1
$f8S-mPLHMnruZFOTih-IYlCoYILk6A_BPx3dtO79ubI	17	1
$3iFc4KVKwTYBpN8T8PyFgNCDxXkCtJF5qS1nJbulpmU	18	1
$Q7qpUYZra7SmdftawkKRrQilka-WlRBbgKYybv2QRls	17	2
$o5ttVgA4qLDCRoIxN9qyVPOLj9QUajTOF3D_U8es57Y	18	2
$EeKexStxnjQMJwZnkxIZRNXLdggHQGqT_RJYm1xCocU	19	1
$ZPGmNdM7zvGVfx5_posO0xAJ7C6aAnDZavYGV23i3eM	19	2
$DRO5TAucLHxvrlJ47kjeEKQiKn1D0J-pwsDdrExDhfM	20	1
$8JzwefAwHCl96ZlTja5b5rV-MxH_1T91x6Yl6vKYGSg	21	1
$2AEp1hOUUsulI8Zc2ISpcmI9VmKuftWZdClPUSC_mD4	22	1
$425aYo_LNE95R3HHpQZSk0MGS0CjqhCPkp0DJvtMk5M	25	1
$LmDzEqXVjmgNKIk52bhBmbosSuVDk32P02nhwggY0RM	24	1
$Ww-5pR04rXtgZleTLBj7vJSR1LGkC3tZ5Zuaxqazwek	26	1
$z1GwtHO3iyw6MvOYBxrwIdl_jvUlP6_Bn6yFfE9P2aI	23	1
$sFv4HsuqMN9A0Wl_Bb1tZ-I7Kgdtxe83YsRaNWowWDM	27	1
$xOF81meT9KSyhw3dY5FjCzADSBULEj6OoQaHM9DWtMY	28	1
$cgYituIGJ7X54S5-Ax3C5u2yLwCnf99x2VbMmy0YD3w	28	2
$hgeuyu5_SLbd99TLf-m4kSUM8l1Jy-W4XmhdQGO2rr0	29	1
$jiXC1l1ou9Ti0I7CV7PJrsVblqsrb9dPQentqZqLBys	29	2
$ye7ixCV2UmoA3GCF2K5lqNSxMrWwkdvkTSOdQDHy-P0	30	1
$0XMDIAwJBH-iA7qIReHWRJAwmGiTGGioVtV8KFmJ4_M	28	3
$v8iGN1Nqfe45E9UAlYS-2URhe0VSFqIHY_trb51SesI	31	1
$0xWeoIOTCY4e3-7ZbZGuokwWQFjVMhIRQNXarqF1pxw	32	1
$pdWypCivt0W58tNdti2PPFECr9nY2FHCzPHcq3t7WEY	32	2
$Fv99ToyoiCcmIgW4cLLELDhrk41dcIcraArBj2LvaNE	33	1
$PdV2tqK4NNZudisUim3L-UFebwMTDKtC4V3oRBsAKNg	33	2
$iBD87Nj7pcqWKLj0dW9b0Am9tLGDUsUNgGx_DLCak6c	34	1
$Z6q_pHNPM3MSDJqL1coCYtFuO0XvjFyT7uEHW_VzTmI	34	2
$Qz3TCt9TZASSCaEgtUMB4UvTNFiNj8xUud69yTLrB1A	35	1
$slqMcNC5aM4RPcFxUSnvevAVSEwE34tlwYESlS2z7W4	36	1
$cWb_bCwCrj6N8hvObwR3Dfe63W634wlYWIy2-UKO28M	36	2
$jLqj0K8k8IznEp_zldWz_Ezx5RfWpkQZCFKnJyfUBQ8	37	1
$8L8kolK-08m1wXb1AstqZz_qz_SUzB08YqJZ_kYqWMs	38	1
$I7bu0SuyZ_d7gNQWqG7B7c9bRaJpJVrKN3Ftzy-ST3o	39	1
$91Cmq-17R2sVRCRnizx8fJKL3TLGjsOR0c4Ry3CKGyo	40	1
$V4h-t7Z_ikk8f5J8DFBd6LCzIg27Ls_Cq5SwfTNvF0E	41	1
$jD3h3ETxg2QK1PtrN6AW6y2kwQsFAQe7srLpSwfPhNg	42	1
$kec4ZazwDdb-ZMxMr8ymwytOs-zGx-8VjOrW00BW_ZA	43	1
$7btK-y7mZ9nK9LBiSKR03J1T2D334LbUVJkbe2o-CYw	46	1
$83AF6m7uhB3hZQz5lmrPcLy_9huJCm_W9wt7-WQ_VYk	44	1
$Sw-_lchwyW0pw30wm3AP7MzTQVU56CugEatZVVNGmbA	45	1
$MIJv8SIPMQ5955dHrWtYlemxtCwV0f4tqf-i_3dQVns	47	1
$bwBAv8SR7RG8_oUvZFU0lU5iPNq8aNv-mxr6MW9PztU	48	1
$F0LR4DEA3oLcc3k_eNE6_RKKA11yLcsmfO_8qPHHW8Y	47	2
$wTfVj9B1xWTDZGpgTmLF5VwLS4zZnOAoCichsjzrqsI	48	2
$BzCYUUyIaNg8MGhOw_QYTtD2BuIWdSnks84kegIMIzk	49	1
$_E-EZa8gdS-_4F2CasYTKomuDixia3fJ1R-Wu2xx_CQ	50	1
$1tmD6lvkYEIlbb5awAzEuSw6acgFDp21uA4450asM6M	51	1
$6qBmbp-ZfOQMsOgVGcf1da8QrUWLTBmULjDBY8xnQDc	52	1
$RE6G8a-zySUuohhp6UFLrBJ4ROulO2pvp_K_476Q-lY	53	1
$jgk7UOdyP6mp8rwKMOqqupF6sWOPwnMorSa67AYZ9A0	54	1
$IZOLJfGYfNnK_aLuKaBOBCTx7SnxrLtHU1f4wTszqzo	55	1
$ZHUq2VN0HpuE5oJi6l_3Uh8aLOuQmXN5WDqUyhjy8Vw	56	1
$VaarpFJs6_0c2wYxJdAYq1G8uznJdufYfnCfjuqvI_M	56	2
$Q6YXU96RlR1dPKmp4iI3R_d2KiWzKnZbMMURN8OqDVE	47	3
$2rWHZ1dTRYXYOGEBkYy9w4xQNGND9i5euMRpJJww04o	57	1
$8d4e-CjuEEdRj8aSFNq0yHpo_JxouT8tHUVX8HfS4oc	58	1
$UL96b2DZHng5g_OXTbE0nBq-yL1Vv1SUxB3wRg5Nqsw	62	1
$-Jddg6JtZ13Om3mZilR7hqtovSNKbu_jCbiDSN9u23M	61	1
$7y6Y35EbOlNtACU1RM3BCrmU7hb9GBXUJEFAI6-9gkg	59	1
$XLGuUcPmbE5vRHADIEfcDA5P4qTClMO9Xn9ircCdTUg	60	1
$PtKNK0cvGyJhBT-BIAFZs4gDvODQiScnlQFqLmWKqNc	63	1
$QvV8o1KjtX_tArxR1zwHZepfVa9NB03-81BjGpKxo9M	64	1
$0LNMKjea0zgdHTDMe3B3fmAnzNxu72ULA7HsNOs1pHw	63	2
$Z8Uf7knMci62YkFiphxCZI55avAa7X64_K1l9SJ-dqQ	65	1
$pdfBN0Z96G_wbgh4VuNnIiOuwEeEcxbECI1vAE0JEC4	66	1
$Oxivd8PnLITfhmuJ0pPdRRyMngE_kr3tbyIkDTT8_-o	67	1
$NEaM4RT_u5IYgHQJXffTluS21pSYxn3Ob3rh6lBPzJk	68	1
$eQXATedxlGls7x4dhbO1w3NQRV-9oaR7nqj-pHxGiU4	70	1
$n4SLSzegw2_2XZuYVHMaBqQM0y0XXHqIEc6-sUt5lyo	69	1
$JHQCf63sTH6Vjufjj8sai_9QWCkwlbiKAUP0crmtihU	71	1
$AmA--7RkBYVchLC_Tr104AXFweEwn_n7AeoFpptk0iI	72	1
$EVIMbY1fZLGzs0Xp19eKjkS2aizDSYFoS8Wzj42_LQI	73	1
$mGp05ykxc7iuNGM9nc4QHqFY1mnuCUW_Hq3ocgiZgFg	71	2
$jqog1KTVZdbZSwVzHyAI1GAzMymJrQgDaEx7zSDIuvw	73	2
$LwCMrUFKLRRfUwxX_bj8hMYLg15fXGwOuu2QDPdjcHY	72	2
$06Um82m6RzKMOebWv0lcKQOaSvr6C10y6QA2Snc_R0I	75	1
$8T5cGFOjiTe4zjIYX9tmzFfae8WV6TVvUpmBmV2carA	80	1
$TV4MVQPx61vM41xEXo5UuJRdzeBIjcqclWUsGWNacYM	74	1
$csK689aRZ89elBgFJKAWBiNKhwnp635K09OhhnXruek	79	1
$WRC3DV_k1RkC4oedKmIL5Gi3JgPmcv4vcT615tEnu8M	78	1
$gfpOuJZriCh7xj2c1m5EnJfNW1LjpsjRlCI91G-Fpv8	76	1
$gn9BJ39HJ5v_qwj0jcIRfiLcgvbMbDnBRAfEJMS4RUI	77	1
$wKoDxwAtZ46KFnzdR2bV-nE-gCX8oSTpE4qkJq_05QE	81	1
$5j9APu_03G5KZMO9hHc9AdVNHD7TfIlrfU87LHEi5aA	80	2
$SfEuZPwDHWx4dsnQKRsLDI7Qwgt-Q84vGhE1THOba3s	56	3
$nc1eJdpqNsaDyb3SdIbRwuQPExhfIPzPopcRSNdl3cQ	82	1
$DR5VmuWusNClKlyAtCuWLyQC__lzA2aHFKFHP9MMUfk	83	1
$6bHlgH99jQtK-ue9-7g5rvZivsofVViJiR_vh1fGkBA	84	1
$GAY76tMkYhuarSNOWWZqqDw36X1qIacZiQgHquoQtwA	85	1
$J6BFnxxVtwKMBZMazTB3yX8rosc2skmuxAuI4OinjBM	88	1
$Jg_lbElh_Ag9z-VOceAlpgofNZg8W8x8HX4n5Ajmu6Y	87	1
$c_oFn9bOCQHYWCw4hjt9zWK3fTqd6CS9ho6797C20x8	86	1
$7kIusj7_vjnjvM5XRI1_3dU_wgeCRurNbLxWl7Wza64	89	1
$yB_pgWY1MngMlhaqo70bZTnADr2mMUjbkEKY3cjnlqk	89	2
$LwuV3S_QSzHUfw7pEQBk-n4jquK3n8qlEDA3ZQTkHDI	90	1
$ZJsRzPjCUHZTNUN_j78KyrW5EVPSKt9Pw_F-tVVvH7k	90	2
$FyOdtUu1pDq9pkxIHuGA8NRmuYwbc56h3FAanha48Hk	91	1
$SlMhs1Tixs22BdZ3XXqNy9AnhoIY4iemw--vg-i_Lm0	92	1
$QC7bXFDxGhDk6yv_4ChjXTMkJ0t0dKySNdOD6sK8xWs	93	1
$_O7HCNBcIf7TFakcNOXd_OGa-EktXdY7jXFtq-0AuZ4	96	1
$-_npKAXQzDZatyCE982iFmq7-fA6EcpCzljKEwGGWgg	99	1
$M668pvJTHPULzOyaFTfazYWkwGgORFCTi0KoC37EWeM	95	1
$NPeyvzf9NsetiIPlSR9A6CS672r3JVsnZYO0nXId2bk	97	1
$ORKiMUdUMVOsbsyJYKmngYgY7DjjpWm4TvnNHjGoyzo	94	1
$hgqRK-dYe5eYsbxIs8yg30z62yTih79k6lYT3W-FrO0	98	1
$i7p_9pGUCmPcRci6QowPd0isnxc650XUL0nkZkXIJqI	100	1
$oRS_K9WwEjRY1LoGRh6ymmTYBFe4S3jiGLxKdFZq0xo	100	2
$biZp1kn2ycj-NFYzBIsolRQUhuy_Jcdb1TWFXs-wm_M	101	1
$Y0bkVaMbWG30DJH750qUtZjIwDm6EWGKt22Jikt7ncc	101	2
$CcGczUOKTX_OEsfQVWp2qPlgJwMCRsa25dLU8fT6UH0	89	3
\.


--
-- Data for Name: event_backward_extremities; Type: TABLE DATA; Schema: public; Owner: synapse
--

COPY public.event_backward_extremities (event_id, room_id) FROM stdin;
\.


--
-- Data for Name: event_edges; Type: TABLE DATA; Schema: public; Owner: synapse
--

COPY public.event_edges (event_id, prev_event_id, room_id, is_state) FROM stdin;
$IU1ZxuT0Nte99MGUdW5IhEVc_pVMkrUEqjP5xs27dVs	$c4I4FYRPIltfSw8Wf6w1NWiI0mLCN0eVcYuMsCyqiS4	\N	f
$1kn0z5XFW6tgZeQlEjEweLSJX_vv-w54n3uMagFyz9o	$IU1ZxuT0Nte99MGUdW5IhEVc_pVMkrUEqjP5xs27dVs	\N	f
$CgLbWRULI45y2D98z5CUQGfnpkIanhBTri6Qgk2FtZI	$1kn0z5XFW6tgZeQlEjEweLSJX_vv-w54n3uMagFyz9o	\N	f
$MjPoUIyI-4SLUb_2CX0SN6Cq4siLSpO81XmSX0Tt1Ag	$CgLbWRULI45y2D98z5CUQGfnpkIanhBTri6Qgk2FtZI	\N	f
$eaTE2oVse5UGe2gxU6bH4McqUJFwuNN8UMpxUnfeCzc	$MjPoUIyI-4SLUb_2CX0SN6Cq4siLSpO81XmSX0Tt1Ag	\N	f
$Z8l2x75Ktp4i5ZFSxqQHoicfewpQOJ2yKoIXvdXGGL4	$eaTE2oVse5UGe2gxU6bH4McqUJFwuNN8UMpxUnfeCzc	\N	f
$hZ3X11MNOocXcrcCNowWncNXGOcKtKz2Yuy15DpSX9Y	$gyvaweguHrwLjB1B_41QMnzSUMHQGbQmTALeOOMmWfU	\N	f
$EgLH6XFurmJirUH4D5Zkm8y1WyPdrFX2SSko4S0-7hQ	$hZ3X11MNOocXcrcCNowWncNXGOcKtKz2Yuy15DpSX9Y	\N	f
$6A1pwZ_SweaaUsjoN5q44E3waqx9e_BX_Vch4BXsSMc	$EgLH6XFurmJirUH4D5Zkm8y1WyPdrFX2SSko4S0-7hQ	\N	f
$tkoiHC3Vf1zAnFhhvTe60NQ7m3nRNvT1ILxtf8O8Tdc	$6A1pwZ_SweaaUsjoN5q44E3waqx9e_BX_Vch4BXsSMc	\N	f
$W2bBymarQF5AVOanxoytGxta4UVf4fhh6doJw6GmsQ0	$tkoiHC3Vf1zAnFhhvTe60NQ7m3nRNvT1ILxtf8O8Tdc	\N	f
$YSS-8MMEgCETq_EouYM-mm0KiVKGloqtULWeqmdQKZg	$W2bBymarQF5AVOanxoytGxta4UVf4fhh6doJw6GmsQ0	\N	f
$0RmvI0B1zTbePI4eCXXUO_9tJQY2XcOy4Kt4FqYQ-Yk	$YSS-8MMEgCETq_EouYM-mm0KiVKGloqtULWeqmdQKZg	\N	f
$FSGyxWobRbm3XPzA_RJTfx_wFyj7eioybzttjovTej0	$Z8l2x75Ktp4i5ZFSxqQHoicfewpQOJ2yKoIXvdXGGL4	\N	f
$3iFc4KVKwTYBpN8T8PyFgNCDxXkCtJF5qS1nJbulpmU	$FSGyxWobRbm3XPzA_RJTfx_wFyj7eioybzttjovTej0	\N	f
$f8S-mPLHMnruZFOTih-IYlCoYILk6A_BPx3dtO79ubI	$0RmvI0B1zTbePI4eCXXUO_9tJQY2XcOy4Kt4FqYQ-Yk	\N	f
$Q7qpUYZra7SmdftawkKRrQilka-WlRBbgKYybv2QRls	$f8S-mPLHMnruZFOTih-IYlCoYILk6A_BPx3dtO79ubI	\N	f
$o5ttVgA4qLDCRoIxN9qyVPOLj9QUajTOF3D_U8es57Y	$3iFc4KVKwTYBpN8T8PyFgNCDxXkCtJF5qS1nJbulpmU	\N	f
$ws9UuWLPn8VzHbofyg3g8AQK-aYsdD2iv6woyWt3sEw	$Q7qpUYZra7SmdftawkKRrQilka-WlRBbgKYybv2QRls	\N	f
$EeKexStxnjQMJwZnkxIZRNXLdggHQGqT_RJYm1xCocU	$o5ttVgA4qLDCRoIxN9qyVPOLj9QUajTOF3D_U8es57Y	\N	f
$ZPGmNdM7zvGVfx5_posO0xAJ7C6aAnDZavYGV23i3eM	$EeKexStxnjQMJwZnkxIZRNXLdggHQGqT_RJYm1xCocU	\N	f
$ls5AzJlLTu3Alykxvj5L99HqOQsi7cUGH7wVb-IqErQ	$ZPGmNdM7zvGVfx5_posO0xAJ7C6aAnDZavYGV23i3eM	\N	f
$nFwL1txBnk2dj72aBWqthTGHrC-kv7CYWMt3cwz8qgw	$ws9UuWLPn8VzHbofyg3g8AQK-aYsdD2iv6woyWt3sEw	\N	f
$DRO5TAucLHxvrlJ47kjeEKQiKn1D0J-pwsDdrExDhfM	$ls5AzJlLTu3Alykxvj5L99HqOQsi7cUGH7wVb-IqErQ	\N	f
$hXzRSYfNTLUmjRz8EgsrekOmklfOoUQ9NKx0vS1AmTk	$DRO5TAucLHxvrlJ47kjeEKQiKn1D0J-pwsDdrExDhfM	\N	f
$fbEIs1FPebLFup8Sm4TvsnGt3OqnXO125KPufsX6e4E	$hXzRSYfNTLUmjRz8EgsrekOmklfOoUQ9NKx0vS1AmTk	\N	f
$ggCddRubeCPps5yMhlY-9Ib0RvBhwUJy716vZvf32Oo	$fbEIs1FPebLFup8Sm4TvsnGt3OqnXO125KPufsX6e4E	\N	f
$2AEp1hOUUsulI8Zc2ISpcmI9VmKuftWZdClPUSC_mD4	$8JzwefAwHCl96ZlTja5b5rV-MxH_1T91x6Yl6vKYGSg	\N	f
$425aYo_LNE95R3HHpQZSk0MGS0CjqhCPkp0DJvtMk5M	$2AEp1hOUUsulI8Zc2ISpcmI9VmKuftWZdClPUSC_mD4	\N	f
$z1GwtHO3iyw6MvOYBxrwIdl_jvUlP6_Bn6yFfE9P2aI	$425aYo_LNE95R3HHpQZSk0MGS0CjqhCPkp0DJvtMk5M	\N	f
$Ww-5pR04rXtgZleTLBj7vJSR1LGkC3tZ5Zuaxqazwek	$z1GwtHO3iyw6MvOYBxrwIdl_jvUlP6_Bn6yFfE9P2aI	\N	f
$LmDzEqXVjmgNKIk52bhBmbosSuVDk32P02nhwggY0RM	$Ww-5pR04rXtgZleTLBj7vJSR1LGkC3tZ5Zuaxqazwek	\N	f
$sFv4HsuqMN9A0Wl_Bb1tZ-I7Kgdtxe83YsRaNWowWDM	$LmDzEqXVjmgNKIk52bhBmbosSuVDk32P02nhwggY0RM	\N	f
$xOF81meT9KSyhw3dY5FjCzADSBULEj6OoQaHM9DWtMY	$sFv4HsuqMN9A0Wl_Bb1tZ-I7Kgdtxe83YsRaNWowWDM	\N	f
$cgYituIGJ7X54S5-Ax3C5u2yLwCnf99x2VbMmy0YD3w	$xOF81meT9KSyhw3dY5FjCzADSBULEj6OoQaHM9DWtMY	\N	f
$hgeuyu5_SLbd99TLf-m4kSUM8l1Jy-W4XmhdQGO2rr0	$cgYituIGJ7X54S5-Ax3C5u2yLwCnf99x2VbMmy0YD3w	\N	f
$jiXC1l1ou9Ti0I7CV7PJrsVblqsrb9dPQentqZqLBys	$hgeuyu5_SLbd99TLf-m4kSUM8l1Jy-W4XmhdQGO2rr0	\N	f
$v3jGyApp70gdwh4Il9oB6nRxdyr-zF1Nt9w5VRI1Em4	$jiXC1l1ou9Ti0I7CV7PJrsVblqsrb9dPQentqZqLBys	\N	f
$ye7ixCV2UmoA3GCF2K5lqNSxMrWwkdvkTSOdQDHy-P0	$v3jGyApp70gdwh4Il9oB6nRxdyr-zF1Nt9w5VRI1Em4	\N	f
$95vJ25qtpsri2l4-Ft6bN-NMw1uq9NjdTcLLt_v-cdE	$ye7ixCV2UmoA3GCF2K5lqNSxMrWwkdvkTSOdQDHy-P0	\N	f
$0XMDIAwJBH-iA7qIReHWRJAwmGiTGGioVtV8KFmJ4_M	$95vJ25qtpsri2l4-Ft6bN-NMw1uq9NjdTcLLt_v-cdE	\N	f
$cy5KlfdXxrxwsh3JYgCvSt79RGqs9e0nqUdGznRRG7c	$0XMDIAwJBH-iA7qIReHWRJAwmGiTGGioVtV8KFmJ4_M	\N	f
$v8iGN1Nqfe45E9UAlYS-2URhe0VSFqIHY_trb51SesI	$ggCddRubeCPps5yMhlY-9Ib0RvBhwUJy716vZvf32Oo	\N	f
$0s6lqq-j-E9Nm_LFwUEpeeLWBeDQ75ZYmwrYMoexDwc	$v8iGN1Nqfe45E9UAlYS-2URhe0VSFqIHY_trb51SesI	\N	f
$0xWeoIOTCY4e3-7ZbZGuokwWQFjVMhIRQNXarqF1pxw	$0s6lqq-j-E9Nm_LFwUEpeeLWBeDQ75ZYmwrYMoexDwc	\N	f
$pdWypCivt0W58tNdti2PPFECr9nY2FHCzPHcq3t7WEY	$0xWeoIOTCY4e3-7ZbZGuokwWQFjVMhIRQNXarqF1pxw	\N	f
$Fv99ToyoiCcmIgW4cLLELDhrk41dcIcraArBj2LvaNE	$nFwL1txBnk2dj72aBWqthTGHrC-kv7CYWMt3cwz8qgw	\N	f
$PdV2tqK4NNZudisUim3L-UFebwMTDKtC4V3oRBsAKNg	$Fv99ToyoiCcmIgW4cLLELDhrk41dcIcraArBj2LvaNE	\N	f
$iBD87Nj7pcqWKLj0dW9b0Am9tLGDUsUNgGx_DLCak6c	$PdV2tqK4NNZudisUim3L-UFebwMTDKtC4V3oRBsAKNg	\N	f
$Z6q_pHNPM3MSDJqL1coCYtFuO0XvjFyT7uEHW_VzTmI	$iBD87Nj7pcqWKLj0dW9b0Am9tLGDUsUNgGx_DLCak6c	\N	f
$XmrlogapQqYj1VfKlSL8vSO2sxNBExeByFQ5f7h9OEU	$Z6q_pHNPM3MSDJqL1coCYtFuO0XvjFyT7uEHW_VzTmI	\N	f
$ZbStQfXya3r8-aGQzgeyjM1XexpMdB05yqudqOItZ7Y	$cy5KlfdXxrxwsh3JYgCvSt79RGqs9e0nqUdGznRRG7c	\N	f
$Qz3TCt9TZASSCaEgtUMB4UvTNFiNj8xUud69yTLrB1A	$ZbStQfXya3r8-aGQzgeyjM1XexpMdB05yqudqOItZ7Y	\N	f
$4SCBWPaw9DfE1F8UhlHU8tcCgyNMGrdohneVcLXuYzc	$Qz3TCt9TZASSCaEgtUMB4UvTNFiNj8xUud69yTLrB1A	\N	f
$slqMcNC5aM4RPcFxUSnvevAVSEwE34tlwYESlS2z7W4	$4SCBWPaw9DfE1F8UhlHU8tcCgyNMGrdohneVcLXuYzc	\N	f
$cWb_bCwCrj6N8hvObwR3Dfe63W634wlYWIy2-UKO28M	$slqMcNC5aM4RPcFxUSnvevAVSEwE34tlwYESlS2z7W4	\N	f
$s5oiTl_9b6K-IKMmuviFRxmIeO-uX2MJWYo7ws0AvWs	$cWb_bCwCrj6N8hvObwR3Dfe63W634wlYWIy2-UKO28M	\N	f
$PLSJo_YuSdhcp8Qc1EtpopguS8UaiOZGkIcs_HYhOj4	$s5oiTl_9b6K-IKMmuviFRxmIeO-uX2MJWYo7ws0AvWs	\N	f
$COjzubYZc9gp1UYu3MF9optOH1hKuh6ZOLrP1vwiaW4	$pdWypCivt0W58tNdti2PPFECr9nY2FHCzPHcq3t7WEY	\N	f
$keJQHXWi-ZiK2B2FdzQ1IUZ0fzfFBax-gHNp7AR9UWo	$COjzubYZc9gp1UYu3MF9optOH1hKuh6ZOLrP1vwiaW4	\N	f
$jLqj0K8k8IznEp_zldWz_Ezx5RfWpkQZCFKnJyfUBQ8	$keJQHXWi-ZiK2B2FdzQ1IUZ0fzfFBax-gHNp7AR9UWo	\N	f
$8L8kolK-08m1wXb1AstqZz_qz_SUzB08YqJZ_kYqWMs	$PLSJo_YuSdhcp8Qc1EtpopguS8UaiOZGkIcs_HYhOj4	\N	f
$I7bu0SuyZ_d7gNQWqG7B7c9bRaJpJVrKN3Ftzy-ST3o	$XmrlogapQqYj1VfKlSL8vSO2sxNBExeByFQ5f7h9OEU	\N	f
$mmPSR9VqhO1noWGYGbl2whlFTsU1V3PHK_ncCUGnqTc	$8L8kolK-08m1wXb1AstqZz_qz_SUzB08YqJZ_kYqWMs	\N	f
$5_XiqIyj_mv3JlnyqfoTpIDIQ2tdPu3N8U7by84mBXE	$I7bu0SuyZ_d7gNQWqG7B7c9bRaJpJVrKN3Ftzy-ST3o	\N	f
$91Cmq-17R2sVRCRnizx8fJKL3TLGjsOR0c4Ry3CKGyo	$5_XiqIyj_mv3JlnyqfoTpIDIQ2tdPu3N8U7by84mBXE	\N	f
$a7zOXKjjr_ueVtYDoa7MhlNoILAsxHrEuNyaJeMg6HQ	$91Cmq-17R2sVRCRnizx8fJKL3TLGjsOR0c4Ry3CKGyo	\N	f
$DOZehhyD4JGGFtEd922b5xVLGdup3v_MzKBeEQ_JzFE	$F0LR4DEA3oLcc3k_eNE6_RKKA11yLcsmfO_8qPHHW8Y	\N	f
$oXOzZ4Ab8mINVphaBVipRGmM3Z5L676RivBDayNaxj8	$lVGc_wB1P8VGJaykW33htFubukWDizH4Xwu5SfKGbn0	\N	f
$Oxivd8PnLITfhmuJ0pPdRRyMngE_kr3tbyIkDTT8_-o	$pdfBN0Z96G_wbgh4VuNnIiOuwEeEcxbECI1vAE0JEC4	\N	f
$eQXATedxlGls7x4dhbO1w3NQRV-9oaR7nqj-pHxGiU4	$Oxivd8PnLITfhmuJ0pPdRRyMngE_kr3tbyIkDTT8_-o	\N	f
$NEaM4RT_u5IYgHQJXffTluS21pSYxn3Ob3rh6lBPzJk	$eQXATedxlGls7x4dhbO1w3NQRV-9oaR7nqj-pHxGiU4	\N	f
$n4SLSzegw2_2XZuYVHMaBqQM0y0XXHqIEc6-sUt5lyo	$NEaM4RT_u5IYgHQJXffTluS21pSYxn3Ob3rh6lBPzJk	\N	f
$LwCMrUFKLRRfUwxX_bj8hMYLg15fXGwOuu2QDPdjcHY	$jqog1KTVZdbZSwVzHyAI1GAzMymJrQgDaEx7zSDIuvw	\N	f
$jD3h3ETxg2QK1PtrN6AW6y2kwQsFAQe7srLpSwfPhNg	$V4h-t7Z_ikk8f5J8DFBd6LCzIg27Ls_Cq5SwfTNvF0E	\N	f
$wTfVj9B1xWTDZGpgTmLF5VwLS4zZnOAoCichsjzrqsI	$DOZehhyD4JGGFtEd922b5xVLGdup3v_MzKBeEQ_JzFE	\N	f
$ytekxng1JXi96Xdmn-7AeF1m8VLkPtS78IihXa3WZ84	$a4Ou4JTKZxwllI40a4CS36DcmTYOyQFqH-r06D49gAg	\N	f
$cqZ1IfNynoUS3KLGis6wJcJp5j-RYl2XluwXAYEGSQQ	$ytekxng1JXi96Xdmn-7AeF1m8VLkPtS78IihXa3WZ84	\N	f
$kec4ZazwDdb-ZMxMr8ymwytOs-zGx-8VjOrW00BW_ZA	$jD3h3ETxg2QK1PtrN6AW6y2kwQsFAQe7srLpSwfPhNg	\N	f
$7btK-y7mZ9nK9LBiSKR03J1T2D334LbUVJkbe2o-CYw	$kec4ZazwDdb-ZMxMr8ymwytOs-zGx-8VjOrW00BW_ZA	\N	f
$Sw-_lchwyW0pw30wm3AP7MzTQVU56CugEatZVVNGmbA	$7btK-y7mZ9nK9LBiSKR03J1T2D334LbUVJkbe2o-CYw	\N	f
$83AF6m7uhB3hZQz5lmrPcLy_9huJCm_W9wt7-WQ_VYk	$Sw-_lchwyW0pw30wm3AP7MzTQVU56CugEatZVVNGmbA	\N	f
$MIJv8SIPMQ5955dHrWtYlemxtCwV0f4tqf-i_3dQVns	$83AF6m7uhB3hZQz5lmrPcLy_9huJCm_W9wt7-WQ_VYk	\N	f
$bwBAv8SR7RG8_oUvZFU0lU5iPNq8aNv-mxr6MW9PztU	$MIJv8SIPMQ5955dHrWtYlemxtCwV0f4tqf-i_3dQVns	\N	f
$a4Ou4JTKZxwllI40a4CS36DcmTYOyQFqH-r06D49gAg	$wTfVj9B1xWTDZGpgTmLF5VwLS4zZnOAoCichsjzrqsI	\N	f
$1tmD6lvkYEIlbb5awAzEuSw6acgFDp21uA4450asM6M	$_E-EZa8gdS-_4F2CasYTKomuDixia3fJ1R-Wu2xx_CQ	\N	f
$6qBmbp-ZfOQMsOgVGcf1da8QrUWLTBmULjDBY8xnQDc	$1tmD6lvkYEIlbb5awAzEuSw6acgFDp21uA4450asM6M	\N	f
$jgk7UOdyP6mp8rwKMOqqupF6sWOPwnMorSa67AYZ9A0	$6qBmbp-ZfOQMsOgVGcf1da8QrUWLTBmULjDBY8xnQDc	\N	f
$RE6G8a-zySUuohhp6UFLrBJ4ROulO2pvp_K_476Q-lY	$jgk7UOdyP6mp8rwKMOqqupF6sWOPwnMorSa67AYZ9A0	\N	f
$VaarpFJs6_0c2wYxJdAYq1G8uznJdufYfnCfjuqvI_M	$ZHUq2VN0HpuE5oJi6l_3Uh8aLOuQmXN5WDqUyhjy8Vw	\N	f
$8d4e-CjuEEdRj8aSFNq0yHpo_JxouT8tHUVX8HfS4oc	$2rWHZ1dTRYXYOGEBkYy9w4xQNGND9i5euMRpJJww04o	\N	f
$AmA--7RkBYVchLC_Tr104AXFweEwn_n7AeoFpptk0iI	$JHQCf63sTH6Vjufjj8sai_9QWCkwlbiKAUP0crmtihU	\N	f
$mGp05ykxc7iuNGM9nc4QHqFY1mnuCUW_Hq3ocgiZgFg	$EVIMbY1fZLGzs0Xp19eKjkS2aizDSYFoS8Wzj42_LQI	\N	f
$8QUU4rDWLA_FAyy233e5yz-RKoRz1MMD2e3Dmuyueno	$mGp05ykxc7iuNGM9nc4QHqFY1mnuCUW_Hq3ocgiZgFg	\N	f
$F0LR4DEA3oLcc3k_eNE6_RKKA11yLcsmfO_8qPHHW8Y	$bwBAv8SR7RG8_oUvZFU0lU5iPNq8aNv-mxr6MW9PztU	\N	f
$pdfBN0Z96G_wbgh4VuNnIiOuwEeEcxbECI1vAE0JEC4	$Z8Uf7knMci62YkFiphxCZI55avAa7X64_K1l9SJ-dqQ	\N	f
$_E-EZa8gdS-_4F2CasYTKomuDixia3fJ1R-Wu2xx_CQ	$BzCYUUyIaNg8MGhOw_QYTtD2BuIWdSnks84kegIMIzk	\N	f
$PtKNK0cvGyJhBT-BIAFZs4gDvODQiScnlQFqLmWKqNc	$-Jddg6JtZ13Om3mZilR7hqtovSNKbu_jCbiDSN9u23M	\N	f
$EVIMbY1fZLGzs0Xp19eKjkS2aizDSYFoS8Wzj42_LQI	$AmA--7RkBYVchLC_Tr104AXFweEwn_n7AeoFpptk0iI	\N	f
$IZOLJfGYfNnK_aLuKaBOBCTx7SnxrLtHU1f4wTszqzo	$RE6G8a-zySUuohhp6UFLrBJ4ROulO2pvp_K_476Q-lY	\N	f
$lVGc_wB1P8VGJaykW33htFubukWDizH4Xwu5SfKGbn0	$VaarpFJs6_0c2wYxJdAYq1G8uznJdufYfnCfjuqvI_M	\N	f
$Q6YXU96RlR1dPKmp4iI3R_d2KiWzKnZbMMURN8OqDVE	$cqZ1IfNynoUS3KLGis6wJcJp5j-RYl2XluwXAYEGSQQ	\N	f
$UL96b2DZHng5g_OXTbE0nBq-yL1Vv1SUxB3wRg5Nqsw	$8d4e-CjuEEdRj8aSFNq0yHpo_JxouT8tHUVX8HfS4oc	\N	f
$XLGuUcPmbE5vRHADIEfcDA5P4qTClMO9Xn9ircCdTUg	$UL96b2DZHng5g_OXTbE0nBq-yL1Vv1SUxB3wRg5Nqsw	\N	f
$7y6Y35EbOlNtACU1RM3BCrmU7hb9GBXUJEFAI6-9gkg	$XLGuUcPmbE5vRHADIEfcDA5P4qTClMO9Xn9ircCdTUg	\N	f
$-Jddg6JtZ13Om3mZilR7hqtovSNKbu_jCbiDSN9u23M	$7y6Y35EbOlNtACU1RM3BCrmU7hb9GBXUJEFAI6-9gkg	\N	f
$lihGEzBm6TSVo-fe_WCOuWJNW_OgcaCyBi9g0UDlZoM	$QvV8o1KjtX_tArxR1zwHZepfVa9NB03-81BjGpKxo9M	\N	f
$0LNMKjea0zgdHTDMe3B3fmAnzNxu72ULA7HsNOs1pHw	$lihGEzBm6TSVo-fe_WCOuWJNW_OgcaCyBi9g0UDlZoM	\N	f
$JHQCf63sTH6Vjufjj8sai_9QWCkwlbiKAUP0crmtihU	$n4SLSzegw2_2XZuYVHMaBqQM0y0XXHqIEc6-sUt5lyo	\N	f
$jqog1KTVZdbZSwVzHyAI1GAzMymJrQgDaEx7zSDIuvw	$8QUU4rDWLA_FAyy233e5yz-RKoRz1MMD2e3Dmuyueno	\N	f
$ZHUq2VN0HpuE5oJi6l_3Uh8aLOuQmXN5WDqUyhjy8Vw	$IZOLJfGYfNnK_aLuKaBOBCTx7SnxrLtHU1f4wTszqzo	\N	f
$QvV8o1KjtX_tArxR1zwHZepfVa9NB03-81BjGpKxo9M	$PtKNK0cvGyJhBT-BIAFZs4gDvODQiScnlQFqLmWKqNc	\N	f
$06Um82m6RzKMOebWv0lcKQOaSvr6C10y6QA2Snc_R0I	$TV4MVQPx61vM41xEXo5UuJRdzeBIjcqclWUsGWNacYM	\N	f
$csK689aRZ89elBgFJKAWBiNKhwnp635K09OhhnXruek	$06Um82m6RzKMOebWv0lcKQOaSvr6C10y6QA2Snc_R0I	\N	f
$WRC3DV_k1RkC4oedKmIL5Gi3JgPmcv4vcT615tEnu8M	$csK689aRZ89elBgFJKAWBiNKhwnp635K09OhhnXruek	\N	f
$gfpOuJZriCh7xj2c1m5EnJfNW1LjpsjRlCI91G-Fpv8	$WRC3DV_k1RkC4oedKmIL5Gi3JgPmcv4vcT615tEnu8M	\N	f
$gn9BJ39HJ5v_qwj0jcIRfiLcgvbMbDnBRAfEJMS4RUI	$gfpOuJZriCh7xj2c1m5EnJfNW1LjpsjRlCI91G-Fpv8	\N	f
$8T5cGFOjiTe4zjIYX9tmzFfae8WV6TVvUpmBmV2carA	$gn9BJ39HJ5v_qwj0jcIRfiLcgvbMbDnBRAfEJMS4RUI	\N	f
$wKoDxwAtZ46KFnzdR2bV-nE-gCX8oSTpE4qkJq_05QE	$8T5cGFOjiTe4zjIYX9tmzFfae8WV6TVvUpmBmV2carA	\N	f
$5j9APu_03G5KZMO9hHc9AdVNHD7TfIlrfU87LHEi5aA	$wKoDxwAtZ46KFnzdR2bV-nE-gCX8oSTpE4qkJq_05QE	\N	f
$BQVp9srvRZxHcxl1NQzXpHjcHVZub1wZMinz-XO9KJE	$5j9APu_03G5KZMO9hHc9AdVNHD7TfIlrfU87LHEi5aA	\N	f
$ZAMV9PqrMcGH2UX-eqpPfSVfJ7UDcOelwl3-gln6nco	$oXOzZ4Ab8mINVphaBVipRGmM3Z5L676RivBDayNaxj8	\N	f
$SfEuZPwDHWx4dsnQKRsLDI7Qwgt-Q84vGhE1THOba3s	$ZAMV9PqrMcGH2UX-eqpPfSVfJ7UDcOelwl3-gln6nco	\N	f
$r5MeySk4n_UL67iTjPp-RpDnYLITxLfuuSFi65ef9NQ	$BQVp9srvRZxHcxl1NQzXpHjcHVZub1wZMinz-XO9KJE	\N	f
$ZeOHUFxCYyrcXwwm5xcXycqdVTRt5tdY0zbyZ-uR_fQ	$r5MeySk4n_UL67iTjPp-RpDnYLITxLfuuSFi65ef9NQ	\N	f
$h_nukybUUUM97KIexy-iMvsAatn74tnaz5IRgopPmkc	$jLqj0K8k8IznEp_zldWz_Ezx5RfWpkQZCFKnJyfUBQ8	\N	f
$fxfMGOp0AHYZy5pmcMgdjV1cy_kcfuMgBbWYzp84Rbk	$h_nukybUUUM97KIexy-iMvsAatn74tnaz5IRgopPmkc	\N	f
$in52dToVUVIA1dLRam8a57SvQ8dYnHstA6FK0mNdqNo	$fxfMGOp0AHYZy5pmcMgdjV1cy_kcfuMgBbWYzp84Rbk	\N	f
$ESb8M8zzCsTTuM2_aTjr7gchlzU1eLJxVMEx6T-jTEE	$in52dToVUVIA1dLRam8a57SvQ8dYnHstA6FK0mNdqNo	\N	f
$SXn00XEaf6vcH7EfF-hxrnKJ34geyleE-2HFWaQW5ag	$ESb8M8zzCsTTuM2_aTjr7gchlzU1eLJxVMEx6T-jTEE	\N	f
$6gxkrvEOHIMVYq7kxmB942wCBkaZKqIC95Jzk-CISp0	$SXn00XEaf6vcH7EfF-hxrnKJ34geyleE-2HFWaQW5ag	\N	f
$tCegiyn_qp9r9cWvinmzuiK_97-qv69NU7CGuF2CDAw	$6gxkrvEOHIMVYq7kxmB942wCBkaZKqIC95Jzk-CISp0	\N	f
$xLDxuw8IzaD4a5ksYtyrs83SBfHlqy-w6NU0mHanbPQ	$jy48UF7H1uhnLFtlVfm0J7AQsQzu0md4tudw5nIMe-c	\N	f
$vL5Yz3B5LuK3523XAi9kXCV6MChwv_bOVxCvia8FVB4	$xLDxuw8IzaD4a5ksYtyrs83SBfHlqy-w6NU0mHanbPQ	\N	f
$cdRz_XhX8_p6tBso0AzQXZq3nCx7Bp6Z2iH-h23-rbc	$w7lOH1dKKeKeCs6DlAaGGp3yF_P0vEQ3pNmCTx8FcJ8	\N	f
$GEtkY16drHOxrPM2y1D6QGAXukFCYxUBTFYt6SSVzlo	$EnC2zlKWl4pxmE20WFM5_uuVWd83XP_uOlpod2B1XeQ	\N	f
$-W4UZqRjU8NFjYbx9Y5H36lRkKI6-J0E7CW8suzQR9s	$O_xBVr6rmpmuc_gHgPUwAd5jjTiDwPFpFPxlZiXO82E	\N	f
$DR5VmuWusNClKlyAtCuWLyQC__lzA2aHFKFHP9MMUfk	$nc1eJdpqNsaDyb3SdIbRwuQPExhfIPzPopcRSNdl3cQ	\N	f
$7kIusj7_vjnjvM5XRI1_3dU_wgeCRurNbLxWl7Wza64	$J6BFnxxVtwKMBZMazTB3yX8rosc2skmuxAuI4OinjBM	\N	f
$LwuV3S_QSzHUfw7pEQBk-n4jquK3n8qlEDA3ZQTkHDI	$yB_pgWY1MngMlhaqo70bZTnADr2mMUjbkEKY3cjnlqk	\N	f
$i7p_9pGUCmPcRci6QowPd0isnxc650XUL0nkZkXIJqI	$-_npKAXQzDZatyCE982iFmq7-fA6EcpCzljKEwGGWgg	\N	f
$MsUAygSGOybNZLwQY0HO7oA7UTvwZ4HjS-dSTebRryE	$tCegiyn_qp9r9cWvinmzuiK_97-qv69NU7CGuF2CDAw	\N	f
$w3py3S7l8-xbpdWz2joQqREyFoNoE5jE2HGz1J8AFIY	$1UPai0X6mkxZhcQOCpH1AB3C8_5iGG4irBlPGM8vX60	\N	f
$rA5PRb7MjCz1lqKGVcHLZ_4eIRh_5slNnGazl-q0F4w	$ZJsRzPjCUHZTNUN_j78KyrW5EVPSKt9Pw_F-tVVvH7k	\N	f
$R_BTpdLAD-BfJUNWA0gDdMNG4gc8RNi-4QhdtrCsz24	$FyOdtUu1pDq9pkxIHuGA8NRmuYwbc56h3FAanha48Hk	\N	f
$AI66VCbPMZvt2b3tqwhViAQXHs18twqgZhVW103z2sc	$R_BTpdLAD-BfJUNWA0gDdMNG4gc8RNi-4QhdtrCsz24	\N	f
$Bo4JLPALQcShbeeEkpMatIB_6vxlLouq8IJQ55O6b-A	$MsUAygSGOybNZLwQY0HO7oA7UTvwZ4HjS-dSTebRryE	\N	f
$1UPai0X6mkxZhcQOCpH1AB3C8_5iGG4irBlPGM8vX60	$Bo4JLPALQcShbeeEkpMatIB_6vxlLouq8IJQ55O6b-A	\N	f
$KoX2hU-P1VybDOXpAKm_myFst0pkCN0MKKBLGLQqovE	$w3py3S7l8-xbpdWz2joQqREyFoNoE5jE2HGz1J8AFIY	\N	f
$Qc1DVNbHoeyAoragn3t3lSrm2IvTk9wMJBJYKliD3WM	$KoX2hU-P1VybDOXpAKm_myFst0pkCN0MKKBLGLQqovE	\N	f
$gHwGynQdqAEWelKTu66zWCE1fVp0M2RgK6P6QoTJV70	$Qc1DVNbHoeyAoragn3t3lSrm2IvTk9wMJBJYKliD3WM	\N	f
$-HKoRby_s8G544Ao_KR_BtaomPp7O4vgmWHflG33bX4	$gHwGynQdqAEWelKTu66zWCE1fVp0M2RgK6P6QoTJV70	\N	f
$EaVQiabvSs7WDhnMGeCso5JvAzW2g_cxxQ4A0x60cO4	$-HKoRby_s8G544Ao_KR_BtaomPp7O4vgmWHflG33bX4	\N	f
$a80ETeoQf4btWpFYbDzXYLNhaJVGclNmo4vt_wr7btQ	$EaVQiabvSs7WDhnMGeCso5JvAzW2g_cxxQ4A0x60cO4	\N	f
$DJW9gvwyHhpI2pEcgw6Tv_pHFxJGskUjSwKK1vkAAQ8	$a80ETeoQf4btWpFYbDzXYLNhaJVGclNmo4vt_wr7btQ	\N	f
$sDuUX7k_nGFrr68aq6q-Se4v7PS0UHtb9DCgicckLOk	$DJW9gvwyHhpI2pEcgw6Tv_pHFxJGskUjSwKK1vkAAQ8	\N	f
$-QKjIvbRegc7FLNn1N3abJ7hKjwMdoQrmX6Zbw-ctHA	$sDuUX7k_nGFrr68aq6q-Se4v7PS0UHtb9DCgicckLOk	\N	f
$nD3fBVNqotefwe1wSxqLXHxVj_3f00Vj5VNpoUr1ABQ	$-QKjIvbRegc7FLNn1N3abJ7hKjwMdoQrmX6Zbw-ctHA	\N	f
$jy48UF7H1uhnLFtlVfm0J7AQsQzu0md4tudw5nIMe-c	$nD3fBVNqotefwe1wSxqLXHxVj_3f00Vj5VNpoUr1ABQ	\N	f
$Bt1xztPUc6q7sEKol_gzAfl_qts24lsGSR_TcdwgTDE	$vL5Yz3B5LuK3523XAi9kXCV6MChwv_bOVxCvia8FVB4	\N	f
$w7lOH1dKKeKeCs6DlAaGGp3yF_P0vEQ3pNmCTx8FcJ8	$Bt1xztPUc6q7sEKol_gzAfl_qts24lsGSR_TcdwgTDE	\N	f
$cMDyp45ivGK1L_ShGF__AS8GBLW8-INvJUlELx5CbQ0	$cdRz_XhX8_p6tBso0AzQXZq3nCx7Bp6Z2iH-h23-rbc	\N	f
$kUxkPt1sGwhzERqEarPnF5jZR9yMsoza124QtMit3tI	$cMDyp45ivGK1L_ShGF__AS8GBLW8-INvJUlELx5CbQ0	\N	f
$dAaHeBJ3APK3s-d4k6G7DnoO6sQHgToUm-KEqY2ha8o	$GEtkY16drHOxrPM2y1D6QGAXukFCYxUBTFYt6SSVzlo	\N	f
$F3NqPu2Spf8K4XLXu_0jprZ1pzX7OQgH7jxSdNoTiBc	$dAaHeBJ3APK3s-d4k6G7DnoO6sQHgToUm-KEqY2ha8o	\N	f
$O_xBVr6rmpmuc_gHgPUwAd5jjTiDwPFpFPxlZiXO82E	$XVRcXTt62fYwFNjltQCDR4KYxVR2Y5736Y99u4u_Yp8	\N	f
$Je3iwTVjLB5qWW0D9sP9A7ygLW1F-PKdf_M3hkoXdT0	$-W4UZqRjU8NFjYbx9Y5H36lRkKI6-J0E7CW8suzQR9s	\N	f
$6bHlgH99jQtK-ue9-7g5rvZivsofVViJiR_vh1fGkBA	$DR5VmuWusNClKlyAtCuWLyQC__lzA2aHFKFHP9MMUfk	\N	f
$GAY76tMkYhuarSNOWWZqqDw36X1qIacZiQgHquoQtwA	$6bHlgH99jQtK-ue9-7g5rvZivsofVViJiR_vh1fGkBA	\N	f
$Jg_lbElh_Ag9z-VOceAlpgofNZg8W8x8HX4n5Ajmu6Y	$GAY76tMkYhuarSNOWWZqqDw36X1qIacZiQgHquoQtwA	\N	f
$c_oFn9bOCQHYWCw4hjt9zWK3fTqd6CS9ho6797C20x8	$Jg_lbElh_Ag9z-VOceAlpgofNZg8W8x8HX4n5Ajmu6Y	\N	f
$J6BFnxxVtwKMBZMazTB3yX8rosc2skmuxAuI4OinjBM	$c_oFn9bOCQHYWCw4hjt9zWK3fTqd6CS9ho6797C20x8	\N	f
$VDgIn68dzLHo_gZ7neRkP0y_cgeUTlGI_ZGO7A-qJHw	$HUUDVNAe9kYy1-MJRkHq_OmumlsIRsNlMN9OZnLoLm4	\N	f
$oRS_K9WwEjRY1LoGRh6ymmTYBFe4S3jiGLxKdFZq0xo	$i7p_9pGUCmPcRci6QowPd0isnxc650XUL0nkZkXIJqI	\N	f
$FWpqQbXQShRFgQ2vWg29OuQTSkDuwx17c6DhUQAfIb8	$oRS_K9WwEjRY1LoGRh6ymmTYBFe4S3jiGLxKdFZq0xo	\N	f
$Vhe96m7lCNGvQXgtlabnFhr_GUgPVpqYOsLd5pxMxxc	$biZp1kn2ycj-NFYzBIsolRQUhuy_Jcdb1TWFXs-wm_M	\N	f
$EnC2zlKWl4pxmE20WFM5_uuVWd83XP_uOlpod2B1XeQ	$kUxkPt1sGwhzERqEarPnF5jZR9yMsoza124QtMit3tI	\N	f
$XVRcXTt62fYwFNjltQCDR4KYxVR2Y5736Y99u4u_Yp8	$F3NqPu2Spf8K4XLXu_0jprZ1pzX7OQgH7jxSdNoTiBc	\N	f
$yB_pgWY1MngMlhaqo70bZTnADr2mMUjbkEKY3cjnlqk	$7kIusj7_vjnjvM5XRI1_3dU_wgeCRurNbLxWl7Wza64	\N	f
$ZJsRzPjCUHZTNUN_j78KyrW5EVPSKt9Pw_F-tVVvH7k	$LwuV3S_QSzHUfw7pEQBk-n4jquK3n8qlEDA3ZQTkHDI	\N	f
$FyOdtUu1pDq9pkxIHuGA8NRmuYwbc56h3FAanha48Hk	$rA5PRb7MjCz1lqKGVcHLZ_4eIRh_5slNnGazl-q0F4w	\N	f
$MgXIz3NeQBEhrbeF8vsJzjopQxKY0sUcnwnW40fE-1Q	$AI66VCbPMZvt2b3tqwhViAQXHs18twqgZhVW103z2sc	\N	f
$HUUDVNAe9kYy1-MJRkHq_OmumlsIRsNlMN9OZnLoLm4	$MgXIz3NeQBEhrbeF8vsJzjopQxKY0sUcnwnW40fE-1Q	\N	f
$QC7bXFDxGhDk6yv_4ChjXTMkJ0t0dKySNdOD6sK8xWs	$SlMhs1Tixs22BdZ3XXqNy9AnhoIY4iemw--vg-i_Lm0	\N	f
$_O7HCNBcIf7TFakcNOXd_OGa-EktXdY7jXFtq-0AuZ4	$QC7bXFDxGhDk6yv_4ChjXTMkJ0t0dKySNdOD6sK8xWs	\N	f
$M668pvJTHPULzOyaFTfazYWkwGgORFCTi0KoC37EWeM	$_O7HCNBcIf7TFakcNOXd_OGa-EktXdY7jXFtq-0AuZ4	\N	f
$ORKiMUdUMVOsbsyJYKmngYgY7DjjpWm4TvnNHjGoyzo	$M668pvJTHPULzOyaFTfazYWkwGgORFCTi0KoC37EWeM	\N	f
$hgqRK-dYe5eYsbxIs8yg30z62yTih79k6lYT3W-FrO0	$ORKiMUdUMVOsbsyJYKmngYgY7DjjpWm4TvnNHjGoyzo	\N	f
$NPeyvzf9NsetiIPlSR9A6CS672r3JVsnZYO0nXId2bk	$hgqRK-dYe5eYsbxIs8yg30z62yTih79k6lYT3W-FrO0	\N	f
$-_npKAXQzDZatyCE982iFmq7-fA6EcpCzljKEwGGWgg	$NPeyvzf9NsetiIPlSR9A6CS672r3JVsnZYO0nXId2bk	\N	f
$biZp1kn2ycj-NFYzBIsolRQUhuy_Jcdb1TWFXs-wm_M	$FWpqQbXQShRFgQ2vWg29OuQTSkDuwx17c6DhUQAfIb8	\N	f
$Y0bkVaMbWG30DJH750qUtZjIwDm6EWGKt22Jikt7ncc	$Vhe96m7lCNGvQXgtlabnFhr_GUgPVpqYOsLd5pxMxxc	\N	f
$IurhFVNgogJHFAFqnmsFHryn2y9ekYNHC2LacVsFPKQ	$Y0bkVaMbWG30DJH750qUtZjIwDm6EWGKt22Jikt7ncc	\N	f
$EDaLEPba2OiPmGvBWlmz-NOHb5g2kUtwgkGzOiirHIY	$IurhFVNgogJHFAFqnmsFHryn2y9ekYNHC2LacVsFPKQ	\N	f
$scKgIiXOkpnPBXE0aeKk88O6U1i21DNhX9T-JJ7H99s	$EDaLEPba2OiPmGvBWlmz-NOHb5g2kUtwgkGzOiirHIY	\N	f
$ZWtfV6VN7cYag1OsVvbeuTNCtBCvyfsFry92Cbxe5AY	$scKgIiXOkpnPBXE0aeKk88O6U1i21DNhX9T-JJ7H99s	\N	f
$CcGczUOKTX_OEsfQVWp2qPlgJwMCRsa25dLU8fT6UH0	$VDgIn68dzLHo_gZ7neRkP0y_cgeUTlGI_ZGO7A-qJHw	\N	f
$ANFtdD6RWZZ5mn9HSddP3QH_PVONE9tRAXmjVFh3El4	$Je3iwTVjLB5qWW0D9sP9A7ygLW1F-PKdf_M3hkoXdT0	\N	f
$rrY7TdR68vZ9aJnSKLdMXTa0pPj5QE4q-uslBWEy7Nc	$ANFtdD6RWZZ5mn9HSddP3QH_PVONE9tRAXmjVFh3El4	\N	f
$2-gSqaVfhsICgx85avl8nZkJsTqQLi6sjzrFpiIOu7w	$rrY7TdR68vZ9aJnSKLdMXTa0pPj5QE4q-uslBWEy7Nc	\N	f
$E0icxR6fx78u6qj_Nzlpdy6MfUfGz_P1lWXJ8jGdehA	$2-gSqaVfhsICgx85avl8nZkJsTqQLi6sjzrFpiIOu7w	\N	f
$dueDnmosbC-T3fwUZNGUj_233-3HgPx_UvJrliNoDxo	$E0icxR6fx78u6qj_Nzlpdy6MfUfGz_P1lWXJ8jGdehA	\N	f
$tvo-gq4fiu7seQGnAyNYPAWgxS1PoE63QhxmxI93Yi8	$dueDnmosbC-T3fwUZNGUj_233-3HgPx_UvJrliNoDxo	\N	f
$NPMfRdZ1xkWet20xbhM7iL6HIhaPlc-lWpGvqoqEiD0	$tvo-gq4fiu7seQGnAyNYPAWgxS1PoE63QhxmxI93Yi8	\N	f
$yjrbgMqy4HRuetLlj-Az8RsmRFs-WL5FQzQIZuY3efI	$NPMfRdZ1xkWet20xbhM7iL6HIhaPlc-lWpGvqoqEiD0	\N	f
$cI11OnGjm7vGIw5vs-oij_wEGItyOPwW6hFOZiala1Q	$yjrbgMqy4HRuetLlj-Az8RsmRFs-WL5FQzQIZuY3efI	\N	f
$UIptzRMGcHo-OdPEz9kdRsBN7PEYO2a9bhjTwYzL5TU	$cI11OnGjm7vGIw5vs-oij_wEGItyOPwW6hFOZiala1Q	\N	f
$y4Zq-mQV8ITLLsmk81629YkH48k3sCXvXh5FoYbVOGY	$a7zOXKjjr_ueVtYDoa7MhlNoILAsxHrEuNyaJeMg6HQ	\N	f
$nbvYfMEUxfCmnZbQ8NJd2qMAvpJQKSHJCHTOVHisCB8	$UIptzRMGcHo-OdPEz9kdRsBN7PEYO2a9bhjTwYzL5TU	\N	f
$gk3PwrTnshrLNo1GN7MMw6OBgb8vs7zubM6zSFTgXmk	$nbvYfMEUxfCmnZbQ8NJd2qMAvpJQKSHJCHTOVHisCB8	\N	f
$7dates6XgZ8OVBmskdckd7nlzKoFe8r1viO_va2zwsw	$gk3PwrTnshrLNo1GN7MMw6OBgb8vs7zubM6zSFTgXmk	\N	f
$OGdvNKrhZ-EfSfs7rOok6MaY-Pn92zKDcpjAXvKXRgo	$7dates6XgZ8OVBmskdckd7nlzKoFe8r1viO_va2zwsw	\N	f
$Q3BFaR981aCJLw5QDoNLb4cMc50D_Mg-gQxosmSpdNI	$OGdvNKrhZ-EfSfs7rOok6MaY-Pn92zKDcpjAXvKXRgo	\N	f
$N-67EbAcZGI6086gfHbFUS_Tq5N3z4EBQvtuy8lT4T8	$Q3BFaR981aCJLw5QDoNLb4cMc50D_Mg-gQxosmSpdNI	\N	f
$gnOJwv6YRzJ-svVvNLGJ1sX58cMj2N_OPOQMu22ATUM	$N-67EbAcZGI6086gfHbFUS_Tq5N3z4EBQvtuy8lT4T8	\N	f
$gUIhoWrPiyWVUv1x-mtmYtug_e0Ge_xOg9HJT8B8nRY	$gnOJwv6YRzJ-svVvNLGJ1sX58cMj2N_OPOQMu22ATUM	\N	f
$sH87kAVdtg-0qOp6e01ncm6081zbKrTd5UESVkbVKlk	$gUIhoWrPiyWVUv1x-mtmYtug_e0Ge_xOg9HJT8B8nRY	\N	f
$1aCb3mhwbLTesKmLxUBB1VdoNNVdi85-iNo9FHDCGDA	$sH87kAVdtg-0qOp6e01ncm6081zbKrTd5UESVkbVKlk	\N	f
$hk2qqJ34X4qWuX7eZb4q6W6b5kNrxuBrwH3SisbvDBQ	$1aCb3mhwbLTesKmLxUBB1VdoNNVdi85-iNo9FHDCGDA	\N	f
$yYy1a36oDtzrMDiTwh7uc7Bx82F1eFeXdlJabc2T8dE	$hk2qqJ34X4qWuX7eZb4q6W6b5kNrxuBrwH3SisbvDBQ	\N	f
$Nw5Wuu0OoUpf0cHK-TKfm2IURzfvyK0cpHbWzIVglAI	$yYy1a36oDtzrMDiTwh7uc7Bx82F1eFeXdlJabc2T8dE	\N	f
$9NlNwKmZDjoqogDVy2hZdDSxrN1Ym0PpxzQkDT8d8ec	$Nw5Wuu0OoUpf0cHK-TKfm2IURzfvyK0cpHbWzIVglAI	\N	f
$FZY2YQfeg4cYxqoshkRnnBUid1d9KREJ3X0Wv9Smdsw	$9NlNwKmZDjoqogDVy2hZdDSxrN1Ym0PpxzQkDT8d8ec	\N	f
$YcGhCF84tKbnPaz9krrZnukDNeATkB6J7bb8wLPCWfY	$y4Zq-mQV8ITLLsmk81629YkH48k3sCXvXh5FoYbVOGY	\N	f
$rN52jjTQyCeH49OS7jRIGlRM4F2NQBFEB0C0lEaUb3c	$YcGhCF84tKbnPaz9krrZnukDNeATkB6J7bb8wLPCWfY	\N	f
$jtHjsfRhxitvwMV8TSM3JIyCvz76sKCXvcoHIjY5Biw	$rN52jjTQyCeH49OS7jRIGlRM4F2NQBFEB0C0lEaUb3c	\N	f
$XskQ0UvJR_qsbOkdYKA3xVWeAA04SaIC-09Je7FO19o	$jtHjsfRhxitvwMV8TSM3JIyCvz76sKCXvcoHIjY5Biw	\N	f
$UMNKGVS1qBZupa86BKhjq27beYhYVjRC5huKAZaNeiE	$XskQ0UvJR_qsbOkdYKA3xVWeAA04SaIC-09Je7FO19o	\N	f
$3M9Rh6NNQIvmu5O8hk4-efo2zau0BS4bP3lP_3SmCXY	$UMNKGVS1qBZupa86BKhjq27beYhYVjRC5huKAZaNeiE	\N	f
$HLQUAxqFJuCJ_kIl5bp_zpUmFEDPQuiLYU_A9VOPRcw	$3M9Rh6NNQIvmu5O8hk4-efo2zau0BS4bP3lP_3SmCXY	\N	f
$SmN77flnQr15OQrbedna9Y4S9VTlBui7MoJtlRZZyvs	$HLQUAxqFJuCJ_kIl5bp_zpUmFEDPQuiLYU_A9VOPRcw	\N	f
$E3YxLtlKW-VCWr_s1TimfgRJbwpp-TO5B9i7By9o7vI	$FZY2YQfeg4cYxqoshkRnnBUid1d9KREJ3X0Wv9Smdsw	\N	f
$NaLQE3UGkmLRlNIjT28M4dfpaSuC-qBNE64EdnlMj98	$E3YxLtlKW-VCWr_s1TimfgRJbwpp-TO5B9i7By9o7vI	\N	f
$WS3p_ef116wO_3hAZwFWmgGZdeox1f-nJZbVEtn_hd8	$NaLQE3UGkmLRlNIjT28M4dfpaSuC-qBNE64EdnlMj98	\N	f
$qloo_Uai9std99VdsNyxGQIM_zu8qGtBrprCgdp0PAY	$SmN77flnQr15OQrbedna9Y4S9VTlBui7MoJtlRZZyvs	\N	f
$IQFxW2AclXyjBa4DyFGxJw7vGiSY-6crlHx35kVV0Yg	$qloo_Uai9std99VdsNyxGQIM_zu8qGtBrprCgdp0PAY	\N	f
$eywY0l5kWTEBz26-Hh06J6ga7FkE4g5_haF5bjF0vyc	$IQFxW2AclXyjBa4DyFGxJw7vGiSY-6crlHx35kVV0Yg	\N	f
$TgYiQwU7HI440WE1IRkSFM2oCf9soNp8N2n6mGfFoxc	$eywY0l5kWTEBz26-Hh06J6ga7FkE4g5_haF5bjF0vyc	\N	f
$UUX6nQgpqX9ZxPHKKk9TcREeMdyXgPbjlLKPBusGp7k	$TgYiQwU7HI440WE1IRkSFM2oCf9soNp8N2n6mGfFoxc	\N	f
$KNXtG5NPeJbc6Udn7TLr_7niQICqXf2UYPVCug1SRQ0	$UUX6nQgpqX9ZxPHKKk9TcREeMdyXgPbjlLKPBusGp7k	\N	f
$RScLBOnv-rQ5Qfl4VMpgepVrZ9jKgZ2bNwKGx6SWAXs	$KNXtG5NPeJbc6Udn7TLr_7niQICqXf2UYPVCug1SRQ0	\N	f
$17sdx6T-nBaF6BZozfbYq5OYq1vk1-7hAFKSQn8PQEI	$WS3p_ef116wO_3hAZwFWmgGZdeox1f-nJZbVEtn_hd8	\N	f
$eVodFlz-qcHRs2HA7v5TyRtQ-xxsPPfOP98xijAxX-4	$17sdx6T-nBaF6BZozfbYq5OYq1vk1-7hAFKSQn8PQEI	\N	f
$Mtw7jI8ectw5DF0ks0bCL_3QfpD6-XksFma3q3nV8mE	$HAnBRjR5dMWM48mEkzHxKNUIGwieMrjJYKVxf-jld6w	\N	f
$ttYMJgKpyS0mp56EbIsjPNgKM0gcBpoWTMo5sejfX2g	$ul8BTE-1Nc3CLcB503BKbUS1VW1vpy0XLCxSja1Rvto	\N	f
$E6HWpvoyu74jsOxXc_KLC9oG6Sg8rEwIQXoX-Hf5mxg	$ttYMJgKpyS0mp56EbIsjPNgKM0gcBpoWTMo5sejfX2g	\N	f
$ugRvFN42G03CJ_rhXrfPqKHK81OC25L9BNWRbQSt_mg	$eVodFlz-qcHRs2HA7v5TyRtQ-xxsPPfOP98xijAxX-4	\N	f
$0vEu8AcFRX2gjRW4L-sa1MbVV2gxpjt4gG3XSnbj-50	$RScLBOnv-rQ5Qfl4VMpgepVrZ9jKgZ2bNwKGx6SWAXs	\N	f
$K8CVgzJac1qkVh9PHbaS-uKkANN90QwbzBPOVVHimSA	$4pQu8JKobBFh8PHCnw6hT0zc36PkLKiyg-1m9_yoNpc	\N	f
$4pQu8JKobBFh8PHCnw6hT0zc36PkLKiyg-1m9_yoNpc	$0vEu8AcFRX2gjRW4L-sa1MbVV2gxpjt4gG3XSnbj-50	\N	f
$UVzWEAffRbpgq0ADvBSCvafZo4zQdZSwKDVw_VAcUos	$LqTgr4WhVFqPLToPBp6g5JzmDeejTollvhGZw6693yw	\N	f
$LqTgr4WhVFqPLToPBp6g5JzmDeejTollvhGZw6693yw	$K8CVgzJac1qkVh9PHbaS-uKkANN90QwbzBPOVVHimSA	\N	f
$HAnBRjR5dMWM48mEkzHxKNUIGwieMrjJYKVxf-jld6w	$UVzWEAffRbpgq0ADvBSCvafZo4zQdZSwKDVw_VAcUos	\N	f
$tiExyp2ktofh9R_Wk7_3AEFm82VMfJABZLDh8vMLhjk	$ugRvFN42G03CJ_rhXrfPqKHK81OC25L9BNWRbQSt_mg	\N	f
$07syF-ENeRr3l3lFZcCEm3nTRPfHWEbn4NMb1J1iJFA	$9TBKaZfQChwRJu7jdlL59C1UWk_tvoeFbqOaqupv_k4	\N	f
$WK3NVZIhsdUMb-agpfePDX4roP42B-TO_-eUSah_GKA	$07syF-ENeRr3l3lFZcCEm3nTRPfHWEbn4NMb1J1iJFA	\N	f
$ul8BTE-1Nc3CLcB503BKbUS1VW1vpy0XLCxSja1Rvto	$tiExyp2ktofh9R_Wk7_3AEFm82VMfJABZLDh8vMLhjk	\N	f
$kO4xSu80VL_oqUaKrfuWX9B80NtdhvfDonn_ZFnO-jM	$UoM_MmftgNhl-hvF8RlKsZIRKT_iG82cBMd_uojs5M0	\N	f
$9TBKaZfQChwRJu7jdlL59C1UWk_tvoeFbqOaqupv_k4	$Mtw7jI8ectw5DF0ks0bCL_3QfpD6-XksFma3q3nV8mE	\N	f
$UoM_MmftgNhl-hvF8RlKsZIRKT_iG82cBMd_uojs5M0	$E6HWpvoyu74jsOxXc_KLC9oG6Sg8rEwIQXoX-Hf5mxg	\N	f
$8NGP843DjUo_HOYMA7v0yH7eKafZFt6613FwXLrqGho	$WK3NVZIhsdUMb-agpfePDX4roP42B-TO_-eUSah_GKA	\N	f
$qbY2LOEAVAemI51LPAjDllWtEIM_FyAln3eBHz3ntr4	$8NGP843DjUo_HOYMA7v0yH7eKafZFt6613FwXLrqGho	\N	f
$yjRzNi0Lf7YmTrvl8PJ27dIagbzxpdQAxu1a2qnpVRE	$qbY2LOEAVAemI51LPAjDllWtEIM_FyAln3eBHz3ntr4	\N	f
$pWCKYU5wjXosAj-f4nMebqvLjfePvbeiPtYlOuoteRs	$yjRzNi0Lf7YmTrvl8PJ27dIagbzxpdQAxu1a2qnpVRE	\N	f
$OHbQDOKirY2HtHqvTX-hws4Xu-DzdC13hfbrGtYAgXw	$pWCKYU5wjXosAj-f4nMebqvLjfePvbeiPtYlOuoteRs	\N	f
$37mr-j9ODzNjk_XaJ1av3S0LpmfAkQWiCCBrOZx1LjA	$OHbQDOKirY2HtHqvTX-hws4Xu-DzdC13hfbrGtYAgXw	\N	f
$wQnou8r6NCWwzNJfjat0e1R6VzxjW9q35Rww3oI8pqo	$37mr-j9ODzNjk_XaJ1av3S0LpmfAkQWiCCBrOZx1LjA	\N	f
$oWART5TE3bFd7omOgO63F-io8ZB1H3hKjq1thGjFEwM	$wQnou8r6NCWwzNJfjat0e1R6VzxjW9q35Rww3oI8pqo	\N	f
$e8srpJcKwv7bubgAQF9exPSNzf1vFXTDHPe3jfY5Aek	$oWART5TE3bFd7omOgO63F-io8ZB1H3hKjq1thGjFEwM	\N	f
$yAZlyrgetJNCY8nW6Qlt3gZ-sraBcR9VKSu1UhD0bvo	$e8srpJcKwv7bubgAQF9exPSNzf1vFXTDHPe3jfY5Aek	\N	f
$wNkgTMblKbEiPZ2uultuC8xuzaaO_dwV9Q8unY79IxA	$kO4xSu80VL_oqUaKrfuWX9B80NtdhvfDonn_ZFnO-jM	\N	f
$YVXyaByz7fhy150xdruNE879BtW5klj_WDKoS4XsGnY	$wNkgTMblKbEiPZ2uultuC8xuzaaO_dwV9Q8unY79IxA	\N	f
$kSqtOez012ZpmELHtRmRLAcZ6eDqPtMtZFwVzIjXOJQ	$YVXyaByz7fhy150xdruNE879BtW5klj_WDKoS4XsGnY	\N	f
$3pr6w-dY4LFA1bq0gZJI9yrK3dxo4o6SKQ-LcJnPBz4	$kSqtOez012ZpmELHtRmRLAcZ6eDqPtMtZFwVzIjXOJQ	\N	f
$AbRCYXMFmAubdqYq-s4VEZvnYEk9YieIxBpZIfPngoE	$3pr6w-dY4LFA1bq0gZJI9yrK3dxo4o6SKQ-LcJnPBz4	\N	f
$xzWO5ZmteWX1dLWjKshaJF_959fM5XPV_j63exi7Rg4	$AbRCYXMFmAubdqYq-s4VEZvnYEk9YieIxBpZIfPngoE	\N	f
$vLDNkGntU6Y1RdLCW57mxo33y2ZtPcq-KuirRs_ApqY	$xzWO5ZmteWX1dLWjKshaJF_959fM5XPV_j63exi7Rg4	\N	f
$dgPQn7GA_1KgjySM5CP1IL_4OuwK1IJtNUBu0_jp6zM	$vLDNkGntU6Y1RdLCW57mxo33y2ZtPcq-KuirRs_ApqY	\N	f
$QNn9T_HFWnhOe7BXWvbFMq9DBHxXuKjmzymaM-vIiC4	$dgPQn7GA_1KgjySM5CP1IL_4OuwK1IJtNUBu0_jp6zM	\N	f
$umtVW0TIOZdMzYcqYXh59oCW3-xahvo0QC6nHCFJdaU	$QNn9T_HFWnhOe7BXWvbFMq9DBHxXuKjmzymaM-vIiC4	\N	f
$Jk6uXXHtYUyycNgfTD6YDfc1VLTRVMYI9-NWPZi_j1E	$umtVW0TIOZdMzYcqYXh59oCW3-xahvo0QC6nHCFJdaU	\N	f
$2HJKtb5qLapQNnGC7PlC2pKGMyM6OP0yvE8t6tNFXFU	$Jk6uXXHtYUyycNgfTD6YDfc1VLTRVMYI9-NWPZi_j1E	\N	f
$f-cHtS029jrBTsUD6jwaGZsRf9sa7w0m8jeo8fCcib0	$2HJKtb5qLapQNnGC7PlC2pKGMyM6OP0yvE8t6tNFXFU	\N	f
$7rWHCcfCCs49gXzf9aXyT9Btiu-gLyqrBEstoRvUtXk	$f-cHtS029jrBTsUD6jwaGZsRf9sa7w0m8jeo8fCcib0	\N	f
$h3_C07WVa1Kq-qJ6qyYbJ0LdG9gKQAxFu7lEK-p3_tc	$7rWHCcfCCs49gXzf9aXyT9Btiu-gLyqrBEstoRvUtXk	\N	f
\.


--
-- Data for Name: event_expiry; Type: TABLE DATA; Schema: public; Owner: synapse
--

COPY public.event_expiry (event_id, expiry_ts) FROM stdin;
\.


--
-- Data for Name: event_failed_pull_attempts; Type: TABLE DATA; Schema: public; Owner: synapse
--

COPY public.event_failed_pull_attempts (room_id, event_id, num_attempts, last_attempt_ts, last_cause) FROM stdin;
\.


--
-- Data for Name: event_forward_extremities; Type: TABLE DATA; Schema: public; Owner: synapse
--

COPY public.event_forward_extremities (event_id, room_id) FROM stdin;
$ZeOHUFxCYyrcXwwm5xcXycqdVTRt5tdY0zbyZ-uR_fQ	!mjuhEfzSkeOAWJqsoF:localhost
$mmPSR9VqhO1noWGYGbl2whlFTsU1V3PHK_ncCUGnqTc	!AHOiTmgdxQzlhIOUsy:localhost
$Q6YXU96RlR1dPKmp4iI3R_d2KiWzKnZbMMURN8OqDVE	!wGvWnTVpsbEMByNykc:localhost
$0LNMKjea0zgdHTDMe3B3fmAnzNxu72ULA7HsNOs1pHw	!vDRByArErEHuGOOJxE:localhost
$LwCMrUFKLRRfUwxX_bj8hMYLg15fXGwOuu2QDPdjcHY	!CZMvztYPoMDXZghGjm:localhost
$SfEuZPwDHWx4dsnQKRsLDI7Qwgt-Q84vGhE1THOba3s	!KBqzwXdLtXZopjBikg:localhost
$ZWtfV6VN7cYag1OsVvbeuTNCtBCvyfsFry92Cbxe5AY	!mOsaATLFknhUVKMKbF:localhost
$CcGczUOKTX_OEsfQVWp2qPlgJwMCRsa25dLU8fT6UH0	!cZnmZQFBeDsHEQbFQs:localhost
$yAZlyrgetJNCY8nW6Qlt3gZ-sraBcR9VKSu1UhD0bvo	!pYSbiOyjMFsKNxSMyi:localhost
$h3_C07WVa1Kq-qJ6qyYbJ0LdG9gKQAxFu7lEK-p3_tc	!FzTtpSkXWMPYBKHUQN:localhost
\.


--
-- Data for Name: event_json; Type: TABLE DATA; Schema: public; Owner: synapse
--

COPY public.event_json (event_id, room_id, internal_metadata, json, format_version) FROM stdin;
$c4I4FYRPIltfSw8Wf6w1NWiI0mLCN0eVcYuMsCyqiS4	!FzTtpSkXWMPYBKHUQN:localhost	{"token_id":3,"historical":false}	{"auth_events":[],"prev_events":[],"type":"m.room.create","room_id":"!FzTtpSkXWMPYBKHUQN:localhost","sender":"@admin:localhost","content":{"room_version":"9","creator":"@admin:localhost"},"depth":1,"state_key":"","origin":"localhost","origin_server_ts":1675956617863,"hashes":{"sha256":"yz2MP47GF8FUtoDAWwWXt1HWtoX8RjBPSaHDT+AdWoU"},"signatures":{"localhost":{"ed25519:a_vyji":"PDKxbRA1ODaOOHOgKQwHBd4CYqbXZP0SG8f4PDvX1VNDO9n7vySFNu+U8BuwpyI8VXvH84dZV52fY5EGcO2MAQ"}},"unsigned":{"age_ts":1675956617863}}	3
$IU1ZxuT0Nte99MGUdW5IhEVc_pVMkrUEqjP5xs27dVs	!FzTtpSkXWMPYBKHUQN:localhost	{"token_id":3,"historical":false}	{"auth_events":["$c4I4FYRPIltfSw8Wf6w1NWiI0mLCN0eVcYuMsCyqiS4"],"prev_events":["$c4I4FYRPIltfSw8Wf6w1NWiI0mLCN0eVcYuMsCyqiS4"],"type":"m.room.member","room_id":"!FzTtpSkXWMPYBKHUQN:localhost","sender":"@admin:localhost","content":{"membership":"join","displayname":"admin"},"depth":2,"state_key":"@admin:localhost","origin":"localhost","origin_server_ts":1675956618047,"hashes":{"sha256":"TWMVDQYSOKc9im9mdjJig1bKV6Ml+2Uc4anZHvKjlVo"},"signatures":{"localhost":{"ed25519:a_vyji":"lInbxw4ubPMRAWDt/SQaon3LnCva8JhKhxpU20WKseoYvZ43wnRQm2+46xl6o13NzTOd6LfNG6GPR/Ueu2URAQ"}},"unsigned":{"age_ts":1675956618047}}	3
$1kn0z5XFW6tgZeQlEjEweLSJX_vv-w54n3uMagFyz9o	!FzTtpSkXWMPYBKHUQN:localhost	{"token_id":3,"historical":false}	{"auth_events":["$c4I4FYRPIltfSw8Wf6w1NWiI0mLCN0eVcYuMsCyqiS4","$IU1ZxuT0Nte99MGUdW5IhEVc_pVMkrUEqjP5xs27dVs"],"prev_events":["$IU1ZxuT0Nte99MGUdW5IhEVc_pVMkrUEqjP5xs27dVs"],"type":"m.room.power_levels","room_id":"!FzTtpSkXWMPYBKHUQN:localhost","sender":"@admin:localhost","content":{"users":{"@admin:localhost":100},"users_default":0,"events":{"m.room.name":50,"m.room.power_levels":100,"m.room.history_visibility":100,"m.room.canonical_alias":50,"m.room.avatar":50,"m.room.tombstone":100,"m.room.server_acl":100,"m.room.encryption":100},"events_default":0,"state_default":50,"ban":50,"kick":50,"redact":50,"invite":50,"historical":100},"depth":3,"state_key":"","origin":"localhost","origin_server_ts":1675956618184,"hashes":{"sha256":"lF7+QAeac78SfETACkrl9/FcVUbKjeL40wcYJJkDQ7U"},"signatures":{"localhost":{"ed25519:a_vyji":"j6a5VoengEn+FzW/Gwkf2hMM1iaYitnov9uV+8Ek9puu82IttpsRkm8Ae5jAlVDYrzmrwiax2ctTTsodCZGfCw"}},"unsigned":{"age_ts":1675956618184}}	3
$CgLbWRULI45y2D98z5CUQGfnpkIanhBTri6Qgk2FtZI	!FzTtpSkXWMPYBKHUQN:localhost	{"token_id":3,"historical":false}	{"auth_events":["$c4I4FYRPIltfSw8Wf6w1NWiI0mLCN0eVcYuMsCyqiS4","$1kn0z5XFW6tgZeQlEjEweLSJX_vv-w54n3uMagFyz9o","$IU1ZxuT0Nte99MGUdW5IhEVc_pVMkrUEqjP5xs27dVs"],"prev_events":["$1kn0z5XFW6tgZeQlEjEweLSJX_vv-w54n3uMagFyz9o"],"type":"m.room.canonical_alias","room_id":"!FzTtpSkXWMPYBKHUQN:localhost","sender":"@admin:localhost","content":{"alias":"#town-square:localhost"},"depth":4,"state_key":"","origin":"localhost","origin_server_ts":1675956618243,"hashes":{"sha256":"DhNX7+KvHeoC6NST56kNEAB2xI2cqmSN37ojsCA/iY0"},"signatures":{"localhost":{"ed25519:a_vyji":"nk/PzKAJG76cDzZ46PJl678Jktxh9XJpoNxibLxr5ffvk3+60U1nWpvh9I8RljIc79QA+Fo3bqg/5YF5wDqODA"}},"unsigned":{"age_ts":1675956618243}}	3
$MjPoUIyI-4SLUb_2CX0SN6Cq4siLSpO81XmSX0Tt1Ag	!FzTtpSkXWMPYBKHUQN:localhost	{"token_id":3,"historical":false}	{"auth_events":["$c4I4FYRPIltfSw8Wf6w1NWiI0mLCN0eVcYuMsCyqiS4","$1kn0z5XFW6tgZeQlEjEweLSJX_vv-w54n3uMagFyz9o","$IU1ZxuT0Nte99MGUdW5IhEVc_pVMkrUEqjP5xs27dVs"],"prev_events":["$CgLbWRULI45y2D98z5CUQGfnpkIanhBTri6Qgk2FtZI"],"type":"m.room.join_rules","room_id":"!FzTtpSkXWMPYBKHUQN:localhost","sender":"@admin:localhost","content":{"join_rule":"public"},"depth":5,"state_key":"","origin":"localhost","origin_server_ts":1675956618273,"hashes":{"sha256":"o6hHm1Xq5Rrok7ob60bhruFDKqeBSjHOjXX9YcGduSA"},"signatures":{"localhost":{"ed25519:a_vyji":"C0kW+WXsW9ZPMcrGTrpT4S025XZT/+JoNrY9N84yGZ0MN/XTrt5i7Ti7w4sqbQa7uTA3f+3pCdQIJ8LxjiWfAw"}},"unsigned":{"age_ts":1675956618273}}	3
$eaTE2oVse5UGe2gxU6bH4McqUJFwuNN8UMpxUnfeCzc	!FzTtpSkXWMPYBKHUQN:localhost	{"token_id":3,"historical":false}	{"auth_events":["$c4I4FYRPIltfSw8Wf6w1NWiI0mLCN0eVcYuMsCyqiS4","$1kn0z5XFW6tgZeQlEjEweLSJX_vv-w54n3uMagFyz9o","$IU1ZxuT0Nte99MGUdW5IhEVc_pVMkrUEqjP5xs27dVs"],"prev_events":["$MjPoUIyI-4SLUb_2CX0SN6Cq4siLSpO81XmSX0Tt1Ag"],"type":"m.room.history_visibility","room_id":"!FzTtpSkXWMPYBKHUQN:localhost","sender":"@admin:localhost","content":{"history_visibility":"shared"},"depth":6,"state_key":"","origin":"localhost","origin_server_ts":1675956618289,"hashes":{"sha256":"8XDpCy3SatAoPi3ZcvsCCYHIMmay9ns/Tp+YGzbVJmo"},"signatures":{"localhost":{"ed25519:a_vyji":"kKl7xaUm1hEaDbyo6UKfrfw2Hmn3VWUx2TOgT9n6TnSAxmasLu1i0Q9Y9H4zpZNvCcTd+dT/G+4uULJFo+w8Dg"}},"unsigned":{"age_ts":1675956618289}}	3
$Z8l2x75Ktp4i5ZFSxqQHoicfewpQOJ2yKoIXvdXGGL4	!FzTtpSkXWMPYBKHUQN:localhost	{"token_id":3,"historical":false}	{"auth_events":["$c4I4FYRPIltfSw8Wf6w1NWiI0mLCN0eVcYuMsCyqiS4","$1kn0z5XFW6tgZeQlEjEweLSJX_vv-w54n3uMagFyz9o","$IU1ZxuT0Nte99MGUdW5IhEVc_pVMkrUEqjP5xs27dVs"],"prev_events":["$eaTE2oVse5UGe2gxU6bH4McqUJFwuNN8UMpxUnfeCzc"],"type":"m.room.name","room_id":"!FzTtpSkXWMPYBKHUQN:localhost","sender":"@admin:localhost","content":{"name":"#Town Square"},"depth":7,"state_key":"","origin":"localhost","origin_server_ts":1675956618677,"hashes":{"sha256":"C5VXMRbgSxXozzoq8fTF9NeZ0mO28U+boMrceaxNpJM"},"signatures":{"localhost":{"ed25519:a_vyji":"xCAag8CyUfKcpb+NgQXWMByKw46tsqQwXFRLw7YCdpJMF+8T1FPj2s0YeXAz8laqBEkIKf9J6ELRK2MeIZVDDQ"}},"unsigned":{"age_ts":1675956618677}}	3
$gyvaweguHrwLjB1B_41QMnzSUMHQGbQmTALeOOMmWfU	!pYSbiOyjMFsKNxSMyi:localhost	{"token_id":3,"historical":false}	{"auth_events":[],"prev_events":[],"type":"m.room.create","room_id":"!pYSbiOyjMFsKNxSMyi:localhost","sender":"@admin:localhost","content":{"room_version":"9","creator":"@admin:localhost"},"depth":1,"state_key":"","origin":"localhost","origin_server_ts":1675956696635,"hashes":{"sha256":"70z+YhWQwpIZmuxlbj8thf1M9tqINZl9s/sfwRZj1j4"},"signatures":{"localhost":{"ed25519:a_vyji":"WyfotNKC900h7u9rFYMclr8DzhLtb/s0DSO2QO1nU369KSQ9DnbxuItue8ghAresfjakeU5h9ChXhRuijfyYCA"}},"unsigned":{"age_ts":1675956696635}}	3
$hZ3X11MNOocXcrcCNowWncNXGOcKtKz2Yuy15DpSX9Y	!pYSbiOyjMFsKNxSMyi:localhost	{"token_id":3,"historical":false}	{"auth_events":["$gyvaweguHrwLjB1B_41QMnzSUMHQGbQmTALeOOMmWfU"],"prev_events":["$gyvaweguHrwLjB1B_41QMnzSUMHQGbQmTALeOOMmWfU"],"type":"m.room.member","room_id":"!pYSbiOyjMFsKNxSMyi:localhost","sender":"@admin:localhost","content":{"membership":"join","displayname":"admin"},"depth":2,"state_key":"@admin:localhost","origin":"localhost","origin_server_ts":1675956696749,"hashes":{"sha256":"cssq6r3mRv4Oump60rBJngbYOVg+qb55n3o8X0wAseo"},"signatures":{"localhost":{"ed25519:a_vyji":"4qYdEmrPIokJ265vTJOS6Be+BuXSWm/W01aUA+kDC23dB+P7VlKId0awSVGRNsWsLooMo4EDgEyOedXemyR9Bg"}},"unsigned":{"age_ts":1675956696749}}	3
$FSGyxWobRbm3XPzA_RJTfx_wFyj7eioybzttjovTej0	!FzTtpSkXWMPYBKHUQN:localhost	{"token_id":4,"historical":false}	{"auth_events":["$c4I4FYRPIltfSw8Wf6w1NWiI0mLCN0eVcYuMsCyqiS4","$1kn0z5XFW6tgZeQlEjEweLSJX_vv-w54n3uMagFyz9o","$MjPoUIyI-4SLUb_2CX0SN6Cq4siLSpO81XmSX0Tt1Ag"],"prev_events":["$Z8l2x75Ktp4i5ZFSxqQHoicfewpQOJ2yKoIXvdXGGL4"],"type":"m.room.member","room_id":"!FzTtpSkXWMPYBKHUQN:localhost","sender":"@user1.matrix:localhost","content":{"membership":"join","displayname":"user1.matrix"},"depth":8,"state_key":"@user1.matrix:localhost","origin":"localhost","origin_server_ts":1675956838410,"hashes":{"sha256":"oN0btzmZxN0Q2cF8gydfbNSTK44KW+chi5sQekBd5zg"},"signatures":{"localhost":{"ed25519:a_vyji":"YLyXqFPSxmsG9l3Z0SOESrD6aT0vLx4tpb10WWy/dP6IXg5o2+8U4H5i4yKvDvLHEmfdg3G9p2GCrhCrO2ZrCA"}},"unsigned":{"age_ts":1675956838410}}	3
$EgLH6XFurmJirUH4D5Zkm8y1WyPdrFX2SSko4S0-7hQ	!pYSbiOyjMFsKNxSMyi:localhost	{"token_id":3,"historical":false}	{"auth_events":["$gyvaweguHrwLjB1B_41QMnzSUMHQGbQmTALeOOMmWfU","$hZ3X11MNOocXcrcCNowWncNXGOcKtKz2Yuy15DpSX9Y"],"prev_events":["$hZ3X11MNOocXcrcCNowWncNXGOcKtKz2Yuy15DpSX9Y"],"type":"m.room.power_levels","room_id":"!pYSbiOyjMFsKNxSMyi:localhost","sender":"@admin:localhost","content":{"users":{"@admin:localhost":100},"users_default":0,"events":{"m.room.name":50,"m.room.power_levels":100,"m.room.history_visibility":100,"m.room.canonical_alias":50,"m.room.avatar":50,"m.room.tombstone":100,"m.room.server_acl":100,"m.room.encryption":100},"events_default":0,"state_default":50,"ban":50,"kick":50,"redact":50,"invite":50,"historical":100},"depth":3,"state_key":"","origin":"localhost","origin_server_ts":1675956696839,"hashes":{"sha256":"vzEiYP0Jn/6cSaJ4P1UXWHZD9S2d49p9OowtF8ZVMwE"},"signatures":{"localhost":{"ed25519:a_vyji":"e/OMtbdlBIUh6a+NUYHU6yx3qHZH1DNBM7uPuAPaDW1ianFWcgHgj/3/fBr+7s9gETC9OMTwOYPvSV0TQheoDg"}},"unsigned":{"age_ts":1675956696839}}	3
$6A1pwZ_SweaaUsjoN5q44E3waqx9e_BX_Vch4BXsSMc	!pYSbiOyjMFsKNxSMyi:localhost	{"token_id":3,"historical":false}	{"auth_events":["$gyvaweguHrwLjB1B_41QMnzSUMHQGbQmTALeOOMmWfU","$EgLH6XFurmJirUH4D5Zkm8y1WyPdrFX2SSko4S0-7hQ","$hZ3X11MNOocXcrcCNowWncNXGOcKtKz2Yuy15DpSX9Y"],"prev_events":["$EgLH6XFurmJirUH4D5Zkm8y1WyPdrFX2SSko4S0-7hQ"],"type":"m.room.canonical_alias","room_id":"!pYSbiOyjMFsKNxSMyi:localhost","sender":"@admin:localhost","content":{"alias":"#off-topic:localhost"},"depth":4,"state_key":"","origin":"localhost","origin_server_ts":1675956696896,"hashes":{"sha256":"Kc3R2Hzs4MMK4J49s2VCrqkoV6y2rnLsdENqhl4HeNg"},"signatures":{"localhost":{"ed25519:a_vyji":"BQZ8dx19lZTa0+5EkSvRLuC527OsOboB60Y4rdYzHcouYTZK2i1iMBc6fe46hBfjF0VmhrueZ+0LnWVuumjlCQ"}},"unsigned":{"age_ts":1675956696896}}	3
$tkoiHC3Vf1zAnFhhvTe60NQ7m3nRNvT1ILxtf8O8Tdc	!pYSbiOyjMFsKNxSMyi:localhost	{"token_id":3,"historical":false}	{"auth_events":["$gyvaweguHrwLjB1B_41QMnzSUMHQGbQmTALeOOMmWfU","$EgLH6XFurmJirUH4D5Zkm8y1WyPdrFX2SSko4S0-7hQ","$hZ3X11MNOocXcrcCNowWncNXGOcKtKz2Yuy15DpSX9Y"],"prev_events":["$6A1pwZ_SweaaUsjoN5q44E3waqx9e_BX_Vch4BXsSMc"],"type":"m.room.join_rules","room_id":"!pYSbiOyjMFsKNxSMyi:localhost","sender":"@admin:localhost","content":{"join_rule":"public"},"depth":5,"state_key":"","origin":"localhost","origin_server_ts":1675956696912,"hashes":{"sha256":"ULEmWO9RSRGvwDcQRcz5FFgzNRlaXRIOVH38ffJnpPg"},"signatures":{"localhost":{"ed25519:a_vyji":"fXq7zGek86vdPuHvYLwTwNnnGQitt460QeKyAHHojEGCu0X+ToYUaUuvS7rFyBtw8t9athgX9ti3BdEUR+kiDQ"}},"unsigned":{"age_ts":1675956696912}}	3
$W2bBymarQF5AVOanxoytGxta4UVf4fhh6doJw6GmsQ0	!pYSbiOyjMFsKNxSMyi:localhost	{"token_id":3,"historical":false}	{"auth_events":["$gyvaweguHrwLjB1B_41QMnzSUMHQGbQmTALeOOMmWfU","$EgLH6XFurmJirUH4D5Zkm8y1WyPdrFX2SSko4S0-7hQ","$hZ3X11MNOocXcrcCNowWncNXGOcKtKz2Yuy15DpSX9Y"],"prev_events":["$tkoiHC3Vf1zAnFhhvTe60NQ7m3nRNvT1ILxtf8O8Tdc"],"type":"m.room.history_visibility","room_id":"!pYSbiOyjMFsKNxSMyi:localhost","sender":"@admin:localhost","content":{"history_visibility":"shared"},"depth":6,"state_key":"","origin":"localhost","origin_server_ts":1675956696928,"hashes":{"sha256":"atkbvrYOjDyOHz2+f9ATDNTrKC7C27DnNF+141Els7U"},"signatures":{"localhost":{"ed25519:a_vyji":"WIbDw4eo46UUvLGy8GmxID1lHqoxDxnMl6Awb/yAw7c4aQDNQNrtCIQ1A+/hvON1VrukdloEOQYs8fv/V9IECw"}},"unsigned":{"age_ts":1675956696928}}	3
$YSS-8MMEgCETq_EouYM-mm0KiVKGloqtULWeqmdQKZg	!pYSbiOyjMFsKNxSMyi:localhost	{"token_id":3,"historical":false}	{"auth_events":["$gyvaweguHrwLjB1B_41QMnzSUMHQGbQmTALeOOMmWfU","$EgLH6XFurmJirUH4D5Zkm8y1WyPdrFX2SSko4S0-7hQ","$hZ3X11MNOocXcrcCNowWncNXGOcKtKz2Yuy15DpSX9Y"],"prev_events":["$W2bBymarQF5AVOanxoytGxta4UVf4fhh6doJw6GmsQ0"],"type":"m.room.name","room_id":"!pYSbiOyjMFsKNxSMyi:localhost","sender":"@admin:localhost","content":{"name":"#Off-Topic"},"depth":7,"state_key":"","origin":"localhost","origin_server_ts":1675956697215,"hashes":{"sha256":"fnhccx3kkOG2C7iSKS9R7Cf070Vrk4otQsqYzqU/Uww"},"signatures":{"localhost":{"ed25519:a_vyji":"XsOQA6yBFtoA2qiB5mHAN1z8WyG6I4uhtBv56+b52nXg4/OXqg0ZTEu5DG7BwpBHf2cxBkAJwfNtXbcKDRGEDg"}},"unsigned":{"age_ts":1675956697215}}	3
$0RmvI0B1zTbePI4eCXXUO_9tJQY2XcOy4Kt4FqYQ-Yk	!pYSbiOyjMFsKNxSMyi:localhost	{"token_id":4,"historical":false}	{"auth_events":["$gyvaweguHrwLjB1B_41QMnzSUMHQGbQmTALeOOMmWfU","$EgLH6XFurmJirUH4D5Zkm8y1WyPdrFX2SSko4S0-7hQ","$tkoiHC3Vf1zAnFhhvTe60NQ7m3nRNvT1ILxtf8O8Tdc"],"prev_events":["$YSS-8MMEgCETq_EouYM-mm0KiVKGloqtULWeqmdQKZg"],"type":"m.room.member","room_id":"!pYSbiOyjMFsKNxSMyi:localhost","sender":"@user1.matrix:localhost","content":{"membership":"join","displayname":"user1.matrix"},"depth":8,"state_key":"@user1.matrix:localhost","origin":"localhost","origin_server_ts":1675956825837,"hashes":{"sha256":"btOiUzpx1SHc8ml0r4MA87vt1K2lln4dtXkJHj+nrLM"},"signatures":{"localhost":{"ed25519:a_vyji":"imYPBtlyvyH7/UlyVB6LfDN37fmk4WAotcLm4kFMDfDtx+mPxckcKtwzSgGZWnTRiuIm1gvSxqduZus1qvuPAA"}},"unsigned":{"age_ts":1675956825837}}	3
$3iFc4KVKwTYBpN8T8PyFgNCDxXkCtJF5qS1nJbulpmU	!FzTtpSkXWMPYBKHUQN:localhost	{"historical":false}	{"auth_events":["$MjPoUIyI-4SLUb_2CX0SN6Cq4siLSpO81XmSX0Tt1Ag","$c4I4FYRPIltfSw8Wf6w1NWiI0mLCN0eVcYuMsCyqiS4","$1kn0z5XFW6tgZeQlEjEweLSJX_vv-w54n3uMagFyz9o"],"prev_events":["$FSGyxWobRbm3XPzA_RJTfx_wFyj7eioybzttjovTej0"],"type":"m.room.member","room_id":"!FzTtpSkXWMPYBKHUQN:localhost","sender":"@matterbot:localhost","content":{"reason":"joining room","membership":"join","displayname":"Mattermost Bridge"},"depth":9,"state_key":"@matterbot:localhost","origin":"localhost","origin_server_ts":1676646214039,"hashes":{"sha256":"AJb1hvTQTxK1IkH809Jb8bGazFWqS8KsbjxEOvWSbZc"},"signatures":{"localhost":{"ed25519:a_vyji":"5uX6N2M0/rQB142K1xb2xvYvtUiGZp3GLwAmHA35hR9DSHjc8jVrmSoV8TnJtt3odh5ravfPumh5BiW3hR2/CA"}},"unsigned":{"age_ts":1676646214039}}	3
$f8S-mPLHMnruZFOTih-IYlCoYILk6A_BPx3dtO79ubI	!pYSbiOyjMFsKNxSMyi:localhost	{"historical":false}	{"auth_events":["$tkoiHC3Vf1zAnFhhvTe60NQ7m3nRNvT1ILxtf8O8Tdc","$gyvaweguHrwLjB1B_41QMnzSUMHQGbQmTALeOOMmWfU","$EgLH6XFurmJirUH4D5Zkm8y1WyPdrFX2SSko4S0-7hQ"],"prev_events":["$0RmvI0B1zTbePI4eCXXUO_9tJQY2XcOy4Kt4FqYQ-Yk"],"type":"m.room.member","room_id":"!pYSbiOyjMFsKNxSMyi:localhost","sender":"@matterbot:localhost","content":{"reason":"joining room","membership":"join","displayname":"Mattermost Bridge"},"depth":9,"state_key":"@matterbot:localhost","origin":"localhost","origin_server_ts":1676646214037,"hashes":{"sha256":"aIHp+/AqpAu3U+AFcvTYdA26hKG4Ftd7gjXOJhPPBqQ"},"signatures":{"localhost":{"ed25519:a_vyji":"OEJ2/N4FnGhKFbeSlH+quza4ujYP9igPBsCPIM49I/vSj6Ray5NgSr+aliWILi2sAKTf55azxCtynxg2Y4V5CA"}},"unsigned":{"age_ts":1676646214037}}	3
$Q7qpUYZra7SmdftawkKRrQilka-WlRBbgKYybv2QRls	!pYSbiOyjMFsKNxSMyi:localhost	{"historical":false}	{"auth_events":["$tkoiHC3Vf1zAnFhhvTe60NQ7m3nRNvT1ILxtf8O8Tdc","$gyvaweguHrwLjB1B_41QMnzSUMHQGbQmTALeOOMmWfU","$EgLH6XFurmJirUH4D5Zkm8y1WyPdrFX2SSko4S0-7hQ","$f8S-mPLHMnruZFOTih-IYlCoYILk6A_BPx3dtO79ubI"],"prev_events":["$f8S-mPLHMnruZFOTih-IYlCoYILk6A_BPx3dtO79ubI"],"type":"m.room.member","room_id":"!pYSbiOyjMFsKNxSMyi:localhost","sender":"@matterbot:localhost","content":{"reason":"Needed for app service","membership":"join","displayname":"Mattermost Bridge"},"depth":10,"state_key":"@matterbot:localhost","origin":"localhost","origin_server_ts":1676646295913,"hashes":{"sha256":"oRHFxBB8OANo+TAK5olIElhj6i2fBQ2tbGnVn+k6jgw"},"signatures":{"localhost":{"ed25519:a_vyji":"9io4eNxIX+xBxAJbGqc5CB7B3QPnN36rR69kF+qEj+US7Vw60fmHzzUijtLGz1MBKrmvhQts5hBAbiIHAbbBDQ"}},"unsigned":{"age_ts":1676646295913,"replaces_state":"$f8S-mPLHMnruZFOTih-IYlCoYILk6A_BPx3dtO79ubI"}}	3
$o5ttVgA4qLDCRoIxN9qyVPOLj9QUajTOF3D_U8es57Y	!FzTtpSkXWMPYBKHUQN:localhost	{"historical":false}	{"auth_events":["$MjPoUIyI-4SLUb_2CX0SN6Cq4siLSpO81XmSX0Tt1Ag","$c4I4FYRPIltfSw8Wf6w1NWiI0mLCN0eVcYuMsCyqiS4","$1kn0z5XFW6tgZeQlEjEweLSJX_vv-w54n3uMagFyz9o","$3iFc4KVKwTYBpN8T8PyFgNCDxXkCtJF5qS1nJbulpmU"],"prev_events":["$3iFc4KVKwTYBpN8T8PyFgNCDxXkCtJF5qS1nJbulpmU"],"type":"m.room.member","room_id":"!FzTtpSkXWMPYBKHUQN:localhost","sender":"@matterbot:localhost","content":{"reason":"Needed for app service","membership":"join","displayname":"Mattermost Bridge"},"depth":10,"state_key":"@matterbot:localhost","origin":"localhost","origin_server_ts":1676646295905,"hashes":{"sha256":"d6V0UMnqbiSWyOrHDY8JnKPlFxd8iIg7ZOvKSzqswQ4"},"signatures":{"localhost":{"ed25519:a_vyji":"gnEPPhYO8Hn7YXX8XlbBj0t/5SVAKWEuO8lHQ1q2W95qai1Eu/Dgn70d+8Y3dwW/PhZ02RfeEh+d91aW4EoAAg"}},"unsigned":{"age_ts":1676646295905,"replaces_state":"$3iFc4KVKwTYBpN8T8PyFgNCDxXkCtJF5qS1nJbulpmU"}}	3
$ws9UuWLPn8VzHbofyg3g8AQK-aYsdD2iv6woyWt3sEw	!pYSbiOyjMFsKNxSMyi:localhost	{"txn_id":"m1676646372622","historical":false}	{"auth_events":["$gyvaweguHrwLjB1B_41QMnzSUMHQGbQmTALeOOMmWfU","$EgLH6XFurmJirUH4D5Zkm8y1WyPdrFX2SSko4S0-7hQ","$Q7qpUYZra7SmdftawkKRrQilka-WlRBbgKYybv2QRls"],"prev_events":["$Q7qpUYZra7SmdftawkKRrQilka-WlRBbgKYybv2QRls"],"type":"m.room.message","room_id":"!pYSbiOyjMFsKNxSMyi:localhost","sender":"@matterbot:localhost","content":{"body":"Hej","msgtype":"m.text"},"depth":11,"origin":"localhost","origin_server_ts":1676646372672,"hashes":{"sha256":"ayO7Ea4zC+ejOG987yQRa3d5eqJta3VFBga7qt5Ibn0"},"signatures":{"localhost":{"ed25519:a_vyji":"N6zqVRFKrXp3zA/qjA/A+3a21QbxEQfFbZ1PXbxTqyqdgG98TUZQR8AVfLxREE2k+LM1zGHaJhN3NQpOLUK8Bg"}},"unsigned":{"age_ts":1676646372672}}	3
$EeKexStxnjQMJwZnkxIZRNXLdggHQGqT_RJYm1xCocU	!FzTtpSkXWMPYBKHUQN:localhost	{"token_id":2,"historical":false}	{"auth_events":["$c4I4FYRPIltfSw8Wf6w1NWiI0mLCN0eVcYuMsCyqiS4","$MjPoUIyI-4SLUb_2CX0SN6Cq4siLSpO81XmSX0Tt1Ag","$IU1ZxuT0Nte99MGUdW5IhEVc_pVMkrUEqjP5xs27dVs","$1kn0z5XFW6tgZeQlEjEweLSJX_vv-w54n3uMagFyz9o"],"prev_events":["$o5ttVgA4qLDCRoIxN9qyVPOLj9QUajTOF3D_U8es57Y"],"type":"m.room.member","room_id":"!FzTtpSkXWMPYBKHUQN:localhost","sender":"@admin:localhost","content":{"reason":"Invited to room","membership":"invite","displayname":"mm_user1.mm"},"depth":11,"state_key":"@mm_user1.mm:localhost","origin":"localhost","origin_server_ts":1678032935186,"hashes":{"sha256":"NqKdeWustO34Ip/KleAUWkyp08bO/tPh2R6zukxAfJg"},"signatures":{"localhost":{"ed25519:a_vyji":"cw8+hkDPmZEXr4j35hC7EWuK6PQqCtTETc5jBDG+w/uWKifudksW6j0RKp1tdpH7JXiYmPeHnf+sHMJxgf85Bg"}},"unsigned":{"age_ts":1678032935186,"invite_room_state":[{"type":"m.room.join_rules","state_key":"","content":{"join_rule":"public"},"sender":"@admin:localhost"},{"type":"m.room.canonical_alias","state_key":"","content":{"alias":"#town-square:localhost"},"sender":"@admin:localhost"},{"type":"m.room.name","state_key":"","content":{"name":"#Town Square"},"sender":"@admin:localhost"},{"type":"m.room.create","state_key":"","content":{"room_version":"9","creator":"@admin:localhost"},"sender":"@admin:localhost"},{"type":"m.room.member","state_key":"@admin:localhost","content":{"membership":"join","displayname":"admin"},"sender":"@admin:localhost"}]}}	3
$ZPGmNdM7zvGVfx5_posO0xAJ7C6aAnDZavYGV23i3eM	!FzTtpSkXWMPYBKHUQN:localhost	{"token_id":10,"historical":false}	{"auth_events":["$EeKexStxnjQMJwZnkxIZRNXLdggHQGqT_RJYm1xCocU","$MjPoUIyI-4SLUb_2CX0SN6Cq4siLSpO81XmSX0Tt1Ag","$1kn0z5XFW6tgZeQlEjEweLSJX_vv-w54n3uMagFyz9o","$c4I4FYRPIltfSw8Wf6w1NWiI0mLCN0eVcYuMsCyqiS4"],"prev_events":["$EeKexStxnjQMJwZnkxIZRNXLdggHQGqT_RJYm1xCocU"],"type":"m.room.member","room_id":"!FzTtpSkXWMPYBKHUQN:localhost","sender":"@mm_user1.mm:localhost","content":{"reason":"joining room","membership":"join","displayname":"mm_user1.mm"},"depth":12,"state_key":"@mm_user1.mm:localhost","origin":"localhost","origin_server_ts":1678032935470,"hashes":{"sha256":"My+L9kmsIFUQc1l+50qPqZcOUN9ut2A82suyDJLjRwM"},"signatures":{"localhost":{"ed25519:a_vyji":"+3PPYV8j03u/LgT28hMWnLlaMFekX7asCDLVX2phnR9Vz0zV0OxoazR+/qk3XqmR88JQcftcKQWkmGKWb6OSAA"}},"unsigned":{"age_ts":1678032935470,"replaces_state":"$EeKexStxnjQMJwZnkxIZRNXLdggHQGqT_RJYm1xCocU"}}	3
$ls5AzJlLTu3Alykxvj5L99HqOQsi7cUGH7wVb-IqErQ	!FzTtpSkXWMPYBKHUQN:localhost	{"token_id":10,"txn_id":"m1678032937698","historical":false}	{"auth_events":["$ZPGmNdM7zvGVfx5_posO0xAJ7C6aAnDZavYGV23i3eM","$1kn0z5XFW6tgZeQlEjEweLSJX_vv-w54n3uMagFyz9o","$c4I4FYRPIltfSw8Wf6w1NWiI0mLCN0eVcYuMsCyqiS4"],"prev_events":["$ZPGmNdM7zvGVfx5_posO0xAJ7C6aAnDZavYGV23i3eM"],"type":"m.room.message","room_id":"!FzTtpSkXWMPYBKHUQN:localhost","sender":"@mm_user1.mm:localhost","content":{"msgtype":"m.text","body":"oko"},"depth":13,"origin":"localhost","origin_server_ts":1678032937746,"hashes":{"sha256":"k5Xfym9dqPZC9eLAyM/x0ibeZI8Pz0sPlasQoK0o/O8"},"signatures":{"localhost":{"ed25519:a_vyji":"eOxzpMIaE/qW2BHjIQzdy9Edl7rlVPiNeXtVBFc9WB+seHUVVlzNFavQHOsjVZioPn7O8aA+Ez5De2Q140kSCQ"}},"unsigned":{"age_ts":1678032937746}}	3
$nFwL1txBnk2dj72aBWqthTGHrC-kv7CYWMt3cwz8qgw	!pYSbiOyjMFsKNxSMyi:localhost	{"token_id":9,"txn_id":"m1678032959509.0","historical":false}	{"auth_events":["$gyvaweguHrwLjB1B_41QMnzSUMHQGbQmTALeOOMmWfU","$EgLH6XFurmJirUH4D5Zkm8y1WyPdrFX2SSko4S0-7hQ","$0RmvI0B1zTbePI4eCXXUO_9tJQY2XcOy4Kt4FqYQ-Yk"],"prev_events":["$ws9UuWLPn8VzHbofyg3g8AQK-aYsdD2iv6woyWt3sEw"],"type":"m.room.message","room_id":"!pYSbiOyjMFsKNxSMyi:localhost","sender":"@user1.matrix:localhost","content":{"msgtype":"m.text","body":"kook"},"depth":12,"origin":"localhost","origin_server_ts":1678032959618,"hashes":{"sha256":"L0fZTQryAz8q4YhdrTd0uxXemuLDCUEHpzC1Hs7qwtc"},"signatures":{"localhost":{"ed25519:a_vyji":"XJgqES788qUL9Ck2zo6+9DPmZSc99V1eOOFRXTAmP41FG0XZwg9DjvXSXrDjrATEBRQ9XUb+RWankwG+/foKCQ"}},"unsigned":{"age_ts":1678032959618}}	3
$DRO5TAucLHxvrlJ47kjeEKQiKn1D0J-pwsDdrExDhfM	!FzTtpSkXWMPYBKHUQN:localhost	{"token_id":11,"historical":false}	{"auth_events":["$IU1ZxuT0Nte99MGUdW5IhEVc_pVMkrUEqjP5xs27dVs","$1kn0z5XFW6tgZeQlEjEweLSJX_vv-w54n3uMagFyz9o","$c4I4FYRPIltfSw8Wf6w1NWiI0mLCN0eVcYuMsCyqiS4"],"prev_events":["$ls5AzJlLTu3Alykxvj5L99HqOQsi7cUGH7wVb-IqErQ"],"type":"m.room.name","room_id":"!FzTtpSkXWMPYBKHUQN:localhost","sender":"@admin:localhost","content":{"name":"Town Square"},"depth":14,"state_key":"","origin":"localhost","origin_server_ts":1678033164649,"hashes":{"sha256":"bwu8J4/l2cyPWpX05R8l7J7kPL6beJkmc3vnNKI8erY"},"signatures":{"localhost":{"ed25519:a_vyji":"Ex0VaNGs5Om8mXctGnY/+QlV5vwxF3eOg/hWcaIASCx7r+SBKN/hqgx+Z0NAlKnrBuubb8WPbVjc25mSRHcmBA"}},"unsigned":{"age_ts":1678033164649,"replaces_state":"$Z8l2x75Ktp4i5ZFSxqQHoicfewpQOJ2yKoIXvdXGGL4"}}	3
$hXzRSYfNTLUmjRz8EgsrekOmklfOoUQ9NKx0vS1AmTk	!FzTtpSkXWMPYBKHUQN:localhost	{"token_id":12,"txn_id":"m1678033228889","historical":false}	{"auth_events":["$ZPGmNdM7zvGVfx5_posO0xAJ7C6aAnDZavYGV23i3eM","$1kn0z5XFW6tgZeQlEjEweLSJX_vv-w54n3uMagFyz9o","$c4I4FYRPIltfSw8Wf6w1NWiI0mLCN0eVcYuMsCyqiS4"],"prev_events":["$DRO5TAucLHxvrlJ47kjeEKQiKn1D0J-pwsDdrExDhfM"],"type":"m.room.message","room_id":"!FzTtpSkXWMPYBKHUQN:localhost","sender":"@mm_user1.mm:localhost","content":{"msgtype":"m.text","body":"okok"},"depth":15,"origin":"localhost","origin_server_ts":1678033228922,"hashes":{"sha256":"NFXgKIMKC2AUftAEnO2ShAtIfNnXc/M4k5mVc4VsWSc"},"signatures":{"localhost":{"ed25519:a_vyji":"r0Vfc4oIghSA0uS2IAmUP2Yyf66K8dyc4Pq8P6UPUFFvg1fT3nD2y2ENUk4ToydRE/Xyf3aj5EZSCOf9yA4FBg"}},"unsigned":{"age_ts":1678033228922}}	3
$fbEIs1FPebLFup8Sm4TvsnGt3OqnXO125KPufsX6e4E	!FzTtpSkXWMPYBKHUQN:localhost	{"token_id":11,"txn_id":"m1678033249669.0","historical":false}	{"auth_events":["$IU1ZxuT0Nte99MGUdW5IhEVc_pVMkrUEqjP5xs27dVs","$1kn0z5XFW6tgZeQlEjEweLSJX_vv-w54n3uMagFyz9o","$c4I4FYRPIltfSw8Wf6w1NWiI0mLCN0eVcYuMsCyqiS4"],"prev_events":["$hXzRSYfNTLUmjRz8EgsrekOmklfOoUQ9NKx0vS1AmTk"],"type":"m.room.message","room_id":"!FzTtpSkXWMPYBKHUQN:localhost","sender":"@admin:localhost","content":{"msgtype":"m.text","body":"dokidoki"},"depth":16,"origin":"localhost","origin_server_ts":1678033249737,"hashes":{"sha256":"Y3aklTKKKcxjJUR2NxmTb14iedyIHnZr6Al9OonpHTE"},"signatures":{"localhost":{"ed25519:a_vyji":"SVYsOfKAMHsDR7pOvQh7sgE2f2UgWq5TEYNAnJsZ+rf/ipVBtWwPHZX4a9xLFOA/Rd7SyeI+NQQyhjEkQlKnAQ"}},"unsigned":{"age_ts":1678033249737}}	3
$ggCddRubeCPps5yMhlY-9Ib0RvBhwUJy716vZvf32Oo	!FzTtpSkXWMPYBKHUQN:localhost	{"token_id":13,"txn_id":"m1678033315167.0","historical":false}	{"auth_events":["$c4I4FYRPIltfSw8Wf6w1NWiI0mLCN0eVcYuMsCyqiS4","$1kn0z5XFW6tgZeQlEjEweLSJX_vv-w54n3uMagFyz9o","$FSGyxWobRbm3XPzA_RJTfx_wFyj7eioybzttjovTej0"],"prev_events":["$fbEIs1FPebLFup8Sm4TvsnGt3OqnXO125KPufsX6e4E"],"type":"m.room.message","room_id":"!FzTtpSkXWMPYBKHUQN:localhost","sender":"@user1.matrix:localhost","content":{"msgtype":"m.text","body":"kalle"},"depth":17,"origin":"localhost","origin_server_ts":1678033315210,"hashes":{"sha256":"owgsPNbjef1spJldr9Vax1J4Ez/v7gFAhmEETTls87g"},"signatures":{"localhost":{"ed25519:a_vyji":"TsDKR3hqpCd6xxiXqKKZlQA7+lnr3Lo9OZtcHX0xIfYPxG/BVa2asay4voeR7GSNBqRWTwAl/6DVld0FntgaCQ"}},"unsigned":{"age_ts":1678033315210}}	3
$2AEp1hOUUsulI8Zc2ISpcmI9VmKuftWZdClPUSC_mD4	!AHOiTmgdxQzlhIOUsy:localhost	{"token_id":2,"historical":false}	{"auth_events":["$8JzwefAwHCl96ZlTja5b5rV-MxH_1T91x6Yl6vKYGSg"],"prev_events":["$8JzwefAwHCl96ZlTja5b5rV-MxH_1T91x6Yl6vKYGSg"],"type":"m.room.member","room_id":"!AHOiTmgdxQzlhIOUsy:localhost","sender":"@admin:localhost","content":{"membership":"join","displayname":"admin"},"depth":2,"state_key":"@admin:localhost","origin":"localhost","origin_server_ts":1678033569732,"hashes":{"sha256":"Hnfk0NGFylECEdN4jKbwdB9bbW6wGS26cN9/Pl2Vda8"},"signatures":{"localhost":{"ed25519:a_vyji":"708Np72eE2O+YDOQGcnqZETuD06FH9H1dOgi22KcM0vJ2iq9piPaD3w4gijb7oVzwzCAC/qJfmMtcPEkn6cBCw"}},"unsigned":{"age_ts":1678033569732}}	3
$425aYo_LNE95R3HHpQZSk0MGS0CjqhCPkp0DJvtMk5M	!AHOiTmgdxQzlhIOUsy:localhost	{"token_id":2,"historical":false}	{"auth_events":["$2AEp1hOUUsulI8Zc2ISpcmI9VmKuftWZdClPUSC_mD4","$8JzwefAwHCl96ZlTja5b5rV-MxH_1T91x6Yl6vKYGSg"],"prev_events":["$2AEp1hOUUsulI8Zc2ISpcmI9VmKuftWZdClPUSC_mD4"],"type":"m.room.power_levels","room_id":"!AHOiTmgdxQzlhIOUsy:localhost","sender":"@admin:localhost","content":{"users":{"@admin:localhost":100},"users_default":0,"events":{"m.room.name":50,"m.room.power_levels":100,"m.room.history_visibility":100,"m.room.canonical_alias":50,"m.room.avatar":50,"m.room.tombstone":100,"m.room.server_acl":100,"m.room.encryption":100},"events_default":0,"state_default":50,"ban":50,"kick":50,"redact":50,"invite":50,"historical":100},"depth":3,"state_key":"","origin":"localhost","origin_server_ts":1678033569956,"hashes":{"sha256":"eBF6D3wGK7eiYb/4hdHdJ3AnYzxogIcDaCOineAKq4w"},"signatures":{"localhost":{"ed25519:a_vyji":"w8j+A+enuvUk7oePJRV/JHXhKnDtSZC8yZJis/mJw3nYc1NfYGCi6CXGwRFYzceXS6WOHwoUvq1qpp7QRvp+Aw"}},"unsigned":{"age_ts":1678033569956}}	3
$z1GwtHO3iyw6MvOYBxrwIdl_jvUlP6_Bn6yFfE9P2aI	!AHOiTmgdxQzlhIOUsy:localhost	{"token_id":2,"historical":false}	{"auth_events":["$2AEp1hOUUsulI8Zc2ISpcmI9VmKuftWZdClPUSC_mD4","$425aYo_LNE95R3HHpQZSk0MGS0CjqhCPkp0DJvtMk5M","$8JzwefAwHCl96ZlTja5b5rV-MxH_1T91x6Yl6vKYGSg"],"prev_events":["$425aYo_LNE95R3HHpQZSk0MGS0CjqhCPkp0DJvtMk5M"],"type":"m.room.canonical_alias","room_id":"!AHOiTmgdxQzlhIOUsy:localhost","sender":"@admin:localhost","content":{"alias":"#after-work:localhost"},"depth":4,"state_key":"","origin":"localhost","origin_server_ts":1678033570034,"hashes":{"sha256":"LMgJGvnbK5vFlyWOmprE74gUp/0E6oEH0HWkhPps3bg"},"signatures":{"localhost":{"ed25519:a_vyji":"pc1OQ208FnEiSmppkJugmoIXnJDp7cdQMKNd24y2DTtMRLrSwVN/7obRn/APiIjZkOS3qEGJoAt1Lh4CzWqoBA"}},"unsigned":{"age_ts":1678033570034}}	3
$Ww-5pR04rXtgZleTLBj7vJSR1LGkC3tZ5Zuaxqazwek	!AHOiTmgdxQzlhIOUsy:localhost	{"token_id":2,"historical":false}	{"auth_events":["$2AEp1hOUUsulI8Zc2ISpcmI9VmKuftWZdClPUSC_mD4","$425aYo_LNE95R3HHpQZSk0MGS0CjqhCPkp0DJvtMk5M","$8JzwefAwHCl96ZlTja5b5rV-MxH_1T91x6Yl6vKYGSg"],"prev_events":["$z1GwtHO3iyw6MvOYBxrwIdl_jvUlP6_Bn6yFfE9P2aI"],"type":"m.room.join_rules","room_id":"!AHOiTmgdxQzlhIOUsy:localhost","sender":"@admin:localhost","content":{"join_rule":"public"},"depth":5,"state_key":"","origin":"localhost","origin_server_ts":1678033570055,"hashes":{"sha256":"CuCZpOiuVgL5p1SIW0fHa6no7Bc8uXc5uc+sA4vRq9g"},"signatures":{"localhost":{"ed25519:a_vyji":"+0jGctyEOz1ecmQtJ74OsGv6oojvGP3EFNUbDCsRYmO+arLSD8VkB8O1JVG9HcgtO4JfZf7HS5ebXSR6YCFfAw"}},"unsigned":{"age_ts":1678033570055}}	3
$LmDzEqXVjmgNKIk52bhBmbosSuVDk32P02nhwggY0RM	!AHOiTmgdxQzlhIOUsy:localhost	{"token_id":2,"historical":false}	{"auth_events":["$2AEp1hOUUsulI8Zc2ISpcmI9VmKuftWZdClPUSC_mD4","$425aYo_LNE95R3HHpQZSk0MGS0CjqhCPkp0DJvtMk5M","$8JzwefAwHCl96ZlTja5b5rV-MxH_1T91x6Yl6vKYGSg"],"prev_events":["$Ww-5pR04rXtgZleTLBj7vJSR1LGkC3tZ5Zuaxqazwek"],"type":"m.room.history_visibility","room_id":"!AHOiTmgdxQzlhIOUsy:localhost","sender":"@admin:localhost","content":{"history_visibility":"shared"},"depth":6,"state_key":"","origin":"localhost","origin_server_ts":1678033570065,"hashes":{"sha256":"yEe+lYToclJ5A5HkZECGMZ9Mj/PSztaYoYflF/B4Jv8"},"signatures":{"localhost":{"ed25519:a_vyji":"5hgX5yvQjTM6dR+/0JO/3m6FOLJumjnOPUI1cWeWdzMI/Sx/w2n45zAKAMpeKlPrFFB8v0gmd8+Y/sI60KsJBw"}},"unsigned":{"age_ts":1678033570065}}	3
$ye7ixCV2UmoA3GCF2K5lqNSxMrWwkdvkTSOdQDHy-P0	!AHOiTmgdxQzlhIOUsy:localhost	{"token_id":13,"historical":false}	{"auth_events":["$Ww-5pR04rXtgZleTLBj7vJSR1LGkC3tZ5Zuaxqazwek","$8JzwefAwHCl96ZlTja5b5rV-MxH_1T91x6Yl6vKYGSg","$425aYo_LNE95R3HHpQZSk0MGS0CjqhCPkp0DJvtMk5M"],"prev_events":["$v3jGyApp70gdwh4Il9oB6nRxdyr-zF1Nt9w5VRI1Em4"],"type":"m.room.member","room_id":"!AHOiTmgdxQzlhIOUsy:localhost","sender":"@user1.matrix:localhost","content":{"membership":"join","displayname":"user1.matrix"},"depth":13,"state_key":"@user1.matrix:localhost","origin":"localhost","origin_server_ts":1678033782282,"hashes":{"sha256":"WEAbMj+AN+/Cao6R18qWRLiNbAiZK4Ngrw+q4Jgebco"},"signatures":{"localhost":{"ed25519:a_vyji":"WvLciVL8XUlTk6drLbG/+d/2OnkYpyerN6AZuNRpUryf+RFs5lcltQZ5PNeTddVcfyFsEiwckC3A59E4z1Q/DA"}},"unsigned":{"age_ts":1678033782282}}	3
$8JzwefAwHCl96ZlTja5b5rV-MxH_1T91x6Yl6vKYGSg	!AHOiTmgdxQzlhIOUsy:localhost	{"token_id":2,"historical":false}	{"auth_events":[],"prev_events":[],"type":"m.room.create","room_id":"!AHOiTmgdxQzlhIOUsy:localhost","sender":"@admin:localhost","content":{"room_version":"10","creator":"@admin:localhost"},"depth":1,"state_key":"","origin":"localhost","origin_server_ts":1678033569475,"hashes":{"sha256":"Ttyb7i8yBrGPy5TqTfddQ9KoJY7Z83Oa7ZfJRJVRSkk"},"signatures":{"localhost":{"ed25519:a_vyji":"a7/ITTrp+wXy1dGfsWdIis3kn5jSgVMINN1mYeVK/jACxaBFPH7yff+lqwCfk4EaYzV6xfvzUKYW/UnWsjqXAQ"}},"unsigned":{"age_ts":1678033569475}}	3
$sFv4HsuqMN9A0Wl_Bb1tZ-I7Kgdtxe83YsRaNWowWDM	!AHOiTmgdxQzlhIOUsy:localhost	{"token_id":2,"historical":false}	{"auth_events":["$2AEp1hOUUsulI8Zc2ISpcmI9VmKuftWZdClPUSC_mD4","$425aYo_LNE95R3HHpQZSk0MGS0CjqhCPkp0DJvtMk5M","$8JzwefAwHCl96ZlTja5b5rV-MxH_1T91x6Yl6vKYGSg"],"prev_events":["$LmDzEqXVjmgNKIk52bhBmbosSuVDk32P02nhwggY0RM"],"type":"m.room.name","room_id":"!AHOiTmgdxQzlhIOUsy:localhost","sender":"@admin:localhost","content":{"name":"After Work"},"depth":7,"state_key":"","origin":"localhost","origin_server_ts":1678033570448,"hashes":{"sha256":"eZabRyFt8c/xTlu2FHTCrDo+WGmkuv23iDFPeciPEdQ"},"signatures":{"localhost":{"ed25519:a_vyji":"0NBkfjBkPWj1KzKNLXOaENr85WiHkpWsWH0NZh3Tj4wjXJxGhwy4An4AuOiTlDLPd/S/Bxb5cE+emxx+CEM4CQ"}},"unsigned":{"age_ts":1678033570448}}	3
$xOF81meT9KSyhw3dY5FjCzADSBULEj6OoQaHM9DWtMY	!AHOiTmgdxQzlhIOUsy:localhost	{"token_id":2,"historical":false}	{"auth_events":["$8JzwefAwHCl96ZlTja5b5rV-MxH_1T91x6Yl6vKYGSg","$Ww-5pR04rXtgZleTLBj7vJSR1LGkC3tZ5Zuaxqazwek","$2AEp1hOUUsulI8Zc2ISpcmI9VmKuftWZdClPUSC_mD4","$425aYo_LNE95R3HHpQZSk0MGS0CjqhCPkp0DJvtMk5M"],"prev_events":["$sFv4HsuqMN9A0Wl_Bb1tZ-I7Kgdtxe83YsRaNWowWDM"],"type":"m.room.member","room_id":"!AHOiTmgdxQzlhIOUsy:localhost","sender":"@admin:localhost","content":{"membership":"invite","displayname":"Mattermost Bridge"},"depth":8,"state_key":"@matterbot:localhost","origin":"localhost","origin_server_ts":1678033570821,"hashes":{"sha256":"u4kpv1leFKfkykRLx7lFp+yQH+uaZgcjVbRezLfB6To"},"signatures":{"localhost":{"ed25519:a_vyji":"dpIqRKvz8FUUNyogS8LyOXbqqqYuoGqDDSq85ScV8/KXQ5DEUmOf7kvLRWOGx6AaG6czSlZj0yE2AXvStA51Ag"}},"unsigned":{"age_ts":1678033570821,"invite_room_state":[{"type":"m.room.member","state_key":"@admin:localhost","content":{"membership":"join","displayname":"admin"},"sender":"@admin:localhost"},{"type":"m.room.join_rules","state_key":"","content":{"join_rule":"public"},"sender":"@admin:localhost"},{"type":"m.room.canonical_alias","state_key":"","content":{"alias":"#after-work:localhost"},"sender":"@admin:localhost"},{"type":"m.room.create","state_key":"","content":{"room_version":"10","creator":"@admin:localhost"},"sender":"@admin:localhost"},{"type":"m.room.name","state_key":"","content":{"name":"After Work"},"sender":"@admin:localhost"}]}}	3
$cgYituIGJ7X54S5-Ax3C5u2yLwCnf99x2VbMmy0YD3w	!AHOiTmgdxQzlhIOUsy:localhost	{"historical":false}	{"auth_events":["$Ww-5pR04rXtgZleTLBj7vJSR1LGkC3tZ5Zuaxqazwek","$xOF81meT9KSyhw3dY5FjCzADSBULEj6OoQaHM9DWtMY","$425aYo_LNE95R3HHpQZSk0MGS0CjqhCPkp0DJvtMk5M","$8JzwefAwHCl96ZlTja5b5rV-MxH_1T91x6Yl6vKYGSg"],"prev_events":["$xOF81meT9KSyhw3dY5FjCzADSBULEj6OoQaHM9DWtMY"],"type":"m.room.member","room_id":"!AHOiTmgdxQzlhIOUsy:localhost","sender":"@matterbot:localhost","content":{"reason":"joining room","membership":"join","displayname":"Mattermost Bridge"},"depth":9,"state_key":"@matterbot:localhost","origin":"localhost","origin_server_ts":1678033706272,"hashes":{"sha256":"M3yMMu/9ZZ4VootLR292xRg3u+WOvhgypvrC/aMZuvc"},"signatures":{"localhost":{"ed25519:a_vyji":"qOWzn/7Rciy0yCoUDYQyP1IxvWaUvtSf4w9LRE95Vyljjb/xO9IiByHJFHBZucm7i5/cuhezLfILFkGiUvfNCw"}},"unsigned":{"age_ts":1678033706272,"replaces_state":"$xOF81meT9KSyhw3dY5FjCzADSBULEj6OoQaHM9DWtMY"}}	3
$jiXC1l1ou9Ti0I7CV7PJrsVblqsrb9dPQentqZqLBys	!AHOiTmgdxQzlhIOUsy:localhost	{"token_id":14,"historical":false}	{"auth_events":["$hgeuyu5_SLbd99TLf-m4kSUM8l1Jy-W4XmhdQGO2rr0","$Ww-5pR04rXtgZleTLBj7vJSR1LGkC3tZ5Zuaxqazwek","$425aYo_LNE95R3HHpQZSk0MGS0CjqhCPkp0DJvtMk5M","$8JzwefAwHCl96ZlTja5b5rV-MxH_1T91x6Yl6vKYGSg"],"prev_events":["$hgeuyu5_SLbd99TLf-m4kSUM8l1Jy-W4XmhdQGO2rr0"],"type":"m.room.member","room_id":"!AHOiTmgdxQzlhIOUsy:localhost","sender":"@mm_user1.mm:localhost","content":{"reason":"joining room","membership":"join","displayname":"mm_user1.mm"},"depth":11,"state_key":"@mm_user1.mm:localhost","origin":"localhost","origin_server_ts":1678033763086,"hashes":{"sha256":"8mZGfLaHR1hdTifzUvHNm4vAjQKg+J/GG1BaPUvtQ1Q"},"signatures":{"localhost":{"ed25519:a_vyji":"wqOwEpEGJXGA8eWIJMuRzc+ttlBW6IRp4g6dClx3DErcozZ9sNjWcJVR8qwWsQCOy/S/36n96IB4rjvXt6nCDA"}},"unsigned":{"age_ts":1678033763086,"replaces_state":"$hgeuyu5_SLbd99TLf-m4kSUM8l1Jy-W4XmhdQGO2rr0"}}	3
$hgeuyu5_SLbd99TLf-m4kSUM8l1Jy-W4XmhdQGO2rr0	!AHOiTmgdxQzlhIOUsy:localhost	{"token_id":2,"historical":false}	{"auth_events":["$8JzwefAwHCl96ZlTja5b5rV-MxH_1T91x6Yl6vKYGSg","$Ww-5pR04rXtgZleTLBj7vJSR1LGkC3tZ5Zuaxqazwek","$2AEp1hOUUsulI8Zc2ISpcmI9VmKuftWZdClPUSC_mD4","$425aYo_LNE95R3HHpQZSk0MGS0CjqhCPkp0DJvtMk5M"],"prev_events":["$cgYituIGJ7X54S5-Ax3C5u2yLwCnf99x2VbMmy0YD3w"],"type":"m.room.member","room_id":"!AHOiTmgdxQzlhIOUsy:localhost","sender":"@admin:localhost","content":{"reason":"Invited to room","membership":"invite","displayname":"mm_user1.mm"},"depth":10,"state_key":"@mm_user1.mm:localhost","origin":"localhost","origin_server_ts":1678033762706,"hashes":{"sha256":"T1WD9OG3mUqdi83vUKZh8wfyzZK5HXlDHCvZj0dlhW8"},"signatures":{"localhost":{"ed25519:a_vyji":"9nnFRMYlq4jq4eZrzUnQ8zn9xkXx5cCee5ssUqOGHoZmTmrWWIdJX2qonn0Rdpow+M1WWMqp6a85yERXFSq7AQ"}},"unsigned":{"age_ts":1678033762706,"invite_room_state":[{"type":"m.room.join_rules","state_key":"","content":{"join_rule":"public"},"sender":"@admin:localhost"},{"type":"m.room.create","state_key":"","content":{"room_version":"10","creator":"@admin:localhost"},"sender":"@admin:localhost"},{"type":"m.room.canonical_alias","state_key":"","content":{"alias":"#after-work:localhost"},"sender":"@admin:localhost"},{"type":"m.room.name","state_key":"","content":{"name":"After Work"},"sender":"@admin:localhost"},{"type":"m.room.member","state_key":"@admin:localhost","content":{"membership":"join","displayname":"admin"},"sender":"@admin:localhost"}]}}	3
$v3jGyApp70gdwh4Il9oB6nRxdyr-zF1Nt9w5VRI1Em4	!AHOiTmgdxQzlhIOUsy:localhost	{"token_id":14,"txn_id":"m1678033769233","historical":false}	{"auth_events":["$jiXC1l1ou9Ti0I7CV7PJrsVblqsrb9dPQentqZqLBys","$425aYo_LNE95R3HHpQZSk0MGS0CjqhCPkp0DJvtMk5M","$8JzwefAwHCl96ZlTja5b5rV-MxH_1T91x6Yl6vKYGSg"],"prev_events":["$jiXC1l1ou9Ti0I7CV7PJrsVblqsrb9dPQentqZqLBys"],"type":"m.room.message","room_id":"!AHOiTmgdxQzlhIOUsy:localhost","sender":"@mm_user1.mm:localhost","content":{"msgtype":"m.text","body":"klklk"},"depth":12,"origin":"localhost","origin_server_ts":1678033769274,"hashes":{"sha256":"hVtqSOi1By3hLtOaFcia5ycEPwwy8BpBaqq5SGoSloo"},"signatures":{"localhost":{"ed25519:a_vyji":"RrpVKj25gHPICbtUTkclb+RxPTm4TCpZhv5Hq3F77gF4e4vxAd8emuyTSpy2Q9oabbtgvgZbpRyb0uOnqBSVCA"}},"unsigned":{"age_ts":1678033769274}}	3
$95vJ25qtpsri2l4-Ft6bN-NMw1uq9NjdTcLLt_v-cdE	!AHOiTmgdxQzlhIOUsy:localhost	{"token_id":14,"txn_id":"m1678033803383","historical":false}	{"auth_events":["$jiXC1l1ou9Ti0I7CV7PJrsVblqsrb9dPQentqZqLBys","$425aYo_LNE95R3HHpQZSk0MGS0CjqhCPkp0DJvtMk5M","$8JzwefAwHCl96ZlTja5b5rV-MxH_1T91x6Yl6vKYGSg"],"prev_events":["$ye7ixCV2UmoA3GCF2K5lqNSxMrWwkdvkTSOdQDHy-P0"],"type":"m.room.message","room_id":"!AHOiTmgdxQzlhIOUsy:localhost","sender":"@mm_user1.mm:localhost","content":{"msgtype":"m.text","body":"KLKLK"},"depth":14,"origin":"localhost","origin_server_ts":1678033803466,"hashes":{"sha256":"oWs6lDS1hxB8XAq5Gy8wVPfbnaHa2K4cZImk3m+xjF0"},"signatures":{"localhost":{"ed25519:a_vyji":"+33i3CgoaGVGJs6i6GEXVZk+czQBys/78hKtUJxBo7M+InuganKgZ9jQLHIgqzhYMbjc5Gvu2HG6B7lxifU0DA"}},"unsigned":{"age_ts":1678033803466}}	3
$0XMDIAwJBH-iA7qIReHWRJAwmGiTGGioVtV8KFmJ4_M	!AHOiTmgdxQzlhIOUsy:localhost	{"historical":false}	{"auth_events":["$Ww-5pR04rXtgZleTLBj7vJSR1LGkC3tZ5Zuaxqazwek","$cgYituIGJ7X54S5-Ax3C5u2yLwCnf99x2VbMmy0YD3w","$425aYo_LNE95R3HHpQZSk0MGS0CjqhCPkp0DJvtMk5M","$8JzwefAwHCl96ZlTja5b5rV-MxH_1T91x6Yl6vKYGSg"],"prev_events":["$95vJ25qtpsri2l4-Ft6bN-NMw1uq9NjdTcLLt_v-cdE"],"type":"m.room.member","room_id":"!AHOiTmgdxQzlhIOUsy:localhost","sender":"@matterbot:localhost","content":{"reason":"Needed for app service","membership":"join","displayname":"Mattermost Bridge"},"depth":15,"state_key":"@matterbot:localhost","origin":"localhost","origin_server_ts":1678033936870,"hashes":{"sha256":"OeUvpjYUXxiDpUNRUOq7zYUxbuPvFZGcT+kGdW9rgTM"},"signatures":{"localhost":{"ed25519:a_vyji":"o+AumAhxyMdTEjFlHKRp9hLJEKogqav6do3D3JGiJ3O385soMqSJr9zvk/gWB1mbnCiqQAGyfoUGGxkmuXYpDw"}},"unsigned":{"age_ts":1678033936870,"replaces_state":"$cgYituIGJ7X54S5-Ax3C5u2yLwCnf99x2VbMmy0YD3w"}}	3
$cy5KlfdXxrxwsh3JYgCvSt79RGqs9e0nqUdGznRRG7c	!AHOiTmgdxQzlhIOUsy:localhost	{"token_id":13,"txn_id":"m1678034001328.1","historical":false}	{"auth_events":["$8JzwefAwHCl96ZlTja5b5rV-MxH_1T91x6Yl6vKYGSg","$425aYo_LNE95R3HHpQZSk0MGS0CjqhCPkp0DJvtMk5M","$ye7ixCV2UmoA3GCF2K5lqNSxMrWwkdvkTSOdQDHy-P0"],"prev_events":["$0XMDIAwJBH-iA7qIReHWRJAwmGiTGGioVtV8KFmJ4_M"],"type":"m.room.message","room_id":"!AHOiTmgdxQzlhIOUsy:localhost","sender":"@user1.matrix:localhost","content":{"msgtype":"m.text","body":"ddd"},"depth":16,"origin":"localhost","origin_server_ts":1678034001410,"hashes":{"sha256":"lcAUxUEP3Iof8CQupDZpTbWW3XyG+QC6YAuVGZNBwYA"},"signatures":{"localhost":{"ed25519:a_vyji":"N56NpfT+x5a+P2cIF8RK2oyZ5kh7dpbOOwvcPixEJYZXJEBb+8OdxCPQKApoIKqDETqKgoX8vJRxBEknbN7OBg"}},"unsigned":{"age_ts":1678034001410}}	3
$v8iGN1Nqfe45E9UAlYS-2URhe0VSFqIHY_trb51SesI	!FzTtpSkXWMPYBKHUQN:localhost	{"token_id":9,"historical":false}	{"auth_events":["$1kn0z5XFW6tgZeQlEjEweLSJX_vv-w54n3uMagFyz9o","$c4I4FYRPIltfSw8Wf6w1NWiI0mLCN0eVcYuMsCyqiS4","$MjPoUIyI-4SLUb_2CX0SN6Cq4siLSpO81XmSX0Tt1Ag"],"prev_events":["$ggCddRubeCPps5yMhlY-9Ib0RvBhwUJy716vZvf32Oo"],"type":"m.room.member","room_id":"!FzTtpSkXWMPYBKHUQN:localhost","sender":"@user2.matrix:localhost","content":{"membership":"join","displayname":"user2.matrix"},"depth":18,"state_key":"@user2.matrix:localhost","origin":"localhost","origin_server_ts":1678611367048,"hashes":{"sha256":"83YEUzufRJQ/bnfxsyxBULWlsWxzEC4ndc+W4a1wWsw"},"signatures":{"localhost":{"ed25519:a_vyji":"h+6KEz2Tv9h4CdYiQYjDhaTYQROjrPwonSj7HvpKTJcKR+HImIGGKMy1xUgPp0iynzGIMdSTRnELloHUxvSWCQ"}},"unsigned":{"age_ts":1678611367048}}	3
$0s6lqq-j-E9Nm_LFwUEpeeLWBeDQ75ZYmwrYMoexDwc	!FzTtpSkXWMPYBKHUQN:localhost	{"token_id":9,"txn_id":"m1678611372616.0","historical":false}	{"auth_events":["$1kn0z5XFW6tgZeQlEjEweLSJX_vv-w54n3uMagFyz9o","$c4I4FYRPIltfSw8Wf6w1NWiI0mLCN0eVcYuMsCyqiS4","$v8iGN1Nqfe45E9UAlYS-2URhe0VSFqIHY_trb51SesI"],"prev_events":["$v8iGN1Nqfe45E9UAlYS-2URhe0VSFqIHY_trb51SesI"],"type":"m.room.message","room_id":"!FzTtpSkXWMPYBKHUQN:localhost","sender":"@user2.matrix:localhost","content":{"msgtype":"m.text","body":"ok"},"depth":19,"origin":"localhost","origin_server_ts":1678611372706,"hashes":{"sha256":"9mmoy6pD2VMDaBxTmYAkUQyVKTwuo4TlP5ReWUh4iDU"},"signatures":{"localhost":{"ed25519:a_vyji":"4e3JgCGWgC6JbB5FvPKhfKUHnClsT9S8yPx2kB2TuK5DKgmzrhRyMpTQf+ONCvcTo1E6Bbmo80POc1QAWkwMCQ"}},"unsigned":{"age_ts":1678611372706}}	3
$0xWeoIOTCY4e3-7ZbZGuokwWQFjVMhIRQNXarqF1pxw	!FzTtpSkXWMPYBKHUQN:localhost	{"token_id":2,"historical":false}	{"auth_events":["$1kn0z5XFW6tgZeQlEjEweLSJX_vv-w54n3uMagFyz9o","$c4I4FYRPIltfSw8Wf6w1NWiI0mLCN0eVcYuMsCyqiS4","$MjPoUIyI-4SLUb_2CX0SN6Cq4siLSpO81XmSX0Tt1Ag","$IU1ZxuT0Nte99MGUdW5IhEVc_pVMkrUEqjP5xs27dVs"],"prev_events":["$0s6lqq-j-E9Nm_LFwUEpeeLWBeDQ75ZYmwrYMoexDwc"],"type":"m.room.member","room_id":"!FzTtpSkXWMPYBKHUQN:localhost","sender":"@admin:localhost","content":{"reason":"Invited to room","membership":"invite","displayname":"mm_user2.mm"},"depth":20,"state_key":"@mm_user2.mm:localhost","origin":"localhost","origin_server_ts":1678611397446,"hashes":{"sha256":"QqrXXk8CabYD6+3qHQk4WjDrpSsjtQl+Lcp08jRz5jc"},"signatures":{"localhost":{"ed25519:a_vyji":"Ub3BoExce9Fs7ctc85UEHQO/yBjrurVnmOfswWNUoBXnpDVmdOiRW2QuITHB+HMgN9GcWK3xMQyc10pmlTG/Cw"}},"unsigned":{"age_ts":1678611397446,"invite_room_state":[{"type":"m.room.join_rules","state_key":"","content":{"join_rule":"public"},"sender":"@admin:localhost"},{"type":"m.room.canonical_alias","state_key":"","content":{"alias":"#town-square:localhost"},"sender":"@admin:localhost"},{"type":"m.room.name","state_key":"","content":{"name":"Town Square"},"sender":"@admin:localhost"},{"type":"m.room.create","state_key":"","content":{"room_version":"9","creator":"@admin:localhost"},"sender":"@admin:localhost"},{"type":"m.room.member","state_key":"@admin:localhost","content":{"membership":"join","displayname":"admin"},"sender":"@admin:localhost"}]}}	3
$pdWypCivt0W58tNdti2PPFECr9nY2FHCzPHcq3t7WEY	!FzTtpSkXWMPYBKHUQN:localhost	{"token_id":12,"historical":false}	{"auth_events":["$1kn0z5XFW6tgZeQlEjEweLSJX_vv-w54n3uMagFyz9o","$c4I4FYRPIltfSw8Wf6w1NWiI0mLCN0eVcYuMsCyqiS4","$0xWeoIOTCY4e3-7ZbZGuokwWQFjVMhIRQNXarqF1pxw","$MjPoUIyI-4SLUb_2CX0SN6Cq4siLSpO81XmSX0Tt1Ag"],"prev_events":["$0xWeoIOTCY4e3-7ZbZGuokwWQFjVMhIRQNXarqF1pxw"],"type":"m.room.member","room_id":"!FzTtpSkXWMPYBKHUQN:localhost","sender":"@mm_user2.mm:localhost","content":{"reason":"joining room","membership":"join","displayname":"mm_user2.mm"},"depth":21,"state_key":"@mm_user2.mm:localhost","origin":"localhost","origin_server_ts":1678611398194,"hashes":{"sha256":"l3GJ4NDTClPqVgtQywgpFW+7gBbVzspTKqo21RnVg+s"},"signatures":{"localhost":{"ed25519:a_vyji":"IvVF017EX2qaosDaXH0zsPrKUQ8kpSoxRV71WBcuDWdkjNQqMho7jqY4vbCC/c09t8G6m5FQrsnGtV7SgwkvAg"}},"unsigned":{"age_ts":1678611398194,"replaces_state":"$0xWeoIOTCY4e3-7ZbZGuokwWQFjVMhIRQNXarqF1pxw"}}	3
$Fv99ToyoiCcmIgW4cLLELDhrk41dcIcraArBj2LvaNE	!pYSbiOyjMFsKNxSMyi:localhost	{"token_id":2,"historical":false}	{"auth_events":["$EgLH6XFurmJirUH4D5Zkm8y1WyPdrFX2SSko4S0-7hQ","$gyvaweguHrwLjB1B_41QMnzSUMHQGbQmTALeOOMmWfU","$tkoiHC3Vf1zAnFhhvTe60NQ7m3nRNvT1ILxtf8O8Tdc","$hZ3X11MNOocXcrcCNowWncNXGOcKtKz2Yuy15DpSX9Y"],"prev_events":["$nFwL1txBnk2dj72aBWqthTGHrC-kv7CYWMt3cwz8qgw"],"type":"m.room.member","room_id":"!pYSbiOyjMFsKNxSMyi:localhost","sender":"@admin:localhost","content":{"reason":"Invited to room","membership":"invite","displayname":"mm_user2.mm"},"depth":13,"state_key":"@mm_user2.mm:localhost","origin":"localhost","origin_server_ts":1678611398940,"hashes":{"sha256":"xMGmIpRwLXQvM5gjfE7cysO84U6KZVuksNzwcFXbbY4"},"signatures":{"localhost":{"ed25519:a_vyji":"XYWZEsw7hZs/tT0sJUChy6U8vZUWVMqCpvcOB/PqOfbpYPocqDQ52ZoRr1XjhuFFvXT1IAROoye8+Fv1+UqOBg"}},"unsigned":{"age_ts":1678611398940,"invite_room_state":[{"type":"m.room.join_rules","state_key":"","content":{"join_rule":"public"},"sender":"@admin:localhost"},{"type":"m.room.create","state_key":"","content":{"room_version":"9","creator":"@admin:localhost"},"sender":"@admin:localhost"},{"type":"m.room.canonical_alias","state_key":"","content":{"alias":"#off-topic:localhost"},"sender":"@admin:localhost"},{"type":"m.room.name","state_key":"","content":{"name":"#Off-Topic"},"sender":"@admin:localhost"},{"type":"m.room.member","state_key":"@admin:localhost","content":{"membership":"join","displayname":"admin"},"sender":"@admin:localhost"}]}}	3
$PdV2tqK4NNZudisUim3L-UFebwMTDKtC4V3oRBsAKNg	!pYSbiOyjMFsKNxSMyi:localhost	{"token_id":12,"historical":false}	{"auth_events":["$EgLH6XFurmJirUH4D5Zkm8y1WyPdrFX2SSko4S0-7hQ","$gyvaweguHrwLjB1B_41QMnzSUMHQGbQmTALeOOMmWfU","$Fv99ToyoiCcmIgW4cLLELDhrk41dcIcraArBj2LvaNE","$tkoiHC3Vf1zAnFhhvTe60NQ7m3nRNvT1ILxtf8O8Tdc"],"prev_events":["$Fv99ToyoiCcmIgW4cLLELDhrk41dcIcraArBj2LvaNE"],"type":"m.room.member","room_id":"!pYSbiOyjMFsKNxSMyi:localhost","sender":"@mm_user2.mm:localhost","content":{"reason":"joining room","membership":"join","displayname":"mm_user2.mm"},"depth":14,"state_key":"@mm_user2.mm:localhost","origin":"localhost","origin_server_ts":1678611399739,"hashes":{"sha256":"WPXQ0nVcW8PcOyD9I2FOeAcjcrgtRp6EFD4VfhgSoT4"},"signatures":{"localhost":{"ed25519:a_vyji":"lRan5f06jl2b7YQ/qJcMtQahmdivF36sZV6RXvW1TSuwhbkTaaw0KSpP8eURlPB9NVEhBdp5gXrODfRstQJqAA"}},"unsigned":{"age_ts":1678611399739,"replaces_state":"$Fv99ToyoiCcmIgW4cLLELDhrk41dcIcraArBj2LvaNE"}}	3
$iBD87Nj7pcqWKLj0dW9b0Am9tLGDUsUNgGx_DLCak6c	!pYSbiOyjMFsKNxSMyi:localhost	{"token_id":2,"historical":false}	{"auth_events":["$hZ3X11MNOocXcrcCNowWncNXGOcKtKz2Yuy15DpSX9Y","$EgLH6XFurmJirUH4D5Zkm8y1WyPdrFX2SSko4S0-7hQ","$tkoiHC3Vf1zAnFhhvTe60NQ7m3nRNvT1ILxtf8O8Tdc","$gyvaweguHrwLjB1B_41QMnzSUMHQGbQmTALeOOMmWfU"],"prev_events":["$PdV2tqK4NNZudisUim3L-UFebwMTDKtC4V3oRBsAKNg"],"type":"m.room.member","room_id":"!pYSbiOyjMFsKNxSMyi:localhost","sender":"@admin:localhost","content":{"reason":"Invited to room","membership":"invite","displayname":"mm_user1.mm"},"depth":15,"state_key":"@mm_user1.mm:localhost","origin":"localhost","origin_server_ts":1679129909975,"hashes":{"sha256":"9YcbAl86H7TeffQD7T+KY/rPMROos5bEOHED3a5flYU"},"signatures":{"localhost":{"ed25519:a_vyji":"p83uhNjoH2ylX2gA9iGg1U/AHMe9ieM17Ei0b2KFalaO6KFLBGL+uWqB80/lz91QUqKYyXdFdiul9mwlF6tKDA"}},"unsigned":{"age_ts":1679129909975,"invite_room_state":[{"type":"m.room.join_rules","state_key":"","content":{"join_rule":"public"},"sender":"@admin:localhost"},{"type":"m.room.create","state_key":"","content":{"room_version":"9","creator":"@admin:localhost"},"sender":"@admin:localhost"},{"type":"m.room.canonical_alias","state_key":"","content":{"alias":"#off-topic:localhost"},"sender":"@admin:localhost"},{"type":"m.room.name","state_key":"","content":{"name":"#Off-Topic"},"sender":"@admin:localhost"},{"type":"m.room.member","state_key":"@admin:localhost","content":{"membership":"join","displayname":"admin"},"sender":"@admin:localhost"}]}}	3
$Z6q_pHNPM3MSDJqL1coCYtFuO0XvjFyT7uEHW_VzTmI	!pYSbiOyjMFsKNxSMyi:localhost	{"token_id":12,"historical":false}	{"auth_events":["$tkoiHC3Vf1zAnFhhvTe60NQ7m3nRNvT1ILxtf8O8Tdc","$gyvaweguHrwLjB1B_41QMnzSUMHQGbQmTALeOOMmWfU","$EgLH6XFurmJirUH4D5Zkm8y1WyPdrFX2SSko4S0-7hQ","$iBD87Nj7pcqWKLj0dW9b0Am9tLGDUsUNgGx_DLCak6c"],"prev_events":["$iBD87Nj7pcqWKLj0dW9b0Am9tLGDUsUNgGx_DLCak6c"],"type":"m.room.member","room_id":"!pYSbiOyjMFsKNxSMyi:localhost","sender":"@mm_user1.mm:localhost","content":{"reason":"joining room","membership":"join","displayname":"mm_user1.mm"},"depth":16,"state_key":"@mm_user1.mm:localhost","origin":"localhost","origin_server_ts":1679129910325,"hashes":{"sha256":"5SZ6pOJwUyeKKGkZg0xjtjvO6up0cKj2063iqMH77Ig"},"signatures":{"localhost":{"ed25519:a_vyji":"weSGZpi8Ow4dYTPSMsogyYOYl0MepzOe/akmIDJQCbIqAyvri7UzkIlLlMdE5pfZg3becyWQ1/MczuItjNMEBg"}},"unsigned":{"age_ts":1679129910325,"replaces_state":"$iBD87Nj7pcqWKLj0dW9b0Am9tLGDUsUNgGx_DLCak6c"}}	3
$XmrlogapQqYj1VfKlSL8vSO2sxNBExeByFQ5f7h9OEU	!pYSbiOyjMFsKNxSMyi:localhost	{"token_id":12,"txn_id":"m1679129910896","historical":false}	{"auth_events":["$gyvaweguHrwLjB1B_41QMnzSUMHQGbQmTALeOOMmWfU","$EgLH6XFurmJirUH4D5Zkm8y1WyPdrFX2SSko4S0-7hQ","$Z6q_pHNPM3MSDJqL1coCYtFuO0XvjFyT7uEHW_VzTmI"],"prev_events":["$Z6q_pHNPM3MSDJqL1coCYtFuO0XvjFyT7uEHW_VzTmI"],"type":"m.room.message","room_id":"!pYSbiOyjMFsKNxSMyi:localhost","sender":"@mm_user1.mm:localhost","content":{"msgtype":"m.text","body":"Ok"},"depth":17,"origin":"localhost","origin_server_ts":1679129910934,"hashes":{"sha256":"iJHmNtMXs3lkn27zmfjkngKIBVjBFh5vWeZeRTHGtqs"},"signatures":{"localhost":{"ed25519:a_vyji":"gpVxUaiRKSHcIYeThlOwgAnHH83yaCySGQZj06XZxGE82i7t/mQJ/G7xT5ZElBfP+JTysYlQr/hoBbkTwaO5DQ"}},"unsigned":{"age_ts":1679129910934}}	3
$ZbStQfXya3r8-aGQzgeyjM1XexpMdB05yqudqOItZ7Y	!AHOiTmgdxQzlhIOUsy:localhost	{"token_id":12,"txn_id":"m1679410054878.0","historical":false}	{"auth_events":["$425aYo_LNE95R3HHpQZSk0MGS0CjqhCPkp0DJvtMk5M","$8JzwefAwHCl96ZlTja5b5rV-MxH_1T91x6Yl6vKYGSg","$ye7ixCV2UmoA3GCF2K5lqNSxMrWwkdvkTSOdQDHy-P0"],"prev_events":["$cy5KlfdXxrxwsh3JYgCvSt79RGqs9e0nqUdGznRRG7c"],"type":"m.room.message","room_id":"!AHOiTmgdxQzlhIOUsy:localhost","sender":"@user1.matrix:localhost","content":{"msgtype":"m.text","body":"ok"},"depth":17,"origin":"localhost","origin_server_ts":1679410054957,"hashes":{"sha256":"OWU45ewj8+LTn1sirEZlpvWBbXO5nH98rU6/kQtj2ZM"},"signatures":{"localhost":{"ed25519:a_vyji":"a2VdejXLlTINrGG6akhrb26mqbl2K6ybj9PUg8K604glv+7MI98N2O4ls5bqVBd2L74rXGd5HJfJ0wABlUDWBw"}},"unsigned":{"age_ts":1679410054957}}	3
$Qz3TCt9TZASSCaEgtUMB4UvTNFiNj8xUud69yTLrB1A	!AHOiTmgdxQzlhIOUsy:localhost	{"token_id":13,"historical":false}	{"auth_events":["$8JzwefAwHCl96ZlTja5b5rV-MxH_1T91x6Yl6vKYGSg","$425aYo_LNE95R3HHpQZSk0MGS0CjqhCPkp0DJvtMk5M","$Ww-5pR04rXtgZleTLBj7vJSR1LGkC3tZ5Zuaxqazwek"],"prev_events":["$ZbStQfXya3r8-aGQzgeyjM1XexpMdB05yqudqOItZ7Y"],"type":"m.room.member","room_id":"!AHOiTmgdxQzlhIOUsy:localhost","sender":"@user2.matrix:localhost","content":{"membership":"join","displayname":"user2.matrix"},"depth":18,"state_key":"@user2.matrix:localhost","origin":"localhost","origin_server_ts":1679410201093,"hashes":{"sha256":"GTVSOkzQtAdARYoNCGw5JN1gyLURW05ov2bT022cPxQ"},"signatures":{"localhost":{"ed25519:a_vyji":"P4lCPtWOjiwgRJOG6wv9LfNSMPEUXp5XeL3qvvS0INITgjjeir+zjioh3NfUe1fNxEI9E0vabFPISDbzLkkNAA"}},"unsigned":{"age_ts":1679410201093}}	3
$4SCBWPaw9DfE1F8UhlHU8tcCgyNMGrdohneVcLXuYzc	!AHOiTmgdxQzlhIOUsy:localhost	{"token_id":13,"txn_id":"m1679410216520.0","historical":false}	{"auth_events":["$8JzwefAwHCl96ZlTja5b5rV-MxH_1T91x6Yl6vKYGSg","$425aYo_LNE95R3HHpQZSk0MGS0CjqhCPkp0DJvtMk5M","$Qz3TCt9TZASSCaEgtUMB4UvTNFiNj8xUud69yTLrB1A"],"prev_events":["$Qz3TCt9TZASSCaEgtUMB4UvTNFiNj8xUud69yTLrB1A"],"type":"m.room.message","room_id":"!AHOiTmgdxQzlhIOUsy:localhost","sender":"@user2.matrix:localhost","content":{"msgtype":"m.text","body":"ok"},"depth":19,"origin":"localhost","origin_server_ts":1679410216626,"hashes":{"sha256":"9PIN/g1I0HIbdj6oGYXUXPlNEDzq5zoEXQyjmMNygzA"},"signatures":{"localhost":{"ed25519:a_vyji":"HZyRYe9qAYQ0pHIIrLEL/LJTmEW1wlvJ1waz3jLHtdZGpBqB19GF1YKyZ4f2PQBPtrQWn7+TQQ06LlG9MWe8Cg"}},"unsigned":{"age_ts":1679410216626}}	3
$I7bu0SuyZ_d7gNQWqG7B7c9bRaJpJVrKN3Ftzy-ST3o	!pYSbiOyjMFsKNxSMyi:localhost	{"token_id":16,"historical":false}	{"auth_events":["$EgLH6XFurmJirUH4D5Zkm8y1WyPdrFX2SSko4S0-7hQ","$gyvaweguHrwLjB1B_41QMnzSUMHQGbQmTALeOOMmWfU","$tkoiHC3Vf1zAnFhhvTe60NQ7m3nRNvT1ILxtf8O8Tdc"],"prev_events":["$XmrlogapQqYj1VfKlSL8vSO2sxNBExeByFQ5f7h9OEU"],"type":"m.room.member","room_id":"!pYSbiOyjMFsKNxSMyi:localhost","sender":"@user3.matrix:localhost","content":{"membership":"join","displayname":"user3.matrix"},"depth":18,"state_key":"@user3.matrix:localhost","origin":"localhost","origin_server_ts":1679412911820,"hashes":{"sha256":"4LvUSDT9RXt1GJQcWsorMKmnqfeHxycLA4aGc9lsYoE"},"signatures":{"localhost":{"ed25519:a_vyji":"724jdY8dscDz3SOxtbvLqt2IS6BaPM/Iz3tCQ9k01jEO3toizWSON2zGc/bRLXESl4mbks+d936OnYZkeYZhDA"}},"unsigned":{"age_ts":1679412911820}}	3
$slqMcNC5aM4RPcFxUSnvevAVSEwE34tlwYESlS2z7W4	!AHOiTmgdxQzlhIOUsy:localhost	{"token_id":2,"historical":false}	{"auth_events":["$8JzwefAwHCl96ZlTja5b5rV-MxH_1T91x6Yl6vKYGSg","$425aYo_LNE95R3HHpQZSk0MGS0CjqhCPkp0DJvtMk5M","$Ww-5pR04rXtgZleTLBj7vJSR1LGkC3tZ5Zuaxqazwek","$2AEp1hOUUsulI8Zc2ISpcmI9VmKuftWZdClPUSC_mD4"],"prev_events":["$4SCBWPaw9DfE1F8UhlHU8tcCgyNMGrdohneVcLXuYzc"],"type":"m.room.member","room_id":"!AHOiTmgdxQzlhIOUsy:localhost","sender":"@admin:localhost","content":{"reason":"Invited to room","membership":"invite","displayname":"mm_user2.mm"},"depth":20,"state_key":"@mm_user2.mm:localhost","origin":"localhost","origin_server_ts":1679410302747,"hashes":{"sha256":"5Q/kIHrys/8YIBp3QoLhgymrO9GkcyFudvmc950EHTQ"},"signatures":{"localhost":{"ed25519:a_vyji":"Oi8vB0Vxt5kVl9lJKm0GeAYhLbBrBIrJgrCK7Yn5hkOGQmoiguAdUjLibURuYyrAPpNJl3Qf4EXCAaBbpQmECQ"}},"unsigned":{"age_ts":1679410302747,"invite_room_state":[{"type":"m.room.join_rules","state_key":"","content":{"join_rule":"public"},"sender":"@admin:localhost"},{"type":"m.room.canonical_alias","state_key":"","content":{"alias":"#after-work:localhost"},"sender":"@admin:localhost"},{"type":"m.room.name","state_key":"","content":{"name":"After Work"},"sender":"@admin:localhost"},{"type":"m.room.create","state_key":"","content":{"room_version":"10","creator":"@admin:localhost"},"sender":"@admin:localhost"},{"type":"m.room.member","state_key":"@admin:localhost","content":{"membership":"join","displayname":"admin"},"sender":"@admin:localhost"}]}}	3
$cWb_bCwCrj6N8hvObwR3Dfe63W634wlYWIy2-UKO28M	!AHOiTmgdxQzlhIOUsy:localhost	{"token_id":14,"historical":false}	{"auth_events":["$slqMcNC5aM4RPcFxUSnvevAVSEwE34tlwYESlS2z7W4","$425aYo_LNE95R3HHpQZSk0MGS0CjqhCPkp0DJvtMk5M","$8JzwefAwHCl96ZlTja5b5rV-MxH_1T91x6Yl6vKYGSg","$Ww-5pR04rXtgZleTLBj7vJSR1LGkC3tZ5Zuaxqazwek"],"prev_events":["$slqMcNC5aM4RPcFxUSnvevAVSEwE34tlwYESlS2z7W4"],"type":"m.room.member","room_id":"!AHOiTmgdxQzlhIOUsy:localhost","sender":"@mm_user2.mm:localhost","content":{"reason":"joining room","membership":"join","displayname":"mm_user2.mm"},"depth":21,"state_key":"@mm_user2.mm:localhost","origin":"localhost","origin_server_ts":1679410303813,"hashes":{"sha256":"27rM+CNiRtoXSiPUHn2kdIpxsx4sPDM8cVuNehWnBpQ"},"signatures":{"localhost":{"ed25519:a_vyji":"tULGOHnnqCf8roYL5TeKKZhpJoIDzsYFkbIy+LKVII7DAuNgKZWYJ2EoPsg+CY42PwbIvNgOpjZfzRXSgXBpCw"}},"unsigned":{"age_ts":1679410303813,"replaces_state":"$slqMcNC5aM4RPcFxUSnvevAVSEwE34tlwYESlS2z7W4"}}	3
$s5oiTl_9b6K-IKMmuviFRxmIeO-uX2MJWYo7ws0AvWs	!AHOiTmgdxQzlhIOUsy:localhost	{"token_id":14,"txn_id":"m1679410380382","historical":false}	{"auth_events":["$cWb_bCwCrj6N8hvObwR3Dfe63W634wlYWIy2-UKO28M","$425aYo_LNE95R3HHpQZSk0MGS0CjqhCPkp0DJvtMk5M","$8JzwefAwHCl96ZlTja5b5rV-MxH_1T91x6Yl6vKYGSg"],"prev_events":["$cWb_bCwCrj6N8hvObwR3Dfe63W634wlYWIy2-UKO28M"],"type":"m.room.message","room_id":"!AHOiTmgdxQzlhIOUsy:localhost","sender":"@mm_user2.mm:localhost","content":{"msgtype":"m.text","body":"Fine dinner AW"},"depth":22,"origin":"localhost","origin_server_ts":1679410380540,"hashes":{"sha256":"9KhMp4gyOyHCFDWMPLmHFzDyfx8xgYSCrgaJTQHy30U"},"signatures":{"localhost":{"ed25519:a_vyji":"qO5Lk2ZtXc79EgdQNsnXWYK3VB5rN/7PE7AIaJz/Zhx2eSU7KntQ0JXbHo9A2EXSWuvwkgnfsIOMoTqGtHnLDw"}},"unsigned":{"age_ts":1679410380540}}	3
$PLSJo_YuSdhcp8Qc1EtpopguS8UaiOZGkIcs_HYhOj4	!AHOiTmgdxQzlhIOUsy:localhost	{"token_id":14,"txn_id":"m1679410381421","historical":false}	{"auth_events":["$cWb_bCwCrj6N8hvObwR3Dfe63W634wlYWIy2-UKO28M","$425aYo_LNE95R3HHpQZSk0MGS0CjqhCPkp0DJvtMk5M","$8JzwefAwHCl96ZlTja5b5rV-MxH_1T91x6Yl6vKYGSg"],"prev_events":["$s5oiTl_9b6K-IKMmuviFRxmIeO-uX2MJWYo7ws0AvWs"],"type":"m.room.message","room_id":"!AHOiTmgdxQzlhIOUsy:localhost","sender":"@mm_user2.mm:localhost","content":{"msgtype":"m.image","body":"024906F6-E58D-4AD5-923E-D12140EC537A.jpeg","url":"mxc://localhost/OEJHXMaypLXnfUDqMePOyGdG","info":{"size":608445,"mimetype":"image/jpeg","w":1080,"h":1920}},"depth":23,"origin":"localhost","origin_server_ts":1679410381454,"hashes":{"sha256":"wGDhTW7FDpwT66pZMkfVlXWmqfR4E4puiYglnpB9RuU"},"signatures":{"localhost":{"ed25519:a_vyji":"RhB39TkV1jilJhzdOhUoO7kbzdWWpLOxo7tkl0MXgRBPEOvPFxcMgr0KEorOlEzGtipmG0baFiLKB7jeZvfNDQ"}},"unsigned":{"age_ts":1679410381454}}	3
$COjzubYZc9gp1UYu3MF9optOH1hKuh6ZOLrP1vwiaW4	!FzTtpSkXWMPYBKHUQN:localhost	{"token_id":13,"txn_id":"m1679410491202.1","historical":false}	{"auth_events":["$c4I4FYRPIltfSw8Wf6w1NWiI0mLCN0eVcYuMsCyqiS4","$1kn0z5XFW6tgZeQlEjEweLSJX_vv-w54n3uMagFyz9o","$v8iGN1Nqfe45E9UAlYS-2URhe0VSFqIHY_trb51SesI"],"prev_events":["$pdWypCivt0W58tNdti2PPFECr9nY2FHCzPHcq3t7WEY"],"type":"m.room.message","room_id":"!FzTtpSkXWMPYBKHUQN:localhost","sender":"@user2.matrix:localhost","content":{"body":"HotElement.jpeg","info":{"size":35374,"mimetype":"image/jpeg","w":450,"h":600,"xyz.amorgan.blurhash":"TEHxNQZz*0?^xtsB%fozV@=_t7EN"},"msgtype":"m.image","url":"mxc://localhost/dsqNOZRBJAfwQlbkdTkiBIAg"},"depth":22,"origin":"localhost","origin_server_ts":1679410491258,"hashes":{"sha256":"qZk8B0Radw6/qpAc0cz1K1AXpCvhquengviQZpxjyQY"},"signatures":{"localhost":{"ed25519:a_vyji":"CVoWf948bO36fUlb4oGInZtmoSsENpvWv2lCsSzmOlt8/PDSk6RiAW3kxme6FbqPJCArvQ4M5rUTwU/tPiGCAA"}},"unsigned":{"age_ts":1679410491258}}	3
$keJQHXWi-ZiK2B2FdzQ1IUZ0fzfFBax-gHNp7AR9UWo	!FzTtpSkXWMPYBKHUQN:localhost	{"token_id":13,"txn_id":"m1679410503080.2","historical":false}	{"auth_events":["$c4I4FYRPIltfSw8Wf6w1NWiI0mLCN0eVcYuMsCyqiS4","$1kn0z5XFW6tgZeQlEjEweLSJX_vv-w54n3uMagFyz9o","$v8iGN1Nqfe45E9UAlYS-2URhe0VSFqIHY_trb51SesI"],"prev_events":["$COjzubYZc9gp1UYu3MF9optOH1hKuh6ZOLrP1vwiaW4"],"type":"m.room.message","room_id":"!FzTtpSkXWMPYBKHUQN:localhost","sender":"@user2.matrix:localhost","content":{"msgtype":"m.text","body":"Element will work"},"depth":23,"origin":"localhost","origin_server_ts":1679410503162,"hashes":{"sha256":"fV6jg2OfK7E4CekaqbKzlA2r7S5MsWLftR6HyoNUQz0"},"signatures":{"localhost":{"ed25519:a_vyji":"deWEM8Y6YK+yE4zwk0Ja7GYTJBpVqPFPf+JkEznAQIBqQaeexDgaQ0cuaPyEJJCLCakHcWNiNVcS8UJa09vYAw"}},"unsigned":{"age_ts":1679410503162}}	3
$jLqj0K8k8IznEp_zldWz_Ezx5RfWpkQZCFKnJyfUBQ8	!FzTtpSkXWMPYBKHUQN:localhost	{"token_id":16,"historical":false}	{"auth_events":["$1kn0z5XFW6tgZeQlEjEweLSJX_vv-w54n3uMagFyz9o","$c4I4FYRPIltfSw8Wf6w1NWiI0mLCN0eVcYuMsCyqiS4","$MjPoUIyI-4SLUb_2CX0SN6Cq4siLSpO81XmSX0Tt1Ag"],"prev_events":["$keJQHXWi-ZiK2B2FdzQ1IUZ0fzfFBax-gHNp7AR9UWo"],"type":"m.room.member","room_id":"!FzTtpSkXWMPYBKHUQN:localhost","sender":"@user3.matrix:localhost","content":{"membership":"join","displayname":"user3.matrix"},"depth":24,"state_key":"@user3.matrix:localhost","origin":"localhost","origin_server_ts":1679412883283,"hashes":{"sha256":"2wJSPsFy97H20FinqAwlpKVnGJQ3S0mLt+9YCUbHQ9w"},"signatures":{"localhost":{"ed25519:a_vyji":"u8gIoIEP/qHZiMP7T6tms32r7tF71ZffiQ4dcg6A6H1haO+ABddw6PpfeTUbNE5CxcfDD5F1MZQa8u9lcmRpAw"}},"unsigned":{"age_ts":1679412883283}}	3
$8L8kolK-08m1wXb1AstqZz_qz_SUzB08YqJZ_kYqWMs	!AHOiTmgdxQzlhIOUsy:localhost	{"token_id":16,"historical":false}	{"auth_events":["$425aYo_LNE95R3HHpQZSk0MGS0CjqhCPkp0DJvtMk5M","$8JzwefAwHCl96ZlTja5b5rV-MxH_1T91x6Yl6vKYGSg","$Ww-5pR04rXtgZleTLBj7vJSR1LGkC3tZ5Zuaxqazwek"],"prev_events":["$PLSJo_YuSdhcp8Qc1EtpopguS8UaiOZGkIcs_HYhOj4"],"type":"m.room.member","room_id":"!AHOiTmgdxQzlhIOUsy:localhost","sender":"@user3.matrix:localhost","content":{"membership":"join","displayname":"user3.matrix"},"depth":24,"state_key":"@user3.matrix:localhost","origin":"localhost","origin_server_ts":1679412902226,"hashes":{"sha256":"0zcFIbY3xFk4XPC7D5xIq+rIXYuHYa15nAKtT7j/oQk"},"signatures":{"localhost":{"ed25519:a_vyji":"Ovv1MDzUpz9+5ZYi8y/S1sZU6rSlemz0JtWR2GhWaRa2WDl/JEtjm9E2lwmrbxGQ4k1IOpaRMwhmaFTSVVIdAg"}},"unsigned":{"age_ts":1679412902226}}	3
$mmPSR9VqhO1noWGYGbl2whlFTsU1V3PHK_ncCUGnqTc	!AHOiTmgdxQzlhIOUsy:localhost	{"token_id":16,"txn_id":"m1679412934700.0","historical":false}	{"auth_events":["$8L8kolK-08m1wXb1AstqZz_qz_SUzB08YqJZ_kYqWMs","$425aYo_LNE95R3HHpQZSk0MGS0CjqhCPkp0DJvtMk5M","$8JzwefAwHCl96ZlTja5b5rV-MxH_1T91x6Yl6vKYGSg"],"prev_events":["$8L8kolK-08m1wXb1AstqZz_qz_SUzB08YqJZ_kYqWMs"],"type":"m.room.message","room_id":"!AHOiTmgdxQzlhIOUsy:localhost","sender":"@user3.matrix:localhost","content":{"msgtype":"m.text","body":"Like the dinner. I will join"},"depth":25,"origin":"localhost","origin_server_ts":1679412934743,"hashes":{"sha256":"DtpmtTtS//WiCAFjniVppzvwz4kXKIulsi2qoWtswlo"},"signatures":{"localhost":{"ed25519:a_vyji":"IcmWvHpyp0hrnRluNmzhzoCepOA/w1LjQpgyRtOC9GnFerVGmVuGWuynqJ9XhZobiNFRzJ/otnFHTiw4km/zAg"}},"unsigned":{"age_ts":1679412934743}}	3
$5_XiqIyj_mv3JlnyqfoTpIDIQ2tdPu3N8U7by84mBXE	!pYSbiOyjMFsKNxSMyi:localhost	{"token_id":12,"txn_id":"m1679413133014.1","historical":false}	{"auth_events":["$EgLH6XFurmJirUH4D5Zkm8y1WyPdrFX2SSko4S0-7hQ","$gyvaweguHrwLjB1B_41QMnzSUMHQGbQmTALeOOMmWfU","$0RmvI0B1zTbePI4eCXXUO_9tJQY2XcOy4Kt4FqYQ-Yk"],"prev_events":["$I7bu0SuyZ_d7gNQWqG7B7c9bRaJpJVrKN3Ftzy-ST3o"],"type":"m.room.message","room_id":"!pYSbiOyjMFsKNxSMyi:localhost","sender":"@user1.matrix:localhost","content":{"body":"TBana-Nacka.png","info":{"size":230773,"mimetype":"image/png","thumbnail_info":{"w":800,"h":382,"mimetype":"image/png","size":69384},"w":1138,"h":544,"xyz.amorgan.blurhash":"L7SZ5_4:E2EO~AadE1aexvIq-nn#","thumbnail_url":"mxc://localhost/QCIlCIKJOzSDMRPyhSiOwWAu"},"msgtype":"m.image","url":"mxc://localhost/PWzpjqoxzteQyNCdqPaVxCjm"},"depth":19,"origin":"localhost","origin_server_ts":1679413133107,"hashes":{"sha256":"4gJ9Y0HsmcMUYkQSvb4TTDGsw9vVgtIpmeIWiBPpFfA"},"signatures":{"localhost":{"ed25519:a_vyji":"WzcKJdnLvg0/oBzVqFWT+cYK5JMq/ChrtgyfoUJZFaJIJuTWLYYd8Za7XbGY38sgp5pPJ9YxXr+uYcKG0N/wAA"}},"unsigned":{"age_ts":1679413133107}}	3
$91Cmq-17R2sVRCRnizx8fJKL3TLGjsOR0c4Ry3CKGyo	!pYSbiOyjMFsKNxSMyi:localhost	{"token_id":18,"historical":false}	{"auth_events":["$gyvaweguHrwLjB1B_41QMnzSUMHQGbQmTALeOOMmWfU","$EgLH6XFurmJirUH4D5Zkm8y1WyPdrFX2SSko4S0-7hQ","$tkoiHC3Vf1zAnFhhvTe60NQ7m3nRNvT1ILxtf8O8Tdc"],"prev_events":["$5_XiqIyj_mv3JlnyqfoTpIDIQ2tdPu3N8U7by84mBXE"],"type":"m.room.member","room_id":"!pYSbiOyjMFsKNxSMyi:localhost","sender":"@user2.matrix:localhost","content":{"membership":"join","displayname":"user2.matrix"},"depth":20,"state_key":"@user2.matrix:localhost","origin":"localhost","origin_server_ts":1679413187055,"hashes":{"sha256":"ItYt/4IxBtiCoMaS/Xa7GRuI15aaqz+vkinS7C37hq4"},"signatures":{"localhost":{"ed25519:a_vyji":"PwbTNHWgQgNodcjorJB6YF7ymhJND2YCsmfsutVoemkCqOG2wwRscTmvCh4KWs4adgr0sZJfLauUX8GmxOpMDw"}},"unsigned":{"age_ts":1679413187055}}	3
$a7zOXKjjr_ueVtYDoa7MhlNoILAsxHrEuNyaJeMg6HQ	!pYSbiOyjMFsKNxSMyi:localhost	{"token_id":18,"txn_id":"m1679414296444.0","historical":false}	{"auth_events":["$gyvaweguHrwLjB1B_41QMnzSUMHQGbQmTALeOOMmWfU","$EgLH6XFurmJirUH4D5Zkm8y1WyPdrFX2SSko4S0-7hQ","$91Cmq-17R2sVRCRnizx8fJKL3TLGjsOR0c4Ry3CKGyo"],"prev_events":["$91Cmq-17R2sVRCRnizx8fJKL3TLGjsOR0c4Ry3CKGyo"],"type":"m.room.message","room_id":"!pYSbiOyjMFsKNxSMyi:localhost","sender":"@user2.matrix:localhost","content":{"msgtype":"m.text","body":"```code\\nJava=cool\\n```","format":"org.matrix.custom.html","formatted_body":"<pre><code class=\\"language-code\\">Java=cool\\n</code></pre>\\n"},"depth":21,"origin":"localhost","origin_server_ts":1679414296537,"hashes":{"sha256":"+LrIXGOEtiOMseVu2rI1Hdwcvyqs2X8JIr2PZOuzccg"},"signatures":{"localhost":{"ed25519:a_vyji":"Eq4d6SIQKZ/lmEs+PaPOhtdRZdFSB1lrhxFeMTKDeyeijf1nx42BZX+oLoxb3nj11z4HS/rtgwWYjQrwJw4OAw"}},"unsigned":{"age_ts":1679414296537}}	3
$jD3h3ETxg2QK1PtrN6AW6y2kwQsFAQe7srLpSwfPhNg	!wGvWnTVpsbEMByNykc:localhost	{"token_id":19,"historical":false}	{"auth_events":["$V4h-t7Z_ikk8f5J8DFBd6LCzIg27Ls_Cq5SwfTNvF0E"],"prev_events":["$V4h-t7Z_ikk8f5J8DFBd6LCzIg27Ls_Cq5SwfTNvF0E"],"type":"m.room.member","room_id":"!wGvWnTVpsbEMByNykc:localhost","sender":"@mm_user2.mm:localhost","content":{"membership":"join","displayname":"mm_user2.mm"},"depth":2,"state_key":"@mm_user2.mm:localhost","origin":"localhost","origin_server_ts":1679414708917,"hashes":{"sha256":"I978FlG1rXq2oHulFt/hwS8FO+W2Vvf1HrI5zdCFrm8"},"signatures":{"localhost":{"ed25519:a_vyji":"WdN/d5JSTiHoJOr/N7H/NTKsyWyHfUYXkQBRBuzJ0HzQTVy8iUgTmmUdvdRmne7syqlOxtlkvQsyImufJB7gBQ"}},"unsigned":{"age_ts":1679414708917}}	3
$DOZehhyD4JGGFtEd922b5xVLGdup3v_MzKBeEQ_JzFE	!wGvWnTVpsbEMByNykc:localhost	{"token_id":19,"txn_id":"m1679414710287","historical":false}	{"auth_events":["$jD3h3ETxg2QK1PtrN6AW6y2kwQsFAQe7srLpSwfPhNg","$kec4ZazwDdb-ZMxMr8ymwytOs-zGx-8VjOrW00BW_ZA","$V4h-t7Z_ikk8f5J8DFBd6LCzIg27Ls_Cq5SwfTNvF0E"],"prev_events":["$F0LR4DEA3oLcc3k_eNE6_RKKA11yLcsmfO_8qPHHW8Y"],"type":"m.room.message","room_id":"!wGvWnTVpsbEMByNykc:localhost","sender":"@mm_user2.mm:localhost","content":{"msgtype":"m.text","body":"okok"},"depth":10,"origin":"localhost","origin_server_ts":1679414710341,"hashes":{"sha256":"pTkL0pUU6az+nFVwcFmhSSSpyQaPFLPkJW0WutpXy1c"},"signatures":{"localhost":{"ed25519:a_vyji":"RFoIeqefLY0MF08Yr5hztVkLLbNFca5rTQ8x2R3lnyssM9i8AZfIeIA6zyAaEqT/Mu28VjMuCLf1z47Ttg1eDA"}},"unsigned":{"age_ts":1679414710341}}	3
$wTfVj9B1xWTDZGpgTmLF5VwLS4zZnOAoCichsjzrqsI	!wGvWnTVpsbEMByNykc:localhost	{"token_id":18,"historical":false}	{"auth_events":["$V4h-t7Z_ikk8f5J8DFBd6LCzIg27Ls_Cq5SwfTNvF0E","$kec4ZazwDdb-ZMxMr8ymwytOs-zGx-8VjOrW00BW_ZA","$bwBAv8SR7RG8_oUvZFU0lU5iPNq8aNv-mxr6MW9PztU","$7btK-y7mZ9nK9LBiSKR03J1T2D334LbUVJkbe2o-CYw"],"prev_events":["$DOZehhyD4JGGFtEd922b5xVLGdup3v_MzKBeEQ_JzFE"],"type":"m.room.member","room_id":"!wGvWnTVpsbEMByNykc:localhost","sender":"@user2.matrix:localhost","content":{"membership":"join","displayname":"user2.matrix"},"depth":11,"state_key":"@user2.matrix:localhost","origin":"localhost","origin_server_ts":1679414746139,"hashes":{"sha256":"K/0Qs3JJX6ogDMgEJXbtWa2Phd/Z8nfnEp9BOGqYOcE"},"signatures":{"localhost":{"ed25519:a_vyji":"AFECsDmWtzr38WR4JVyto1IKEJkDo9x/Yy/vIHppo8Py/fbVFUpSfUEIwCxHIvV90DI9BJm+B3IXDSUGsBCfDg"}},"unsigned":{"age_ts":1679414746139,"replaces_state":"$bwBAv8SR7RG8_oUvZFU0lU5iPNq8aNv-mxr6MW9PztU"}}	3
$ytekxng1JXi96Xdmn-7AeF1m8VLkPtS78IihXa3WZ84	!wGvWnTVpsbEMByNykc:localhost	{"token_id":18,"txn_id":"m1679414774174.2","historical":false}	{"auth_events":["$V4h-t7Z_ikk8f5J8DFBd6LCzIg27Ls_Cq5SwfTNvF0E","$kec4ZazwDdb-ZMxMr8ymwytOs-zGx-8VjOrW00BW_ZA","$wTfVj9B1xWTDZGpgTmLF5VwLS4zZnOAoCichsjzrqsI"],"prev_events":["$a4Ou4JTKZxwllI40a4CS36DcmTYOyQFqH-r06D49gAg"],"type":"m.room.message","room_id":"!wGvWnTVpsbEMByNykc:localhost","sender":"@user2.matrix:localhost","content":{"body":"HotElement.jpeg","info":{"size":35374,"mimetype":"image/jpeg","w":450,"h":600,"xyz.amorgan.blurhash":"TEHxNQZz*0?^xtsB%fozV@=_t7EN"},"msgtype":"m.image","url":"mxc://localhost/eShDWnptaSLvMLtGysVxAaoz"},"depth":13,"origin":"localhost","origin_server_ts":1679414774326,"hashes":{"sha256":"5qgZryLhvvZq1Xl55xKD04nFXl6+ORkAljgA4N7JO64"},"signatures":{"localhost":{"ed25519:a_vyji":"Y4+LMMYcwoE2kKGDmn4gWk9xjb5U71/6QXuGLHCUIALYmHDZj46HV+ax+/JPQuX5xq6qzVyLok6ubHFi7LyfAA"}},"unsigned":{"age_ts":1679414774326}}	3
$V4h-t7Z_ikk8f5J8DFBd6LCzIg27Ls_Cq5SwfTNvF0E	!wGvWnTVpsbEMByNykc:localhost	{"token_id":19,"historical":false}	{"auth_events":[],"prev_events":[],"type":"m.room.create","room_id":"!wGvWnTVpsbEMByNykc:localhost","sender":"@mm_user2.mm:localhost","content":{"room_version":"10","creator":"@mm_user2.mm:localhost"},"depth":1,"state_key":"","origin":"localhost","origin_server_ts":1679414708789,"hashes":{"sha256":"+9LGvASL0ojKFqB/WTOAMNLYHU6mZUje5HmjxalGOI4"},"signatures":{"localhost":{"ed25519:a_vyji":"pnGQBlhz//66YWhMBXcQoXglnjKjwd75Ma4Qm9lPjkPT5WLXsRhIa5ED1B7Ob0WBJ1JCEKH1ron5+BMGD0CJAw"}},"unsigned":{"age_ts":1679414708789}}	3
$ZHUq2VN0HpuE5oJi6l_3Uh8aLOuQmXN5WDqUyhjy8Vw	!KBqzwXdLtXZopjBikg:localhost	{"token_id":18,"historical":false}	{"auth_events":["$BzCYUUyIaNg8MGhOw_QYTtD2BuIWdSnks84kegIMIzk","$1tmD6lvkYEIlbb5awAzEuSw6acgFDp21uA4450asM6M","$6qBmbp-ZfOQMsOgVGcf1da8QrUWLTBmULjDBY8xnQDc","$_E-EZa8gdS-_4F2CasYTKomuDixia3fJ1R-Wu2xx_CQ"],"prev_events":["$IZOLJfGYfNnK_aLuKaBOBCTx7SnxrLtHU1f4wTszqzo"],"type":"m.room.member","room_id":"!KBqzwXdLtXZopjBikg:localhost","sender":"@user2.matrix:localhost","content":{"membership":"invite","displayname":"Mattermost Bridge"},"depth":8,"state_key":"@matterbot:localhost","origin":"localhost","origin_server_ts":1679414870911,"hashes":{"sha256":"jS2C+7zAeG/3GW42JR7usR5xZLyVKy7/PSs8Gz24JvU"},"signatures":{"localhost":{"ed25519:a_vyji":"aFgYbD5bfrfTGbIbIKuwq3nC4y10SUN41LhJpHTkvPBgczrs1KJKQHMqxnpmYsPNUP/hQj2vkAIGC3TqbU87BA"}},"unsigned":{"age_ts":1679414870911,"invite_room_state":[{"type":"m.room.create","state_key":"","content":{"room_version":"10","creator":"@user2.matrix:localhost"},"sender":"@user2.matrix:localhost"},{"type":"m.room.member","state_key":"@user2.matrix:localhost","content":{"membership":"join","displayname":"user2.matrix"},"sender":"@user2.matrix:localhost"},{"type":"m.room.join_rules","state_key":"","content":{"join_rule":"invite"},"sender":"@user2.matrix:localhost"}]}}	3
$2rWHZ1dTRYXYOGEBkYy9w4xQNGND9i5euMRpJJww04o	!vDRByArErEHuGOOJxE:localhost	{"token_id":18,"historical":false}	{"auth_events":[],"prev_events":[],"type":"m.room.create","room_id":"!vDRByArErEHuGOOJxE:localhost","sender":"@user2.matrix:localhost","content":{"room_version":"10","creator":"@user2.matrix:localhost"},"depth":1,"state_key":"","origin":"localhost","origin_server_ts":1679415001569,"hashes":{"sha256":"pQos4IjlblYfO+WH4oNqYjlMdntp4KttvsNKr2fTGn0"},"signatures":{"localhost":{"ed25519:a_vyji":"lsXJx7bCFcNm28ZbWs0Xtf3BNVmUMy8jBM1wBFE4psAhGXoZ5nkn6/SMPcTDOpcTty2Z9pQVsmQhnNTU3U2qBQ"}},"unsigned":{"age_ts":1679415001569}}	3
$QvV8o1KjtX_tArxR1zwHZepfVa9NB03-81BjGpKxo9M	!vDRByArErEHuGOOJxE:localhost	{"token_id":18,"historical":false}	{"auth_events":["$2rWHZ1dTRYXYOGEBkYy9w4xQNGND9i5euMRpJJww04o","$UL96b2DZHng5g_OXTbE0nBq-yL1Vv1SUxB3wRg5Nqsw","$XLGuUcPmbE5vRHADIEfcDA5P4qTClMO9Xn9ircCdTUg","$8d4e-CjuEEdRj8aSFNq0yHpo_JxouT8tHUVX8HfS4oc"],"prev_events":["$PtKNK0cvGyJhBT-BIAFZs4gDvODQiScnlQFqLmWKqNc"],"type":"m.room.member","room_id":"!vDRByArErEHuGOOJxE:localhost","sender":"@user2.matrix:localhost","content":{"membership":"invite","displayname":"user3.matrix"},"depth":8,"state_key":"@user3.matrix:localhost","origin":"localhost","origin_server_ts":1679415003094,"hashes":{"sha256":"9Lth7ZRmnEFlrVX5QrxYqIvL/wDg4psitp2+tAJrQNM"},"signatures":{"localhost":{"ed25519:a_vyji":"KPaqi7D3tZWMPqudK37yyRj7jVm3xZ60SLiWyHr9jkBO8zJOUL3HdW78GLR1UDZMaKsQKjKbTBE+mb8dL40pAQ"}},"unsigned":{"age_ts":1679415003094,"invite_room_state":[{"type":"m.room.join_rules","state_key":"","content":{"join_rule":"invite"},"sender":"@user2.matrix:localhost"},{"type":"m.room.create","state_key":"","content":{"room_version":"10","creator":"@user2.matrix:localhost"},"sender":"@user2.matrix:localhost"},{"type":"m.room.member","state_key":"@user2.matrix:localhost","content":{"membership":"join","displayname":"user2.matrix"},"sender":"@user2.matrix:localhost"}]}}	3
$kec4ZazwDdb-ZMxMr8ymwytOs-zGx-8VjOrW00BW_ZA	!wGvWnTVpsbEMByNykc:localhost	{"token_id":19,"historical":false}	{"auth_events":["$jD3h3ETxg2QK1PtrN6AW6y2kwQsFAQe7srLpSwfPhNg","$V4h-t7Z_ikk8f5J8DFBd6LCzIg27Ls_Cq5SwfTNvF0E"],"prev_events":["$jD3h3ETxg2QK1PtrN6AW6y2kwQsFAQe7srLpSwfPhNg"],"type":"m.room.power_levels","room_id":"!wGvWnTVpsbEMByNykc:localhost","sender":"@mm_user2.mm:localhost","content":{"users":{"@mm_user2.mm:localhost":100},"users_default":0,"events":{"m.room.name":50,"m.room.power_levels":100,"m.room.history_visibility":100,"m.room.canonical_alias":50,"m.room.avatar":50,"m.room.tombstone":100,"m.room.server_acl":100,"m.room.encryption":100},"events_default":0,"state_default":50,"ban":50,"kick":50,"redact":50,"invite":0,"historical":100},"depth":3,"state_key":"","origin":"localhost","origin_server_ts":1679414709038,"hashes":{"sha256":"9XsLKEJwWntqN6dWMCjUl4Aqs/bFMXB0DJQb/Hb8x1Q"},"signatures":{"localhost":{"ed25519:a_vyji":"xHsDqSnmCUiEwOBKkl3IOSpLXeN9JAy+qmg/6sJkNzQiPDf9o4UDZdMV549a6+3gydWm9CFYVHEyKS0lYVGCDQ"}},"unsigned":{"age_ts":1679414709038}}	3
$7btK-y7mZ9nK9LBiSKR03J1T2D334LbUVJkbe2o-CYw	!wGvWnTVpsbEMByNykc:localhost	{"token_id":19,"historical":false}	{"auth_events":["$jD3h3ETxg2QK1PtrN6AW6y2kwQsFAQe7srLpSwfPhNg","$kec4ZazwDdb-ZMxMr8ymwytOs-zGx-8VjOrW00BW_ZA","$V4h-t7Z_ikk8f5J8DFBd6LCzIg27Ls_Cq5SwfTNvF0E"],"prev_events":["$kec4ZazwDdb-ZMxMr8ymwytOs-zGx-8VjOrW00BW_ZA"],"type":"m.room.join_rules","room_id":"!wGvWnTVpsbEMByNykc:localhost","sender":"@mm_user2.mm:localhost","content":{"join_rule":"invite"},"depth":4,"state_key":"","origin":"localhost","origin_server_ts":1679414709091,"hashes":{"sha256":"q7aKdA0QxOqJpkdB0qPsyqGgzk7ie8Z1jVAFejpb1lQ"},"signatures":{"localhost":{"ed25519:a_vyji":"y8PK0NkMKcY1xSbKVeOtyPnPlZeokTckMPFp2KpO4sFwNT8YPcMQ5+Y+M2CYMya4Mjky8ih8VvLdA9/eb0VRCQ"}},"unsigned":{"age_ts":1679414709091}}	3
$Sw-_lchwyW0pw30wm3AP7MzTQVU56CugEatZVVNGmbA	!wGvWnTVpsbEMByNykc:localhost	{"token_id":19,"historical":false}	{"auth_events":["$jD3h3ETxg2QK1PtrN6AW6y2kwQsFAQe7srLpSwfPhNg","$kec4ZazwDdb-ZMxMr8ymwytOs-zGx-8VjOrW00BW_ZA","$V4h-t7Z_ikk8f5J8DFBd6LCzIg27Ls_Cq5SwfTNvF0E"],"prev_events":["$7btK-y7mZ9nK9LBiSKR03J1T2D334LbUVJkbe2o-CYw"],"type":"m.room.history_visibility","room_id":"!wGvWnTVpsbEMByNykc:localhost","sender":"@mm_user2.mm:localhost","content":{"history_visibility":"shared"},"depth":5,"state_key":"","origin":"localhost","origin_server_ts":1679414709131,"hashes":{"sha256":"Oa7p4bsIfgy3UJ+oRPtEVhbxdXEz3u8TYQpt8m14ESc"},"signatures":{"localhost":{"ed25519:a_vyji":"DTDeKQctvQnavT8FdGh/tosMeXk6cY9gheyddqp/+E4WJztSluVhu9i/QtGoWluIZOOM/7ttThr68W3V0sw1DQ"}},"unsigned":{"age_ts":1679414709131}}	3
$83AF6m7uhB3hZQz5lmrPcLy_9huJCm_W9wt7-WQ_VYk	!wGvWnTVpsbEMByNykc:localhost	{"token_id":19,"historical":false}	{"auth_events":["$jD3h3ETxg2QK1PtrN6AW6y2kwQsFAQe7srLpSwfPhNg","$kec4ZazwDdb-ZMxMr8ymwytOs-zGx-8VjOrW00BW_ZA","$V4h-t7Z_ikk8f5J8DFBd6LCzIg27Ls_Cq5SwfTNvF0E"],"prev_events":["$Sw-_lchwyW0pw30wm3AP7MzTQVU56CugEatZVVNGmbA"],"type":"m.room.guest_access","room_id":"!wGvWnTVpsbEMByNykc:localhost","sender":"@mm_user2.mm:localhost","content":{"guest_access":"can_join"},"depth":6,"state_key":"","origin":"localhost","origin_server_ts":1679414709142,"hashes":{"sha256":"KCgt9REwDVZ7RJqHjr2Sc5imgz0q2QVTaHVAN7HiyFE"},"signatures":{"localhost":{"ed25519:a_vyji":"weFoXsn6rDNTsMee1Zqefp3Y4J9rtZgVmZ8mIukUf8sGl3Qlz6ji5W4/uzE3uNrCmNzKR00dClC2Bj4IjQ8fDw"}},"unsigned":{"age_ts":1679414709142}}	3
$MIJv8SIPMQ5955dHrWtYlemxtCwV0f4tqf-i_3dQVns	!wGvWnTVpsbEMByNykc:localhost	{"token_id":19,"historical":false}	{"auth_events":["$V4h-t7Z_ikk8f5J8DFBd6LCzIg27Ls_Cq5SwfTNvF0E","$jD3h3ETxg2QK1PtrN6AW6y2kwQsFAQe7srLpSwfPhNg","$kec4ZazwDdb-ZMxMr8ymwytOs-zGx-8VjOrW00BW_ZA","$7btK-y7mZ9nK9LBiSKR03J1T2D334LbUVJkbe2o-CYw"],"prev_events":["$83AF6m7uhB3hZQz5lmrPcLy_9huJCm_W9wt7-WQ_VYk"],"type":"m.room.member","room_id":"!wGvWnTVpsbEMByNykc:localhost","sender":"@mm_user2.mm:localhost","content":{"is_direct":true,"membership":"invite","displayname":"Mattermost Bridge"},"depth":7,"state_key":"@matterbot:localhost","origin":"localhost","origin_server_ts":1679414709355,"hashes":{"sha256":"x8ErrN7pNW9cVAZgv0KgNVB/D1yKknBjmtsK9wIEw9A"},"signatures":{"localhost":{"ed25519:a_vyji":"pQ6n45d1nLCWtEsD9amiuCSYAf6aDwo7HE+lEknlNs32o6q93XTw8cB7JWEF85YWtNNuvo+Bs3vJpLC5EmoyCQ"}},"unsigned":{"age_ts":1679414709355,"invite_room_state":[{"type":"m.room.join_rules","state_key":"","content":{"join_rule":"invite"},"sender":"@mm_user2.mm:localhost"},{"type":"m.room.create","state_key":"","content":{"room_version":"10","creator":"@mm_user2.mm:localhost"},"sender":"@mm_user2.mm:localhost"},{"type":"m.room.member","state_key":"@mm_user2.mm:localhost","content":{"membership":"join","displayname":"mm_user2.mm"},"sender":"@mm_user2.mm:localhost"}]}}	3
$bwBAv8SR7RG8_oUvZFU0lU5iPNq8aNv-mxr6MW9PztU	!wGvWnTVpsbEMByNykc:localhost	{"token_id":19,"historical":false}	{"auth_events":["$V4h-t7Z_ikk8f5J8DFBd6LCzIg27Ls_Cq5SwfTNvF0E","$jD3h3ETxg2QK1PtrN6AW6y2kwQsFAQe7srLpSwfPhNg","$kec4ZazwDdb-ZMxMr8ymwytOs-zGx-8VjOrW00BW_ZA","$7btK-y7mZ9nK9LBiSKR03J1T2D334LbUVJkbe2o-CYw"],"prev_events":["$MIJv8SIPMQ5955dHrWtYlemxtCwV0f4tqf-i_3dQVns"],"type":"m.room.member","room_id":"!wGvWnTVpsbEMByNykc:localhost","sender":"@mm_user2.mm:localhost","content":{"is_direct":true,"membership":"invite","displayname":"user2.matrix"},"depth":8,"state_key":"@user2.matrix:localhost","origin":"localhost","origin_server_ts":1679414709584,"hashes":{"sha256":"DDaN6QsFG16+CIXXNIhn/9RAOFXD6mmJh3+66DPgtg8"},"signatures":{"localhost":{"ed25519:a_vyji":"OAEJDEbhYo+zgBYRXr0572YXJ9jkrtEHMRl7lHTyDAU5F6G5ockaRfBcRN/ng63H/H3VZvuDrKX1s0q7peELAQ"}},"unsigned":{"age_ts":1679414709584,"invite_room_state":[{"type":"m.room.create","state_key":"","content":{"room_version":"10","creator":"@mm_user2.mm:localhost"},"sender":"@mm_user2.mm:localhost"},{"type":"m.room.join_rules","state_key":"","content":{"join_rule":"invite"},"sender":"@mm_user2.mm:localhost"},{"type":"m.room.member","state_key":"@mm_user2.mm:localhost","content":{"membership":"join","displayname":"mm_user2.mm"},"sender":"@mm_user2.mm:localhost"}]}}	3
$a4Ou4JTKZxwllI40a4CS36DcmTYOyQFqH-r06D49gAg	!wGvWnTVpsbEMByNykc:localhost	{"token_id":18,"txn_id":"m1679414756783.1","historical":false}	{"auth_events":["$V4h-t7Z_ikk8f5J8DFBd6LCzIg27Ls_Cq5SwfTNvF0E","$kec4ZazwDdb-ZMxMr8ymwytOs-zGx-8VjOrW00BW_ZA","$wTfVj9B1xWTDZGpgTmLF5VwLS4zZnOAoCichsjzrqsI"],"prev_events":["$wTfVj9B1xWTDZGpgTmLF5VwLS4zZnOAoCichsjzrqsI"],"type":"m.room.message","room_id":"!wGvWnTVpsbEMByNykc:localhost","sender":"@user2.matrix:localhost","content":{"msgtype":"m.text","body":"klkl"},"depth":12,"origin":"localhost","origin_server_ts":1679414756941,"hashes":{"sha256":"GO6OcYUw3jbAhpe5mODYStfWx8yn7sTHYNEPGcMfR3I"},"signatures":{"localhost":{"ed25519:a_vyji":"RXGhA7MXSw9DngEUH5JkfQSBxUwvTlKe+rYmuxsSaDCSdlSSIjCTzmJVYD7uaC6k+ktsP4jv6sc3iyzJW8YaDQ"}},"unsigned":{"age_ts":1679414756941}}	3
$oXOzZ4Ab8mINVphaBVipRGmM3Z5L676RivBDayNaxj8	!KBqzwXdLtXZopjBikg:localhost	{"token_id":18,"txn_id":"m1679414884048.11","historical":false}	{"auth_events":["$BzCYUUyIaNg8MGhOw_QYTtD2BuIWdSnks84kegIMIzk","$1tmD6lvkYEIlbb5awAzEuSw6acgFDp21uA4450asM6M","$_E-EZa8gdS-_4F2CasYTKomuDixia3fJ1R-Wu2xx_CQ"],"prev_events":["$lVGc_wB1P8VGJaykW33htFubukWDizH4Xwu5SfKGbn0"],"type":"m.room.message","room_id":"!KBqzwXdLtXZopjBikg:localhost","sender":"@user2.matrix:localhost","content":{"msgtype":"m.text","body":"okok"},"depth":11,"origin":"localhost","origin_server_ts":1679414884124,"hashes":{"sha256":"h6AZyOjfj6n3ioC46DBfvMxzQoDd/fA5Ac8BU8BLpLw"},"signatures":{"localhost":{"ed25519:a_vyji":"AWrDyffRlDDm3gJGvmrpIrCUEw7Izywt4U1L1vuvw+yHCRKnO2Bs7nY4OnKliQuFKDuRXw9awxPVakMAomJdDA"}},"unsigned":{"age_ts":1679414884124}}	3
$F0LR4DEA3oLcc3k_eNE6_RKKA11yLcsmfO_8qPHHW8Y	!wGvWnTVpsbEMByNykc:localhost	{"historical":false}	{"auth_events":["$MIJv8SIPMQ5955dHrWtYlemxtCwV0f4tqf-i_3dQVns","$kec4ZazwDdb-ZMxMr8ymwytOs-zGx-8VjOrW00BW_ZA","$V4h-t7Z_ikk8f5J8DFBd6LCzIg27Ls_Cq5SwfTNvF0E","$7btK-y7mZ9nK9LBiSKR03J1T2D334LbUVJkbe2o-CYw"],"prev_events":["$bwBAv8SR7RG8_oUvZFU0lU5iPNq8aNv-mxr6MW9PztU"],"type":"m.room.member","room_id":"!wGvWnTVpsbEMByNykc:localhost","sender":"@matterbot:localhost","content":{"reason":"joining room","membership":"join","displayname":"Mattermost Bridge"},"depth":9,"state_key":"@matterbot:localhost","origin":"localhost","origin_server_ts":1679414709941,"hashes":{"sha256":"UUdHbL3ROPdmYwPj0LHlcOGcHk53Kfal2qSMOm1cgiA"},"signatures":{"localhost":{"ed25519:a_vyji":"57fKkWVWcjIuYJy/CtARVkofiM3Qh5rkvfy/3d9bnJITVPNlY9m1Baa5A28Wj32eb4cnIV+5ZGyAO9CLnAJ3Cw"}},"unsigned":{"age_ts":1679414709941,"replaces_state":"$MIJv8SIPMQ5955dHrWtYlemxtCwV0f4tqf-i_3dQVns"}}	3
$pdfBN0Z96G_wbgh4VuNnIiOuwEeEcxbECI1vAE0JEC4	!CZMvztYPoMDXZghGjm:localhost	{"token_id":19,"historical":false}	{"auth_events":["$Z8Uf7knMci62YkFiphxCZI55avAa7X64_K1l9SJ-dqQ"],"prev_events":["$Z8Uf7knMci62YkFiphxCZI55avAa7X64_K1l9SJ-dqQ"],"type":"m.room.member","room_id":"!CZMvztYPoMDXZghGjm:localhost","sender":"@mm_user2.mm:localhost","content":{"membership":"join","displayname":"mm_user2.mm"},"depth":2,"state_key":"@mm_user2.mm:localhost","origin":"localhost","origin_server_ts":1679415356957,"hashes":{"sha256":"reSeYc7faLz238cXkNh6gulOIK4W1QjpOxH+h4hAqc0"},"signatures":{"localhost":{"ed25519:a_vyji":"ZI+X6TJLjPjVuzN1vu1fOr0xweZmL3Ko5/qKpXF+a8y33nYKjiOsGrpwE/SJeHi2zFffk/SQ873Ayr2FZafGAw"}},"unsigned":{"age_ts":1679415356957}}	3
$BzCYUUyIaNg8MGhOw_QYTtD2BuIWdSnks84kegIMIzk	!KBqzwXdLtXZopjBikg:localhost	{"token_id":18,"historical":false}	{"auth_events":[],"prev_events":[],"type":"m.room.create","room_id":"!KBqzwXdLtXZopjBikg:localhost","sender":"@user2.matrix:localhost","content":{"room_version":"10","creator":"@user2.matrix:localhost"},"depth":1,"state_key":"","origin":"localhost","origin_server_ts":1679414869433,"hashes":{"sha256":"fqdsDqU9I40VK6HKWBa283YkYGMQY6c+z/0yBOoY03c"},"signatures":{"localhost":{"ed25519:a_vyji":"DuT4M+cjK1ADzn4HbD6aANaaacyHJcaa8h8+STrz6lGSsQxuQZ4GArCNgftquwLzuQZmnZJd0YWhnOErCdVXCg"}},"unsigned":{"age_ts":1679414869433}}	3
$8QUU4rDWLA_FAyy233e5yz-RKoRz1MMD2e3Dmuyueno	!CZMvztYPoMDXZghGjm:localhost	{"token_id":19,"txn_id":"m1679415362315","historical":false}	{"auth_events":["$pdfBN0Z96G_wbgh4VuNnIiOuwEeEcxbECI1vAE0JEC4","$Oxivd8PnLITfhmuJ0pPdRRyMngE_kr3tbyIkDTT8_-o","$Z8Uf7knMci62YkFiphxCZI55avAa7X64_K1l9SJ-dqQ"],"prev_events":["$mGp05ykxc7iuNGM9nc4QHqFY1mnuCUW_Hq3ocgiZgFg"],"type":"m.room.message","room_id":"!CZMvztYPoMDXZghGjm:localhost","sender":"@mm_user2.mm:localhost","content":{"msgtype":"m.text","body":"**bold**","format":"org.matrix.custom.html","formatted_body":"<strong>bold</strong>"},"depth":11,"origin":"localhost","origin_server_ts":1679415362379,"hashes":{"sha256":"hc6zXHVjGVlXZ8xFai5kx+NQzPqhmNoYvDr8uZahPE8"},"signatures":{"localhost":{"ed25519:a_vyji":"WnjkE7ajErea+abLZIBb50Mrw1MyHBKpnaqJAloZJlRCXpgtHU5ejOxJ+P70lILyDH6Hd5uEAz2rkl9GAPcNCg"}},"unsigned":{"age_ts":1679415362379}}	3
$IZOLJfGYfNnK_aLuKaBOBCTx7SnxrLtHU1f4wTszqzo	!KBqzwXdLtXZopjBikg:localhost	{"token_id":18,"historical":false}	{"auth_events":["$BzCYUUyIaNg8MGhOw_QYTtD2BuIWdSnks84kegIMIzk","$1tmD6lvkYEIlbb5awAzEuSw6acgFDp21uA4450asM6M","$6qBmbp-ZfOQMsOgVGcf1da8QrUWLTBmULjDBY8xnQDc","$_E-EZa8gdS-_4F2CasYTKomuDixia3fJ1R-Wu2xx_CQ"],"prev_events":["$RE6G8a-zySUuohhp6UFLrBJ4ROulO2pvp_K_476Q-lY"],"type":"m.room.member","room_id":"!KBqzwXdLtXZopjBikg:localhost","sender":"@user2.matrix:localhost","content":{"membership":"invite","displayname":"mm_user2.mm"},"depth":7,"state_key":"@mm_user2.mm:localhost","origin":"localhost","origin_server_ts":1679414870425,"hashes":{"sha256":"vRLvDQPSv0QefbKzG+UepONgcdfICItSELgA9B3o6fQ"},"signatures":{"localhost":{"ed25519:a_vyji":"ho/NZhq35/n63CNgx2JU5zIZOaAu+QqfbfSe2u9l9Fvml1f4ltlHgYKSkWXMPy7E0j+wJ6nc3zm1NuP1a+2PCQ"}},"unsigned":{"age_ts":1679414870425,"invite_room_state":[{"type":"m.room.join_rules","state_key":"","content":{"join_rule":"invite"},"sender":"@user2.matrix:localhost"},{"type":"m.room.create","state_key":"","content":{"room_version":"10","creator":"@user2.matrix:localhost"},"sender":"@user2.matrix:localhost"},{"type":"m.room.member","state_key":"@user2.matrix:localhost","content":{"membership":"join","displayname":"user2.matrix"},"sender":"@user2.matrix:localhost"}]}}	3
$lVGc_wB1P8VGJaykW33htFubukWDizH4Xwu5SfKGbn0	!KBqzwXdLtXZopjBikg:localhost	{"token_id":18,"txn_id":"m1679414872298.10","historical":false}	{"auth_events":["$BzCYUUyIaNg8MGhOw_QYTtD2BuIWdSnks84kegIMIzk","$1tmD6lvkYEIlbb5awAzEuSw6acgFDp21uA4450asM6M","$_E-EZa8gdS-_4F2CasYTKomuDixia3fJ1R-Wu2xx_CQ"],"prev_events":["$VaarpFJs6_0c2wYxJdAYq1G8uznJdufYfnCfjuqvI_M"],"type":"m.room.message","room_id":"!KBqzwXdLtXZopjBikg:localhost","sender":"@user2.matrix:localhost","content":{"msgtype":"m.text","body":"oko"},"depth":10,"origin":"localhost","origin_server_ts":1679414872425,"hashes":{"sha256":"M+byWfA+/2LmDFVaNk6tDc/ch1fPdF3xTw0aHHMLEU8"},"signatures":{"localhost":{"ed25519:a_vyji":"vQT7Fp+EcB12VcpEPEHssQNSSIuh+SQlL9+sGngRgPJTQasIReIwN6Ivq6sK7wryOsKSk8eLN/F9llU5D+rbCg"}},"unsigned":{"age_ts":1679414872425}}	3
$Q6YXU96RlR1dPKmp4iI3R_d2KiWzKnZbMMURN8OqDVE	!wGvWnTVpsbEMByNykc:localhost	{"historical":false}	{"auth_events":["$F0LR4DEA3oLcc3k_eNE6_RKKA11yLcsmfO_8qPHHW8Y","$kec4ZazwDdb-ZMxMr8ymwytOs-zGx-8VjOrW00BW_ZA","$V4h-t7Z_ikk8f5J8DFBd6LCzIg27Ls_Cq5SwfTNvF0E"],"prev_events":["$cqZ1IfNynoUS3KLGis6wJcJp5j-RYl2XluwXAYEGSQQ"],"type":"m.room.member","room_id":"!wGvWnTVpsbEMByNykc:localhost","sender":"@matterbot:localhost","content":{"reason":"leaving room","membership":"leave"},"depth":15,"state_key":"@matterbot:localhost","origin":"localhost","origin_server_ts":1679414873069,"hashes":{"sha256":"Vsd7DcJs7KxJoM7TpNLcGkIVo3rQf/8NhkcAXFDIPoA"},"signatures":{"localhost":{"ed25519:a_vyji":"weJEgb9GtG3fB5pw08jsSj5pMLi0jPyKntNOZk8j36LmZ7D4jKCFt611eLt+8dcDnzn9yz/J394APVfguByKDw"}},"unsigned":{"age_ts":1679414873069,"replaces_state":"$F0LR4DEA3oLcc3k_eNE6_RKKA11yLcsmfO_8qPHHW8Y"}}	3
$UL96b2DZHng5g_OXTbE0nBq-yL1Vv1SUxB3wRg5Nqsw	!vDRByArErEHuGOOJxE:localhost	{"token_id":18,"historical":false}	{"auth_events":["$2rWHZ1dTRYXYOGEBkYy9w4xQNGND9i5euMRpJJww04o","$8d4e-CjuEEdRj8aSFNq0yHpo_JxouT8tHUVX8HfS4oc"],"prev_events":["$8d4e-CjuEEdRj8aSFNq0yHpo_JxouT8tHUVX8HfS4oc"],"type":"m.room.power_levels","room_id":"!vDRByArErEHuGOOJxE:localhost","sender":"@user2.matrix:localhost","content":{"users":{"@user2.matrix:localhost":100},"users_default":0,"events":{"m.room.name":50,"m.room.power_levels":100,"m.room.history_visibility":100,"m.room.canonical_alias":50,"m.room.avatar":50,"m.room.tombstone":100,"m.room.server_acl":100,"m.room.encryption":100},"events_default":0,"state_default":50,"ban":50,"kick":50,"redact":50,"invite":0,"historical":100},"depth":3,"state_key":"","origin":"localhost","origin_server_ts":1679415001986,"hashes":{"sha256":"csHiKHcTvSRWS2P0qXJs4JQQMXMtvxc9SPjH+CED1f0"},"signatures":{"localhost":{"ed25519:a_vyji":"4Tivwn7p1RcXVWX+1VY2o+yyGlo+hvxMtz0Qc8ybMiLUExCBvKpjEa5adRSMtj2y5ylxPIiCXGYnbOgDW+hWCQ"}},"unsigned":{"age_ts":1679415001986}}	3
$XLGuUcPmbE5vRHADIEfcDA5P4qTClMO9Xn9ircCdTUg	!vDRByArErEHuGOOJxE:localhost	{"token_id":18,"historical":false}	{"auth_events":["$2rWHZ1dTRYXYOGEBkYy9w4xQNGND9i5euMRpJJww04o","$UL96b2DZHng5g_OXTbE0nBq-yL1Vv1SUxB3wRg5Nqsw","$8d4e-CjuEEdRj8aSFNq0yHpo_JxouT8tHUVX8HfS4oc"],"prev_events":["$UL96b2DZHng5g_OXTbE0nBq-yL1Vv1SUxB3wRg5Nqsw"],"type":"m.room.join_rules","room_id":"!vDRByArErEHuGOOJxE:localhost","sender":"@user2.matrix:localhost","content":{"join_rule":"invite"},"depth":4,"state_key":"","origin":"localhost","origin_server_ts":1679415002077,"hashes":{"sha256":"QGko4ARnWHDGpRFzD+mnQW/AbXSoSSEWQG4PyTcKjPw"},"signatures":{"localhost":{"ed25519:a_vyji":"jkKo3QvtrGvVi4C5+cfxYpKWnsb/X12axxZtp3/qCY3bwzdEwuVyV19qiwcNJtEVn30qIX/YDjwpyYOh5QF6Cw"}},"unsigned":{"age_ts":1679415002077}}	3
$7y6Y35EbOlNtACU1RM3BCrmU7hb9GBXUJEFAI6-9gkg	!vDRByArErEHuGOOJxE:localhost	{"token_id":18,"historical":false}	{"auth_events":["$2rWHZ1dTRYXYOGEBkYy9w4xQNGND9i5euMRpJJww04o","$UL96b2DZHng5g_OXTbE0nBq-yL1Vv1SUxB3wRg5Nqsw","$8d4e-CjuEEdRj8aSFNq0yHpo_JxouT8tHUVX8HfS4oc"],"prev_events":["$XLGuUcPmbE5vRHADIEfcDA5P4qTClMO9Xn9ircCdTUg"],"type":"m.room.history_visibility","room_id":"!vDRByArErEHuGOOJxE:localhost","sender":"@user2.matrix:localhost","content":{"history_visibility":"shared"},"depth":5,"state_key":"","origin":"localhost","origin_server_ts":1679415002109,"hashes":{"sha256":"hg92ZEQqURQfbxAwUbBog0VcLUPC8lZCoM8VPaavrxw"},"signatures":{"localhost":{"ed25519:a_vyji":"wAjeNsXL74MRSWja8BB72TIVuGUUkWh84Q2rG/ZhN6wWQ73/IswrzwWxbD4+ZiPSwmumiVJtfD36GNL88LK6Cg"}},"unsigned":{"age_ts":1679415002109}}	3
$-Jddg6JtZ13Om3mZilR7hqtovSNKbu_jCbiDSN9u23M	!vDRByArErEHuGOOJxE:localhost	{"token_id":18,"historical":false}	{"auth_events":["$2rWHZ1dTRYXYOGEBkYy9w4xQNGND9i5euMRpJJww04o","$UL96b2DZHng5g_OXTbE0nBq-yL1Vv1SUxB3wRg5Nqsw","$8d4e-CjuEEdRj8aSFNq0yHpo_JxouT8tHUVX8HfS4oc"],"prev_events":["$7y6Y35EbOlNtACU1RM3BCrmU7hb9GBXUJEFAI6-9gkg"],"type":"m.room.guest_access","room_id":"!vDRByArErEHuGOOJxE:localhost","sender":"@user2.matrix:localhost","content":{"guest_access":"can_join"},"depth":6,"state_key":"","origin":"localhost","origin_server_ts":1679415002133,"hashes":{"sha256":"K4t5yXOJiNZ1qg7de6n+E2tALWXJCvxJPFWj7kOAFWg"},"signatures":{"localhost":{"ed25519:a_vyji":"bS3NWw99obhZqBvcXtI4qwwSXKzYJIFRhBkBWPfXv2+A1dtNbnYgujeUNpNHNC/cSNe8PoE1ShrhRKboVO5fDg"}},"unsigned":{"age_ts":1679415002133}}	3
$_E-EZa8gdS-_4F2CasYTKomuDixia3fJ1R-Wu2xx_CQ	!KBqzwXdLtXZopjBikg:localhost	{"token_id":18,"historical":false}	{"auth_events":["$BzCYUUyIaNg8MGhOw_QYTtD2BuIWdSnks84kegIMIzk"],"prev_events":["$BzCYUUyIaNg8MGhOw_QYTtD2BuIWdSnks84kegIMIzk"],"type":"m.room.member","room_id":"!KBqzwXdLtXZopjBikg:localhost","sender":"@user2.matrix:localhost","content":{"membership":"join","displayname":"user2.matrix"},"depth":2,"state_key":"@user2.matrix:localhost","origin":"localhost","origin_server_ts":1679414869626,"hashes":{"sha256":"G64xFwU8/Uoe2CEDxW27i7K7sTpKfBs87yYM/gnagIU"},"signatures":{"localhost":{"ed25519:a_vyji":"cz5sBL9W+Z/ETDo1nVZj3JwLYuidYfJepi3KLfS24I0qmw9mDzqVoACNnLrT+9EbTxtd9BmUnawko1jU2mkQDw"}},"unsigned":{"age_ts":1679414869626}}	3
$PtKNK0cvGyJhBT-BIAFZs4gDvODQiScnlQFqLmWKqNc	!vDRByArErEHuGOOJxE:localhost	{"token_id":18,"historical":false}	{"auth_events":["$2rWHZ1dTRYXYOGEBkYy9w4xQNGND9i5euMRpJJww04o","$UL96b2DZHng5g_OXTbE0nBq-yL1Vv1SUxB3wRg5Nqsw","$XLGuUcPmbE5vRHADIEfcDA5P4qTClMO9Xn9ircCdTUg","$8d4e-CjuEEdRj8aSFNq0yHpo_JxouT8tHUVX8HfS4oc"],"prev_events":["$-Jddg6JtZ13Om3mZilR7hqtovSNKbu_jCbiDSN9u23M"],"type":"m.room.member","room_id":"!vDRByArErEHuGOOJxE:localhost","sender":"@user2.matrix:localhost","content":{"membership":"invite","displayname":"user1.matrix"},"depth":7,"state_key":"@user1.matrix:localhost","origin":"localhost","origin_server_ts":1679415002717,"hashes":{"sha256":"+0fuFjVnH8zDW3gIsU7Dj1c9swZzjV7xcchgIXXaEDk"},"signatures":{"localhost":{"ed25519:a_vyji":"XhRSZM14tFuHOBxUO3em8orVRdvJIyjZDfeGMAepling47xW+mUDjO3s9vN00frSSPSFWp7sZVJxQ6dcTXv0Ag"}},"unsigned":{"age_ts":1679415002717,"invite_room_state":[{"type":"m.room.join_rules","state_key":"","content":{"join_rule":"invite"},"sender":"@user2.matrix:localhost"},{"type":"m.room.create","state_key":"","content":{"room_version":"10","creator":"@user2.matrix:localhost"},"sender":"@user2.matrix:localhost"},{"type":"m.room.member","state_key":"@user2.matrix:localhost","content":{"membership":"join","displayname":"user2.matrix"},"sender":"@user2.matrix:localhost"}]}}	3
$EVIMbY1fZLGzs0Xp19eKjkS2aizDSYFoS8Wzj42_LQI	!CZMvztYPoMDXZghGjm:localhost	{"token_id":19,"historical":false}	{"auth_events":["$Z8Uf7knMci62YkFiphxCZI55avAa7X64_K1l9SJ-dqQ","$pdfBN0Z96G_wbgh4VuNnIiOuwEeEcxbECI1vAE0JEC4","$Oxivd8PnLITfhmuJ0pPdRRyMngE_kr3tbyIkDTT8_-o","$eQXATedxlGls7x4dhbO1w3NQRV-9oaR7nqj-pHxGiU4"],"prev_events":["$AmA--7RkBYVchLC_Tr104AXFweEwn_n7AeoFpptk0iI"],"type":"m.room.member","room_id":"!CZMvztYPoMDXZghGjm:localhost","sender":"@mm_user2.mm:localhost","content":{"is_direct":true,"membership":"invite","displayname":"user2.matrix"},"depth":9,"state_key":"@user2.matrix:localhost","origin":"localhost","origin_server_ts":1679415361177,"hashes":{"sha256":"FdWUW5EvL9eGJNEstOLc8orUcIJgr8bZTgWTM/e7xYA"},"signatures":{"localhost":{"ed25519:a_vyji":"Fat2Qtpwsg9TfnBMf6XtfsEoAe8AMRDVLvWf4NGz9H9wZk3k2GptWBwOoqa1x/QtxLDpKFiCcVEDcwPGyNM9AQ"}},"unsigned":{"age_ts":1679415361177,"invite_room_state":[{"type":"m.room.join_rules","state_key":"","content":{"join_rule":"invite"},"sender":"@mm_user2.mm:localhost"},{"type":"m.room.member","state_key":"@mm_user2.mm:localhost","content":{"membership":"join","displayname":"mm_user2.mm"},"sender":"@mm_user2.mm:localhost"},{"type":"m.room.create","state_key":"","content":{"room_version":"10","creator":"@mm_user2.mm:localhost"},"sender":"@mm_user2.mm:localhost"}]}}	3
$1tmD6lvkYEIlbb5awAzEuSw6acgFDp21uA4450asM6M	!KBqzwXdLtXZopjBikg:localhost	{"token_id":18,"historical":false}	{"auth_events":["$BzCYUUyIaNg8MGhOw_QYTtD2BuIWdSnks84kegIMIzk","$_E-EZa8gdS-_4F2CasYTKomuDixia3fJ1R-Wu2xx_CQ"],"prev_events":["$_E-EZa8gdS-_4F2CasYTKomuDixia3fJ1R-Wu2xx_CQ"],"type":"m.room.power_levels","room_id":"!KBqzwXdLtXZopjBikg:localhost","sender":"@user2.matrix:localhost","content":{"users":{"@user2.matrix:localhost":100},"users_default":0,"events":{"m.room.name":50,"m.room.power_levels":100,"m.room.history_visibility":100,"m.room.canonical_alias":50,"m.room.avatar":50,"m.room.tombstone":100,"m.room.server_acl":100,"m.room.encryption":100},"events_default":0,"state_default":50,"ban":50,"kick":50,"redact":50,"invite":0,"historical":100},"depth":3,"state_key":"","origin":"localhost","origin_server_ts":1679414869828,"hashes":{"sha256":"6NBro787EC4sZ0s+bPZd7tspNi9KgOg0y3sIjIU7+SY"},"signatures":{"localhost":{"ed25519:a_vyji":"dKzxPejHh9IlLn3laLKykxoEi/dBGcZFgKV0Mf67iS5ZcUCJNeXqSTFLBANUlPia0k9ND0xKkNg/P4gS3/ohBQ"}},"unsigned":{"age_ts":1679414869828}}	3
$6qBmbp-ZfOQMsOgVGcf1da8QrUWLTBmULjDBY8xnQDc	!KBqzwXdLtXZopjBikg:localhost	{"token_id":18,"historical":false}	{"auth_events":["$BzCYUUyIaNg8MGhOw_QYTtD2BuIWdSnks84kegIMIzk","$1tmD6lvkYEIlbb5awAzEuSw6acgFDp21uA4450asM6M","$_E-EZa8gdS-_4F2CasYTKomuDixia3fJ1R-Wu2xx_CQ"],"prev_events":["$1tmD6lvkYEIlbb5awAzEuSw6acgFDp21uA4450asM6M"],"type":"m.room.join_rules","room_id":"!KBqzwXdLtXZopjBikg:localhost","sender":"@user2.matrix:localhost","content":{"join_rule":"invite"},"depth":4,"state_key":"","origin":"localhost","origin_server_ts":1679414869884,"hashes":{"sha256":"SRzExjxn9gt0iwjESgTxS4mnzic1YcVAbQV5+lPsz6U"},"signatures":{"localhost":{"ed25519:a_vyji":"hiUgfgmZk0qOzVJJ2cnbl0RZL2rdxX6r7CCjC4t7DYHDN7+p+mjeGR3AXnjKFI1Ju7XZgMRJBuBJIGEe+g9YAw"}},"unsigned":{"age_ts":1679414869884}}	3
$jgk7UOdyP6mp8rwKMOqqupF6sWOPwnMorSa67AYZ9A0	!KBqzwXdLtXZopjBikg:localhost	{"token_id":18,"historical":false}	{"auth_events":["$BzCYUUyIaNg8MGhOw_QYTtD2BuIWdSnks84kegIMIzk","$1tmD6lvkYEIlbb5awAzEuSw6acgFDp21uA4450asM6M","$_E-EZa8gdS-_4F2CasYTKomuDixia3fJ1R-Wu2xx_CQ"],"prev_events":["$6qBmbp-ZfOQMsOgVGcf1da8QrUWLTBmULjDBY8xnQDc"],"type":"m.room.history_visibility","room_id":"!KBqzwXdLtXZopjBikg:localhost","sender":"@user2.matrix:localhost","content":{"history_visibility":"shared"},"depth":5,"state_key":"","origin":"localhost","origin_server_ts":1679414869906,"hashes":{"sha256":"yybYZAQhbr/vEwUjSWC/mbRhEzEx2M8leBFC2gYHQlI"},"signatures":{"localhost":{"ed25519:a_vyji":"pLWrX/gbWy/x3UbbbcyhYjFsZzMXO2AfxWT/6jllVWFJQyGf9M0F1HqJjfV9+2lPqxuKD7J2GLuFWsUsnOAcCA"}},"unsigned":{"age_ts":1679414869906}}	3
$RE6G8a-zySUuohhp6UFLrBJ4ROulO2pvp_K_476Q-lY	!KBqzwXdLtXZopjBikg:localhost	{"token_id":18,"historical":false}	{"auth_events":["$BzCYUUyIaNg8MGhOw_QYTtD2BuIWdSnks84kegIMIzk","$1tmD6lvkYEIlbb5awAzEuSw6acgFDp21uA4450asM6M","$_E-EZa8gdS-_4F2CasYTKomuDixia3fJ1R-Wu2xx_CQ"],"prev_events":["$jgk7UOdyP6mp8rwKMOqqupF6sWOPwnMorSa67AYZ9A0"],"type":"m.room.guest_access","room_id":"!KBqzwXdLtXZopjBikg:localhost","sender":"@user2.matrix:localhost","content":{"guest_access":"can_join"},"depth":6,"state_key":"","origin":"localhost","origin_server_ts":1679414869931,"hashes":{"sha256":"v/4ej4Y6RHp7We0y0x3HyBDTp8zduWuFaWqudvwGyRM"},"signatures":{"localhost":{"ed25519:a_vyji":"ju0Aivsf1s6PV8bf8+6VvEMLxOVJF0S859kkE31SJTKIs4qAS5UjLQbc7wE9C+fHCCvHvQlnzNyCx+L1RnAPAw"}},"unsigned":{"age_ts":1679414869931}}	3
$VaarpFJs6_0c2wYxJdAYq1G8uznJdufYfnCfjuqvI_M	!KBqzwXdLtXZopjBikg:localhost	{"historical":false}	{"auth_events":["$ZHUq2VN0HpuE5oJi6l_3Uh8aLOuQmXN5WDqUyhjy8Vw","$1tmD6lvkYEIlbb5awAzEuSw6acgFDp21uA4450asM6M","$BzCYUUyIaNg8MGhOw_QYTtD2BuIWdSnks84kegIMIzk","$6qBmbp-ZfOQMsOgVGcf1da8QrUWLTBmULjDBY8xnQDc"],"prev_events":["$ZHUq2VN0HpuE5oJi6l_3Uh8aLOuQmXN5WDqUyhjy8Vw"],"type":"m.room.member","room_id":"!KBqzwXdLtXZopjBikg:localhost","sender":"@matterbot:localhost","content":{"reason":"joining room","membership":"join","displayname":"Mattermost Bridge"},"depth":9,"state_key":"@matterbot:localhost","origin":"localhost","origin_server_ts":1679414872131,"hashes":{"sha256":"conVHNSA7aVNvpYqBt88yoKBheBlXPjTbe5SKCCQLr4"},"signatures":{"localhost":{"ed25519:a_vyji":"OLxCYBBDCL51WTqPiFlFMPfUA6H5xyZXeBmJhgNk6pAIO3WmapoJnbaZ0osUzxXw2zrkz+URBlAecWjqh0zRDA"}},"unsigned":{"age_ts":1679414872131,"replaces_state":"$ZHUq2VN0HpuE5oJi6l_3Uh8aLOuQmXN5WDqUyhjy8Vw"}}	3
$8d4e-CjuEEdRj8aSFNq0yHpo_JxouT8tHUVX8HfS4oc	!vDRByArErEHuGOOJxE:localhost	{"token_id":18,"historical":false}	{"auth_events":["$2rWHZ1dTRYXYOGEBkYy9w4xQNGND9i5euMRpJJww04o"],"prev_events":["$2rWHZ1dTRYXYOGEBkYy9w4xQNGND9i5euMRpJJww04o"],"type":"m.room.member","room_id":"!vDRByArErEHuGOOJxE:localhost","sender":"@user2.matrix:localhost","content":{"membership":"join","displayname":"user2.matrix"},"depth":2,"state_key":"@user2.matrix:localhost","origin":"localhost","origin_server_ts":1679415001819,"hashes":{"sha256":"DjhQknhSNHijxi4BOgRandf+eZeo37FEaNF1dGomNwM"},"signatures":{"localhost":{"ed25519:a_vyji":"NWOXUr9sIJ3RCFG9tIhJ3z51LReJ/h9VkT9S/8lIqU4odkAkCIkrsCxKqMRebN2QKTj3hTnhrBTJJ5mtcCMVAA"}},"unsigned":{"age_ts":1679415001819}}	3
$cqZ1IfNynoUS3KLGis6wJcJp5j-RYl2XluwXAYEGSQQ	!wGvWnTVpsbEMByNykc:localhost	{"txn_id":"m1679414872931","historical":false}	{"auth_events":["$F0LR4DEA3oLcc3k_eNE6_RKKA11yLcsmfO_8qPHHW8Y","$kec4ZazwDdb-ZMxMr8ymwytOs-zGx-8VjOrW00BW_ZA","$V4h-t7Z_ikk8f5J8DFBd6LCzIg27Ls_Cq5SwfTNvF0E"],"prev_events":["$ytekxng1JXi96Xdmn-7AeF1m8VLkPtS78IihXa3WZ84"],"type":"m.room.message","room_id":"!wGvWnTVpsbEMByNykc:localhost","sender":"@matterbot:localhost","content":{"format":"org.matrix.custom.html","msgtype":"m.notice","formatted_body":"Mapping to Mattermost channel <strong>matrix.bridge, matrix_user2.matrix, user2.mm</strong> no longer valid. Use new direct chat setup.","body":"A notice"},"depth":14,"origin":"localhost","origin_server_ts":1679414872944,"hashes":{"sha256":"mHGDrVn5Jse7R/Ln0+/DQHRK3NkUYng8xu73xjM0qC0"},"signatures":{"localhost":{"ed25519:a_vyji":"hYdOISoSp+ZnUF+mPkPc0RzvZzYzSJJjPq5nwfUpN07zipEhQcdngBYdUQyP6v10XqZnaW1qZWL3ouQnDeCcBQ"}},"unsigned":{"age_ts":1679414872944}}	3
$lihGEzBm6TSVo-fe_WCOuWJNW_OgcaCyBi9g0UDlZoM	!vDRByArErEHuGOOJxE:localhost	{"token_id":18,"txn_id":"m1679415004605.19","historical":false}	{"auth_events":["$2rWHZ1dTRYXYOGEBkYy9w4xQNGND9i5euMRpJJww04o","$UL96b2DZHng5g_OXTbE0nBq-yL1Vv1SUxB3wRg5Nqsw","$8d4e-CjuEEdRj8aSFNq0yHpo_JxouT8tHUVX8HfS4oc"],"prev_events":["$QvV8o1KjtX_tArxR1zwHZepfVa9NB03-81BjGpKxo9M"],"type":"m.room.message","room_id":"!vDRByArErEHuGOOJxE:localhost","sender":"@user2.matrix:localhost","content":{"msgtype":"m.text","body":"klkl"},"depth":9,"origin":"localhost","origin_server_ts":1679415004688,"hashes":{"sha256":"guo5y/875+s1pSOimto7u4yqKk4TqwKICmzwUbAx2/w"},"signatures":{"localhost":{"ed25519:a_vyji":"6YcqKgawHhHTDJiivjFhDL+hvEWlnu0vNlXJHF5c2T9+P/7Akj7RUfquTyLwnRSBSGJRqB+adRCedIoG/Gk0BQ"}},"unsigned":{"age_ts":1679415004688}}	3
$0LNMKjea0zgdHTDMe3B3fmAnzNxu72ULA7HsNOs1pHw	!vDRByArErEHuGOOJxE:localhost	{"token_id":12,"historical":false}	{"auth_events":["$UL96b2DZHng5g_OXTbE0nBq-yL1Vv1SUxB3wRg5Nqsw","$2rWHZ1dTRYXYOGEBkYy9w4xQNGND9i5euMRpJJww04o","$XLGuUcPmbE5vRHADIEfcDA5P4qTClMO9Xn9ircCdTUg","$PtKNK0cvGyJhBT-BIAFZs4gDvODQiScnlQFqLmWKqNc"],"prev_events":["$lihGEzBm6TSVo-fe_WCOuWJNW_OgcaCyBi9g0UDlZoM"],"type":"m.room.member","room_id":"!vDRByArErEHuGOOJxE:localhost","sender":"@user1.matrix:localhost","content":{"membership":"join","displayname":"user1.matrix"},"depth":10,"state_key":"@user1.matrix:localhost","origin":"localhost","origin_server_ts":1679415043117,"hashes":{"sha256":"62WFG2DpEmqIH+B0iZWad21Bb1+y6KrywjglPqa6mAI"},"signatures":{"localhost":{"ed25519:a_vyji":"wB3NiAfITUWoexcEq2ncPXWPyiQywnlgnpega2KAD77AZ20sLT2qvfLlxeWW8hv98PedDgYzNlMDnCXMx047BA"}},"unsigned":{"age_ts":1679415043117,"replaces_state":"$PtKNK0cvGyJhBT-BIAFZs4gDvODQiScnlQFqLmWKqNc"}}	3
$Z8Uf7knMci62YkFiphxCZI55avAa7X64_K1l9SJ-dqQ	!CZMvztYPoMDXZghGjm:localhost	{"token_id":19,"historical":false}	{"auth_events":[],"prev_events":[],"type":"m.room.create","room_id":"!CZMvztYPoMDXZghGjm:localhost","sender":"@mm_user2.mm:localhost","content":{"room_version":"10","creator":"@mm_user2.mm:localhost"},"depth":1,"state_key":"","origin":"localhost","origin_server_ts":1679415356119,"hashes":{"sha256":"4zpD017GDcio3UbJ52/wKvpgHfVdQ/RAdbxvg2dSeC8"},"signatures":{"localhost":{"ed25519:a_vyji":"WrMTl1drdJw/G+Fvx7vCjoVGBotYRo0V5lCEhz2wWw6ztaJv/h7wh4NhDvcIX05txKrU/GfLGvjlCO4a0JY8DQ"}},"unsigned":{"age_ts":1679415356119}}	3
$JHQCf63sTH6Vjufjj8sai_9QWCkwlbiKAUP0crmtihU	!CZMvztYPoMDXZghGjm:localhost	{"token_id":19,"historical":false}	{"auth_events":["$Z8Uf7knMci62YkFiphxCZI55avAa7X64_K1l9SJ-dqQ","$pdfBN0Z96G_wbgh4VuNnIiOuwEeEcxbECI1vAE0JEC4","$Oxivd8PnLITfhmuJ0pPdRRyMngE_kr3tbyIkDTT8_-o","$eQXATedxlGls7x4dhbO1w3NQRV-9oaR7nqj-pHxGiU4"],"prev_events":["$n4SLSzegw2_2XZuYVHMaBqQM0y0XXHqIEc6-sUt5lyo"],"type":"m.room.member","room_id":"!CZMvztYPoMDXZghGjm:localhost","sender":"@mm_user2.mm:localhost","content":{"is_direct":true,"membership":"invite","displayname":"Mattermost Bridge"},"depth":7,"state_key":"@matterbot:localhost","origin":"localhost","origin_server_ts":1679415359351,"hashes":{"sha256":"SI4vLDLI6xCvbFB1CWp51DwQuva5LlgdvbL7GuIw3iU"},"signatures":{"localhost":{"ed25519:a_vyji":"+tWmpn5nmLS/4ngzupYmD96IFix7d3ryr8f0OkrKtVcMeHWPPwozJMu2iAC78AKoxxeN/3IvLHUjo4m241icCg"}},"unsigned":{"age_ts":1679415359351,"invite_room_state":[{"type":"m.room.join_rules","state_key":"","content":{"join_rule":"invite"},"sender":"@mm_user2.mm:localhost"},{"type":"m.room.create","state_key":"","content":{"room_version":"10","creator":"@mm_user2.mm:localhost"},"sender":"@mm_user2.mm:localhost"},{"type":"m.room.member","state_key":"@mm_user2.mm:localhost","content":{"membership":"join","displayname":"mm_user2.mm"},"sender":"@mm_user2.mm:localhost"}]}}	3
$Oxivd8PnLITfhmuJ0pPdRRyMngE_kr3tbyIkDTT8_-o	!CZMvztYPoMDXZghGjm:localhost	{"token_id":19,"historical":false}	{"auth_events":["$pdfBN0Z96G_wbgh4VuNnIiOuwEeEcxbECI1vAE0JEC4","$Z8Uf7knMci62YkFiphxCZI55avAa7X64_K1l9SJ-dqQ"],"prev_events":["$pdfBN0Z96G_wbgh4VuNnIiOuwEeEcxbECI1vAE0JEC4"],"type":"m.room.power_levels","room_id":"!CZMvztYPoMDXZghGjm:localhost","sender":"@mm_user2.mm:localhost","content":{"users":{"@mm_user2.mm:localhost":100},"users_default":0,"events":{"m.room.name":50,"m.room.power_levels":100,"m.room.history_visibility":100,"m.room.canonical_alias":50,"m.room.avatar":50,"m.room.tombstone":100,"m.room.server_acl":100,"m.room.encryption":100},"events_default":0,"state_default":50,"ban":50,"kick":50,"redact":50,"invite":0,"historical":100},"depth":3,"state_key":"","origin":"localhost","origin_server_ts":1679415357451,"hashes":{"sha256":"aXbumGa9FY7bpTwyyR187OckdkFmj2BBbCZCJGmtTKg"},"signatures":{"localhost":{"ed25519:a_vyji":"G52XjFUBYl+9KR/Lory40SmZR2I+IALl9Ih1pxNTyNjlxqokkpB5jllV8paAe880FWWJ62DCyfHKiX43tbSxAA"}},"unsigned":{"age_ts":1679415357451}}	3
$eQXATedxlGls7x4dhbO1w3NQRV-9oaR7nqj-pHxGiU4	!CZMvztYPoMDXZghGjm:localhost	{"token_id":19,"historical":false}	{"auth_events":["$pdfBN0Z96G_wbgh4VuNnIiOuwEeEcxbECI1vAE0JEC4","$Oxivd8PnLITfhmuJ0pPdRRyMngE_kr3tbyIkDTT8_-o","$Z8Uf7knMci62YkFiphxCZI55avAa7X64_K1l9SJ-dqQ"],"prev_events":["$Oxivd8PnLITfhmuJ0pPdRRyMngE_kr3tbyIkDTT8_-o"],"type":"m.room.join_rules","room_id":"!CZMvztYPoMDXZghGjm:localhost","sender":"@mm_user2.mm:localhost","content":{"join_rule":"invite"},"depth":4,"state_key":"","origin":"localhost","origin_server_ts":1679415357674,"hashes":{"sha256":"WdylSPCVJ3+NfitkHpvCE1Kx/HMV+F9ogKKY/z48VIQ"},"signatures":{"localhost":{"ed25519:a_vyji":"7RGGsBxzXg7Z1ndb9NtyZdzySfYDjAhCT0LoOaCeEtrrYoRFnfSzBdX0CoynaUmYz9CWqWx0zB4oltBUvW32Cg"}},"unsigned":{"age_ts":1679415357674}}	3
$NEaM4RT_u5IYgHQJXffTluS21pSYxn3Ob3rh6lBPzJk	!CZMvztYPoMDXZghGjm:localhost	{"token_id":19,"historical":false}	{"auth_events":["$pdfBN0Z96G_wbgh4VuNnIiOuwEeEcxbECI1vAE0JEC4","$Oxivd8PnLITfhmuJ0pPdRRyMngE_kr3tbyIkDTT8_-o","$Z8Uf7knMci62YkFiphxCZI55avAa7X64_K1l9SJ-dqQ"],"prev_events":["$eQXATedxlGls7x4dhbO1w3NQRV-9oaR7nqj-pHxGiU4"],"type":"m.room.history_visibility","room_id":"!CZMvztYPoMDXZghGjm:localhost","sender":"@mm_user2.mm:localhost","content":{"history_visibility":"shared"},"depth":5,"state_key":"","origin":"localhost","origin_server_ts":1679415357728,"hashes":{"sha256":"ZM4NViBNnHXF8FL211ZlZWQlyzwv3hH56uxovsS0Y9s"},"signatures":{"localhost":{"ed25519:a_vyji":"cM2zS6u0RilCkD5sepVOUFi1+ndkmc07ArI+NYI6SnVTKJSE12x9do8sxBV2QjFfP6p1HytZBxfIqOtlGEfbDQ"}},"unsigned":{"age_ts":1679415357728}}	3
$n4SLSzegw2_2XZuYVHMaBqQM0y0XXHqIEc6-sUt5lyo	!CZMvztYPoMDXZghGjm:localhost	{"token_id":19,"historical":false}	{"auth_events":["$pdfBN0Z96G_wbgh4VuNnIiOuwEeEcxbECI1vAE0JEC4","$Oxivd8PnLITfhmuJ0pPdRRyMngE_kr3tbyIkDTT8_-o","$Z8Uf7knMci62YkFiphxCZI55avAa7X64_K1l9SJ-dqQ"],"prev_events":["$NEaM4RT_u5IYgHQJXffTluS21pSYxn3Ob3rh6lBPzJk"],"type":"m.room.guest_access","room_id":"!CZMvztYPoMDXZghGjm:localhost","sender":"@mm_user2.mm:localhost","content":{"guest_access":"can_join"},"depth":6,"state_key":"","origin":"localhost","origin_server_ts":1679415357874,"hashes":{"sha256":"JyOXnF6Br1Fel6PnyygwEpFpm5HdCQZJQyvHMfftZ7Q"},"signatures":{"localhost":{"ed25519:a_vyji":"SGYPOHEYyCBqsjsVeJnhqf7goGZqYDG4SYvFPzf+OQj7N21UnzKDRe+OpMBs8c+pCWaUMv7amwU6oYFo0S3OAA"}},"unsigned":{"age_ts":1679415357874}}	3
$AmA--7RkBYVchLC_Tr104AXFweEwn_n7AeoFpptk0iI	!CZMvztYPoMDXZghGjm:localhost	{"token_id":19,"historical":false}	{"auth_events":["$Z8Uf7knMci62YkFiphxCZI55avAa7X64_K1l9SJ-dqQ","$pdfBN0Z96G_wbgh4VuNnIiOuwEeEcxbECI1vAE0JEC4","$Oxivd8PnLITfhmuJ0pPdRRyMngE_kr3tbyIkDTT8_-o","$eQXATedxlGls7x4dhbO1w3NQRV-9oaR7nqj-pHxGiU4"],"prev_events":["$JHQCf63sTH6Vjufjj8sai_9QWCkwlbiKAUP0crmtihU"],"type":"m.room.member","room_id":"!CZMvztYPoMDXZghGjm:localhost","sender":"@mm_user2.mm:localhost","content":{"is_direct":true,"membership":"invite","displayname":"user1.matrix"},"depth":8,"state_key":"@user1.matrix:localhost","origin":"localhost","origin_server_ts":1679415360297,"hashes":{"sha256":"SZG9eF6TJJ1X2UgPQG6gz5/Ly27PfcGZWLrh4WMNOsM"},"signatures":{"localhost":{"ed25519:a_vyji":"R+ll88SV9hhmctYfWtJ/WlPOJbBWfpwc835gfw7/TQvIIFDrbVBHjpzo9U+IbDhYq4POcmSqluOFpF0ECvnDAQ"}},"unsigned":{"age_ts":1679415360297,"invite_room_state":[{"type":"m.room.join_rules","state_key":"","content":{"join_rule":"invite"},"sender":"@mm_user2.mm:localhost"},{"type":"m.room.member","state_key":"@mm_user2.mm:localhost","content":{"membership":"join","displayname":"mm_user2.mm"},"sender":"@mm_user2.mm:localhost"},{"type":"m.room.create","state_key":"","content":{"room_version":"10","creator":"@mm_user2.mm:localhost"},"sender":"@mm_user2.mm:localhost"}]}}	3
$mGp05ykxc7iuNGM9nc4QHqFY1mnuCUW_Hq3ocgiZgFg	!CZMvztYPoMDXZghGjm:localhost	{"historical":false}	{"auth_events":["$JHQCf63sTH6Vjufjj8sai_9QWCkwlbiKAUP0crmtihU","$Oxivd8PnLITfhmuJ0pPdRRyMngE_kr3tbyIkDTT8_-o","$Z8Uf7knMci62YkFiphxCZI55avAa7X64_K1l9SJ-dqQ","$eQXATedxlGls7x4dhbO1w3NQRV-9oaR7nqj-pHxGiU4"],"prev_events":["$EVIMbY1fZLGzs0Xp19eKjkS2aizDSYFoS8Wzj42_LQI"],"type":"m.room.member","room_id":"!CZMvztYPoMDXZghGjm:localhost","sender":"@matterbot:localhost","content":{"reason":"joining room","membership":"join","displayname":"Mattermost Bridge"},"depth":10,"state_key":"@matterbot:localhost","origin":"localhost","origin_server_ts":1679415361949,"hashes":{"sha256":"imGViu7lCNYJUzeUcE/MR5yyN4ZfelKpAorBmeTmhyY"},"signatures":{"localhost":{"ed25519:a_vyji":"a9idOViWWf3kvPso7TtisK3i/JaYWJqxobI1HAK22jzawMgs6YaSHkv/GKQ2Y6cj2ebNc1b2I78kQNo4UfJ3CQ"}},"unsigned":{"age_ts":1679415361949,"replaces_state":"$JHQCf63sTH6Vjufjj8sai_9QWCkwlbiKAUP0crmtihU"}}	3
$jqog1KTVZdbZSwVzHyAI1GAzMymJrQgDaEx7zSDIuvw	!CZMvztYPoMDXZghGjm:localhost	{"token_id":18,"historical":false}	{"auth_events":["$Z8Uf7knMci62YkFiphxCZI55avAa7X64_K1l9SJ-dqQ","$Oxivd8PnLITfhmuJ0pPdRRyMngE_kr3tbyIkDTT8_-o","$EVIMbY1fZLGzs0Xp19eKjkS2aizDSYFoS8Wzj42_LQI","$eQXATedxlGls7x4dhbO1w3NQRV-9oaR7nqj-pHxGiU4"],"prev_events":["$8QUU4rDWLA_FAyy233e5yz-RKoRz1MMD2e3Dmuyueno"],"type":"m.room.member","room_id":"!CZMvztYPoMDXZghGjm:localhost","sender":"@user2.matrix:localhost","content":{"membership":"join","displayname":"user2.matrix"},"depth":12,"state_key":"@user2.matrix:localhost","origin":"localhost","origin_server_ts":1679415366912,"hashes":{"sha256":"ViSEFsthg3nQ52/xVwbIR5s1+GTvfcAFQL+a6+Uo3wg"},"signatures":{"localhost":{"ed25519:a_vyji":"0tZuLiFXzvA/Av/jmp15IdvXSi8V8tx4UViuInJiU14KzGg1b0ZLR14fW7MvMfQbJZG26Q9sQmddHNJZFnLLBw"}},"unsigned":{"age_ts":1679415366912,"replaces_state":"$EVIMbY1fZLGzs0Xp19eKjkS2aizDSYFoS8Wzj42_LQI"}}	3
$LwCMrUFKLRRfUwxX_bj8hMYLg15fXGwOuu2QDPdjcHY	!CZMvztYPoMDXZghGjm:localhost	{"token_id":12,"historical":false}	{"auth_events":["$Oxivd8PnLITfhmuJ0pPdRRyMngE_kr3tbyIkDTT8_-o","$Z8Uf7knMci62YkFiphxCZI55avAa7X64_K1l9SJ-dqQ","$eQXATedxlGls7x4dhbO1w3NQRV-9oaR7nqj-pHxGiU4","$AmA--7RkBYVchLC_Tr104AXFweEwn_n7AeoFpptk0iI"],"prev_events":["$jqog1KTVZdbZSwVzHyAI1GAzMymJrQgDaEx7zSDIuvw"],"type":"m.room.member","room_id":"!CZMvztYPoMDXZghGjm:localhost","sender":"@user1.matrix:localhost","content":{"membership":"join","displayname":"user1.matrix"},"depth":13,"state_key":"@user1.matrix:localhost","origin":"localhost","origin_server_ts":1679415392839,"hashes":{"sha256":"4RcFqPR+nAz+wJQjeh3V2xNVq+IFjjvPqtBgvw8XsHk"},"signatures":{"localhost":{"ed25519:a_vyji":"o+Y2F8CzNdvr4pymgayVaNDGRqhHTmLz8HNln2dptJPWUk/jQtIRkGVdhT67oU/aBzzdqP1Cm2bNrNC81HKnCQ"}},"unsigned":{"age_ts":1679415392839,"replaces_state":"$AmA--7RkBYVchLC_Tr104AXFweEwn_n7AeoFpptk0iI"}}	3
$TV4MVQPx61vM41xEXo5UuJRdzeBIjcqclWUsGWNacYM	!mjuhEfzSkeOAWJqsoF:localhost	{"token_id":18,"historical":false}	{"auth_events":[],"prev_events":[],"type":"m.room.create","room_id":"!mjuhEfzSkeOAWJqsoF:localhost","sender":"@user2.matrix:localhost","content":{"room_version":"10","creator":"@user2.matrix:localhost"},"depth":1,"state_key":"","origin":"localhost","origin_server_ts":1679416091875,"hashes":{"sha256":"qdhsbtok4X9Fs0PefjZrTt6+v9WBgXh7du4jXCD0uJ8"},"signatures":{"localhost":{"ed25519:a_vyji":"hYIk2VASq8ivOsTVVFgoEOTUgsArucQwGlWHmsQqWZ5dG/Z60tpbSs65MbOMQDJnt3muLYQpBvHoZsFkyMJzCA"}},"unsigned":{"age_ts":1679416091875}}	3
$06Um82m6RzKMOebWv0lcKQOaSvr6C10y6QA2Snc_R0I	!mjuhEfzSkeOAWJqsoF:localhost	{"token_id":18,"historical":false}	{"auth_events":["$TV4MVQPx61vM41xEXo5UuJRdzeBIjcqclWUsGWNacYM"],"prev_events":["$TV4MVQPx61vM41xEXo5UuJRdzeBIjcqclWUsGWNacYM"],"type":"m.room.member","room_id":"!mjuhEfzSkeOAWJqsoF:localhost","sender":"@user2.matrix:localhost","content":{"membership":"join","displayname":"user2.matrix"},"depth":2,"state_key":"@user2.matrix:localhost","origin":"localhost","origin_server_ts":1679416091983,"hashes":{"sha256":"/kgeDdhyCHYlcaZQ2OyprsFWDsRknQsu2UfMDnou0Ok"},"signatures":{"localhost":{"ed25519:a_vyji":"GfbDwYSB5VT0wrx/7ziyujMv2cET/22qZ1hEkfJWQOU3ekufwaWTGaadlI+LceV3YQB23H9OiqCCBgHM3vzeCQ"}},"unsigned":{"age_ts":1679416091983}}	3
$csK689aRZ89elBgFJKAWBiNKhwnp635K09OhhnXruek	!mjuhEfzSkeOAWJqsoF:localhost	{"token_id":18,"historical":false}	{"auth_events":["$TV4MVQPx61vM41xEXo5UuJRdzeBIjcqclWUsGWNacYM","$06Um82m6RzKMOebWv0lcKQOaSvr6C10y6QA2Snc_R0I"],"prev_events":["$06Um82m6RzKMOebWv0lcKQOaSvr6C10y6QA2Snc_R0I"],"type":"m.room.power_levels","room_id":"!mjuhEfzSkeOAWJqsoF:localhost","sender":"@user2.matrix:localhost","content":{"users":{"@user2.matrix:localhost":100},"users_default":0,"events":{"m.room.name":50,"m.room.power_levels":100,"m.room.history_visibility":100,"m.room.canonical_alias":50,"m.room.avatar":50,"m.room.tombstone":100,"m.room.server_acl":100,"m.room.encryption":100},"events_default":0,"state_default":50,"ban":50,"kick":50,"redact":50,"invite":0,"historical":100},"depth":3,"state_key":"","origin":"localhost","origin_server_ts":1679416092086,"hashes":{"sha256":"s7yVYbtEI6Kl9hZtxBb8WlUmPo18JuODvMN6/qcwAtM"},"signatures":{"localhost":{"ed25519:a_vyji":"whUD3Il0YwcrpEGdj0vYTD+FjnPm4du4xUckfNwp8UOXmReyzMVIVkBYUHQ/gA8CHovDZ2rcGKsIvZ5I5oE6BQ"}},"unsigned":{"age_ts":1679416092086}}	3
$WRC3DV_k1RkC4oedKmIL5Gi3JgPmcv4vcT615tEnu8M	!mjuhEfzSkeOAWJqsoF:localhost	{"token_id":18,"historical":false}	{"auth_events":["$TV4MVQPx61vM41xEXo5UuJRdzeBIjcqclWUsGWNacYM","$csK689aRZ89elBgFJKAWBiNKhwnp635K09OhhnXruek","$06Um82m6RzKMOebWv0lcKQOaSvr6C10y6QA2Snc_R0I"],"prev_events":["$csK689aRZ89elBgFJKAWBiNKhwnp635K09OhhnXruek"],"type":"m.room.join_rules","room_id":"!mjuhEfzSkeOAWJqsoF:localhost","sender":"@user2.matrix:localhost","content":{"join_rule":"invite"},"depth":4,"state_key":"","origin":"localhost","origin_server_ts":1679416092132,"hashes":{"sha256":"+/YQa3CbbbQ3NWTo6ntzMBPyKun4sucUrDLbmUK1UQk"},"signatures":{"localhost":{"ed25519:a_vyji":"7COKIObYcjY6XsZQzzYpRRktrJ0qThx37Aq4FYCL3tZwc5stm/GqdcZ3nYVOfNnGnDBr94fpigeJ2p3fFCvABQ"}},"unsigned":{"age_ts":1679416092132}}	3
$gfpOuJZriCh7xj2c1m5EnJfNW1LjpsjRlCI91G-Fpv8	!mjuhEfzSkeOAWJqsoF:localhost	{"token_id":18,"historical":false}	{"auth_events":["$TV4MVQPx61vM41xEXo5UuJRdzeBIjcqclWUsGWNacYM","$csK689aRZ89elBgFJKAWBiNKhwnp635K09OhhnXruek","$06Um82m6RzKMOebWv0lcKQOaSvr6C10y6QA2Snc_R0I"],"prev_events":["$WRC3DV_k1RkC4oedKmIL5Gi3JgPmcv4vcT615tEnu8M"],"type":"m.room.history_visibility","room_id":"!mjuhEfzSkeOAWJqsoF:localhost","sender":"@user2.matrix:localhost","content":{"history_visibility":"shared"},"depth":5,"state_key":"","origin":"localhost","origin_server_ts":1679416092144,"hashes":{"sha256":"CytxcsSe2A6e05oPTubToaXqI0AbIoHWFazqmnUSQSU"},"signatures":{"localhost":{"ed25519:a_vyji":"z6gS8B85Tt1cS+c0Zk2fi659xBNSIYFI5GlyGEdV/bViV3NsXQ++m+WDxwNvfQxuaKX0IdmMCqcZy8HfPl9RBg"}},"unsigned":{"age_ts":1679416092144}}	3
$gn9BJ39HJ5v_qwj0jcIRfiLcgvbMbDnBRAfEJMS4RUI	!mjuhEfzSkeOAWJqsoF:localhost	{"token_id":18,"historical":false}	{"auth_events":["$TV4MVQPx61vM41xEXo5UuJRdzeBIjcqclWUsGWNacYM","$csK689aRZ89elBgFJKAWBiNKhwnp635K09OhhnXruek","$06Um82m6RzKMOebWv0lcKQOaSvr6C10y6QA2Snc_R0I"],"prev_events":["$gfpOuJZriCh7xj2c1m5EnJfNW1LjpsjRlCI91G-Fpv8"],"type":"m.room.guest_access","room_id":"!mjuhEfzSkeOAWJqsoF:localhost","sender":"@user2.matrix:localhost","content":{"guest_access":"can_join"},"depth":6,"state_key":"","origin":"localhost","origin_server_ts":1679416092156,"hashes":{"sha256":"NkGQfT5Y2tUssulQFrjDm4Xmc1caT4iZjd6MEdI9Xqk"},"signatures":{"localhost":{"ed25519:a_vyji":"5PGanSvF+iQUONOQ5UxwO8Fl5GVbK4LKZopHdGxm8zZhhfNtIQwlIEr2gb0i3tlHitg4Z79maLyrrVjWjpGGBw"}},"unsigned":{"age_ts":1679416092156}}	3
$8T5cGFOjiTe4zjIYX9tmzFfae8WV6TVvUpmBmV2carA	!mjuhEfzSkeOAWJqsoF:localhost	{"token_id":18,"historical":false}	{"auth_events":["$TV4MVQPx61vM41xEXo5UuJRdzeBIjcqclWUsGWNacYM","$csK689aRZ89elBgFJKAWBiNKhwnp635K09OhhnXruek","$WRC3DV_k1RkC4oedKmIL5Gi3JgPmcv4vcT615tEnu8M","$06Um82m6RzKMOebWv0lcKQOaSvr6C10y6QA2Snc_R0I"],"prev_events":["$gn9BJ39HJ5v_qwj0jcIRfiLcgvbMbDnBRAfEJMS4RUI"],"type":"m.room.member","room_id":"!mjuhEfzSkeOAWJqsoF:localhost","sender":"@user2.matrix:localhost","content":{"membership":"invite","displayname":"Mattermost Bridge"},"depth":7,"state_key":"@matterbot:localhost","origin":"localhost","origin_server_ts":1679416092428,"hashes":{"sha256":"Pl1Zpyhx7r+ITFj1XSaUhy6Nhu5GoYz/ggsL68ELLJw"},"signatures":{"localhost":{"ed25519:a_vyji":"vXF3vTHYx+wrhzAdaI2ivr307mu/iSbK8ARBMM8Sm7AGMgOFkxgS+kCsxVUFS3dbsnW74fTAH4xk9EZ1gaSiAA"}},"unsigned":{"age_ts":1679416092428,"invite_room_state":[{"type":"m.room.join_rules","state_key":"","content":{"join_rule":"invite"},"sender":"@user2.matrix:localhost"},{"type":"m.room.create","state_key":"","content":{"room_version":"10","creator":"@user2.matrix:localhost"},"sender":"@user2.matrix:localhost"},{"type":"m.room.member","state_key":"@user2.matrix:localhost","content":{"membership":"join","displayname":"user2.matrix"},"sender":"@user2.matrix:localhost"}]}}	3
$wKoDxwAtZ46KFnzdR2bV-nE-gCX8oSTpE4qkJq_05QE	!mjuhEfzSkeOAWJqsoF:localhost	{"token_id":18,"historical":false}	{"auth_events":["$TV4MVQPx61vM41xEXo5UuJRdzeBIjcqclWUsGWNacYM","$csK689aRZ89elBgFJKAWBiNKhwnp635K09OhhnXruek","$WRC3DV_k1RkC4oedKmIL5Gi3JgPmcv4vcT615tEnu8M","$06Um82m6RzKMOebWv0lcKQOaSvr6C10y6QA2Snc_R0I"],"prev_events":["$8T5cGFOjiTe4zjIYX9tmzFfae8WV6TVvUpmBmV2carA"],"type":"m.room.member","room_id":"!mjuhEfzSkeOAWJqsoF:localhost","sender":"@user2.matrix:localhost","content":{"membership":"invite","displayname":"mm_user2.mm"},"depth":8,"state_key":"@mm_user2.mm:localhost","origin":"localhost","origin_server_ts":1679416092631,"hashes":{"sha256":"6DYzYSJDJJCccD8j53WNBHjAnYkg7Hi3JogVmvVbWzA"},"signatures":{"localhost":{"ed25519:a_vyji":"Pj34IusZuv+5b0Hr1L6csQELiz+nw0mjx1dSxXwSx6fAsjA15l9u83MNYyjbvCaEjCL/60m3PPgwHDWBYN99BQ"}},"unsigned":{"age_ts":1679416092631,"invite_room_state":[{"type":"m.room.member","state_key":"@user2.matrix:localhost","content":{"membership":"join","displayname":"user2.matrix"},"sender":"@user2.matrix:localhost"},{"type":"m.room.join_rules","state_key":"","content":{"join_rule":"invite"},"sender":"@user2.matrix:localhost"},{"type":"m.room.create","state_key":"","content":{"room_version":"10","creator":"@user2.matrix:localhost"},"sender":"@user2.matrix:localhost"}]}}	3
$5j9APu_03G5KZMO9hHc9AdVNHD7TfIlrfU87LHEi5aA	!mjuhEfzSkeOAWJqsoF:localhost	{"historical":false}	{"auth_events":["$8T5cGFOjiTe4zjIYX9tmzFfae8WV6TVvUpmBmV2carA","$csK689aRZ89elBgFJKAWBiNKhwnp635K09OhhnXruek","$TV4MVQPx61vM41xEXo5UuJRdzeBIjcqclWUsGWNacYM","$WRC3DV_k1RkC4oedKmIL5Gi3JgPmcv4vcT615tEnu8M"],"prev_events":["$wKoDxwAtZ46KFnzdR2bV-nE-gCX8oSTpE4qkJq_05QE"],"type":"m.room.member","room_id":"!mjuhEfzSkeOAWJqsoF:localhost","sender":"@matterbot:localhost","content":{"reason":"joining room","membership":"join","displayname":"Mattermost Bridge"},"depth":9,"state_key":"@matterbot:localhost","origin":"localhost","origin_server_ts":1679416093032,"hashes":{"sha256":"grXdIzbn4P8SFF7MrcfiCCgZpHr+0eJaJedOADY/EP0"},"signatures":{"localhost":{"ed25519:a_vyji":"V6t7Dwo3Exdq4xjTdcNxIT9oQVqCeVFmZgY4GpgUtG0jdaNTEreNJXyKwvGQi75/oWATimf4vj3xNepyoLxUCA"}},"unsigned":{"age_ts":1679416093032,"replaces_state":"$8T5cGFOjiTe4zjIYX9tmzFfae8WV6TVvUpmBmV2carA"}}	3
$ZeOHUFxCYyrcXwwm5xcXycqdVTRt5tdY0zbyZ-uR_fQ	!mjuhEfzSkeOAWJqsoF:localhost	{"token_id":18,"txn_id":"m1679416148369.29","historical":false}	{"auth_events":["$TV4MVQPx61vM41xEXo5UuJRdzeBIjcqclWUsGWNacYM","$csK689aRZ89elBgFJKAWBiNKhwnp635K09OhhnXruek","$06Um82m6RzKMOebWv0lcKQOaSvr6C10y6QA2Snc_R0I"],"prev_events":["$r5MeySk4n_UL67iTjPp-RpDnYLITxLfuuSFi65ef9NQ"],"type":"m.room.message","room_id":"!mjuhEfzSkeOAWJqsoF:localhost","sender":"@user2.matrix:localhost","content":{"msgtype":"m.text","body":"**Bold**","format":"org.matrix.custom.html","formatted_body":"<strong>Bold</strong>"},"depth":12,"origin":"localhost","origin_server_ts":1679416148418,"hashes":{"sha256":"T6jf2znWwyULtaceEjxKOnI82Kk63WPtmvYonmo0yqI"},"signatures":{"localhost":{"ed25519:a_vyji":"oc0olri0svRCJIVT2MGyhdMyB1+d8bETv8fwd/iFaXHZHcC/HgCfm7P3FFheLyf1h5G8S4oHaFba3NBWvHl+Dw"}},"unsigned":{"age_ts":1679416148418}}	3
$BQVp9srvRZxHcxl1NQzXpHjcHVZub1wZMinz-XO9KJE	!mjuhEfzSkeOAWJqsoF:localhost	{"token_id":18,"txn_id":"m1679416093303.27","historical":false}	{"auth_events":["$TV4MVQPx61vM41xEXo5UuJRdzeBIjcqclWUsGWNacYM","$csK689aRZ89elBgFJKAWBiNKhwnp635K09OhhnXruek","$06Um82m6RzKMOebWv0lcKQOaSvr6C10y6QA2Snc_R0I"],"prev_events":["$5j9APu_03G5KZMO9hHc9AdVNHD7TfIlrfU87LHEi5aA"],"type":"m.room.message","room_id":"!mjuhEfzSkeOAWJqsoF:localhost","sender":"@user2.matrix:localhost","content":{"msgtype":"m.text","body":"ok"},"depth":10,"origin":"localhost","origin_server_ts":1679416093434,"hashes":{"sha256":"nuYayxFqF+KwhvYWTX39O3nftYv7OYiYMJjHfPUMjNk"},"signatures":{"localhost":{"ed25519:a_vyji":"sjjW/YlHkYqanDtSTY2lkQTZSkkAIYOEG7bloHEl+uwzGSXF60N2lM6OAtPLvU5ogJ8A8YfMV8zliKmk+qgkCw"}},"unsigned":{"age_ts":1679416093434}}	3
$ZAMV9PqrMcGH2UX-eqpPfSVfJ7UDcOelwl3-gln6nco	!KBqzwXdLtXZopjBikg:localhost	{"txn_id":"m1679416093795","historical":false}	{"auth_events":["$VaarpFJs6_0c2wYxJdAYq1G8uznJdufYfnCfjuqvI_M","$1tmD6lvkYEIlbb5awAzEuSw6acgFDp21uA4450asM6M","$BzCYUUyIaNg8MGhOw_QYTtD2BuIWdSnks84kegIMIzk"],"prev_events":["$oXOzZ4Ab8mINVphaBVipRGmM3Z5L676RivBDayNaxj8"],"type":"m.room.message","room_id":"!KBqzwXdLtXZopjBikg:localhost","sender":"@matterbot:localhost","content":{"format":"org.matrix.custom.html","msgtype":"m.notice","formatted_body":"Mapping to Mattermost channel <strong>matrix.bridge, matrix_user2.matrix, user2.mm</strong> no longer valid. Use new direct chat setup.","body":"A notice"},"depth":12,"origin":"localhost","origin_server_ts":1679416093804,"hashes":{"sha256":"D7bK8TDwakrOde7fPs8GeViIYHZW/YieWkaUewoLvWo"},"signatures":{"localhost":{"ed25519:a_vyji":"Q0XQGltkgtPCPYWNveAVWO9stfCZnLh5xwTRfHI6UTwGNe3aPUUgTpdw8uHociAxLgG3pISsDnyRG8Qr7Hh6DQ"}},"unsigned":{"age_ts":1679416093804}}	3
$SfEuZPwDHWx4dsnQKRsLDI7Qwgt-Q84vGhE1THOba3s	!KBqzwXdLtXZopjBikg:localhost	{"historical":false}	{"auth_events":["$VaarpFJs6_0c2wYxJdAYq1G8uznJdufYfnCfjuqvI_M","$1tmD6lvkYEIlbb5awAzEuSw6acgFDp21uA4450asM6M","$BzCYUUyIaNg8MGhOw_QYTtD2BuIWdSnks84kegIMIzk"],"prev_events":["$ZAMV9PqrMcGH2UX-eqpPfSVfJ7UDcOelwl3-gln6nco"],"type":"m.room.member","room_id":"!KBqzwXdLtXZopjBikg:localhost","sender":"@matterbot:localhost","content":{"reason":"leaving room","membership":"leave"},"depth":13,"state_key":"@matterbot:localhost","origin":"localhost","origin_server_ts":1679416093894,"hashes":{"sha256":"RRw1n9Fd02QwFudMUpaZ1d9tXlmxfORu5cPWqizgHKI"},"signatures":{"localhost":{"ed25519:a_vyji":"SK2i3VTuKmJm8RIhmUHGQ4TQRWCbffuKuWrnFAxRt1eLXvXLlhlama9rccXvHCNbxt8OxCHDLOe5Dwo+bChQBQ"}},"unsigned":{"age_ts":1679416093894,"replaces_state":"$VaarpFJs6_0c2wYxJdAYq1G8uznJdufYfnCfjuqvI_M"}}	3
$r5MeySk4n_UL67iTjPp-RpDnYLITxLfuuSFi65ef9NQ	!mjuhEfzSkeOAWJqsoF:localhost	{"token_id":18,"txn_id":"m1679416132300.28","historical":false}	{"auth_events":["$TV4MVQPx61vM41xEXo5UuJRdzeBIjcqclWUsGWNacYM","$csK689aRZ89elBgFJKAWBiNKhwnp635K09OhhnXruek","$06Um82m6RzKMOebWv0lcKQOaSvr6C10y6QA2Snc_R0I"],"prev_events":["$BQVp9srvRZxHcxl1NQzXpHjcHVZub1wZMinz-XO9KJE"],"type":"m.room.message","room_id":"!mjuhEfzSkeOAWJqsoF:localhost","sender":"@user2.matrix:localhost","content":{"msgtype":"m.text","body":"okok"},"depth":11,"origin":"localhost","origin_server_ts":1679416132360,"hashes":{"sha256":"Ov1MNjskP7iKQPLNJXyqCfFbg7sqr1JpNeHrz5ZqW0o"},"signatures":{"localhost":{"ed25519:a_vyji":"AK1xTwOXThFMSgqmY1IiTnPhr5WP4cn/ivGgj1av6fFXgyNu13xUOTIaUkAQ+PwQF7kNjPVnAlMgXUorp/9UDQ"}},"unsigned":{"age_ts":1679416132360}}	3
$h_nukybUUUM97KIexy-iMvsAatn74tnaz5IRgopPmkc	!FzTtpSkXWMPYBKHUQN:localhost	{"token_id":19,"txn_id":"m1681109860138.0","historical":false}	{"auth_events":["$1kn0z5XFW6tgZeQlEjEweLSJX_vv-w54n3uMagFyz9o","$FSGyxWobRbm3XPzA_RJTfx_wFyj7eioybzttjovTej0","$c4I4FYRPIltfSw8Wf6w1NWiI0mLCN0eVcYuMsCyqiS4"],"prev_events":["$jLqj0K8k8IznEp_zldWz_Ezx5RfWpkQZCFKnJyfUBQ8"],"type":"m.room.message","room_id":"!FzTtpSkXWMPYBKHUQN:localhost","sender":"@user1.matrix:localhost","content":{"msgtype":"m.text","body":"ok"},"depth":25,"origin":"localhost","origin_server_ts":1681109860236,"hashes":{"sha256":"sR87Ep/sUsh0MgWW4l+QdFb+LQ1ohtOiDzhNL9Drw80"},"signatures":{"localhost":{"ed25519:a_vyji":"LEcpdwtoeOhyCZuEYFZT++Pmc2rrIIv4IG5gyJEDTcGa92BmJtvnolQp9RoBuJiUBCOt/ynkp3DQpfQj0tYpDg"}},"unsigned":{"age_ts":1681109860236}}	3
$fxfMGOp0AHYZy5pmcMgdjV1cy_kcfuMgBbWYzp84Rbk	!FzTtpSkXWMPYBKHUQN:localhost	{"token_id":20,"txn_id":"m1681109877689","historical":false}	{"auth_events":["$1kn0z5XFW6tgZeQlEjEweLSJX_vv-w54n3uMagFyz9o","$c4I4FYRPIltfSw8Wf6w1NWiI0mLCN0eVcYuMsCyqiS4","$pdWypCivt0W58tNdti2PPFECr9nY2FHCzPHcq3t7WEY"],"prev_events":["$h_nukybUUUM97KIexy-iMvsAatn74tnaz5IRgopPmkc"],"type":"m.room.message","room_id":"!FzTtpSkXWMPYBKHUQN:localhost","sender":"@mm_user2.mm:localhost","content":{"msgtype":"m.text","body":"ok"},"depth":26,"origin":"localhost","origin_server_ts":1681109877742,"hashes":{"sha256":"WdKwjmEDSO0aeuUtaqTQuDvZFuOYLklSX0BtKeB7Jtk"},"signatures":{"localhost":{"ed25519:a_vyji":"9oAp8q/IG6TSQWP4pUmXvD48GlwLxW8tO9JPlZA1LqrqHqitENFy2GVG/LA3pq3GwMbbEQu+hGgFULGczsgTAw"}},"unsigned":{"age_ts":1681109877742}}	3
$in52dToVUVIA1dLRam8a57SvQ8dYnHstA6FK0mNdqNo	!FzTtpSkXWMPYBKHUQN:localhost	{"token_id":20,"txn_id":"m1681109894178","historical":false,"recheck_redaction":false}	{"auth_events":["$1kn0z5XFW6tgZeQlEjEweLSJX_vv-w54n3uMagFyz9o","$c4I4FYRPIltfSw8Wf6w1NWiI0mLCN0eVcYuMsCyqiS4","$pdWypCivt0W58tNdti2PPFECr9nY2FHCzPHcq3t7WEY"],"prev_events":["$fxfMGOp0AHYZy5pmcMgdjV1cy_kcfuMgBbWYzp84Rbk"],"type":"m.room.redaction","room_id":"!FzTtpSkXWMPYBKHUQN:localhost","sender":"@mm_user2.mm:localhost","content":{"reason":"Post Deleted"},"depth":27,"redacts":"$fxfMGOp0AHYZy5pmcMgdjV1cy_kcfuMgBbWYzp84Rbk","origin":"localhost","origin_server_ts":1681109894225,"hashes":{"sha256":"phIwJL8/8GFkeV3XD4anE+6+cpCbvinuJrr76wmxD6g"},"signatures":{"localhost":{"ed25519:a_vyji":"vO1bnrsvD9SkV2l7vNUi9DA8uOhHYAfnYJ55yxW+cCBfhMmwlQrHJGDSANqkfztz9bqoBS7ZPuGsO0kN+ZlABg"}},"unsigned":{"age_ts":1681109894225}}	3
$ESb8M8zzCsTTuM2_aTjr7gchlzU1eLJxVMEx6T-jTEE	!FzTtpSkXWMPYBKHUQN:localhost	{"token_id":19,"txn_id":"m1681109921149.1","historical":false}	{"auth_events":["$1kn0z5XFW6tgZeQlEjEweLSJX_vv-w54n3uMagFyz9o","$FSGyxWobRbm3XPzA_RJTfx_wFyj7eioybzttjovTej0","$c4I4FYRPIltfSw8Wf6w1NWiI0mLCN0eVcYuMsCyqiS4"],"prev_events":["$in52dToVUVIA1dLRam8a57SvQ8dYnHstA6FK0mNdqNo"],"type":"m.room.message","room_id":"!FzTtpSkXWMPYBKHUQN:localhost","sender":"@user1.matrix:localhost","content":{"msgtype":"m.text","body":"klklklklk"},"depth":28,"origin":"localhost","origin_server_ts":1681109921222,"hashes":{"sha256":"sEZVd50CM1Zs/ypvbOL0diZ8CNFQZySw54FJFXqgo+8"},"signatures":{"localhost":{"ed25519:a_vyji":"xqOp+cxXBx/1zfslUKm+HmWcUZrn8wBU/eeCYZobtco+Vr/btoWnS7sP2ajbeTOhFYBxSL2JWGQQWo03+78aBQ"}},"unsigned":{"age_ts":1681109921222}}	3
$SXn00XEaf6vcH7EfF-hxrnKJ34geyleE-2HFWaQW5ag	!FzTtpSkXWMPYBKHUQN:localhost	{"token_id":19,"txn_id":"m1681109934841.2","historical":false,"recheck_redaction":false}	{"auth_events":["$1kn0z5XFW6tgZeQlEjEweLSJX_vv-w54n3uMagFyz9o","$FSGyxWobRbm3XPzA_RJTfx_wFyj7eioybzttjovTej0","$c4I4FYRPIltfSw8Wf6w1NWiI0mLCN0eVcYuMsCyqiS4"],"prev_events":["$ESb8M8zzCsTTuM2_aTjr7gchlzU1eLJxVMEx6T-jTEE"],"type":"m.room.redaction","room_id":"!FzTtpSkXWMPYBKHUQN:localhost","sender":"@user1.matrix:localhost","content":{},"depth":29,"redacts":"$ESb8M8zzCsTTuM2_aTjr7gchlzU1eLJxVMEx6T-jTEE","origin":"localhost","origin_server_ts":1681109934894,"hashes":{"sha256":"ucIJZWCp0DPShpa6PK7FwZ+AakrcxlcYPhwTk95RAE4"},"signatures":{"localhost":{"ed25519:a_vyji":"WXgs0xxiiM2YkG51Ps/ld3C8iiwaKLkjhKqs1ZTn6D4regwgyXz61cehYVeIGqAcg0EyD3tojm4hq49Y+djaCA"}},"unsigned":{"age_ts":1681109934894}}	3
$6gxkrvEOHIMVYq7kxmB942wCBkaZKqIC95Jzk-CISp0	!FzTtpSkXWMPYBKHUQN:localhost	{"token_id":19,"txn_id":"m1681109996644.3","historical":false}	{"auth_events":["$1kn0z5XFW6tgZeQlEjEweLSJX_vv-w54n3uMagFyz9o","$FSGyxWobRbm3XPzA_RJTfx_wFyj7eioybzttjovTej0","$c4I4FYRPIltfSw8Wf6w1NWiI0mLCN0eVcYuMsCyqiS4"],"prev_events":["$SXn00XEaf6vcH7EfF-hxrnKJ34geyleE-2HFWaQW5ag"],"type":"m.room.message","room_id":"!FzTtpSkXWMPYBKHUQN:localhost","sender":"@user1.matrix:localhost","content":{"msgtype":"m.text","body":"kokok"},"depth":30,"origin":"localhost","origin_server_ts":1681109996715,"hashes":{"sha256":"/u1hDS5kDHONr1PDDga1tOuDiu83c06YpRmAU5f3f20"},"signatures":{"localhost":{"ed25519:a_vyji":"A0IH0orf8+fc7GXmGgKhdrf7UzW19UWs4IPGbpcomyBuZOH4mqCneIby6eXja0pbLjNUgF02TsURTHCRKglWBw"}},"unsigned":{"age_ts":1681109996715}}	3
$tCegiyn_qp9r9cWvinmzuiK_97-qv69NU7CGuF2CDAw	!FzTtpSkXWMPYBKHUQN:localhost	{"token_id":19,"txn_id":"m1681110096471.4","historical":false}	{"auth_events":["$1kn0z5XFW6tgZeQlEjEweLSJX_vv-w54n3uMagFyz9o","$FSGyxWobRbm3XPzA_RJTfx_wFyj7eioybzttjovTej0","$c4I4FYRPIltfSw8Wf6w1NWiI0mLCN0eVcYuMsCyqiS4"],"prev_events":["$6gxkrvEOHIMVYq7kxmB942wCBkaZKqIC95Jzk-CISp0"],"type":"m.room.message","room_id":"!FzTtpSkXWMPYBKHUQN:localhost","sender":"@user1.matrix:localhost","content":{"msgtype":"m.text","body":"okoko"},"depth":31,"origin":"localhost","origin_server_ts":1681110096550,"hashes":{"sha256":"wL+id+7MtM2DAdsZxwzZtcYWmmrzB/d0TAp2LFmf+Oo"},"signatures":{"localhost":{"ed25519:a_vyji":"cCuDnYJoSB2ZAL4x5OVVHY6u/h6fIXj2AlRtks0Bw/W6JkTjRK8fG8v6QmU8FSawQfC8ynftswgo3Wq2G7JJDg"}},"unsigned":{"age_ts":1681110096550}}	3
$cdRz_XhX8_p6tBso0AzQXZq3nCx7Bp6Z2iH-h23-rbc	!FzTtpSkXWMPYBKHUQN:localhost	{"token_id":26,"txn_id":"m1681111594755","historical":false}	{"auth_events":["$1kn0z5XFW6tgZeQlEjEweLSJX_vv-w54n3uMagFyz9o","$c4I4FYRPIltfSw8Wf6w1NWiI0mLCN0eVcYuMsCyqiS4","$pdWypCivt0W58tNdti2PPFECr9nY2FHCzPHcq3t7WEY"],"prev_events":["$w7lOH1dKKeKeCs6DlAaGGp3yF_P0vEQ3pNmCTx8FcJ8"],"type":"m.room.message","room_id":"!FzTtpSkXWMPYBKHUQN:localhost","sender":"@mm_user2.mm:localhost","content":{"msgtype":"m.text","body":"klklk"},"depth":51,"origin":"localhost","origin_server_ts":1681111594775,"hashes":{"sha256":"QiHdkk4voay5Hl5NlpgVYZ9l/0waCPuazd7qZuUm9dg"},"signatures":{"localhost":{"ed25519:a_vyji":"6mYz3GLwm1QNAqhWSD7MkdjWdJIRMpCiCBSF6A3VSng6jZGLssLHC9xE7ppH+OiKSt0O8R6ChHcqlifIcCCGAg"}},"unsigned":{"age_ts":1681111594775}}	3
$GEtkY16drHOxrPM2y1D6QGAXukFCYxUBTFYt6SSVzlo	!FzTtpSkXWMPYBKHUQN:localhost	{"token_id":19,"txn_id":"m1681111752706.18","historical":false}	{"auth_events":["$1kn0z5XFW6tgZeQlEjEweLSJX_vv-w54n3uMagFyz9o","$FSGyxWobRbm3XPzA_RJTfx_wFyj7eioybzttjovTej0","$c4I4FYRPIltfSw8Wf6w1NWiI0mLCN0eVcYuMsCyqiS4"],"prev_events":["$EnC2zlKWl4pxmE20WFM5_uuVWd83XP_uOlpod2B1XeQ"],"type":"m.room.message","room_id":"!FzTtpSkXWMPYBKHUQN:localhost","sender":"@user1.matrix:localhost","content":{"msgtype":"m.text","body":"okok"},"depth":55,"origin":"localhost","origin_server_ts":1681111752780,"hashes":{"sha256":"Ny1ZUxf/9rq7+h0BGtRrkzsj/OXFq8uyedJpFlQK1hw"},"signatures":{"localhost":{"ed25519:a_vyji":"Efaxpv1V/5Z57CBnmJh4xLC7UHpMhN+h6O3J9qbAry6rsUl3hnyFCiSyv6KMu75hbJZON2CxJ/oBDCF1LgX6DQ"}},"unsigned":{"age_ts":1681111752780}}	3
$LwuV3S_QSzHUfw7pEQBk-n4jquK3n8qlEDA3ZQTkHDI	!cZnmZQFBeDsHEQbFQs:localhost	{"token_id":2,"historical":false}	{"auth_events":["$Jg_lbElh_Ag9z-VOceAlpgofNZg8W8x8HX4n5Ajmu6Y","$6bHlgH99jQtK-ue9-7g5rvZivsofVViJiR_vh1fGkBA","$nc1eJdpqNsaDyb3SdIbRwuQPExhfIPzPopcRSNdl3cQ","$DR5VmuWusNClKlyAtCuWLyQC__lzA2aHFKFHP9MMUfk"],"prev_events":["$yB_pgWY1MngMlhaqo70bZTnADr2mMUjbkEKY3cjnlqk"],"type":"m.room.member","room_id":"!cZnmZQFBeDsHEQbFQs:localhost","sender":"@admin:localhost","content":{"reason":"Invited to room","membership":"invite","displayname":"mm_user2.mm"},"depth":10,"state_key":"@mm_user2.mm:localhost","origin":"localhost","origin_server_ts":1681112067465,"hashes":{"sha256":"H0E7DkljfHk7seSs8mHuYFZoDfLzSfzZmRLsM/ei0SU"},"signatures":{"localhost":{"ed25519:a_vyji":"xVa4COrwb7g6NMBfzNDto17j3xgm3/rB4yzgKwmdkiECYsvZKF0NFe4N5wbnkpJwUX+zU7yX+ib9RIhlvC5zAA"}},"unsigned":{"age_ts":1681112067465,"invite_room_state":[{"type":"m.room.join_rules","state_key":"","content":{"join_rule":"public"},"sender":"@admin:localhost"},{"type":"m.room.create","state_key":"","content":{"room_version":"10","creator":"@admin:localhost"},"sender":"@admin:localhost"},{"type":"m.room.canonical_alias","state_key":"","content":{"alias":"#stockholm-office:localhost"},"sender":"@admin:localhost"},{"type":"m.room.name","state_key":"","content":{"name":"Stockholm Office"},"sender":"@admin:localhost"},{"type":"m.room.member","state_key":"@admin:localhost","content":{"membership":"join","displayname":"admin"},"sender":"@admin:localhost"}]}}	3
$MsUAygSGOybNZLwQY0HO7oA7UTvwZ4HjS-dSTebRryE	!FzTtpSkXWMPYBKHUQN:localhost	{"token_id":19,"txn_id":"m1681110112358.5","historical":false,"recheck_redaction":false}	{"auth_events":["$1kn0z5XFW6tgZeQlEjEweLSJX_vv-w54n3uMagFyz9o","$FSGyxWobRbm3XPzA_RJTfx_wFyj7eioybzttjovTej0","$c4I4FYRPIltfSw8Wf6w1NWiI0mLCN0eVcYuMsCyqiS4"],"prev_events":["$tCegiyn_qp9r9cWvinmzuiK_97-qv69NU7CGuF2CDAw"],"type":"m.room.redaction","room_id":"!FzTtpSkXWMPYBKHUQN:localhost","sender":"@user1.matrix:localhost","content":{},"depth":32,"redacts":"$tCegiyn_qp9r9cWvinmzuiK_97-qv69NU7CGuF2CDAw","origin":"localhost","origin_server_ts":1681110112411,"hashes":{"sha256":"qbI6O8VBgXjnYB3jPC/IAU8mRqCVTK3jzewI/vtWSww"},"signatures":{"localhost":{"ed25519:a_vyji":"y85Zn4yXAsUcoflr4nRawmXMhcIZ8qGTHODYRZgTFz+3Esk3b2j905vIHi221SqDRiyI9fhaMuXgJ9y13ebxCQ"}},"unsigned":{"age_ts":1681110112411}}	3
$w3py3S7l8-xbpdWz2joQqREyFoNoE5jE2HGz1J8AFIY	!FzTtpSkXWMPYBKHUQN:localhost	{"token_id":19,"txn_id":"m1681110199524.6","historical":false}	{"auth_events":["$1kn0z5XFW6tgZeQlEjEweLSJX_vv-w54n3uMagFyz9o","$FSGyxWobRbm3XPzA_RJTfx_wFyj7eioybzttjovTej0","$c4I4FYRPIltfSw8Wf6w1NWiI0mLCN0eVcYuMsCyqiS4"],"prev_events":["$1UPai0X6mkxZhcQOCpH1AB3C8_5iGG4irBlPGM8vX60"],"type":"m.room.message","room_id":"!FzTtpSkXWMPYBKHUQN:localhost","sender":"@user1.matrix:localhost","content":{"msgtype":"m.text","body":"klklk"},"depth":35,"origin":"localhost","origin_server_ts":1681110199621,"hashes":{"sha256":"yWS/1ruHeMX3OjQBo/YILTqnngr1jG2F2ep7mCdM6uM"},"signatures":{"localhost":{"ed25519:a_vyji":"CHVR5Vi8TX8jYd2MoJDyb6kL4j73LmU8fQpsbqUS3dKstgtpZRnRyzAXZewudnrjqgAYSMjBuVmJMujHOj30Bw"}},"unsigned":{"age_ts":1681110199621}}	3
$rA5PRb7MjCz1lqKGVcHLZ_4eIRh_5slNnGazl-q0F4w	!cZnmZQFBeDsHEQbFQs:localhost	{"token_id":28,"txn_id":"m1681112124172","historical":false}	{"auth_events":["$6bHlgH99jQtK-ue9-7g5rvZivsofVViJiR_vh1fGkBA","$nc1eJdpqNsaDyb3SdIbRwuQPExhfIPzPopcRSNdl3cQ","$ZJsRzPjCUHZTNUN_j78KyrW5EVPSKt9Pw_F-tVVvH7k"],"prev_events":["$ZJsRzPjCUHZTNUN_j78KyrW5EVPSKt9Pw_F-tVVvH7k"],"type":"m.room.message","room_id":"!cZnmZQFBeDsHEQbFQs:localhost","sender":"@mm_user2.mm:localhost","content":{"msgtype":"m.text","body":"klklklkl"},"depth":12,"origin":"localhost","origin_server_ts":1681112124231,"hashes":{"sha256":"jLP+P2gw0PgZu6b4QZDsGQKIX/E0xj1cM6PqNvPGSEE"},"signatures":{"localhost":{"ed25519:a_vyji":"41Ggar8w2BvPQyAKzxfbaX4bUNJB7P0JBdmKrArebr3pYtAoEp1tkumYjTpDGBM2J+YlPki9iUkWijl8IBHdAg"}},"unsigned":{"age_ts":1681112124231}}	3
$R_BTpdLAD-BfJUNWA0gDdMNG4gc8RNi-4QhdtrCsz24	!cZnmZQFBeDsHEQbFQs:localhost	{"token_id":19,"txn_id":"m1681112158572.22","historical":false}	{"auth_events":["$6bHlgH99jQtK-ue9-7g5rvZivsofVViJiR_vh1fGkBA","$FyOdtUu1pDq9pkxIHuGA8NRmuYwbc56h3FAanha48Hk","$nc1eJdpqNsaDyb3SdIbRwuQPExhfIPzPopcRSNdl3cQ"],"prev_events":["$FyOdtUu1pDq9pkxIHuGA8NRmuYwbc56h3FAanha48Hk"],"type":"m.room.message","room_id":"!cZnmZQFBeDsHEQbFQs:localhost","sender":"@user1.matrix:localhost","content":{"msgtype":"m.text","body":"klklkl"},"depth":14,"origin":"localhost","origin_server_ts":1681112158663,"hashes":{"sha256":"VUrWQvwpPKrbkZD5x6dC92svfNb2xM/LdLAt05gfPnU"},"signatures":{"localhost":{"ed25519:a_vyji":"hKRi/W74IJf2qqp2/Hhr8aTghYMB5VgkByl6UztAR1KBamDTRW1So/wlH0RR8VH1E4YDCj0Li9JaP0ROEVe/Aw"}},"unsigned":{"age_ts":1681112158663}}	3
$AI66VCbPMZvt2b3tqwhViAQXHs18twqgZhVW103z2sc	!cZnmZQFBeDsHEQbFQs:localhost	{"token_id":28,"txn_id":"m1681112169911","historical":false}	{"auth_events":["$6bHlgH99jQtK-ue9-7g5rvZivsofVViJiR_vh1fGkBA","$nc1eJdpqNsaDyb3SdIbRwuQPExhfIPzPopcRSNdl3cQ","$ZJsRzPjCUHZTNUN_j78KyrW5EVPSKt9Pw_F-tVVvH7k"],"prev_events":["$R_BTpdLAD-BfJUNWA0gDdMNG4gc8RNi-4QhdtrCsz24"],"type":"m.room.message","room_id":"!cZnmZQFBeDsHEQbFQs:localhost","sender":"@mm_user2.mm:localhost","content":{"msgtype":"m.text","body":"klklk"},"depth":15,"origin":"localhost","origin_server_ts":1681112169961,"hashes":{"sha256":"4QMgZuN12M92uF6YO9LVxfI5BoO/sybwAV7VVJBsQmI"},"signatures":{"localhost":{"ed25519:a_vyji":"Aptus6EmxLn4t8RgMRXH84eZOgmNchrR8QEcaORRuC88+wrNhMNLweLb5XYZXguo3DzuWv3yhmmxmQjejANGBw"}},"unsigned":{"age_ts":1681112169961}}	3
$Bo4JLPALQcShbeeEkpMatIB_6vxlLouq8IJQ55O6b-A	!FzTtpSkXWMPYBKHUQN:localhost	{"token_id":21,"txn_id":"m1681110155255","historical":false}	{"auth_events":["$1kn0z5XFW6tgZeQlEjEweLSJX_vv-w54n3uMagFyz9o","$c4I4FYRPIltfSw8Wf6w1NWiI0mLCN0eVcYuMsCyqiS4","$pdWypCivt0W58tNdti2PPFECr9nY2FHCzPHcq3t7WEY"],"prev_events":["$MsUAygSGOybNZLwQY0HO7oA7UTvwZ4HjS-dSTebRryE"],"type":"m.room.message","room_id":"!FzTtpSkXWMPYBKHUQN:localhost","sender":"@mm_user2.mm:localhost","content":{"msgtype":"m.text","body":"okoko"},"depth":33,"origin":"localhost","origin_server_ts":1681110155369,"hashes":{"sha256":"bWu/nozw2otUsn8++crufisTu+4vjzmCBnqT2H97hys"},"signatures":{"localhost":{"ed25519:a_vyji":"lroF/Z9Lg/o8WKhn7TQWyR13s6QGluTKLz5DxhqRTQ29OlMIr9d6pEY6SkxequGqUQy6ch6/Fo4Ic6DR3E8BCA"}},"unsigned":{"age_ts":1681110155369}}	3
$1UPai0X6mkxZhcQOCpH1AB3C8_5iGG4irBlPGM8vX60	!FzTtpSkXWMPYBKHUQN:localhost	{"token_id":21,"txn_id":"m1681110187810","historical":false,"recheck_redaction":false}	{"auth_events":["$1kn0z5XFW6tgZeQlEjEweLSJX_vv-w54n3uMagFyz9o","$c4I4FYRPIltfSw8Wf6w1NWiI0mLCN0eVcYuMsCyqiS4","$pdWypCivt0W58tNdti2PPFECr9nY2FHCzPHcq3t7WEY"],"prev_events":["$Bo4JLPALQcShbeeEkpMatIB_6vxlLouq8IJQ55O6b-A"],"type":"m.room.redaction","room_id":"!FzTtpSkXWMPYBKHUQN:localhost","sender":"@mm_user2.mm:localhost","content":{"reason":"Post Deleted"},"depth":34,"redacts":"$Bo4JLPALQcShbeeEkpMatIB_6vxlLouq8IJQ55O6b-A","origin":"localhost","origin_server_ts":1681110187877,"hashes":{"sha256":"kMyoVz/9Yfultwrz6AksvH5IcfWn2qfjBthH06R2UyU"},"signatures":{"localhost":{"ed25519:a_vyji":"0icX8kjWK9qJhCpUo3pEIVurGtYI3lVj5shR5UwnXog3iWPKmZMKM1Dhw3YuqDpQ3kOeEmpflQejSmnjd253BQ"}},"unsigned":{"age_ts":1681110187877}}	3
$KoX2hU-P1VybDOXpAKm_myFst0pkCN0MKKBLGLQqovE	!FzTtpSkXWMPYBKHUQN:localhost	{"token_id":19,"txn_id":"m1681110206129.7","historical":false,"recheck_redaction":false}	{"auth_events":["$1kn0z5XFW6tgZeQlEjEweLSJX_vv-w54n3uMagFyz9o","$FSGyxWobRbm3XPzA_RJTfx_wFyj7eioybzttjovTej0","$c4I4FYRPIltfSw8Wf6w1NWiI0mLCN0eVcYuMsCyqiS4"],"prev_events":["$w3py3S7l8-xbpdWz2joQqREyFoNoE5jE2HGz1J8AFIY"],"type":"m.room.redaction","room_id":"!FzTtpSkXWMPYBKHUQN:localhost","sender":"@user1.matrix:localhost","content":{},"depth":36,"redacts":"$w3py3S7l8-xbpdWz2joQqREyFoNoE5jE2HGz1J8AFIY","origin":"localhost","origin_server_ts":1681110206189,"hashes":{"sha256":"+sAVVd4JHd0xPkKX85sHHRWVUMRyGf8hOM0/aR5yif0"},"signatures":{"localhost":{"ed25519:a_vyji":"e18GTH07nC967y1JAf51KzC5hSx4Yb4t/Q7LOXgmcaOmcW7q5eJXSw+G+SpveY0LH1jN5rm2DdGZWDMh2zyiDw"}},"unsigned":{"age_ts":1681110206189}}	3
$Qc1DVNbHoeyAoragn3t3lSrm2IvTk9wMJBJYKliD3WM	!FzTtpSkXWMPYBKHUQN:localhost	{"token_id":19,"txn_id":"m1681110350612.8","historical":false}	{"auth_events":["$1kn0z5XFW6tgZeQlEjEweLSJX_vv-w54n3uMagFyz9o","$FSGyxWobRbm3XPzA_RJTfx_wFyj7eioybzttjovTej0","$c4I4FYRPIltfSw8Wf6w1NWiI0mLCN0eVcYuMsCyqiS4"],"prev_events":["$KoX2hU-P1VybDOXpAKm_myFst0pkCN0MKKBLGLQqovE"],"type":"m.room.message","room_id":"!FzTtpSkXWMPYBKHUQN:localhost","sender":"@user1.matrix:localhost","content":{"msgtype":"m.text","body":"klkl"},"depth":37,"origin":"localhost","origin_server_ts":1681110350705,"hashes":{"sha256":"3lK/g55yHDqWPpbomRtPjNc439ZMjzgwMhMChJ1bK1s"},"signatures":{"localhost":{"ed25519:a_vyji":"mNvbSPuFCO/Xj0mfvIZ0AI+td49RraDZJEAJ5cRQnJqVjjzlKitOCvMrYde0QMM2S/V4zBwQ3Dc0kpwwG+QVBA"}},"unsigned":{"age_ts":1681110350705}}	3
$gHwGynQdqAEWelKTu66zWCE1fVp0M2RgK6P6QoTJV70	!FzTtpSkXWMPYBKHUQN:localhost	{"token_id":19,"txn_id":"m1681110357702.9","historical":false,"recheck_redaction":false}	{"auth_events":["$1kn0z5XFW6tgZeQlEjEweLSJX_vv-w54n3uMagFyz9o","$FSGyxWobRbm3XPzA_RJTfx_wFyj7eioybzttjovTej0","$c4I4FYRPIltfSw8Wf6w1NWiI0mLCN0eVcYuMsCyqiS4"],"prev_events":["$Qc1DVNbHoeyAoragn3t3lSrm2IvTk9wMJBJYKliD3WM"],"type":"m.room.redaction","room_id":"!FzTtpSkXWMPYBKHUQN:localhost","sender":"@user1.matrix:localhost","content":{},"depth":38,"redacts":"$Qc1DVNbHoeyAoragn3t3lSrm2IvTk9wMJBJYKliD3WM","origin":"localhost","origin_server_ts":1681110357769,"hashes":{"sha256":"oZyusj7IzB0vxZq8EVUAVtiC5cyQdC5IxpIHF/ywC1s"},"signatures":{"localhost":{"ed25519:a_vyji":"aQlvPtNVId+834dzuoz+W92FYMAI1a92jyeMTg8cVXapeNaPmMHBD6cVg4yaoAOHaAzlFVBpud2eVLl3/zRNAw"}},"unsigned":{"age_ts":1681110357769}}	3
$-HKoRby_s8G544Ao_KR_BtaomPp7O4vgmWHflG33bX4	!FzTtpSkXWMPYBKHUQN:localhost	{"token_id":22,"txn_id":"m1681110670674","historical":false}	{"auth_events":["$1kn0z5XFW6tgZeQlEjEweLSJX_vv-w54n3uMagFyz9o","$c4I4FYRPIltfSw8Wf6w1NWiI0mLCN0eVcYuMsCyqiS4","$pdWypCivt0W58tNdti2PPFECr9nY2FHCzPHcq3t7WEY"],"prev_events":["$gHwGynQdqAEWelKTu66zWCE1fVp0M2RgK6P6QoTJV70"],"type":"m.room.message","room_id":"!FzTtpSkXWMPYBKHUQN:localhost","sender":"@mm_user2.mm:localhost","content":{"msgtype":"m.text","body":"klklkl"},"depth":39,"origin":"localhost","origin_server_ts":1681110670693,"hashes":{"sha256":"lzhPIxGKioJkvIBDJVqJ50bbn8WW6FR4F+Hwh45KbHg"},"signatures":{"localhost":{"ed25519:a_vyji":"VV9dR1ceNLUoqLLsaqmo7EHSni8WjWYN+bvZ+81hvibMU9kvzuFAc4ka3ZtiTPALYx7OXdRD5Zc1ZiD3+AouCg"}},"unsigned":{"age_ts":1681110670693}}	3
$EaVQiabvSs7WDhnMGeCso5JvAzW2g_cxxQ4A0x60cO4	!FzTtpSkXWMPYBKHUQN:localhost	{"token_id":22,"txn_id":"m1681110689324","historical":false,"recheck_redaction":false}	{"auth_events":["$1kn0z5XFW6tgZeQlEjEweLSJX_vv-w54n3uMagFyz9o","$c4I4FYRPIltfSw8Wf6w1NWiI0mLCN0eVcYuMsCyqiS4","$pdWypCivt0W58tNdti2PPFECr9nY2FHCzPHcq3t7WEY"],"prev_events":["$-HKoRby_s8G544Ao_KR_BtaomPp7O4vgmWHflG33bX4"],"type":"m.room.redaction","room_id":"!FzTtpSkXWMPYBKHUQN:localhost","sender":"@mm_user2.mm:localhost","content":{"reason":"Post Deleted"},"depth":40,"redacts":"$-HKoRby_s8G544Ao_KR_BtaomPp7O4vgmWHflG33bX4","origin":"localhost","origin_server_ts":1681110689407,"hashes":{"sha256":"LVzaraREtAPh9IMugeVwYB/CZxGxJStO+qufm1GyfMs"},"signatures":{"localhost":{"ed25519:a_vyji":"wx90O8T99fsbIi3oAB+WOYGVAcFmiCWRzuxdITKJr4F8b2HFLO6QqUcUQPf3QeKh1wD1D0pNlhmzM8II2mUNBQ"}},"unsigned":{"age_ts":1681110689407}}	3
$a80ETeoQf4btWpFYbDzXYLNhaJVGclNmo4vt_wr7btQ	!FzTtpSkXWMPYBKHUQN:localhost	{"token_id":19,"txn_id":"m1681110739720.10","historical":false}	{"auth_events":["$1kn0z5XFW6tgZeQlEjEweLSJX_vv-w54n3uMagFyz9o","$FSGyxWobRbm3XPzA_RJTfx_wFyj7eioybzttjovTej0","$c4I4FYRPIltfSw8Wf6w1NWiI0mLCN0eVcYuMsCyqiS4"],"prev_events":["$EaVQiabvSs7WDhnMGeCso5JvAzW2g_cxxQ4A0x60cO4"],"type":"m.room.message","room_id":"!FzTtpSkXWMPYBKHUQN:localhost","sender":"@user1.matrix:localhost","content":{"msgtype":"m.text","body":"okok"},"depth":41,"origin":"localhost","origin_server_ts":1681110739789,"hashes":{"sha256":"xM05+BlN12qcbs2hg4xYM/LS4U5yuNFd9qaEe3X5HqQ"},"signatures":{"localhost":{"ed25519:a_vyji":"XcrjSQkFBqPr5IIo7su61k4oNvuawF5eiL8pvpAI99xBV7c4DnsT+wN60iQ++GkWiuC2qbzuJFVYRweaCA8SDA"}},"unsigned":{"age_ts":1681110739789}}	3
$DJW9gvwyHhpI2pEcgw6Tv_pHFxJGskUjSwKK1vkAAQ8	!FzTtpSkXWMPYBKHUQN:localhost	{"token_id":19,"txn_id":"m1681110748545.11","historical":false,"recheck_redaction":false}	{"auth_events":["$1kn0z5XFW6tgZeQlEjEweLSJX_vv-w54n3uMagFyz9o","$FSGyxWobRbm3XPzA_RJTfx_wFyj7eioybzttjovTej0","$c4I4FYRPIltfSw8Wf6w1NWiI0mLCN0eVcYuMsCyqiS4"],"prev_events":["$a80ETeoQf4btWpFYbDzXYLNhaJVGclNmo4vt_wr7btQ"],"type":"m.room.redaction","room_id":"!FzTtpSkXWMPYBKHUQN:localhost","sender":"@user1.matrix:localhost","content":{},"depth":42,"redacts":"$a80ETeoQf4btWpFYbDzXYLNhaJVGclNmo4vt_wr7btQ","origin":"localhost","origin_server_ts":1681110748535,"hashes":{"sha256":"zmnk4V/lmhLtprM0MdYeUzdZt7wVjkHHtj/oG/0R0PI"},"signatures":{"localhost":{"ed25519:a_vyji":"OtB32d+ruaXAmWf40GxYfYsWlGzChTaeL9G1L+U8icBJCv4K5nLr6TsbnQ/1Pnw/NvQsT0p9Gg+QgC4FlhOxBw"}},"unsigned":{"age_ts":1681110748535}}	3
$sDuUX7k_nGFrr68aq6q-Se4v7PS0UHtb9DCgicckLOk	!FzTtpSkXWMPYBKHUQN:localhost	{"token_id":23,"txn_id":"m1681111091486","historical":false}	{"auth_events":["$1kn0z5XFW6tgZeQlEjEweLSJX_vv-w54n3uMagFyz9o","$c4I4FYRPIltfSw8Wf6w1NWiI0mLCN0eVcYuMsCyqiS4","$pdWypCivt0W58tNdti2PPFECr9nY2FHCzPHcq3t7WEY"],"prev_events":["$DJW9gvwyHhpI2pEcgw6Tv_pHFxJGskUjSwKK1vkAAQ8"],"type":"m.room.message","room_id":"!FzTtpSkXWMPYBKHUQN:localhost","sender":"@mm_user2.mm:localhost","content":{"msgtype":"m.text","body":"klklklkl"},"depth":43,"origin":"localhost","origin_server_ts":1681111091512,"hashes":{"sha256":"FpcqjWdPGYh4DVzuXi34KF/2CuJSGoTD1DGm8clc7zQ"},"signatures":{"localhost":{"ed25519:a_vyji":"lsTvpdSREiEuC7NFh5Tb1Z9+jlw9hGwJY8gU7Lr4eU8CVTBdUAFf4IpnOovtquQOpz3PzRsmTDSJcYHXghCGDw"}},"unsigned":{"age_ts":1681111091512}}	3
$cMDyp45ivGK1L_ShGF__AS8GBLW8-INvJUlELx5CbQ0	!FzTtpSkXWMPYBKHUQN:localhost	{"token_id":26,"txn_id":"m1681111618061","historical":false,"recheck_redaction":false}	{"auth_events":["$1kn0z5XFW6tgZeQlEjEweLSJX_vv-w54n3uMagFyz9o","$c4I4FYRPIltfSw8Wf6w1NWiI0mLCN0eVcYuMsCyqiS4","$pdWypCivt0W58tNdti2PPFECr9nY2FHCzPHcq3t7WEY"],"prev_events":["$cdRz_XhX8_p6tBso0AzQXZq3nCx7Bp6Z2iH-h23-rbc"],"type":"m.room.redaction","room_id":"!FzTtpSkXWMPYBKHUQN:localhost","sender":"@mm_user2.mm:localhost","content":{"reason":"Post Deleted"},"depth":52,"redacts":"$cdRz_XhX8_p6tBso0AzQXZq3nCx7Bp6Z2iH-h23-rbc","origin":"localhost","origin_server_ts":1681111618083,"hashes":{"sha256":"EWNOHV9PON/hizIPao5OLuIzmA/CDBW1DyBoNZMiSAA"},"signatures":{"localhost":{"ed25519:a_vyji":"i5K6gqXVZjliydvnmrpo9OMPff/Jvaq9mRjD8czlnTzijWjUCjipdtK/q4ADcd5JerpJRj3Pk6dcSqETrGiPDw"}},"unsigned":{"age_ts":1681111618083}}	3
$kUxkPt1sGwhzERqEarPnF5jZR9yMsoza124QtMit3tI	!FzTtpSkXWMPYBKHUQN:localhost	{"token_id":19,"txn_id":"m1681111635399.16","historical":false}	{"auth_events":["$1kn0z5XFW6tgZeQlEjEweLSJX_vv-w54n3uMagFyz9o","$FSGyxWobRbm3XPzA_RJTfx_wFyj7eioybzttjovTej0","$c4I4FYRPIltfSw8Wf6w1NWiI0mLCN0eVcYuMsCyqiS4"],"prev_events":["$cMDyp45ivGK1L_ShGF__AS8GBLW8-INvJUlELx5CbQ0"],"type":"m.room.message","room_id":"!FzTtpSkXWMPYBKHUQN:localhost","sender":"@user1.matrix:localhost","content":{"msgtype":"m.text","body":"klklk"},"depth":53,"origin":"localhost","origin_server_ts":1681111635482,"hashes":{"sha256":"1kuc5q5sevmXhjAU31rH9WJztPEMJSrgAQ9qUn4UusI"},"signatures":{"localhost":{"ed25519:a_vyji":"w3L7cOVIXGtiefDOdJoxePcp/rpg9xQ62x0T+QpDoOUwsfARYTCQzmKsVKHEN/awAV29+kBCDh09TNcHUFJ5Cw"}},"unsigned":{"age_ts":1681111635482}}	3
$F3NqPu2Spf8K4XLXu_0jprZ1pzX7OQgH7jxSdNoTiBc	!FzTtpSkXWMPYBKHUQN:localhost	{"token_id":27,"txn_id":"m1681111784727","historical":false}	{"auth_events":["$1kn0z5XFW6tgZeQlEjEweLSJX_vv-w54n3uMagFyz9o","$c4I4FYRPIltfSw8Wf6w1NWiI0mLCN0eVcYuMsCyqiS4","$pdWypCivt0W58tNdti2PPFECr9nY2FHCzPHcq3t7WEY"],"prev_events":["$dAaHeBJ3APK3s-d4k6G7DnoO6sQHgToUm-KEqY2ha8o"],"type":"m.room.message","room_id":"!FzTtpSkXWMPYBKHUQN:localhost","sender":"@mm_user2.mm:localhost","content":{"msgtype":"m.text","body":"klklkl"},"depth":57,"origin":"localhost","origin_server_ts":1681111784743,"hashes":{"sha256":"54pOxX/egAq3XZow/Jvmsx7FrpUB7q9uBeRK0RadwN8"},"signatures":{"localhost":{"ed25519:a_vyji":"4MiW9qJrX4ntHOOE3nBSJ1BW88+yEDPm+RQ3jMZMLnzxeuRIudDdEMesFnQrBcZ3n0p5MYwIpOR6r2+nCYa2CA"}},"unsigned":{"age_ts":1681111784743}}	3
$VDgIn68dzLHo_gZ7neRkP0y_cgeUTlGI_ZGO7A-qJHw	!cZnmZQFBeDsHEQbFQs:localhost	{"token_id":19,"txn_id":"m1681112197172.24","historical":false,"recheck_redaction":false}	{"auth_events":["$6bHlgH99jQtK-ue9-7g5rvZivsofVViJiR_vh1fGkBA","$FyOdtUu1pDq9pkxIHuGA8NRmuYwbc56h3FAanha48Hk","$nc1eJdpqNsaDyb3SdIbRwuQPExhfIPzPopcRSNdl3cQ"],"prev_events":["$HUUDVNAe9kYy1-MJRkHq_OmumlsIRsNlMN9OZnLoLm4"],"type":"m.room.redaction","room_id":"!cZnmZQFBeDsHEQbFQs:localhost","sender":"@user1.matrix:localhost","content":{},"depth":18,"redacts":"$HUUDVNAe9kYy1-MJRkHq_OmumlsIRsNlMN9OZnLoLm4","origin":"localhost","origin_server_ts":1681112197215,"hashes":{"sha256":"8HBB3CljLnsZiXvT/c5RgBETkIckH3yHSdoHzEbhLGQ"},"signatures":{"localhost":{"ed25519:a_vyji":"IKygdqh1G3d7xENpPHfTOJu/AGPc1pOpWjieeawf5P0Zp82CNzGCmoYfYVjnVLq3gaQFG7GUOhw5wV/o7Fn1Bw"}},"unsigned":{"age_ts":1681112197215}}	3
$Vhe96m7lCNGvQXgtlabnFhr_GUgPVpqYOsLd5pxMxxc	!mOsaATLFknhUVKMKbF:localhost	{"token_id":28,"txn_id":"m1681112446870","historical":false}	{"auth_events":["$_O7HCNBcIf7TFakcNOXd_OGa-EktXdY7jXFtq-0AuZ4","$SlMhs1Tixs22BdZ3XXqNy9AnhoIY4iemw--vg-i_Lm0","$QC7bXFDxGhDk6yv_4ChjXTMkJ0t0dKySNdOD6sK8xWs"],"prev_events":["$biZp1kn2ycj-NFYzBIsolRQUhuy_Jcdb1TWFXs-wm_M"],"type":"m.room.message","room_id":"!mOsaATLFknhUVKMKbF:localhost","sender":"@mm_user2.mm:localhost","content":{"msgtype":"m.text","body":"klklk"},"depth":13,"origin":"localhost","origin_server_ts":1681112446993,"hashes":{"sha256":"jQ2JqdLf7ZzakMbMbxc2zoqwhX1cAFaotYjM5N/TxrY"},"signatures":{"localhost":{"ed25519:a_vyji":"S2l6nst+d1MYk99Asw3UaJGJo7IA6ORwBRtlD9h3FZfNpt+lhLHJzBZqwo5YOHbsajvweOKE8zHKTR3hlUHXDQ"}},"unsigned":{"age_ts":1681112446993}}	3
$-QKjIvbRegc7FLNn1N3abJ7hKjwMdoQrmX6Zbw-ctHA	!FzTtpSkXWMPYBKHUQN:localhost	{"token_id":24,"txn_id":"m1681111149823","historical":false}	{"auth_events":["$1kn0z5XFW6tgZeQlEjEweLSJX_vv-w54n3uMagFyz9o","$c4I4FYRPIltfSw8Wf6w1NWiI0mLCN0eVcYuMsCyqiS4","$pdWypCivt0W58tNdti2PPFECr9nY2FHCzPHcq3t7WEY"],"prev_events":["$sDuUX7k_nGFrr68aq6q-Se4v7PS0UHtb9DCgicckLOk"],"type":"m.room.message","room_id":"!FzTtpSkXWMPYBKHUQN:localhost","sender":"@mm_user2.mm:localhost","content":{"msgtype":"m.text","body":"klklklklk"},"depth":44,"origin":"localhost","origin_server_ts":1681111149872,"hashes":{"sha256":"x2KBlxzwB5q9pxfwlNOaL2XjcjSX5RNgS7o3W48e9N4"},"signatures":{"localhost":{"ed25519:a_vyji":"UJ1FmK7UR7BHlz/QiHDuEShOCFuiaIDPJDfLmq8v6/q71ljRdauQtDRnA1YZ+2n0PeHu4Vgo49lyB+7RPj2sBQ"}},"unsigned":{"age_ts":1681111149872}}	3
$nD3fBVNqotefwe1wSxqLXHxVj_3f00Vj5VNpoUr1ABQ	!FzTtpSkXWMPYBKHUQN:localhost	{"token_id":24,"txn_id":"m1681111173996","historical":false,"recheck_redaction":false}	{"auth_events":["$1kn0z5XFW6tgZeQlEjEweLSJX_vv-w54n3uMagFyz9o","$c4I4FYRPIltfSw8Wf6w1NWiI0mLCN0eVcYuMsCyqiS4","$pdWypCivt0W58tNdti2PPFECr9nY2FHCzPHcq3t7WEY"],"prev_events":["$-QKjIvbRegc7FLNn1N3abJ7hKjwMdoQrmX6Zbw-ctHA"],"type":"m.room.redaction","room_id":"!FzTtpSkXWMPYBKHUQN:localhost","sender":"@mm_user2.mm:localhost","content":{"reason":"Post Deleted"},"depth":45,"redacts":"$-QKjIvbRegc7FLNn1N3abJ7hKjwMdoQrmX6Zbw-ctHA","origin":"localhost","origin_server_ts":1681111174014,"hashes":{"sha256":"urHIUrGITHNJxC6Eqc0WcMKkqEtVes1qS75XYhw27ZM"},"signatures":{"localhost":{"ed25519:a_vyji":"C9+wYNd6bAg9YHC+vpuhDjMvUTdsVZYQOTROy4Y2RNA9WlFKPVAu4gmLn+MbcCv4TfQUiNwOHni89sh1m2xnBg"}},"unsigned":{"age_ts":1681111174014}}	3
$Bt1xztPUc6q7sEKol_gzAfl_qts24lsGSR_TcdwgTDE	!FzTtpSkXWMPYBKHUQN:localhost	{"token_id":19,"txn_id":"m1681111439786.15","historical":false,"recheck_redaction":false}	{"auth_events":["$1kn0z5XFW6tgZeQlEjEweLSJX_vv-w54n3uMagFyz9o","$FSGyxWobRbm3XPzA_RJTfx_wFyj7eioybzttjovTej0","$c4I4FYRPIltfSw8Wf6w1NWiI0mLCN0eVcYuMsCyqiS4"],"prev_events":["$vL5Yz3B5LuK3523XAi9kXCV6MChwv_bOVxCvia8FVB4"],"type":"m.room.redaction","room_id":"!FzTtpSkXWMPYBKHUQN:localhost","sender":"@user1.matrix:localhost","content":{},"depth":49,"redacts":"$vL5Yz3B5LuK3523XAi9kXCV6MChwv_bOVxCvia8FVB4","origin":"localhost","origin_server_ts":1681111439836,"hashes":{"sha256":"n0+o+2ZKBIyhzYL7MJAZbY9QDLWnqzFw6dLR5hakaVI"},"signatures":{"localhost":{"ed25519:a_vyji":"AEmCXsyGBhzPmY2JhBvRnB53qheOIY/zo4oU34D0bkKwazKfn5qFosEwakaRgArzajyRZa5CvwbC8kFN7ml6AQ"}},"unsigned":{"age_ts":1681111439836}}	3
$w7lOH1dKKeKeCs6DlAaGGp3yF_P0vEQ3pNmCTx8FcJ8	!FzTtpSkXWMPYBKHUQN:localhost	{"token_id":25,"txn_id":"m1681111483297","historical":false}	{"auth_events":["$1kn0z5XFW6tgZeQlEjEweLSJX_vv-w54n3uMagFyz9o","$c4I4FYRPIltfSw8Wf6w1NWiI0mLCN0eVcYuMsCyqiS4","$pdWypCivt0W58tNdti2PPFECr9nY2FHCzPHcq3t7WEY"],"prev_events":["$Bt1xztPUc6q7sEKol_gzAfl_qts24lsGSR_TcdwgTDE"],"type":"m.room.message","room_id":"!FzTtpSkXWMPYBKHUQN:localhost","sender":"@mm_user2.mm:localhost","content":{"msgtype":"m.text","body":"klkl"},"depth":50,"origin":"localhost","origin_server_ts":1681111483340,"hashes":{"sha256":"Q8flLDE+oTDl1Ax+ho5fR6NwkfJcWbuX8i35JHHSiqY"},"signatures":{"localhost":{"ed25519:a_vyji":"9LlYW54/MfuBeOznHPhildK2qHsva8HFqfyTDIe6Xl60IAWxDJ+Ea4aZ3xCK+NkB5Sv+UBvqmhESHcDH060AAg"}},"unsigned":{"age_ts":1681111483340}}	3
$dAaHeBJ3APK3s-d4k6G7DnoO6sQHgToUm-KEqY2ha8o	!FzTtpSkXWMPYBKHUQN:localhost	{"token_id":19,"txn_id":"m1681111761020.19","historical":false,"recheck_redaction":false}	{"auth_events":["$1kn0z5XFW6tgZeQlEjEweLSJX_vv-w54n3uMagFyz9o","$FSGyxWobRbm3XPzA_RJTfx_wFyj7eioybzttjovTej0","$c4I4FYRPIltfSw8Wf6w1NWiI0mLCN0eVcYuMsCyqiS4"],"prev_events":["$GEtkY16drHOxrPM2y1D6QGAXukFCYxUBTFYt6SSVzlo"],"type":"m.room.redaction","room_id":"!FzTtpSkXWMPYBKHUQN:localhost","sender":"@user1.matrix:localhost","content":{},"depth":56,"redacts":"$GEtkY16drHOxrPM2y1D6QGAXukFCYxUBTFYt6SSVzlo","origin":"localhost","origin_server_ts":1681111761070,"hashes":{"sha256":"CQt2CNNnRKvRA2WXUl4O/HbcLmWgdYxFkbtHFSccjjw"},"signatures":{"localhost":{"ed25519:a_vyji":"NcT/ZIlS1mYcfZt0DJ4GpWLDWi1rW9nU45hSOmNGuNDducmHSi3Irp19xAzM+69J1Dti55IwiS6F8A2oYnwFAg"}},"unsigned":{"age_ts":1681111761070}}	3
$O_xBVr6rmpmuc_gHgPUwAd5jjTiDwPFpFPxlZiXO82E	!FzTtpSkXWMPYBKHUQN:localhost	{"token_id":28,"txn_id":"m1681111865655","historical":false,"recheck_redaction":false}	{"auth_events":["$1kn0z5XFW6tgZeQlEjEweLSJX_vv-w54n3uMagFyz9o","$c4I4FYRPIltfSw8Wf6w1NWiI0mLCN0eVcYuMsCyqiS4","$pdWypCivt0W58tNdti2PPFECr9nY2FHCzPHcq3t7WEY"],"prev_events":["$XVRcXTt62fYwFNjltQCDR4KYxVR2Y5736Y99u4u_Yp8"],"type":"m.room.redaction","room_id":"!FzTtpSkXWMPYBKHUQN:localhost","sender":"@mm_user2.mm:localhost","content":{"reason":"Post Deleted"},"depth":59,"redacts":"$XVRcXTt62fYwFNjltQCDR4KYxVR2Y5736Y99u4u_Yp8","origin":"localhost","origin_server_ts":1681111865773,"hashes":{"sha256":"/uv66XJMXEGAsZ+iynf7IogAHEJFGKQ9982ijtocOGk"},"signatures":{"localhost":{"ed25519:a_vyji":"RqMoqMDHPt6RWH07LS6SzTLYfa095zeNu2Gtv4KwiW+ptmkNtps+74ySvejv8S/P4Qe/RdIay55YQwLWyIXnDQ"}},"unsigned":{"age_ts":1681111865773}}	3
$oRS_K9WwEjRY1LoGRh6ymmTYBFe4S3jiGLxKdFZq0xo	!mOsaATLFknhUVKMKbF:localhost	{"historical":false}	{"auth_events":["$ORKiMUdUMVOsbsyJYKmngYgY7DjjpWm4TvnNHjGoyzo","$_O7HCNBcIf7TFakcNOXd_OGa-EktXdY7jXFtq-0AuZ4","$i7p_9pGUCmPcRci6QowPd0isnxc650XUL0nkZkXIJqI","$SlMhs1Tixs22BdZ3XXqNy9AnhoIY4iemw--vg-i_Lm0"],"prev_events":["$i7p_9pGUCmPcRci6QowPd0isnxc650XUL0nkZkXIJqI"],"type":"m.room.member","room_id":"!mOsaATLFknhUVKMKbF:localhost","sender":"@matterbot:localhost","content":{"reason":"joining room","membership":"join","displayname":"Mattermost Bridge"},"depth":10,"state_key":"@matterbot:localhost","origin":"localhost","origin_server_ts":1681112422178,"hashes":{"sha256":"gSYpliZ3vk0+t2aKTs/MchqGiWg5ZVO1vMW2vxvdyzs"},"signatures":{"localhost":{"ed25519:a_vyji":"PUpL3jJH08X+kcYT/u/5t7jcFBubaCE8u/ooiQGqEH2zKveq/MmfuAYOvfB/APnwcS0XkIUagIvVESJt1BvNBA"}},"unsigned":{"age_ts":1681112422178,"replaces_state":"$i7p_9pGUCmPcRci6QowPd0isnxc650XUL0nkZkXIJqI"}}	3
$FWpqQbXQShRFgQ2vWg29OuQTSkDuwx17c6DhUQAfIb8	!mOsaATLFknhUVKMKbF:localhost	{"token_id":28,"txn_id":"m1681112422270","historical":false}	{"auth_events":["$_O7HCNBcIf7TFakcNOXd_OGa-EktXdY7jXFtq-0AuZ4","$SlMhs1Tixs22BdZ3XXqNy9AnhoIY4iemw--vg-i_Lm0","$QC7bXFDxGhDk6yv_4ChjXTMkJ0t0dKySNdOD6sK8xWs"],"prev_events":["$oRS_K9WwEjRY1LoGRh6ymmTYBFe4S3jiGLxKdFZq0xo"],"type":"m.room.message","room_id":"!mOsaATLFknhUVKMKbF:localhost","sender":"@mm_user2.mm:localhost","content":{"msgtype":"m.text","body":"matrix.bridge added to the channel by user2.mm."},"depth":11,"origin":"localhost","origin_server_ts":1681112422319,"hashes":{"sha256":"sDEFgeLMruXWe0+TT/521Y09an/uw3/Cn54mxnWuk6U"},"signatures":{"localhost":{"ed25519:a_vyji":"bGeP7q9qxfFv0imwF4l4QcN+lVvw/GO+Ci8bj1KjrZAtYM3SCAyNmmVLC4n6C22Qu6GlYkQL1Ro31J9Uq0z+AA"}},"unsigned":{"age_ts":1681112422319}}	3
$jy48UF7H1uhnLFtlVfm0J7AQsQzu0md4tudw5nIMe-c	!FzTtpSkXWMPYBKHUQN:localhost	{"token_id":19,"txn_id":"m1681111207510.12","historical":false}	{"auth_events":["$1kn0z5XFW6tgZeQlEjEweLSJX_vv-w54n3uMagFyz9o","$FSGyxWobRbm3XPzA_RJTfx_wFyj7eioybzttjovTej0","$c4I4FYRPIltfSw8Wf6w1NWiI0mLCN0eVcYuMsCyqiS4"],"prev_events":["$nD3fBVNqotefwe1wSxqLXHxVj_3f00Vj5VNpoUr1ABQ"],"type":"m.room.message","room_id":"!FzTtpSkXWMPYBKHUQN:localhost","sender":"@user1.matrix:localhost","content":{"msgtype":"m.text","body":"klklkl"},"depth":46,"origin":"localhost","origin_server_ts":1681111207586,"hashes":{"sha256":"dyL+ORLSLlYhXfZLf01sQrBJ7qIIkkS8HqzgUBrmEqc"},"signatures":{"localhost":{"ed25519:a_vyji":"ZDETrt5mzKAajr3nxr3P3cpRmZYdN9esT/L2Ljy7MioqxhOMaMMCl57uIivTf3zr/1piFbyaznsFB+C6P4qZCQ"}},"unsigned":{"age_ts":1681111207586}}	3
$6bHlgH99jQtK-ue9-7g5rvZivsofVViJiR_vh1fGkBA	!cZnmZQFBeDsHEQbFQs:localhost	{"token_id":2,"historical":false}	{"auth_events":["$nc1eJdpqNsaDyb3SdIbRwuQPExhfIPzPopcRSNdl3cQ","$DR5VmuWusNClKlyAtCuWLyQC__lzA2aHFKFHP9MMUfk"],"prev_events":["$DR5VmuWusNClKlyAtCuWLyQC__lzA2aHFKFHP9MMUfk"],"type":"m.room.power_levels","room_id":"!cZnmZQFBeDsHEQbFQs:localhost","sender":"@admin:localhost","content":{"users":{"@admin:localhost":100},"users_default":0,"events":{"m.room.name":50,"m.room.power_levels":100,"m.room.history_visibility":100,"m.room.canonical_alias":50,"m.room.avatar":50,"m.room.tombstone":100,"m.room.server_acl":100,"m.room.encryption":100},"events_default":0,"state_default":50,"ban":50,"kick":50,"redact":50,"invite":50,"historical":100},"depth":3,"state_key":"","origin":"localhost","origin_server_ts":1681112041454,"hashes":{"sha256":"vem4jZWM3u+az6o8HVDvqYsnQEbCBCEWy7GsKe04fws"},"signatures":{"localhost":{"ed25519:a_vyji":"P8GjPkK/MQ2D3hqoH8nThJLHrcPfu1V8F9F3g24scg6C0xW13GPRED8UhAro1vJ7c1rnR1x48UlimRKspminCg"}},"unsigned":{"age_ts":1681112041454}}	3
$GAY76tMkYhuarSNOWWZqqDw36X1qIacZiQgHquoQtwA	!cZnmZQFBeDsHEQbFQs:localhost	{"token_id":2,"historical":false}	{"auth_events":["$6bHlgH99jQtK-ue9-7g5rvZivsofVViJiR_vh1fGkBA","$nc1eJdpqNsaDyb3SdIbRwuQPExhfIPzPopcRSNdl3cQ","$DR5VmuWusNClKlyAtCuWLyQC__lzA2aHFKFHP9MMUfk"],"prev_events":["$6bHlgH99jQtK-ue9-7g5rvZivsofVViJiR_vh1fGkBA"],"type":"m.room.canonical_alias","room_id":"!cZnmZQFBeDsHEQbFQs:localhost","sender":"@admin:localhost","content":{"alias":"#stockholm-office:localhost"},"depth":4,"state_key":"","origin":"localhost","origin_server_ts":1681112041468,"hashes":{"sha256":"gh9GHE1N/8/+6HMuv6gJf/XGSC7SfmOZvC4fniOFVhI"},"signatures":{"localhost":{"ed25519:a_vyji":"gz/Zl1J4bB6zCJeGWk1mmq89tdbVCAT3E3Wsn9vl7QUTK0jHNKuVVVEJyrhto6zLAKFCN9cQuJcls+xCM8AEBg"}},"unsigned":{"age_ts":1681112041468}}	3
$Jg_lbElh_Ag9z-VOceAlpgofNZg8W8x8HX4n5Ajmu6Y	!cZnmZQFBeDsHEQbFQs:localhost	{"token_id":2,"historical":false}	{"auth_events":["$6bHlgH99jQtK-ue9-7g5rvZivsofVViJiR_vh1fGkBA","$nc1eJdpqNsaDyb3SdIbRwuQPExhfIPzPopcRSNdl3cQ","$DR5VmuWusNClKlyAtCuWLyQC__lzA2aHFKFHP9MMUfk"],"prev_events":["$GAY76tMkYhuarSNOWWZqqDw36X1qIacZiQgHquoQtwA"],"type":"m.room.join_rules","room_id":"!cZnmZQFBeDsHEQbFQs:localhost","sender":"@admin:localhost","content":{"join_rule":"public"},"depth":5,"state_key":"","origin":"localhost","origin_server_ts":1681112041469,"hashes":{"sha256":"76+aNwglIMTMzT0SniRy4/EGQWmfjcreUII9dpChtxQ"},"signatures":{"localhost":{"ed25519:a_vyji":"GlSam6c5F+DHkM+3cQY8hNRMAOq11FQ/sIbgJ7f6/Zfjxa5JfEBmwJz9ErAcNikUNd+lP30BqdgbQH2Xp3A6Dg"}},"unsigned":{"age_ts":1681112041469}}	3
$c_oFn9bOCQHYWCw4hjt9zWK3fTqd6CS9ho6797C20x8	!cZnmZQFBeDsHEQbFQs:localhost	{"token_id":2,"historical":false}	{"auth_events":["$6bHlgH99jQtK-ue9-7g5rvZivsofVViJiR_vh1fGkBA","$nc1eJdpqNsaDyb3SdIbRwuQPExhfIPzPopcRSNdl3cQ","$DR5VmuWusNClKlyAtCuWLyQC__lzA2aHFKFHP9MMUfk"],"prev_events":["$Jg_lbElh_Ag9z-VOceAlpgofNZg8W8x8HX4n5Ajmu6Y"],"type":"m.room.history_visibility","room_id":"!cZnmZQFBeDsHEQbFQs:localhost","sender":"@admin:localhost","content":{"history_visibility":"shared"},"depth":6,"state_key":"","origin":"localhost","origin_server_ts":1681112041470,"hashes":{"sha256":"Abfdlbvt6Xf3O8iBoroyUEXGEo9uyuDCYdo2uJeDVX0"},"signatures":{"localhost":{"ed25519:a_vyji":"jhMhiFmWBnBdYw5wKxXYITZwvQvoYTraZP/TSmzjZQsbf7PO6Mp+tAs//GtFtd9RLReDo4lCcw+2z9V1wPv5Aw"}},"unsigned":{"age_ts":1681112041470}}	3
$J6BFnxxVtwKMBZMazTB3yX8rosc2skmuxAuI4OinjBM	!cZnmZQFBeDsHEQbFQs:localhost	{"token_id":2,"historical":false}	{"auth_events":["$6bHlgH99jQtK-ue9-7g5rvZivsofVViJiR_vh1fGkBA","$nc1eJdpqNsaDyb3SdIbRwuQPExhfIPzPopcRSNdl3cQ","$DR5VmuWusNClKlyAtCuWLyQC__lzA2aHFKFHP9MMUfk"],"prev_events":["$c_oFn9bOCQHYWCw4hjt9zWK3fTqd6CS9ho6797C20x8"],"type":"m.room.name","room_id":"!cZnmZQFBeDsHEQbFQs:localhost","sender":"@admin:localhost","content":{"name":"Stockholm Office"},"depth":7,"state_key":"","origin":"localhost","origin_server_ts":1681112041470,"hashes":{"sha256":"YrUPvgkRlT4tAKj+9X33yiJ6X3fRqvBymnOQ3E/Blmw"},"signatures":{"localhost":{"ed25519:a_vyji":"rpGktkPPPnTHsyRng1ksSE4UrJymdZPARyEMCZraMnwOL/JCZo5khPatkUbxcsB6cNLASc1pCnarfia/LKY0BA"}},"unsigned":{"age_ts":1681112041470}}	3
$xLDxuw8IzaD4a5ksYtyrs83SBfHlqy-w6NU0mHanbPQ	!FzTtpSkXWMPYBKHUQN:localhost	{"token_id":19,"txn_id":"m1681111216348.13","historical":false,"recheck_redaction":false}	{"auth_events":["$1kn0z5XFW6tgZeQlEjEweLSJX_vv-w54n3uMagFyz9o","$FSGyxWobRbm3XPzA_RJTfx_wFyj7eioybzttjovTej0","$c4I4FYRPIltfSw8Wf6w1NWiI0mLCN0eVcYuMsCyqiS4"],"prev_events":["$jy48UF7H1uhnLFtlVfm0J7AQsQzu0md4tudw5nIMe-c"],"type":"m.room.redaction","room_id":"!FzTtpSkXWMPYBKHUQN:localhost","sender":"@user1.matrix:localhost","content":{},"depth":47,"redacts":"$jy48UF7H1uhnLFtlVfm0J7AQsQzu0md4tudw5nIMe-c","origin":"localhost","origin_server_ts":1681111216390,"hashes":{"sha256":"fnj5TNTDcqh6AT2rhX0WTAVCcLR8ZgEeNv0Sbo8WdeY"},"signatures":{"localhost":{"ed25519:a_vyji":"c43J4zfuBXAiEyGm9wPuEVVsXyRm5bW88/izxR/LRwvC51D+lScYVLzobImN9jXU7gDJyT/ijUR9immj8kMoBQ"}},"unsigned":{"age_ts":1681111216390}}	3
$vL5Yz3B5LuK3523XAi9kXCV6MChwv_bOVxCvia8FVB4	!FzTtpSkXWMPYBKHUQN:localhost	{"token_id":19,"txn_id":"m1681111430418.14","historical":false}	{"auth_events":["$1kn0z5XFW6tgZeQlEjEweLSJX_vv-w54n3uMagFyz9o","$FSGyxWobRbm3XPzA_RJTfx_wFyj7eioybzttjovTej0","$c4I4FYRPIltfSw8Wf6w1NWiI0mLCN0eVcYuMsCyqiS4"],"prev_events":["$xLDxuw8IzaD4a5ksYtyrs83SBfHlqy-w6NU0mHanbPQ"],"type":"m.room.message","room_id":"!FzTtpSkXWMPYBKHUQN:localhost","sender":"@user1.matrix:localhost","content":{"msgtype":"m.text","body":"klkl"},"depth":48,"origin":"localhost","origin_server_ts":1681111430493,"hashes":{"sha256":"nnugimkLp/E3xRff7j4rH6b7jBWyVb3J759zna42rXQ"},"signatures":{"localhost":{"ed25519:a_vyji":"9ky2lABNPJA5Yg6YrVMEaRUB9z9Kwn+pS3DhEBE4zdoOJQH+CCB5JrWQ9fSGeR+1nLnURsSUoLGjwtn9LeRmBg"}},"unsigned":{"age_ts":1681111430493}}	3
$-W4UZqRjU8NFjYbx9Y5H36lRkKI6-J0E7CW8suzQR9s	!FzTtpSkXWMPYBKHUQN:localhost	{"token_id":19,"txn_id":"m1681111874920.20","historical":false}	{"auth_events":["$1kn0z5XFW6tgZeQlEjEweLSJX_vv-w54n3uMagFyz9o","$FSGyxWobRbm3XPzA_RJTfx_wFyj7eioybzttjovTej0","$c4I4FYRPIltfSw8Wf6w1NWiI0mLCN0eVcYuMsCyqiS4"],"prev_events":["$O_xBVr6rmpmuc_gHgPUwAd5jjTiDwPFpFPxlZiXO82E"],"type":"m.room.message","room_id":"!FzTtpSkXWMPYBKHUQN:localhost","sender":"@user1.matrix:localhost","content":{"msgtype":"m.text","body":"klklklk"},"depth":60,"origin":"localhost","origin_server_ts":1681111875016,"hashes":{"sha256":"t1ORKK3cT5eGJopvkY9Whh6qx8c3WjmsbEixJdw44p4"},"signatures":{"localhost":{"ed25519:a_vyji":"UCEFhQaLj9rBHPFjuR0k7lEHvHi1BHQ83HmaJ39hU9ON6QeHAEPmURjnddtOEu+QdcVyeJGtKiCaxEQgNR74Cg"}},"unsigned":{"age_ts":1681111875016}}	3
$DR5VmuWusNClKlyAtCuWLyQC__lzA2aHFKFHP9MMUfk	!cZnmZQFBeDsHEQbFQs:localhost	{"token_id":2,"historical":false}	{"auth_events":["$nc1eJdpqNsaDyb3SdIbRwuQPExhfIPzPopcRSNdl3cQ"],"prev_events":["$nc1eJdpqNsaDyb3SdIbRwuQPExhfIPzPopcRSNdl3cQ"],"type":"m.room.member","room_id":"!cZnmZQFBeDsHEQbFQs:localhost","sender":"@admin:localhost","content":{"membership":"join","displayname":"admin"},"depth":2,"state_key":"@admin:localhost","origin":"localhost","origin_server_ts":1681112041374,"hashes":{"sha256":"91nbqnVKcsg1b2l0pqkYCAxd08yuMjCdh3guL+367Yg"},"signatures":{"localhost":{"ed25519:a_vyji":"5JFYQQhkHvKe6SQCTd1X9BoWBtUTPkNYF6shGFrY97VxKGwMdqwDgQzGmZJGudBFalyLk4ZcJnBcpYjjYbHjBg"}},"unsigned":{"age_ts":1681112041374}}	3
$7kIusj7_vjnjvM5XRI1_3dU_wgeCRurNbLxWl7Wza64	!cZnmZQFBeDsHEQbFQs:localhost	{"token_id":2,"historical":false}	{"auth_events":["$Jg_lbElh_Ag9z-VOceAlpgofNZg8W8x8HX4n5Ajmu6Y","$6bHlgH99jQtK-ue9-7g5rvZivsofVViJiR_vh1fGkBA","$nc1eJdpqNsaDyb3SdIbRwuQPExhfIPzPopcRSNdl3cQ","$DR5VmuWusNClKlyAtCuWLyQC__lzA2aHFKFHP9MMUfk"],"prev_events":["$J6BFnxxVtwKMBZMazTB3yX8rosc2skmuxAuI4OinjBM"],"type":"m.room.member","room_id":"!cZnmZQFBeDsHEQbFQs:localhost","sender":"@admin:localhost","content":{"membership":"invite","displayname":"Mattermost Bridge"},"depth":8,"state_key":"@matterbot:localhost","origin":"localhost","origin_server_ts":1681112041646,"hashes":{"sha256":"EitjHjcrweikVTBKnsibIJNOELeJPMDMZZSvmJIg41Y"},"signatures":{"localhost":{"ed25519:a_vyji":"bRg1KjYBNCNZHMZtrIk91JaM4h+QwQdAz2TCeQiRFZr7hLtxU6QN5Sk0+PN3ldhtAzw/C/hzt/lmcOoz4fGHDQ"}},"unsigned":{"age_ts":1681112041646,"invite_room_state":[{"type":"m.room.join_rules","state_key":"","content":{"join_rule":"public"},"sender":"@admin:localhost"},{"type":"m.room.create","state_key":"","content":{"room_version":"10","creator":"@admin:localhost"},"sender":"@admin:localhost"},{"type":"m.room.canonical_alias","state_key":"","content":{"alias":"#stockholm-office:localhost"},"sender":"@admin:localhost"},{"type":"m.room.name","state_key":"","content":{"name":"Stockholm Office"},"sender":"@admin:localhost"},{"type":"m.room.member","state_key":"@admin:localhost","content":{"membership":"join","displayname":"admin"},"sender":"@admin:localhost"}]}}	3
$i7p_9pGUCmPcRci6QowPd0isnxc650XUL0nkZkXIJqI	!mOsaATLFknhUVKMKbF:localhost	{"token_id":28,"historical":false}	{"auth_events":["$ORKiMUdUMVOsbsyJYKmngYgY7DjjpWm4TvnNHjGoyzo","$_O7HCNBcIf7TFakcNOXd_OGa-EktXdY7jXFtq-0AuZ4","$SlMhs1Tixs22BdZ3XXqNy9AnhoIY4iemw--vg-i_Lm0","$QC7bXFDxGhDk6yv_4ChjXTMkJ0t0dKySNdOD6sK8xWs"],"prev_events":["$-_npKAXQzDZatyCE982iFmq7-fA6EcpCzljKEwGGWgg"],"type":"m.room.member","room_id":"!mOsaATLFknhUVKMKbF:localhost","sender":"@mm_user2.mm:localhost","content":{"reason":"Needed for federation","membership":"invite","displayname":"Mattermost Bridge"},"depth":9,"state_key":"@matterbot:localhost","origin":"localhost","origin_server_ts":1681112421830,"hashes":{"sha256":"GBsAF7iTDVQzhVzSu/KOry1/uLgrI3ijACDWIUVHfvA"},"signatures":{"localhost":{"ed25519:a_vyji":"m/b2Us/OQciXetTKxIb8X9XaJrI4Mv3201kTJXyVEHtGRA0jCX0qxvYSvF5PBa5sVIQ6Iy/wKIvx2knPBmu5CQ"}},"unsigned":{"age_ts":1681112421830,"invite_room_state":[{"type":"m.room.join_rules","state_key":"","content":{"join_rule":"invite"},"sender":"@mm_user2.mm:localhost"},{"type":"m.room.create","state_key":"","content":{"room_version":"10","creator":"@mm_user2.mm:localhost"},"sender":"@mm_user2.mm:localhost"},{"type":"m.room.canonical_alias","state_key":"","content":{"alias":"#a-private-channel-for-admins:localhost"},"sender":"@mm_user2.mm:localhost"},{"type":"m.room.name","state_key":"","content":{"name":"A Private Channel for admins"},"sender":"@mm_user2.mm:localhost"},{"type":"m.room.member","state_key":"@mm_user2.mm:localhost","content":{"membership":"join","displayname":"mm_user2.mm"},"sender":"@mm_user2.mm:localhost"}]}}	3
$EnC2zlKWl4pxmE20WFM5_uuVWd83XP_uOlpod2B1XeQ	!FzTtpSkXWMPYBKHUQN:localhost	{"token_id":19,"txn_id":"m1681111641726.17","historical":false,"recheck_redaction":false}	{"auth_events":["$1kn0z5XFW6tgZeQlEjEweLSJX_vv-w54n3uMagFyz9o","$FSGyxWobRbm3XPzA_RJTfx_wFyj7eioybzttjovTej0","$c4I4FYRPIltfSw8Wf6w1NWiI0mLCN0eVcYuMsCyqiS4"],"prev_events":["$kUxkPt1sGwhzERqEarPnF5jZR9yMsoza124QtMit3tI"],"type":"m.room.redaction","room_id":"!FzTtpSkXWMPYBKHUQN:localhost","sender":"@user1.matrix:localhost","content":{},"depth":54,"redacts":"$kUxkPt1sGwhzERqEarPnF5jZR9yMsoza124QtMit3tI","origin":"localhost","origin_server_ts":1681111641770,"hashes":{"sha256":"/EaM+HCRJLHo5OJwrlFPbTBFG0VE2aUQCMnKB6QXtc8"},"signatures":{"localhost":{"ed25519:a_vyji":"z+UOJX8iRRFN8Hu4w176fj0NCvrfaTg6wKqNPtexHYDnXHt9PCD3sF49xSlQcowlldst/5Bw7k6yC5YbyRfpCw"}},"unsigned":{"age_ts":1681111641770}}	3
$XVRcXTt62fYwFNjltQCDR4KYxVR2Y5736Y99u4u_Yp8	!FzTtpSkXWMPYBKHUQN:localhost	{"token_id":28,"txn_id":"m1681111859050","historical":false}	{"auth_events":["$1kn0z5XFW6tgZeQlEjEweLSJX_vv-w54n3uMagFyz9o","$c4I4FYRPIltfSw8Wf6w1NWiI0mLCN0eVcYuMsCyqiS4","$pdWypCivt0W58tNdti2PPFECr9nY2FHCzPHcq3t7WEY"],"prev_events":["$F3NqPu2Spf8K4XLXu_0jprZ1pzX7OQgH7jxSdNoTiBc"],"type":"m.room.message","room_id":"!FzTtpSkXWMPYBKHUQN:localhost","sender":"@mm_user2.mm:localhost","content":{"msgtype":"m.text","body":"klklkl"},"depth":58,"origin":"localhost","origin_server_ts":1681111859099,"hashes":{"sha256":"xUOyzDDis3U7cU742wVLvDuLc27ihZZ1/QgfKMNOSIY"},"signatures":{"localhost":{"ed25519:a_vyji":"a6QSgLkM4APeXOATR0L2XL9nvjepifWTxS0UtdPw4nC170rN7C8yezikkXRS5DowyDHD6fbi7TrQPtNGvNJlAQ"}},"unsigned":{"age_ts":1681111859099}}	3
$nc1eJdpqNsaDyb3SdIbRwuQPExhfIPzPopcRSNdl3cQ	!cZnmZQFBeDsHEQbFQs:localhost	{"token_id":2,"historical":false}	{"auth_events":[],"prev_events":[],"type":"m.room.create","room_id":"!cZnmZQFBeDsHEQbFQs:localhost","sender":"@admin:localhost","content":{"room_version":"10","creator":"@admin:localhost"},"depth":1,"state_key":"","origin":"localhost","origin_server_ts":1681112041248,"hashes":{"sha256":"9no0iCO//mrnPtgEP+aWG1fsQ+dxlh+1G2QS34em02U"},"signatures":{"localhost":{"ed25519:a_vyji":"IIv2XyAofjqr7Z1BIjfPS4lti6V6HLC7LYiqL8FzCqyEBVCuUtaJcnp/mMl9n27wiuMMEEI15w9lZ0mdqHv+Aw"}},"unsigned":{"age_ts":1681112041248}}	3
$yB_pgWY1MngMlhaqo70bZTnADr2mMUjbkEKY3cjnlqk	!cZnmZQFBeDsHEQbFQs:localhost	{"historical":false}	{"auth_events":["$Jg_lbElh_Ag9z-VOceAlpgofNZg8W8x8HX4n5Ajmu6Y","$6bHlgH99jQtK-ue9-7g5rvZivsofVViJiR_vh1fGkBA","$7kIusj7_vjnjvM5XRI1_3dU_wgeCRurNbLxWl7Wza64","$nc1eJdpqNsaDyb3SdIbRwuQPExhfIPzPopcRSNdl3cQ"],"prev_events":["$7kIusj7_vjnjvM5XRI1_3dU_wgeCRurNbLxWl7Wza64"],"type":"m.room.member","room_id":"!cZnmZQFBeDsHEQbFQs:localhost","sender":"@matterbot:localhost","content":{"reason":"Mapping of mattermost channel stockholm-office","membership":"join","displayname":"Mattermost Bridge"},"depth":9,"state_key":"@matterbot:localhost","origin":"localhost","origin_server_ts":1681112041868,"hashes":{"sha256":"sDdbnAsheczOVN6R0DnAw9gMS8aUx0NZQ0xUjY80XcY"},"signatures":{"localhost":{"ed25519:a_vyji":"zXxDjFmv9Se+sT0jF+D1G5cIi9ThJjI2tWVLuI1NmpL18Y7O1gED5TgpLrT2H9/psca2tBG113OJt+9WynKCDQ"}},"unsigned":{"age_ts":1681112041868,"replaces_state":"$7kIusj7_vjnjvM5XRI1_3dU_wgeCRurNbLxWl7Wza64"}}	3
$ZJsRzPjCUHZTNUN_j78KyrW5EVPSKt9Pw_F-tVVvH7k	!cZnmZQFBeDsHEQbFQs:localhost	{"token_id":28,"historical":false}	{"auth_events":["$Jg_lbElh_Ag9z-VOceAlpgofNZg8W8x8HX4n5Ajmu6Y","$6bHlgH99jQtK-ue9-7g5rvZivsofVViJiR_vh1fGkBA","$nc1eJdpqNsaDyb3SdIbRwuQPExhfIPzPopcRSNdl3cQ","$LwuV3S_QSzHUfw7pEQBk-n4jquK3n8qlEDA3ZQTkHDI"],"prev_events":["$LwuV3S_QSzHUfw7pEQBk-n4jquK3n8qlEDA3ZQTkHDI"],"type":"m.room.member","room_id":"!cZnmZQFBeDsHEQbFQs:localhost","sender":"@mm_user2.mm:localhost","content":{"reason":"joining room","membership":"join","displayname":"mm_user2.mm"},"depth":11,"state_key":"@mm_user2.mm:localhost","origin":"localhost","origin_server_ts":1681112068449,"hashes":{"sha256":"p88CK+lnIyJumPqvfmr4A1nMXTISbyi9lHQwYvbn1So"},"signatures":{"localhost":{"ed25519:a_vyji":"PPgfl+tfe6wcfZ1A1hS74xYpjhIH4zmCXbFZGVX23f6M9qirFUOs2Vr8qR3k2xtmdfg+Xg6czO9pFDhNKSLeCA"}},"unsigned":{"age_ts":1681112068449,"replaces_state":"$LwuV3S_QSzHUfw7pEQBk-n4jquK3n8qlEDA3ZQTkHDI"}}	3
$MgXIz3NeQBEhrbeF8vsJzjopQxKY0sUcnwnW40fE-1Q	!cZnmZQFBeDsHEQbFQs:localhost	{"token_id":28,"txn_id":"m1681112179532","historical":false,"recheck_redaction":false}	{"auth_events":["$6bHlgH99jQtK-ue9-7g5rvZivsofVViJiR_vh1fGkBA","$nc1eJdpqNsaDyb3SdIbRwuQPExhfIPzPopcRSNdl3cQ","$ZJsRzPjCUHZTNUN_j78KyrW5EVPSKt9Pw_F-tVVvH7k"],"prev_events":["$AI66VCbPMZvt2b3tqwhViAQXHs18twqgZhVW103z2sc"],"type":"m.room.redaction","room_id":"!cZnmZQFBeDsHEQbFQs:localhost","sender":"@mm_user2.mm:localhost","content":{"reason":"Post Deleted"},"depth":16,"redacts":"$AI66VCbPMZvt2b3tqwhViAQXHs18twqgZhVW103z2sc","origin":"localhost","origin_server_ts":1681112179582,"hashes":{"sha256":"LC/rsPQkaMMHxymDwDcHrcpBRTY83sG48XjUVXf6+e0"},"signatures":{"localhost":{"ed25519:a_vyji":"Vzwl0B9ZKqJVOLdP26vYxCos8wbOWeAjDGAgQW/Rux9OHtLfwjMkiJy8aIoddSLFYBmI0BGZJAmC4g2z1zEPBg"}},"unsigned":{"age_ts":1681112179582}}	3
$QC7bXFDxGhDk6yv_4ChjXTMkJ0t0dKySNdOD6sK8xWs	!mOsaATLFknhUVKMKbF:localhost	{"token_id":28,"historical":false}	{"auth_events":["$SlMhs1Tixs22BdZ3XXqNy9AnhoIY4iemw--vg-i_Lm0"],"prev_events":["$SlMhs1Tixs22BdZ3XXqNy9AnhoIY4iemw--vg-i_Lm0"],"type":"m.room.member","room_id":"!mOsaATLFknhUVKMKbF:localhost","sender":"@mm_user2.mm:localhost","content":{"membership":"join","displayname":"mm_user2.mm"},"depth":2,"state_key":"@mm_user2.mm:localhost","origin":"localhost","origin_server_ts":1681112421499,"hashes":{"sha256":"2tR1TXH/KlepmHN26S5P0dgkW2P8XU3tivCbgbXQBGs"},"signatures":{"localhost":{"ed25519:a_vyji":"L8yGXrn1+JFHqk2IhIBAQYq4JqhXwUTJOgr2IZUXT5CKfbVsS/WpF9AeuNyVG89bG23Ye7Zure7/FWCaFpsACQ"}},"unsigned":{"age_ts":1681112421499}}	3
$Je3iwTVjLB5qWW0D9sP9A7ygLW1F-PKdf_M3hkoXdT0	!FzTtpSkXWMPYBKHUQN:localhost	{"token_id":19,"txn_id":"m1681111882049.21","historical":false,"recheck_redaction":false}	{"auth_events":["$1kn0z5XFW6tgZeQlEjEweLSJX_vv-w54n3uMagFyz9o","$FSGyxWobRbm3XPzA_RJTfx_wFyj7eioybzttjovTej0","$c4I4FYRPIltfSw8Wf6w1NWiI0mLCN0eVcYuMsCyqiS4"],"prev_events":["$-W4UZqRjU8NFjYbx9Y5H36lRkKI6-J0E7CW8suzQR9s"],"type":"m.room.redaction","room_id":"!FzTtpSkXWMPYBKHUQN:localhost","sender":"@user1.matrix:localhost","content":{},"depth":61,"redacts":"$-W4UZqRjU8NFjYbx9Y5H36lRkKI6-J0E7CW8suzQR9s","origin":"localhost","origin_server_ts":1681111882146,"hashes":{"sha256":"IYqlOcSDmuwDFbTwToGXIZhAx+DzjgGH+Ji8ZVgqEH4"},"signatures":{"localhost":{"ed25519:a_vyji":"6+o+ekmT6MXRFeXcg+OuQmnk4mMEWCvWr16jbJ9insULhEllH8xldLpc31LHO5U4s/BmIc3r4aDzuzDmNIJpCw"}},"unsigned":{"age_ts":1681111882146}}	3
$FyOdtUu1pDq9pkxIHuGA8NRmuYwbc56h3FAanha48Hk	!cZnmZQFBeDsHEQbFQs:localhost	{"token_id":19,"historical":false}	{"auth_events":["$Jg_lbElh_Ag9z-VOceAlpgofNZg8W8x8HX4n5Ajmu6Y","$6bHlgH99jQtK-ue9-7g5rvZivsofVViJiR_vh1fGkBA","$nc1eJdpqNsaDyb3SdIbRwuQPExhfIPzPopcRSNdl3cQ"],"prev_events":["$rA5PRb7MjCz1lqKGVcHLZ_4eIRh_5slNnGazl-q0F4w"],"type":"m.room.member","room_id":"!cZnmZQFBeDsHEQbFQs:localhost","sender":"@user1.matrix:localhost","content":{"membership":"join","displayname":"user1.matrix"},"depth":13,"state_key":"@user1.matrix:localhost","origin":"localhost","origin_server_ts":1681112138048,"hashes":{"sha256":"SG8iRKjgnCJhTSzKManJhKBhIZn5LjdHXA2uAZ0sH1g"},"signatures":{"localhost":{"ed25519:a_vyji":"cUQtx5W1sYxYelngO4K3bZ7BzD3ZYMoWDepyldr4zHclg2Lowkd0CRWPr+mT7dZK/Ey71ZVzst9sWDP9QIEfCA"}},"unsigned":{"age_ts":1681112138048}}	3
$HUUDVNAe9kYy1-MJRkHq_OmumlsIRsNlMN9OZnLoLm4	!cZnmZQFBeDsHEQbFQs:localhost	{"token_id":19,"txn_id":"m1681112189881.23","historical":false}	{"auth_events":["$6bHlgH99jQtK-ue9-7g5rvZivsofVViJiR_vh1fGkBA","$FyOdtUu1pDq9pkxIHuGA8NRmuYwbc56h3FAanha48Hk","$nc1eJdpqNsaDyb3SdIbRwuQPExhfIPzPopcRSNdl3cQ"],"prev_events":["$MgXIz3NeQBEhrbeF8vsJzjopQxKY0sUcnwnW40fE-1Q"],"type":"m.room.message","room_id":"!cZnmZQFBeDsHEQbFQs:localhost","sender":"@user1.matrix:localhost","content":{"msgtype":"m.text","body":"klkklkl"},"depth":17,"origin":"localhost","origin_server_ts":1681112189965,"hashes":{"sha256":"0HaFzRXZe3+xQr346QfGCPO5A92o+8qvZCndVLdvNm8"},"signatures":{"localhost":{"ed25519:a_vyji":"Sws+bUFqXyK88c4U5MkTNqo0fKaXNGODxhhwvoVcfXPU6ZllrCvpspe40OGt2kRoHWYW5WcSyvAENUUGsgI0CQ"}},"unsigned":{"age_ts":1681112189965}}	3
$SlMhs1Tixs22BdZ3XXqNy9AnhoIY4iemw--vg-i_Lm0	!mOsaATLFknhUVKMKbF:localhost	{"token_id":28,"historical":false}	{"auth_events":[],"prev_events":[],"type":"m.room.create","room_id":"!mOsaATLFknhUVKMKbF:localhost","sender":"@mm_user2.mm:localhost","content":{"room_version":"10","creator":"@mm_user2.mm:localhost"},"depth":1,"state_key":"","origin":"localhost","origin_server_ts":1681112421355,"hashes":{"sha256":"gsGV174ReS38IiICKthIE5Mhaev5MSB7AUiNCvtmsT4"},"signatures":{"localhost":{"ed25519:a_vyji":"M5kgNLgp5e/aOM8MYWnJjZsvXZs0n06Bsf7ibOtuGcuqgLnUjHVAHXN8TT+k7aJAnggqr6PmGeaIL8GfZ1yzDA"}},"unsigned":{"age_ts":1681112421355}}	3
$_O7HCNBcIf7TFakcNOXd_OGa-EktXdY7jXFtq-0AuZ4	!mOsaATLFknhUVKMKbF:localhost	{"token_id":28,"historical":false}	{"auth_events":["$SlMhs1Tixs22BdZ3XXqNy9AnhoIY4iemw--vg-i_Lm0","$QC7bXFDxGhDk6yv_4ChjXTMkJ0t0dKySNdOD6sK8xWs"],"prev_events":["$QC7bXFDxGhDk6yv_4ChjXTMkJ0t0dKySNdOD6sK8xWs"],"type":"m.room.power_levels","room_id":"!mOsaATLFknhUVKMKbF:localhost","sender":"@mm_user2.mm:localhost","content":{"users":{"@mm_user2.mm:localhost":100},"users_default":0,"events":{"m.room.name":50,"m.room.power_levels":100,"m.room.history_visibility":100,"m.room.canonical_alias":50,"m.room.avatar":50,"m.room.tombstone":100,"m.room.server_acl":100,"m.room.encryption":100},"events_default":0,"state_default":50,"ban":50,"kick":50,"redact":50,"invite":0,"historical":100},"depth":3,"state_key":"","origin":"localhost","origin_server_ts":1681112421585,"hashes":{"sha256":"ad/TZto6MTe3RTvZGwKSm6ayCimrB5NFSbbEnNSWiLk"},"signatures":{"localhost":{"ed25519:a_vyji":"NbgnaT+HOnt4o5yXnDM9nSL3rKfZh2PPDav4YlibvDA1A5DAEAQn+++ohdHVRudRv6WFNAJayouJbbHVmfyPAA"}},"unsigned":{"age_ts":1681112421585}}	3
$M668pvJTHPULzOyaFTfazYWkwGgORFCTi0KoC37EWeM	!mOsaATLFknhUVKMKbF:localhost	{"token_id":28,"historical":false}	{"auth_events":["$_O7HCNBcIf7TFakcNOXd_OGa-EktXdY7jXFtq-0AuZ4","$SlMhs1Tixs22BdZ3XXqNy9AnhoIY4iemw--vg-i_Lm0","$QC7bXFDxGhDk6yv_4ChjXTMkJ0t0dKySNdOD6sK8xWs"],"prev_events":["$_O7HCNBcIf7TFakcNOXd_OGa-EktXdY7jXFtq-0AuZ4"],"type":"m.room.canonical_alias","room_id":"!mOsaATLFknhUVKMKbF:localhost","sender":"@mm_user2.mm:localhost","content":{"alias":"#a-private-channel-for-admins:localhost"},"depth":4,"state_key":"","origin":"localhost","origin_server_ts":1681112421599,"hashes":{"sha256":"kuZkZZ3mnMm8PmbzfDa4/EMbuahOYMjWnZFAnLWcK28"},"signatures":{"localhost":{"ed25519:a_vyji":"tGx/uPLnv218GYXP3XXH/VHXcekiZaxhmqvdLibLoFE7jDypDWVKzNuHuNmpZHbxbQzoWfQUTP/M6Ivh6sejDg"}},"unsigned":{"age_ts":1681112421599}}	3
$ORKiMUdUMVOsbsyJYKmngYgY7DjjpWm4TvnNHjGoyzo	!mOsaATLFknhUVKMKbF:localhost	{"token_id":28,"historical":false}	{"auth_events":["$_O7HCNBcIf7TFakcNOXd_OGa-EktXdY7jXFtq-0AuZ4","$SlMhs1Tixs22BdZ3XXqNy9AnhoIY4iemw--vg-i_Lm0","$QC7bXFDxGhDk6yv_4ChjXTMkJ0t0dKySNdOD6sK8xWs"],"prev_events":["$M668pvJTHPULzOyaFTfazYWkwGgORFCTi0KoC37EWeM"],"type":"m.room.join_rules","room_id":"!mOsaATLFknhUVKMKbF:localhost","sender":"@mm_user2.mm:localhost","content":{"join_rule":"invite"},"depth":5,"state_key":"","origin":"localhost","origin_server_ts":1681112421599,"hashes":{"sha256":"DIdS7Fxl1D0xzFz2wmAgNkHQdEKYrOB9UwkfW+qBLuw"},"signatures":{"localhost":{"ed25519:a_vyji":"J5/J6OoXtYQINXq+9eM9CotermgrDoZYMzuup/ckVO4Dch7/ROM0wyeEs1VFIMq2hmvNhV3fNxtj9DFQ94xcDg"}},"unsigned":{"age_ts":1681112421599}}	3
$hgqRK-dYe5eYsbxIs8yg30z62yTih79k6lYT3W-FrO0	!mOsaATLFknhUVKMKbF:localhost	{"token_id":28,"historical":false}	{"auth_events":["$_O7HCNBcIf7TFakcNOXd_OGa-EktXdY7jXFtq-0AuZ4","$SlMhs1Tixs22BdZ3XXqNy9AnhoIY4iemw--vg-i_Lm0","$QC7bXFDxGhDk6yv_4ChjXTMkJ0t0dKySNdOD6sK8xWs"],"prev_events":["$ORKiMUdUMVOsbsyJYKmngYgY7DjjpWm4TvnNHjGoyzo"],"type":"m.room.history_visibility","room_id":"!mOsaATLFknhUVKMKbF:localhost","sender":"@mm_user2.mm:localhost","content":{"history_visibility":"shared"},"depth":6,"state_key":"","origin":"localhost","origin_server_ts":1681112421600,"hashes":{"sha256":"mUYcZlge1M30J5nRMDM64JAKqTNwZEOdLp/l6p0xHzk"},"signatures":{"localhost":{"ed25519:a_vyji":"lR4n6IydsIl8dtHb3YHw+EzE5iG4Jh/KrpYntPdHr0vUP7ReuIHeg5t+/L92RMVl1XlXZ06AV5dzInTK6J61Bg"}},"unsigned":{"age_ts":1681112421600}}	3
$NPeyvzf9NsetiIPlSR9A6CS672r3JVsnZYO0nXId2bk	!mOsaATLFknhUVKMKbF:localhost	{"token_id":28,"historical":false}	{"auth_events":["$_O7HCNBcIf7TFakcNOXd_OGa-EktXdY7jXFtq-0AuZ4","$SlMhs1Tixs22BdZ3XXqNy9AnhoIY4iemw--vg-i_Lm0","$QC7bXFDxGhDk6yv_4ChjXTMkJ0t0dKySNdOD6sK8xWs"],"prev_events":["$hgqRK-dYe5eYsbxIs8yg30z62yTih79k6lYT3W-FrO0"],"type":"m.room.guest_access","room_id":"!mOsaATLFknhUVKMKbF:localhost","sender":"@mm_user2.mm:localhost","content":{"guest_access":"can_join"},"depth":7,"state_key":"","origin":"localhost","origin_server_ts":1681112421600,"hashes":{"sha256":"4mQNvjnOU1VhRUpsrJrZL6vGLB54hdedIUBtbfUVngc"},"signatures":{"localhost":{"ed25519:a_vyji":"GmPkKtV7Z1+1zbxLiN2eF48xnLNnbodiXx14pkRIxJ6KEuRx8LagrldQfaxSVfVM6mqY2G5QxJSSzhnHiAfEAw"}},"unsigned":{"age_ts":1681112421600}}	3
$-_npKAXQzDZatyCE982iFmq7-fA6EcpCzljKEwGGWgg	!mOsaATLFknhUVKMKbF:localhost	{"token_id":28,"historical":false}	{"auth_events":["$_O7HCNBcIf7TFakcNOXd_OGa-EktXdY7jXFtq-0AuZ4","$SlMhs1Tixs22BdZ3XXqNy9AnhoIY4iemw--vg-i_Lm0","$QC7bXFDxGhDk6yv_4ChjXTMkJ0t0dKySNdOD6sK8xWs"],"prev_events":["$NPeyvzf9NsetiIPlSR9A6CS672r3JVsnZYO0nXId2bk"],"type":"m.room.name","room_id":"!mOsaATLFknhUVKMKbF:localhost","sender":"@mm_user2.mm:localhost","content":{"name":"A Private Channel for admins"},"depth":8,"state_key":"","origin":"localhost","origin_server_ts":1681112421601,"hashes":{"sha256":"0YFzQv+6ub85FGhDzir3OufGxnKX0KLgzREyIbrV+W0"},"signatures":{"localhost":{"ed25519:a_vyji":"5XjwXVasbCmfMO3G9o2zG8x69k36jVncv7359g6v0mkbLKvSTPOaRq5inVH8kf4KRDu7Q2h6Hpag6rramJ2kAw"}},"unsigned":{"age_ts":1681112421601}}	3
$biZp1kn2ycj-NFYzBIsolRQUhuy_Jcdb1TWFXs-wm_M	!mOsaATLFknhUVKMKbF:localhost	{"token_id":28,"historical":false}	{"auth_events":["$ORKiMUdUMVOsbsyJYKmngYgY7DjjpWm4TvnNHjGoyzo","$_O7HCNBcIf7TFakcNOXd_OGa-EktXdY7jXFtq-0AuZ4","$SlMhs1Tixs22BdZ3XXqNy9AnhoIY4iemw--vg-i_Lm0","$QC7bXFDxGhDk6yv_4ChjXTMkJ0t0dKySNdOD6sK8xWs"],"prev_events":["$FWpqQbXQShRFgQ2vWg29OuQTSkDuwx17c6DhUQAfIb8"],"type":"m.room.member","room_id":"!mOsaATLFknhUVKMKbF:localhost","sender":"@mm_user2.mm:localhost","content":{"reason":"Invited to room","membership":"invite","displayname":"user1.matrix"},"depth":12,"state_key":"@user1.matrix:localhost","origin":"localhost","origin_server_ts":1681112441960,"hashes":{"sha256":"13oTXDVou+a3UrKpq/YKmndruWeMK2Pgjjo/Dzyj97M"},"signatures":{"localhost":{"ed25519:a_vyji":"a0AM5riaOYjknXWlrD4fZ1T3MA+4kZrqryDfGXwC2Xfu4J47fFqduFcVpIp04aQzyyzOqvQDTqafwIxBqFX7Dw"}},"unsigned":{"age_ts":1681112441960,"invite_room_state":[{"type":"m.room.join_rules","state_key":"","content":{"join_rule":"invite"},"sender":"@mm_user2.mm:localhost"},{"type":"m.room.create","state_key":"","content":{"room_version":"10","creator":"@mm_user2.mm:localhost"},"sender":"@mm_user2.mm:localhost"},{"type":"m.room.canonical_alias","state_key":"","content":{"alias":"#a-private-channel-for-admins:localhost"},"sender":"@mm_user2.mm:localhost"},{"type":"m.room.name","state_key":"","content":{"name":"A Private Channel for admins"},"sender":"@mm_user2.mm:localhost"},{"type":"m.room.member","state_key":"@mm_user2.mm:localhost","content":{"membership":"join","displayname":"mm_user2.mm"},"sender":"@mm_user2.mm:localhost"}]}}	3
$Y0bkVaMbWG30DJH750qUtZjIwDm6EWGKt22Jikt7ncc	!mOsaATLFknhUVKMKbF:localhost	{"token_id":19,"historical":false}	{"auth_events":["$ORKiMUdUMVOsbsyJYKmngYgY7DjjpWm4TvnNHjGoyzo","$_O7HCNBcIf7TFakcNOXd_OGa-EktXdY7jXFtq-0AuZ4","$biZp1kn2ycj-NFYzBIsolRQUhuy_Jcdb1TWFXs-wm_M","$SlMhs1Tixs22BdZ3XXqNy9AnhoIY4iemw--vg-i_Lm0"],"prev_events":["$Vhe96m7lCNGvQXgtlabnFhr_GUgPVpqYOsLd5pxMxxc"],"type":"m.room.member","room_id":"!mOsaATLFknhUVKMKbF:localhost","sender":"@user1.matrix:localhost","content":{"membership":"join","displayname":"user1.matrix"},"depth":14,"state_key":"@user1.matrix:localhost","origin":"localhost","origin_server_ts":1681112459627,"hashes":{"sha256":"ao4c/H+fgu2OSiP1oCK5+QimhdKbTnhWsD90+FTUUYw"},"signatures":{"localhost":{"ed25519:a_vyji":"SKel6+DwM+V0RO8GDN20qlIrkAC315UqvqF/Bj2fAQrBmEv4Xtp+i4q8/tAVbTCD635Z8qFSmzOfoxRu510VAw"}},"unsigned":{"age_ts":1681112459627,"replaces_state":"$biZp1kn2ycj-NFYzBIsolRQUhuy_Jcdb1TWFXs-wm_M"}}	3
$IurhFVNgogJHFAFqnmsFHryn2y9ekYNHC2LacVsFPKQ	!mOsaATLFknhUVKMKbF:localhost	{"token_id":19,"txn_id":"m1681112467795.25","historical":false}	{"auth_events":["$_O7HCNBcIf7TFakcNOXd_OGa-EktXdY7jXFtq-0AuZ4","$Y0bkVaMbWG30DJH750qUtZjIwDm6EWGKt22Jikt7ncc","$SlMhs1Tixs22BdZ3XXqNy9AnhoIY4iemw--vg-i_Lm0"],"prev_events":["$Y0bkVaMbWG30DJH750qUtZjIwDm6EWGKt22Jikt7ncc"],"type":"m.room.message","room_id":"!mOsaATLFknhUVKMKbF:localhost","sender":"@user1.matrix:localhost","content":{"msgtype":"m.text","body":"okok"},"depth":15,"origin":"localhost","origin_server_ts":1681112467873,"hashes":{"sha256":"2j46NWPgZKG9smPmN8Q6zZ4M5Whd9T8KQ7joC1+Ke1Y"},"signatures":{"localhost":{"ed25519:a_vyji":"tVbo3BVBXpb0Lw5cARf8W1cYb25+P+OcbTVeCMnSYiMManroHyluOQf/n1NfrhakH3QHETrk1Ar7WFLvg/TSAQ"}},"unsigned":{"age_ts":1681112467873}}	3
$EDaLEPba2OiPmGvBWlmz-NOHb5g2kUtwgkGzOiirHIY	!mOsaATLFknhUVKMKbF:localhost	{"token_id":19,"txn_id":"m1681112484884.26","historical":false}	{"auth_events":["$_O7HCNBcIf7TFakcNOXd_OGa-EktXdY7jXFtq-0AuZ4","$Y0bkVaMbWG30DJH750qUtZjIwDm6EWGKt22Jikt7ncc","$SlMhs1Tixs22BdZ3XXqNy9AnhoIY4iemw--vg-i_Lm0"],"prev_events":["$IurhFVNgogJHFAFqnmsFHryn2y9ekYNHC2LacVsFPKQ"],"type":"m.room.message","room_id":"!mOsaATLFknhUVKMKbF:localhost","sender":"@user1.matrix:localhost","content":{"msgtype":"m.text","body":"Delete this"},"depth":16,"origin":"localhost","origin_server_ts":1681112485003,"hashes":{"sha256":"biVr3CWwmrM0ItI+LDf2dhHGyoE3pgRxoyR/7/Jdtko"},"signatures":{"localhost":{"ed25519:a_vyji":"ei4Oacj3ThlIBmDKS+2mtKiaIub1sqpulYz4G2GtU8UcM7YACYb0g0A3GTeCcVn/NogEqwRuWAGODZyd3INIBQ"}},"unsigned":{"age_ts":1681112485003}}	3
$scKgIiXOkpnPBXE0aeKk88O6U1i21DNhX9T-JJ7H99s	!mOsaATLFknhUVKMKbF:localhost	{"token_id":19,"txn_id":"m1681112493596.27","historical":false,"recheck_redaction":false}	{"auth_events":["$_O7HCNBcIf7TFakcNOXd_OGa-EktXdY7jXFtq-0AuZ4","$Y0bkVaMbWG30DJH750qUtZjIwDm6EWGKt22Jikt7ncc","$SlMhs1Tixs22BdZ3XXqNy9AnhoIY4iemw--vg-i_Lm0"],"prev_events":["$EDaLEPba2OiPmGvBWlmz-NOHb5g2kUtwgkGzOiirHIY"],"type":"m.room.redaction","room_id":"!mOsaATLFknhUVKMKbF:localhost","sender":"@user1.matrix:localhost","content":{},"depth":17,"redacts":"$EDaLEPba2OiPmGvBWlmz-NOHb5g2kUtwgkGzOiirHIY","origin":"localhost","origin_server_ts":1681112493646,"hashes":{"sha256":"fRQCD/MqrfqKtnoBlmVXZhqxhlhVEPR8OwD/wQ6dHRI"},"signatures":{"localhost":{"ed25519:a_vyji":"Xydixt/WtnqkS0kd3B2mjMBnxxBtRm667BHfqQflLwKVNoGlOIhEqTnh/aVgaJl7xBaFH8HMdUgyogWncKv7Dg"}},"unsigned":{"age_ts":1681112493646}}	3
$ZWtfV6VN7cYag1OsVvbeuTNCtBCvyfsFry92Cbxe5AY	!mOsaATLFknhUVKMKbF:localhost	{"token_id":28,"txn_id":"m1681112527950","historical":false}	{"auth_events":["$_O7HCNBcIf7TFakcNOXd_OGa-EktXdY7jXFtq-0AuZ4","$SlMhs1Tixs22BdZ3XXqNy9AnhoIY4iemw--vg-i_Lm0","$QC7bXFDxGhDk6yv_4ChjXTMkJ0t0dKySNdOD6sK8xWs"],"prev_events":["$scKgIiXOkpnPBXE0aeKk88O6U1i21DNhX9T-JJ7H99s"],"type":"m.room.message","room_id":"!mOsaATLFknhUVKMKbF:localhost","sender":"@mm_user2.mm:localhost","content":{"msgtype":"m.text","body":"# H1\\n## H2","format":"org.matrix.custom.html","formatted_body":"<h1>H1</h1><h2>H2</h2>"},"depth":18,"origin":"localhost","origin_server_ts":1681112528005,"hashes":{"sha256":"KwGAIJvCNxu0r0wxZkzt+G+oFWzGx5DdbxuXJCmSEec"},"signatures":{"localhost":{"ed25519:a_vyji":"csedq74obEGshstHDNjlgjs5wka8PsJNxSsPclS1jr6pmr0ipbgNHEL0gQIGbZLhEPjKCMeSB2CKSr+DL1duAQ"}},"unsigned":{"age_ts":1681112528005}}	3
$CcGczUOKTX_OEsfQVWp2qPlgJwMCRsa25dLU8fT6UH0	!cZnmZQFBeDsHEQbFQs:localhost	{"historical":false}	{"auth_events":["$Jg_lbElh_Ag9z-VOceAlpgofNZg8W8x8HX4n5Ajmu6Y","$6bHlgH99jQtK-ue9-7g5rvZivsofVViJiR_vh1fGkBA","$yB_pgWY1MngMlhaqo70bZTnADr2mMUjbkEKY3cjnlqk","$nc1eJdpqNsaDyb3SdIbRwuQPExhfIPzPopcRSNdl3cQ"],"prev_events":["$VDgIn68dzLHo_gZ7neRkP0y_cgeUTlGI_ZGO7A-qJHw"],"type":"m.room.member","room_id":"!cZnmZQFBeDsHEQbFQs:localhost","sender":"@matterbot:localhost","content":{"reason":"Needed for app service","membership":"join","displayname":"Mattermost Bridge"},"depth":19,"state_key":"@matterbot:localhost","origin":"localhost","origin_server_ts":1681115131957,"hashes":{"sha256":"/i/9frl1utQPIdttVSj8QaNgx8WVCOblp4ZAePC6YrU"},"signatures":{"localhost":{"ed25519:a_vyji":"SyumRvDa416a6Fz0YEk6STKI/PgrgLi6lMfXlAtZKqNet33CYy714JCqU7EFNhxSLPAzcXvlg/rAJIKek7XfBQ"}},"unsigned":{"age_ts":1681115131957,"replaces_state":"$yB_pgWY1MngMlhaqo70bZTnADr2mMUjbkEKY3cjnlqk"}}	3
$ANFtdD6RWZZ5mn9HSddP3QH_PVONE9tRAXmjVFh3El4	!FzTtpSkXWMPYBKHUQN:localhost	{"token_id":2,"txn_id":"m.1681116378944","historical":false}	{"auth_events":["$1kn0z5XFW6tgZeQlEjEweLSJX_vv-w54n3uMagFyz9o","$c4I4FYRPIltfSw8Wf6w1NWiI0mLCN0eVcYuMsCyqiS4","$IU1ZxuT0Nte99MGUdW5IhEVc_pVMkrUEqjP5xs27dVs"],"prev_events":["$Je3iwTVjLB5qWW0D9sP9A7ygLW1F-PKdf_M3hkoXdT0"],"type":"m.room.message","room_id":"!FzTtpSkXWMPYBKHUQN:localhost","sender":"@admin:localhost","content":{"body":"Strange message seen:\\nI'll hack the solid state ASCII pixel, that should microchip the SQL pixel!\\n from Cedrick28@yahoo.com","msgtype":"m.text"},"depth":62,"origin":"localhost","origin_server_ts":1681116378992,"hashes":{"sha256":"bW3AgL2f+3YN6smrpzur6xDLQhV8okm7yWSTGjQlJOI"},"signatures":{"localhost":{"ed25519:a_vyji":"6QEO99TwVHVok9sbDxqdEkdvJGaQLT/B7qVWJpMMHxqqBmRH8gmL2WgUDOoWTH9vaEkmNP7STcavD1McIwMdDQ"}},"unsigned":{"age_ts":1681116378992}}	3
$E0icxR6fx78u6qj_Nzlpdy6MfUfGz_P1lWXJ8jGdehA	!FzTtpSkXWMPYBKHUQN:localhost	{"token_id":2,"txn_id":"m.1681122695504","historical":false}	{"auth_events":["$1kn0z5XFW6tgZeQlEjEweLSJX_vv-w54n3uMagFyz9o","$c4I4FYRPIltfSw8Wf6w1NWiI0mLCN0eVcYuMsCyqiS4","$IU1ZxuT0Nte99MGUdW5IhEVc_pVMkrUEqjP5xs27dVs"],"prev_events":["$2-gSqaVfhsICgx85avl8nZkJsTqQLi6sjzrFpiIOu7w"],"type":"m.room.message","room_id":"!FzTtpSkXWMPYBKHUQN:localhost","sender":"@admin:localhost","content":{"body":"Strange message seen:\\nTry to synthesize the CSS protocol, maybe it will calculate the wireless driver!\\n from Zella_Hartmann@yahoo.com","msgtype":"m.text"},"depth":65,"origin":"localhost","origin_server_ts":1681122695589,"hashes":{"sha256":"P5Y6I2kC4EsUBI9Jc+RwNiwjHzgdQiSB25xgRBm7bLg"},"signatures":{"localhost":{"ed25519:a_vyji":"SK6RG8SP31aYBMuGZWbYcxfkfNXpWQHN1egwfz0t8VZ/lRqW76eo69lFeRdN8XRappbuM0ofCBf7K+8uksXqDg"}},"unsigned":{"age_ts":1681122695589}}	3
$y4Zq-mQV8ITLLsmk81629YkH48k3sCXvXh5FoYbVOGY	!pYSbiOyjMFsKNxSMyi:localhost	{"token_id":35,"txn_id":"m1681127335011","historical":false}	{"auth_events":["$EgLH6XFurmJirUH4D5Zkm8y1WyPdrFX2SSko4S0-7hQ","$gyvaweguHrwLjB1B_41QMnzSUMHQGbQmTALeOOMmWfU","$Z6q_pHNPM3MSDJqL1coCYtFuO0XvjFyT7uEHW_VzTmI"],"prev_events":["$a7zOXKjjr_ueVtYDoa7MhlNoILAsxHrEuNyaJeMg6HQ"],"type":"m.room.message","room_id":"!pYSbiOyjMFsKNxSMyi:localhost","sender":"@mm_user1.mm:localhost","content":{"msgtype":"m.text","body":"Minima minima atque ipsam nihil consequuntur. Dignissimos expedita fuga velit eveniet soluta voluptatibus cum pariatur mollitia. Sed neque tempore odit sapiente cum pariatur et. Fugit ratione molestiae amet impedit. Animi dignissimos pariatur provident nihil. Optio earum consectetur modi pariatur quis quae aspernatur alias."},"depth":22,"origin":"localhost","origin_server_ts":1681127335184,"hashes":{"sha256":"8JYvB11kltTXYlHc4ql6mqi0Px4ZMxL64RC8Yqnk/zY"},"signatures":{"localhost":{"ed25519:a_vyji":"8YtF5PdGrp73J1kx6nNI1QpuRau4s3G1dHuyUYOwwQnT2COwuYNpnU4jGfRBWR6IiHWup5SIIzkNoCobv2UKDQ"}},"unsigned":{"age_ts":1681127335184}}	3
$3M9Rh6NNQIvmu5O8hk4-efo2zau0BS4bP3lP_3SmCXY	!pYSbiOyjMFsKNxSMyi:localhost	{"token_id":43,"txn_id":"m1681134661958","historical":false}	{"auth_events":["$EgLH6XFurmJirUH4D5Zkm8y1WyPdrFX2SSko4S0-7hQ","$gyvaweguHrwLjB1B_41QMnzSUMHQGbQmTALeOOMmWfU","$Z6q_pHNPM3MSDJqL1coCYtFuO0XvjFyT7uEHW_VzTmI"],"prev_events":["$UMNKGVS1qBZupa86BKhjq27beYhYVjRC5huKAZaNeiE"],"type":"m.room.message","room_id":"!pYSbiOyjMFsKNxSMyi:localhost","sender":"@mm_user1.mm:localhost","content":{"msgtype":"m.text","body":"Incidunt rerum aspernatur illo iusto voluptatem deleniti. Explicabo voluptatibus ipsum magnam fugiat incidunt quis. Quas delectus provident minima necessitatibus fugiat aliquid vitae unde cumque. Nisi aspernatur eveniet officia debitis."},"depth":28,"origin":"localhost","origin_server_ts":1681134662049,"hashes":{"sha256":"vBDHe7YI43fdJm80UW/wYJSpIijIRsCGGK/kbPfNq9w"},"signatures":{"localhost":{"ed25519:a_vyji":"l2quPAHSZnMnl6H2egYqkxkYDPgUwzoXD58SgIfG22PnH3JCijvui0iwyMwUMs9BaPBYeS7ZJbcK/FV3PsfKCA"}},"unsigned":{"age_ts":1681134662049}}	3
$WS3p_ef116wO_3hAZwFWmgGZdeox1f-nJZbVEtn_hd8	!FzTtpSkXWMPYBKHUQN:localhost	{"token_id":44,"txn_id":"m1681136145100.2","historical":false}	{"auth_events":["$1kn0z5XFW6tgZeQlEjEweLSJX_vv-w54n3uMagFyz9o","$FSGyxWobRbm3XPzA_RJTfx_wFyj7eioybzttjovTej0","$c4I4FYRPIltfSw8Wf6w1NWiI0mLCN0eVcYuMsCyqiS4"],"prev_events":["$NaLQE3UGkmLRlNIjT28M4dfpaSuC-qBNE64EdnlMj98"],"type":"m.room.message","room_id":"!FzTtpSkXWMPYBKHUQN:localhost","sender":"@user1.matrix:localhost","content":{"msgtype":"m.text","body":"Timestamp=1681136141569"},"depth":89,"origin":"localhost","origin_server_ts":1681136145922,"hashes":{"sha256":"PqgCh8Nizl85K4jcwpOdRCMUOQ+dxg7KAncstv5nLtU"},"signatures":{"localhost":{"ed25519:a_vyji":"kauDKQYIIOueDEZ5Nyk/PnTGXff1cr21OV7c1wyegLKab2pi1f7KzXjBKUe7JrWa8wANf6Hum+lBjxRzQQA/BA"}},"unsigned":{"age_ts":1681136145922}}	3
$0vEu8AcFRX2gjRW4L-sa1MbVV2gxpjt4gG3XSnbj-50	!pYSbiOyjMFsKNxSMyi:localhost	{"token_id":43,"txn_id":"m1681136897991","historical":false}	{"auth_events":["$EgLH6XFurmJirUH4D5Zkm8y1WyPdrFX2SSko4S0-7hQ","$gyvaweguHrwLjB1B_41QMnzSUMHQGbQmTALeOOMmWfU","$Z6q_pHNPM3MSDJqL1coCYtFuO0XvjFyT7uEHW_VzTmI"],"prev_events":["$RScLBOnv-rQ5Qfl4VMpgepVrZ9jKgZ2bNwKGx6SWAXs"],"type":"m.room.message","room_id":"!pYSbiOyjMFsKNxSMyi:localhost","sender":"@mm_user1.mm:localhost","content":{"msgtype":"m.text","body":"Reprehenderit adipisci unde facere harum aperiam maiores quae. Hic quam cumque vitae. Voluptatibus asperiores ducimus possimus. Doloremque eveniet quasi atque aperiam. Rem vero accusamus omnis aliquam error. Perferendis aperiam molestiae ex cum nisi."},"depth":38,"origin":"localhost","origin_server_ts":1681136898077,"hashes":{"sha256":"q6qdgHzY/Wlep1X42rC+EQD6PTGHONHYSxaBi4RDkAM"},"signatures":{"localhost":{"ed25519:a_vyji":"QwFNzWLorDQN1imCxvTg7k75He7Ca6I9VuSE//FeyRCcvEKsg4Y7d+ZFVFyaf9LKEax6zazuVsS2G5Z9lzxLCQ"}},"unsigned":{"age_ts":1681136898077}}	3
$K8CVgzJac1qkVh9PHbaS-uKkANN90QwbzBPOVVHimSA	!pYSbiOyjMFsKNxSMyi:localhost	{"token_id":43,"txn_id":"m1681136980536","historical":false}	{"auth_events":["$EgLH6XFurmJirUH4D5Zkm8y1WyPdrFX2SSko4S0-7hQ","$gyvaweguHrwLjB1B_41QMnzSUMHQGbQmTALeOOMmWfU","$Z6q_pHNPM3MSDJqL1coCYtFuO0XvjFyT7uEHW_VzTmI"],"prev_events":["$4pQu8JKobBFh8PHCnw6hT0zc36PkLKiyg-1m9_yoNpc"],"type":"m.room.message","room_id":"!pYSbiOyjMFsKNxSMyi:localhost","sender":"@mm_user1.mm:localhost","content":{"msgtype":"m.text","body":"Similique accusamus quidem soluta saepe. Eius sequi ratione harum et rerum repellendus. Iusto ducimus veritatis ipsum sit facere neque cupiditate cupiditate. Perspiciatis quidem quo dolorum fuga quidem deleniti autem odit magnam."},"depth":40,"origin":"localhost","origin_server_ts":1681136980628,"hashes":{"sha256":"499Cxedk1qOaKHArZ+nNF7kf4tkBUya+RVVBSegdE6c"},"signatures":{"localhost":{"ed25519:a_vyji":"OIHgBgxivaSak4/3LNn9MKK0CsOWw+MljIoS4JrY97z7P6PiYA0iki2JpOCmwm8Aa4B1hPeBz08JTBZIW0Q/Bg"}},"unsigned":{"age_ts":1681136980628}}	3
$rrY7TdR68vZ9aJnSKLdMXTa0pPj5QE4q-uslBWEy7Nc	!FzTtpSkXWMPYBKHUQN:localhost	{"token_id":2,"txn_id":"m.1681116551043","historical":false}	{"auth_events":["$1kn0z5XFW6tgZeQlEjEweLSJX_vv-w54n3uMagFyz9o","$c4I4FYRPIltfSw8Wf6w1NWiI0mLCN0eVcYuMsCyqiS4","$IU1ZxuT0Nte99MGUdW5IhEVc_pVMkrUEqjP5xs27dVs"],"prev_events":["$ANFtdD6RWZZ5mn9HSddP3QH_PVONE9tRAXmjVFh3El4"],"type":"m.room.message","room_id":"!FzTtpSkXWMPYBKHUQN:localhost","sender":"@admin:localhost","content":{"body":"Strange message seen:\\nI'll generate the bluetooth AGP system, that should circuit the THX microchip!\\n from Everette_Treutel98@gmail.com","msgtype":"m.text"},"depth":63,"origin":"localhost","origin_server_ts":1681116551135,"hashes":{"sha256":"D/o6+6/r7WKpG+SN0k33djtGQF6jQeboaUv+ycVjv94"},"signatures":{"localhost":{"ed25519:a_vyji":"3azIa+NHZ+289yBWw7qCC85csuzpv2theKk7Pv5iipC/14dbewUNh8C/FOzYt7KxUGbBZ9Nsa6Ii6p1iBPZuDw"}},"unsigned":{"age_ts":1681116551135}}	3
$tvo-gq4fiu7seQGnAyNYPAWgxS1PoE63QhxmxI93Yi8	!FzTtpSkXWMPYBKHUQN:localhost	{"token_id":2,"txn_id":"m.1681125392699","historical":false}	{"auth_events":["$1kn0z5XFW6tgZeQlEjEweLSJX_vv-w54n3uMagFyz9o","$c4I4FYRPIltfSw8Wf6w1NWiI0mLCN0eVcYuMsCyqiS4","$IU1ZxuT0Nte99MGUdW5IhEVc_pVMkrUEqjP5xs27dVs"],"prev_events":["$dueDnmosbC-T3fwUZNGUj_233-3HgPx_UvJrliNoDxo"],"type":"m.room.message","room_id":"!FzTtpSkXWMPYBKHUQN:localhost","sender":"@admin:localhost","content":{"body":"Strange message seen:\\nUse the 1080p SAS transmitter, then you can bypass the online card!\\n from Lela35@yahoo.com","msgtype":"m.text"},"depth":67,"origin":"localhost","origin_server_ts":1681125392757,"hashes":{"sha256":"FMNFQ1qxZTlbxMEpztYN8P+scrhk+9zvzWPGOrQrkhU"},"signatures":{"localhost":{"ed25519:a_vyji":"1U905kl4Upwl1q5GU0IuljGupy9mKwvv+94rHERFbNKZGaqKIhJKiv5tNp1lgyIs5ZR/BdKoimMNHWyRCdcYCA"}},"unsigned":{"age_ts":1681125392757}}	3
$7dates6XgZ8OVBmskdckd7nlzKoFe8r1viO_va2zwsw	!FzTtpSkXWMPYBKHUQN:localhost	{"token_id":2,"txn_id":"m.1681127901733","historical":false}	{"auth_events":["$1kn0z5XFW6tgZeQlEjEweLSJX_vv-w54n3uMagFyz9o","$c4I4FYRPIltfSw8Wf6w1NWiI0mLCN0eVcYuMsCyqiS4","$IU1ZxuT0Nte99MGUdW5IhEVc_pVMkrUEqjP5xs27dVs"],"prev_events":["$gk3PwrTnshrLNo1GN7MMw6OBgb8vs7zubM6zSFTgXmk"],"type":"m.room.message","room_id":"!FzTtpSkXWMPYBKHUQN:localhost","sender":"@admin:localhost","content":{"body":"Strange message seen:\\nWe need to navigate the virtual HTTP array!\\n from Keira21@gmail.com","msgtype":"m.text"},"depth":74,"origin":"localhost","origin_server_ts":1681127901785,"hashes":{"sha256":"HFytqohPKc6ptk41ci3lDiAW1FbeKB5Q7tyCOeCm2Vw"},"signatures":{"localhost":{"ed25519:a_vyji":"WIqhlw+Pl0jxN36ipga2ojTM0LRxChGwleLJEginQHuDZRmWaluajI6PPvV7D42n4veuTot7lMDAQ0twQjB+BA"}},"unsigned":{"age_ts":1681127901785}}	3
$yYy1a36oDtzrMDiTwh7uc7Bx82F1eFeXdlJabc2T8dE	!FzTtpSkXWMPYBKHUQN:localhost	{"token_id":40,"txn_id":"m.1681130100780","historical":false}	{"auth_events":["$1kn0z5XFW6tgZeQlEjEweLSJX_vv-w54n3uMagFyz9o","$FSGyxWobRbm3XPzA_RJTfx_wFyj7eioybzttjovTej0","$c4I4FYRPIltfSw8Wf6w1NWiI0mLCN0eVcYuMsCyqiS4"],"prev_events":["$hk2qqJ34X4qWuX7eZb4q6W6b5kNrxuBrwH3SisbvDBQ"],"type":"m.room.message","room_id":"!FzTtpSkXWMPYBKHUQN:localhost","sender":"@user1.matrix:localhost","content":{"body":"Strange message seen:\\nTry to override the DNS monitor, maybe it will parse the 1080p transmitter!\\n from Edwardo_Schuster45@gmail.com","msgtype":"m.text"},"depth":83,"origin":"localhost","origin_server_ts":1681130100857,"hashes":{"sha256":"PTfCrnkxU3Kf8SSMhzbRzgcmJcyQoUOSNX4tpYEEaMg"},"signatures":{"localhost":{"ed25519:a_vyji":"NxciTi7rX/CeFMaoeBTSuUpFoyodOC0ly/mhRd7sGcyuBbPAhu63t2Zj0/t0Fo1mjYnqixANPczoQDZUFIE9Ag"}},"unsigned":{"age_ts":1681130100857}}	3
$Nw5Wuu0OoUpf0cHK-TKfm2IURzfvyK0cpHbWzIVglAI	!FzTtpSkXWMPYBKHUQN:localhost	{"token_id":41,"txn_id":"m.1681130332327","historical":false}	{"auth_events":["$1kn0z5XFW6tgZeQlEjEweLSJX_vv-w54n3uMagFyz9o","$FSGyxWobRbm3XPzA_RJTfx_wFyj7eioybzttjovTej0","$c4I4FYRPIltfSw8Wf6w1NWiI0mLCN0eVcYuMsCyqiS4"],"prev_events":["$yYy1a36oDtzrMDiTwh7uc7Bx82F1eFeXdlJabc2T8dE"],"type":"m.room.message","room_id":"!FzTtpSkXWMPYBKHUQN:localhost","sender":"@user1.matrix:localhost","content":{"body":"Strange message seen:\\nTry to navigate the CLI firewall, maybe it will parse the wireless system!\\n from Vaughn.Steuber@yahoo.com","msgtype":"m.text"},"depth":84,"origin":"localhost","origin_server_ts":1681130332393,"hashes":{"sha256":"RH80J9yE9/x6ZMUhwjgATDnsZYLriRfG1yFvpoJH8pw"},"signatures":{"localhost":{"ed25519:a_vyji":"G24T0Znv13mcNQcsq7YhsfHxjiKZhEFtU8s9s05+9MJL6vHMjhCafNmjylZQDyXVmglmXwR4tSyMWPj0SMzuCw"}},"unsigned":{"age_ts":1681130332393}}	3
$XskQ0UvJR_qsbOkdYKA3xVWeAA04SaIC-09Je7FO19o	!pYSbiOyjMFsKNxSMyi:localhost	{"token_id":43,"txn_id":"m1681134078719","historical":false}	{"auth_events":["$EgLH6XFurmJirUH4D5Zkm8y1WyPdrFX2SSko4S0-7hQ","$gyvaweguHrwLjB1B_41QMnzSUMHQGbQmTALeOOMmWfU","$Z6q_pHNPM3MSDJqL1coCYtFuO0XvjFyT7uEHW_VzTmI"],"prev_events":["$jtHjsfRhxitvwMV8TSM3JIyCvz76sKCXvcoHIjY5Biw"],"type":"m.room.message","room_id":"!pYSbiOyjMFsKNxSMyi:localhost","sender":"@mm_user1.mm:localhost","content":{"msgtype":"m.text","body":"Vel pariatur mollitia illo cumque doloribus voluptatum iusto et. Cum aperiam delectus illum. Voluptatibus ratione enim qui qui. Vitae quae ullam. Autem sint consectetur quam saepe distinctio reiciendis. Optio maxime similique veritatis."},"depth":26,"origin":"localhost","origin_server_ts":1681134078873,"hashes":{"sha256":"yzX7c7Z4oSJ9lu1YgbbLs91wy2fn46BN0XZ0veUERAo"},"signatures":{"localhost":{"ed25519:a_vyji":"KeQ2vVV2xS0ao+/SRCaU8tnkrYZTmD7nL9F4TE5r+BAZ/UsMAPgOTuDLBGiKA/ZaEGzTWfrpHzHL/U7H6gnBBw"}},"unsigned":{"age_ts":1681134078873}}	3
$UMNKGVS1qBZupa86BKhjq27beYhYVjRC5huKAZaNeiE	!pYSbiOyjMFsKNxSMyi:localhost	{"token_id":43,"txn_id":"m1681134180298","historical":false}	{"auth_events":["$EgLH6XFurmJirUH4D5Zkm8y1WyPdrFX2SSko4S0-7hQ","$gyvaweguHrwLjB1B_41QMnzSUMHQGbQmTALeOOMmWfU","$Z6q_pHNPM3MSDJqL1coCYtFuO0XvjFyT7uEHW_VzTmI"],"prev_events":["$XskQ0UvJR_qsbOkdYKA3xVWeAA04SaIC-09Je7FO19o"],"type":"m.room.message","room_id":"!pYSbiOyjMFsKNxSMyi:localhost","sender":"@mm_user1.mm:localhost","content":{"msgtype":"m.text","body":"Perferendis nesciunt veniam molestias. Ut odit eius voluptatibus eius nisi ullam aspernatur perferendis expedita. Repellendus a iure soluta et ea quod."},"depth":27,"origin":"localhost","origin_server_ts":1681134180483,"hashes":{"sha256":"XxmJlB1bxFtdKJKXKveB1+7+BkKQJK6m6458yi+6sA8"},"signatures":{"localhost":{"ed25519:a_vyji":"1bJW0L5ZNfC9CwS/kg4cER8Rhynpr+9DMG1niNvHqrtOj1cAjkWjGVS79oPnOEMWUSStiCLAVY3kdWN0WxwrDA"}},"unsigned":{"age_ts":1681134180483}}	3
$2-gSqaVfhsICgx85avl8nZkJsTqQLi6sjzrFpiIOu7w	!FzTtpSkXWMPYBKHUQN:localhost	{"token_id":2,"txn_id":"m.1681119368530","historical":false}	{"auth_events":["$1kn0z5XFW6tgZeQlEjEweLSJX_vv-w54n3uMagFyz9o","$c4I4FYRPIltfSw8Wf6w1NWiI0mLCN0eVcYuMsCyqiS4","$IU1ZxuT0Nte99MGUdW5IhEVc_pVMkrUEqjP5xs27dVs"],"prev_events":["$rrY7TdR68vZ9aJnSKLdMXTa0pPj5QE4q-uslBWEy7Nc"],"type":"m.room.message","room_id":"!FzTtpSkXWMPYBKHUQN:localhost","sender":"@admin:localhost","content":{"body":"Strange message seen:\\nThe SSD bandwidth is down, override the haptic driver so we can program the VGA transmitter!\\n from Prudence_Huels@gmail.com","msgtype":"m.text"},"depth":64,"origin":"localhost","origin_server_ts":1681119368654,"hashes":{"sha256":"xXN+MCUDvmhRf8/kr9q/r7rcjKyKDrlTr9p5ZkrE9Lw"},"signatures":{"localhost":{"ed25519:a_vyji":"o8E3agn/VIi5jxfl0Nknzhjf8WDO7H0znkNeJLuVQngbHwx40hY+iEZUMA4eag9DN0xCvoX2Zpb372GuVGcFDw"}},"unsigned":{"age_ts":1681119368654}}	3
$dueDnmosbC-T3fwUZNGUj_233-3HgPx_UvJrliNoDxo	!FzTtpSkXWMPYBKHUQN:localhost	{"token_id":2,"txn_id":"m.1681125369959","historical":false}	{"auth_events":["$1kn0z5XFW6tgZeQlEjEweLSJX_vv-w54n3uMagFyz9o","$c4I4FYRPIltfSw8Wf6w1NWiI0mLCN0eVcYuMsCyqiS4","$IU1ZxuT0Nte99MGUdW5IhEVc_pVMkrUEqjP5xs27dVs"],"prev_events":["$E0icxR6fx78u6qj_Nzlpdy6MfUfGz_P1lWXJ8jGdehA"],"type":"m.room.message","room_id":"!FzTtpSkXWMPYBKHUQN:localhost","sender":"@admin:localhost","content":{"body":"Strange message seen:\\nTry to compress the PCI firewall, maybe it will hack the digital panel!\\n from Tamia55@hotmail.com","msgtype":"m.text"},"depth":66,"origin":"localhost","origin_server_ts":1681125370061,"hashes":{"sha256":"RJf4j2p46aS2pGIBcNRX2ucXD8+HJNJKnrogll5l5cM"},"signatures":{"localhost":{"ed25519:a_vyji":"lYcJitOYMXuSMCY94kXBTEQ9cCwrBs0GhIcyP2cLh0MYz+vy2t3loR1mTxRCkibkazucerGcnb8mdpJg0hAwAw"}},"unsigned":{"age_ts":1681125370061}}	3
$NPMfRdZ1xkWet20xbhM7iL6HIhaPlc-lWpGvqoqEiD0	!FzTtpSkXWMPYBKHUQN:localhost	{"token_id":2,"txn_id":"m.1681125501955","historical":false}	{"auth_events":["$1kn0z5XFW6tgZeQlEjEweLSJX_vv-w54n3uMagFyz9o","$c4I4FYRPIltfSw8Wf6w1NWiI0mLCN0eVcYuMsCyqiS4","$IU1ZxuT0Nte99MGUdW5IhEVc_pVMkrUEqjP5xs27dVs"],"prev_events":["$tvo-gq4fiu7seQGnAyNYPAWgxS1PoE63QhxmxI93Yi8"],"type":"m.room.message","room_id":"!FzTtpSkXWMPYBKHUQN:localhost","sender":"@admin:localhost","content":{"body":"Strange message seen:\\nUse the online DRAM firewall, then you can transmit the virtual hard drive!\\n from Reba.Homenick85@yahoo.com","msgtype":"m.text"},"depth":68,"origin":"localhost","origin_server_ts":1681125502102,"hashes":{"sha256":"/9reXl6F5mo7XDNsSQmwYKi2kwt/8rvb/yvE6ZtuCdU"},"signatures":{"localhost":{"ed25519:a_vyji":"vBUDS/M+dyisnVSK5jDjxLJlXtDHSIblwIwhNjl0GWra/E5GQajRAXT8tXkGUzG82QBKa5hOZq1caRkngmUlAQ"}},"unsigned":{"age_ts":1681125502102}}	3
$yjrbgMqy4HRuetLlj-Az8RsmRFs-WL5FQzQIZuY3efI	!FzTtpSkXWMPYBKHUQN:localhost	{"token_id":2,"txn_id":"m.1681125860480","historical":false}	{"auth_events":["$1kn0z5XFW6tgZeQlEjEweLSJX_vv-w54n3uMagFyz9o","$c4I4FYRPIltfSw8Wf6w1NWiI0mLCN0eVcYuMsCyqiS4","$IU1ZxuT0Nte99MGUdW5IhEVc_pVMkrUEqjP5xs27dVs"],"prev_events":["$NPMfRdZ1xkWet20xbhM7iL6HIhaPlc-lWpGvqoqEiD0"],"type":"m.room.message","room_id":"!FzTtpSkXWMPYBKHUQN:localhost","sender":"@admin:localhost","content":{"body":"Strange message seen:\\nTry to program the PCI program, maybe it will connect the neural feed!\\n from Nina14@gmail.com","msgtype":"m.text"},"depth":69,"origin":"localhost","origin_server_ts":1681125860532,"hashes":{"sha256":"xlxIA5pI0TNbffLqar79KEeOWAT2F+LvQ6xzldFOCoc"},"signatures":{"localhost":{"ed25519:a_vyji":"+PT7wCsEk9esY1sTUWTij0hrYzrTrhjL7mdmEo0JvAJb/d3T7G/W8HtYDAmOnbR1oO+hSj/Ko1T/YkoXy/yzDg"}},"unsigned":{"age_ts":1681125860532}}	3
$cI11OnGjm7vGIw5vs-oij_wEGItyOPwW6hFOZiala1Q	!FzTtpSkXWMPYBKHUQN:localhost	{"token_id":34,"txn_id":"m1681127249331.0","historical":false}	{"auth_events":["$1kn0z5XFW6tgZeQlEjEweLSJX_vv-w54n3uMagFyz9o","$FSGyxWobRbm3XPzA_RJTfx_wFyj7eioybzttjovTej0","$c4I4FYRPIltfSw8Wf6w1NWiI0mLCN0eVcYuMsCyqiS4"],"prev_events":["$yjrbgMqy4HRuetLlj-Az8RsmRFs-WL5FQzQIZuY3efI"],"type":"m.room.message","room_id":"!FzTtpSkXWMPYBKHUQN:localhost","sender":"@user1.matrix:localhost","content":{"msgtype":"m.text","body":"Playwright Test - Message from Element "},"depth":70,"origin":"localhost","origin_server_ts":1681127249655,"hashes":{"sha256":"5ppHz0gWGmhs20/YwVgE6YQL9gANuRpA3Xyg7aLjV5w"},"signatures":{"localhost":{"ed25519:a_vyji":"jqrZVpW7MO7L/GrBHxJWQD8jTr6meroWk31e+uwAxLf6uz0nn/lIEYvX6ycHyvhzfeuTnL64AjwKKZkPqsyTBw"}},"unsigned":{"age_ts":1681127249655}}	3
$nbvYfMEUxfCmnZbQ8NJd2qMAvpJQKSHJCHTOVHisCB8	!FzTtpSkXWMPYBKHUQN:localhost	{"token_id":2,"txn_id":"m.1681127795118","historical":false}	{"auth_events":["$1kn0z5XFW6tgZeQlEjEweLSJX_vv-w54n3uMagFyz9o","$c4I4FYRPIltfSw8Wf6w1NWiI0mLCN0eVcYuMsCyqiS4","$IU1ZxuT0Nte99MGUdW5IhEVc_pVMkrUEqjP5xs27dVs"],"prev_events":["$UIptzRMGcHo-OdPEz9kdRsBN7PEYO2a9bhjTwYzL5TU"],"type":"m.room.message","room_id":"!FzTtpSkXWMPYBKHUQN:localhost","sender":"@admin:localhost","content":{"body":"Strange message seen:\\nparsing the bandwidth won't do anything, we need to copy the 1080p SDD driver!\\n from Tamia_Tillman@gmail.com","msgtype":"m.text"},"depth":72,"origin":"localhost","origin_server_ts":1681127795173,"hashes":{"sha256":"YSK0/Szl8Xkp9A9gl+yufJYaX6EeTNSr7n9L8v1sTAo"},"signatures":{"localhost":{"ed25519:a_vyji":"UQKZGbMZme0/NinZC3o5f+cNYz6CHB8iBYxiTOTXirR9nb/eAaY04IcCG7IdCzDuCdfNfgzhwH9sRT23vNozBQ"}},"unsigned":{"age_ts":1681127795173}}	3
$N-67EbAcZGI6086gfHbFUS_Tq5N3z4EBQvtuy8lT4T8	!FzTtpSkXWMPYBKHUQN:localhost	{"token_id":2,"txn_id":"m.1681128611735","historical":false}	{"auth_events":["$1kn0z5XFW6tgZeQlEjEweLSJX_vv-w54n3uMagFyz9o","$c4I4FYRPIltfSw8Wf6w1NWiI0mLCN0eVcYuMsCyqiS4","$IU1ZxuT0Nte99MGUdW5IhEVc_pVMkrUEqjP5xs27dVs"],"prev_events":["$Q3BFaR981aCJLw5QDoNLb4cMc50D_Mg-gQxosmSpdNI"],"type":"m.room.message","room_id":"!FzTtpSkXWMPYBKHUQN:localhost","sender":"@admin:localhost","content":{"body":"Strange message seen:\\nWe need to quantify the 1080p SSL bus!\\n from Maci89@hotmail.com","msgtype":"m.text"},"depth":77,"origin":"localhost","origin_server_ts":1681128611794,"hashes":{"sha256":"fwEn/Eyt1YICY64WUGS0yvdX5rxDmYDVjJwcyNfQR4U"},"signatures":{"localhost":{"ed25519:a_vyji":"/FlxcWAvZfg1kIMANauwECicnPX7go1kpFCgspDBYQZsvbjV+ZipVcvIBjdr2xN5gyXCYlh8xWhcrQYSRinqCg"}},"unsigned":{"age_ts":1681128611794}}	3
$sH87kAVdtg-0qOp6e01ncm6081zbKrTd5UESVkbVKlk	!FzTtpSkXWMPYBKHUQN:localhost	{"token_id":2,"txn_id":"m.1681128726465","historical":false}	{"auth_events":["$1kn0z5XFW6tgZeQlEjEweLSJX_vv-w54n3uMagFyz9o","$c4I4FYRPIltfSw8Wf6w1NWiI0mLCN0eVcYuMsCyqiS4","$IU1ZxuT0Nte99MGUdW5IhEVc_pVMkrUEqjP5xs27dVs"],"prev_events":["$gUIhoWrPiyWVUv1x-mtmYtug_e0Ge_xOg9HJT8B8nRY"],"type":"m.room.message","room_id":"!FzTtpSkXWMPYBKHUQN:localhost","sender":"@admin:localhost","content":{"body":"Strange message seen:\\nI'll index the 1080p IP protocol, that should transmitter the OCR microchip!\\n from Stacey_Walker7@hotmail.com","msgtype":"m.text"},"depth":80,"origin":"localhost","origin_server_ts":1681128726499,"hashes":{"sha256":"aBLkJhuN0kQaks5ujwLXdus7iqn3xO/HDyGXyYOUqH4"},"signatures":{"localhost":{"ed25519:a_vyji":"8d6NJLRvZv1hZB0xfWFtmPwufZowcRK90xOvRbA7bZgWX49+1b5Nj/9kNyoKRh45BxOFDvw/xltPxip0Fl6SDw"}},"unsigned":{"age_ts":1681128726499}}	3
$UIptzRMGcHo-OdPEz9kdRsBN7PEYO2a9bhjTwYzL5TU	!FzTtpSkXWMPYBKHUQN:localhost	{"token_id":34,"txn_id":"m1681127251666.1","historical":false}	{"auth_events":["$1kn0z5XFW6tgZeQlEjEweLSJX_vv-w54n3uMagFyz9o","$FSGyxWobRbm3XPzA_RJTfx_wFyj7eioybzttjovTej0","$c4I4FYRPIltfSw8Wf6w1NWiI0mLCN0eVcYuMsCyqiS4"],"prev_events":["$cI11OnGjm7vGIw5vs-oij_wEGItyOPwW6hFOZiala1Q"],"type":"m.room.message","room_id":"!FzTtpSkXWMPYBKHUQN:localhost","sender":"@user1.matrix:localhost","content":{"msgtype":"m.text","body":"URL=http://localhost:8080 risky Browser=false "},"depth":71,"origin":"localhost","origin_server_ts":1681127252578,"hashes":{"sha256":"p2Hp4gS532XWRGfX/loCjwBS63JSkhU6wEDjThMq+sA"},"signatures":{"localhost":{"ed25519:a_vyji":"GkBwAabkxg9rMYzOpZ7gE7wfn/dFfzkYmYpPvpeM94kgnbMwcRUjGA79nm9aR4THTL187i/m6Oh+e9tL25EbAg"}},"unsigned":{"age_ts":1681127252578}}	3
$gk3PwrTnshrLNo1GN7MMw6OBgb8vs7zubM6zSFTgXmk	!FzTtpSkXWMPYBKHUQN:localhost	{"token_id":2,"txn_id":"m.1681127810424","historical":false}	{"auth_events":["$1kn0z5XFW6tgZeQlEjEweLSJX_vv-w54n3uMagFyz9o","$c4I4FYRPIltfSw8Wf6w1NWiI0mLCN0eVcYuMsCyqiS4","$IU1ZxuT0Nte99MGUdW5IhEVc_pVMkrUEqjP5xs27dVs"],"prev_events":["$nbvYfMEUxfCmnZbQ8NJd2qMAvpJQKSHJCHTOVHisCB8"],"type":"m.room.message","room_id":"!FzTtpSkXWMPYBKHUQN:localhost","sender":"@admin:localhost","content":{"body":"Strange message seen:\\nThe COM circuit is down, copy the solid state port so we can bypass the TLS pixel!\\n from Alessandro.Brown@hotmail.com","msgtype":"m.text"},"depth":73,"origin":"localhost","origin_server_ts":1681127810461,"hashes":{"sha256":"7WwjW1/abtAjSda/MoE4vPFopYNGNsF6kc3npuWaGNg"},"signatures":{"localhost":{"ed25519:a_vyji":"sP7kn9sOaQnxwwYMsfI0g3p+2Aa0ndI+E1Q9sVk5RmMIKHHKEcJcoRA9YpHGfvypmHCVIShtIs9Cz1l/dr9lBw"}},"unsigned":{"age_ts":1681127810461}}	3
$OGdvNKrhZ-EfSfs7rOok6MaY-Pn92zKDcpjAXvKXRgo	!FzTtpSkXWMPYBKHUQN:localhost	{"token_id":2,"txn_id":"m.1681128165390","historical":false}	{"auth_events":["$1kn0z5XFW6tgZeQlEjEweLSJX_vv-w54n3uMagFyz9o","$c4I4FYRPIltfSw8Wf6w1NWiI0mLCN0eVcYuMsCyqiS4","$IU1ZxuT0Nte99MGUdW5IhEVc_pVMkrUEqjP5xs27dVs"],"prev_events":["$7dates6XgZ8OVBmskdckd7nlzKoFe8r1viO_va2zwsw"],"type":"m.room.message","room_id":"!FzTtpSkXWMPYBKHUQN:localhost","sender":"@admin:localhost","content":{"body":"Strange message seen:\\nUse the haptic HDD bus, then you can override the online firewall!\\n from Bettie85@hotmail.com","msgtype":"m.text"},"depth":75,"origin":"localhost","origin_server_ts":1681128165452,"hashes":{"sha256":"8EpOfFokHy6IhhtwEMDPuef1WzVySGN/yc0nC8F82TM"},"signatures":{"localhost":{"ed25519:a_vyji":"vq6NraKoZXWVQ3R5lrqbE5O/nJ6pDJzUc8R1U/yE69Ff2CzsUQZ1/8jFIEcBNv78a+/VGFOQbqdfWApMyeLmCA"}},"unsigned":{"age_ts":1681128165452}}	3
$Q3BFaR981aCJLw5QDoNLb4cMc50D_Mg-gQxosmSpdNI	!FzTtpSkXWMPYBKHUQN:localhost	{"token_id":2,"txn_id":"m.1681128238341","historical":false}	{"auth_events":["$1kn0z5XFW6tgZeQlEjEweLSJX_vv-w54n3uMagFyz9o","$c4I4FYRPIltfSw8Wf6w1NWiI0mLCN0eVcYuMsCyqiS4","$IU1ZxuT0Nte99MGUdW5IhEVc_pVMkrUEqjP5xs27dVs"],"prev_events":["$OGdvNKrhZ-EfSfs7rOok6MaY-Pn92zKDcpjAXvKXRgo"],"type":"m.room.message","room_id":"!FzTtpSkXWMPYBKHUQN:localhost","sender":"@admin:localhost","content":{"body":"Strange message seen:\\nWe need to input the 1080p SSD sensor!\\n from Savanah44@hotmail.com","msgtype":"m.text"},"depth":76,"origin":"localhost","origin_server_ts":1681128238450,"hashes":{"sha256":"w9TtOwz8YSE/FOyWGwy1ElK3sPE13FsMOK2U6VxXA3s"},"signatures":{"localhost":{"ed25519:a_vyji":"LyWBjFWlARVm+nCQShKBAWbZRJvdDeTs6hSgi9V7qmT09FvIT10cEWFZRuvcaxZAD9AUpuqOsXBLnxjBDv1bDA"}},"unsigned":{"age_ts":1681128238450}}	3
$gnOJwv6YRzJ-svVvNLGJ1sX58cMj2N_OPOQMu22ATUM	!FzTtpSkXWMPYBKHUQN:localhost	{"token_id":2,"txn_id":"m.1681128640934","historical":false}	{"auth_events":["$1kn0z5XFW6tgZeQlEjEweLSJX_vv-w54n3uMagFyz9o","$c4I4FYRPIltfSw8Wf6w1NWiI0mLCN0eVcYuMsCyqiS4","$IU1ZxuT0Nte99MGUdW5IhEVc_pVMkrUEqjP5xs27dVs"],"prev_events":["$N-67EbAcZGI6086gfHbFUS_Tq5N3z4EBQvtuy8lT4T8"],"type":"m.room.message","room_id":"!FzTtpSkXWMPYBKHUQN:localhost","sender":"@admin:localhost","content":{"body":"Strange message seen:\\nI'll back up the 1080p TCP array, that should circuit the GB port!\\n from Johann42@gmail.com","msgtype":"m.text"},"depth":78,"origin":"localhost","origin_server_ts":1681128641051,"hashes":{"sha256":"TNhwTzjfA35TRQlftLYEcwmDGhiehY0OQErrzVNkp9Q"},"signatures":{"localhost":{"ed25519:a_vyji":"x95QnwJhGu8KqBK2aHRWsjnDexXEIbJf7t/C+VfO2BlZp+hvlvPmTnZxGa6BUGHT9OgfI0sJf+acxWpIWQt3Aw"}},"unsigned":{"age_ts":1681128641051}}	3
$gUIhoWrPiyWVUv1x-mtmYtug_e0Ge_xOg9HJT8B8nRY	!FzTtpSkXWMPYBKHUQN:localhost	{"token_id":2,"txn_id":"m.1681128679615","historical":false}	{"auth_events":["$1kn0z5XFW6tgZeQlEjEweLSJX_vv-w54n3uMagFyz9o","$c4I4FYRPIltfSw8Wf6w1NWiI0mLCN0eVcYuMsCyqiS4","$IU1ZxuT0Nte99MGUdW5IhEVc_pVMkrUEqjP5xs27dVs"],"prev_events":["$gnOJwv6YRzJ-svVvNLGJ1sX58cMj2N_OPOQMu22ATUM"],"type":"m.room.message","room_id":"!FzTtpSkXWMPYBKHUQN:localhost","sender":"@admin:localhost","content":{"body":"Strange message seen:\\nWe need to generate the cross-platform THX sensor!\\n from Brayan_Weissnat33@yahoo.com","msgtype":"m.text"},"depth":79,"origin":"localhost","origin_server_ts":1681128679717,"hashes":{"sha256":"Mq0cjeHxUjYz2DpbtVpYdcJnMGY1+1jjkRCVH1RR+DE"},"signatures":{"localhost":{"ed25519:a_vyji":"uuVRyNRzHFiaKM2Itp0s9i17f9GgYzBSQo2o3QU7U3O4urcCtp6cdF6kcPRjzggSx35pphRNQzYnX/5I9RX9BA"}},"unsigned":{"age_ts":1681128679717}}	3
$1aCb3mhwbLTesKmLxUBB1VdoNNVdi85-iNo9FHDCGDA	!FzTtpSkXWMPYBKHUQN:localhost	{"txn_id":"m.1681128892859","historical":false}	{"auth_events":["$1kn0z5XFW6tgZeQlEjEweLSJX_vv-w54n3uMagFyz9o","$o5ttVgA4qLDCRoIxN9qyVPOLj9QUajTOF3D_U8es57Y","$c4I4FYRPIltfSw8Wf6w1NWiI0mLCN0eVcYuMsCyqiS4"],"prev_events":["$sH87kAVdtg-0qOp6e01ncm6081zbKrTd5UESVkbVKlk"],"type":"m.room.message","room_id":"!FzTtpSkXWMPYBKHUQN:localhost","sender":"@matterbot:localhost","content":{"body":"Strange message seen:\\nUse the haptic API bus, then you can connect the solid state bus!\\n from Haylie_McClure24@hotmail.com","msgtype":"m.text"},"depth":81,"origin":"localhost","origin_server_ts":1681128892918,"hashes":{"sha256":"eVym47smCCkUPPgLdPyNWnaAkZGiUb2dgzHpsTUbYc4"},"signatures":{"localhost":{"ed25519:a_vyji":"g7bz3oqhB8yc68EElt3D4qQG4KHeVSbuwfw10xcFB3U2r854nGYps8ADyqi/GzCnX1igJXm2+qJt4uiqICaqAQ"}},"unsigned":{"age_ts":1681128892918}}	3
$qloo_Uai9std99VdsNyxGQIM_zu8qGtBrprCgdp0PAY	!pYSbiOyjMFsKNxSMyi:localhost	{"token_id":43,"txn_id":"m1681136228874","historical":false}	{"auth_events":["$EgLH6XFurmJirUH4D5Zkm8y1WyPdrFX2SSko4S0-7hQ","$gyvaweguHrwLjB1B_41QMnzSUMHQGbQmTALeOOMmWfU","$Z6q_pHNPM3MSDJqL1coCYtFuO0XvjFyT7uEHW_VzTmI"],"prev_events":["$SmN77flnQr15OQrbedna9Y4S9VTlBui7MoJtlRZZyvs"],"type":"m.room.message","room_id":"!pYSbiOyjMFsKNxSMyi:localhost","sender":"@mm_user1.mm:localhost","content":{"msgtype":"m.text","body":"Neque officiis explicabo magnam alias assumenda minus facilis. Enim iusto eum. Eaque perspiciatis praesentium labore inventore commodi dolor."},"depth":31,"origin":"localhost","origin_server_ts":1681136228931,"hashes":{"sha256":"5HhoKTa9fvWWE4k8bUvvK1o0S/rI54PL87jwP6j4nbM"},"signatures":{"localhost":{"ed25519:a_vyji":"XcUBAQO7zM1+XdBpRyYB+7edDy5JgjHQ88VwFx+sP0JJOC15eUsIc00qX/HXrfDTjz2hC0KaAuvfX8QyQ0M1AA"}},"unsigned":{"age_ts":1681136228931}}	3
$LqTgr4WhVFqPLToPBp6g5JzmDeejTollvhGZw6693yw	!pYSbiOyjMFsKNxSMyi:localhost	{"token_id":43,"txn_id":"m1681136983377","historical":false}	{"auth_events":["$EgLH6XFurmJirUH4D5Zkm8y1WyPdrFX2SSko4S0-7hQ","$gyvaweguHrwLjB1B_41QMnzSUMHQGbQmTALeOOMmWfU","$Z6q_pHNPM3MSDJqL1coCYtFuO0XvjFyT7uEHW_VzTmI"],"prev_events":["$K8CVgzJac1qkVh9PHbaS-uKkANN90QwbzBPOVVHimSA"],"type":"m.room.message","room_id":"!pYSbiOyjMFsKNxSMyi:localhost","sender":"@mm_user1.mm:localhost","content":{"msgtype":"m.text","body":"Look at the site \\n[Playwright test site](https://playwright.dev/)","format":"org.matrix.custom.html","formatted_body":"Look at the site<br><a href=\\"https://playwright.dev/\\">Playwright test site</a>"},"depth":41,"origin":"localhost","origin_server_ts":1681136983465,"hashes":{"sha256":"bdk06D6wWHUwGqwA0Wzc1+rOOImai8i5Y5JpCX6v5yw"},"signatures":{"localhost":{"ed25519:a_vyji":"6/o0vggwBA1B/DkGCQIF09N47PRqUv8fL6UK9EjKIEWmMWSgi8BZipOVGDX59hDKWxQNeYjKpPLGD7mefSuMCA"}},"unsigned":{"age_ts":1681136983465}}	3
$hk2qqJ34X4qWuX7eZb4q6W6b5kNrxuBrwH3SisbvDBQ	!FzTtpSkXWMPYBKHUQN:localhost	{"token_id":39,"txn_id":"m.1681129976605","historical":false}	{"auth_events":["$1kn0z5XFW6tgZeQlEjEweLSJX_vv-w54n3uMagFyz9o","$FSGyxWobRbm3XPzA_RJTfx_wFyj7eioybzttjovTej0","$c4I4FYRPIltfSw8Wf6w1NWiI0mLCN0eVcYuMsCyqiS4"],"prev_events":["$1aCb3mhwbLTesKmLxUBB1VdoNNVdi85-iNo9FHDCGDA"],"type":"m.room.message","room_id":"!FzTtpSkXWMPYBKHUQN:localhost","sender":"@user1.matrix:localhost","content":{"body":"Strange message seen:\\nIf we override the protocol, we can get to the PCI transmitter through the back-end RAM protocol!\\n from Lea_Keeling@yahoo.com","msgtype":"m.text"},"depth":82,"origin":"localhost","origin_server_ts":1681129976652,"hashes":{"sha256":"gIuVH3aHx4Nek3o9EYOWim9YSujC2Kdm1p+hCLWYUzI"},"signatures":{"localhost":{"ed25519:a_vyji":"tfF5MauEeQSwILmMZcsaIg7xqvZ+zsfCcMuv3fqFZfxzwGouAl2s6P9co9C09v7pRVHYoapf/V+ga8w7XzitDg"}},"unsigned":{"age_ts":1681129976652}}	3
$HLQUAxqFJuCJ_kIl5bp_zpUmFEDPQuiLYU_A9VOPRcw	!pYSbiOyjMFsKNxSMyi:localhost	{"token_id":43,"txn_id":"m1681135449622","historical":false}	{"auth_events":["$EgLH6XFurmJirUH4D5Zkm8y1WyPdrFX2SSko4S0-7hQ","$gyvaweguHrwLjB1B_41QMnzSUMHQGbQmTALeOOMmWfU","$Z6q_pHNPM3MSDJqL1coCYtFuO0XvjFyT7uEHW_VzTmI"],"prev_events":["$3M9Rh6NNQIvmu5O8hk4-efo2zau0BS4bP3lP_3SmCXY"],"type":"m.room.message","room_id":"!pYSbiOyjMFsKNxSMyi:localhost","sender":"@mm_user1.mm:localhost","content":{"msgtype":"m.text","body":"Eius animi ad facere magni reprehenderit. Quod numquam sed sapiente minima reiciendis. Numquam similique porro tempora laborum officia autem corrupti. Incidunt eos quae numquam animi minima expedita enim praesentium inventore."},"depth":29,"origin":"localhost","origin_server_ts":1681135449737,"hashes":{"sha256":"zXE6yDJEIHrAyK9ODhY32+W7oX9HZNYRSfpEQpB7CD4"},"signatures":{"localhost":{"ed25519:a_vyji":"VYKXLw0UNWft8FIl6Rf8W22wWJrcMQoJLSOYA1r6UuaiF0EJrmw7nwfL9r0UodnY2LKtcPTDjDLfcZRe8EZqDg"}},"unsigned":{"age_ts":1681135449737}}	3
$E3YxLtlKW-VCWr_s1TimfgRJbwpp-TO5B9i7By9o7vI	!FzTtpSkXWMPYBKHUQN:localhost	{"token_id":44,"txn_id":"m1681136142408.0","historical":false}	{"auth_events":["$1kn0z5XFW6tgZeQlEjEweLSJX_vv-w54n3uMagFyz9o","$FSGyxWobRbm3XPzA_RJTfx_wFyj7eioybzttjovTej0","$c4I4FYRPIltfSw8Wf6w1NWiI0mLCN0eVcYuMsCyqiS4"],"prev_events":["$FZY2YQfeg4cYxqoshkRnnBUid1d9KREJ3X0Wv9Smdsw"],"type":"m.room.message","room_id":"!FzTtpSkXWMPYBKHUQN:localhost","sender":"@user1.matrix:localhost","content":{"msgtype":"m.text","body":"Playwright Test - Message from Element "},"depth":87,"origin":"localhost","origin_server_ts":1681136142613,"hashes":{"sha256":"TTjeXAsc9HvByYzj+rZxeYzQkgn9sa3n2wPFUWVHLQA"},"signatures":{"localhost":{"ed25519:a_vyji":"y2SQ1YHzkBJJ49wuCMNoAg8NjLeG/6SMOAfcBlQYDGoWnFmDd7/GVHPFWlZ3d/YpMbxIgqfEIk7KM1ouFc9wBQ"}},"unsigned":{"age_ts":1681136142613}}	3
$NaLQE3UGkmLRlNIjT28M4dfpaSuC-qBNE64EdnlMj98	!FzTtpSkXWMPYBKHUQN:localhost	{"token_id":44,"txn_id":"m1681136143915.1","historical":false}	{"auth_events":["$1kn0z5XFW6tgZeQlEjEweLSJX_vv-w54n3uMagFyz9o","$FSGyxWobRbm3XPzA_RJTfx_wFyj7eioybzttjovTej0","$c4I4FYRPIltfSw8Wf6w1NWiI0mLCN0eVcYuMsCyqiS4"],"prev_events":["$E3YxLtlKW-VCWr_s1TimfgRJbwpp-TO5B9i7By9o7vI"],"type":"m.room.message","room_id":"!FzTtpSkXWMPYBKHUQN:localhost","sender":"@user1.matrix:localhost","content":{"msgtype":"m.text","body":"URL=http://localhost:8080 risky Browser=false "},"depth":88,"origin":"localhost","origin_server_ts":1681136144989,"hashes":{"sha256":"d2QGqCHqLezPqzNBj9yuf91zwyF1LjT2gHLBHoLLhyo"},"signatures":{"localhost":{"ed25519:a_vyji":"hKWZILMkUqaZB6gIkTRuRHsxGXe2zYmU9BOrKhkdn0Nzxm51vKEhIEHS5erADrfD09HMVUKUHg4onj+ayPRfDQ"}},"unsigned":{"age_ts":1681136144989}}	3
$ugRvFN42G03CJ_rhXrfPqKHK81OC25L9BNWRbQSt_mg	!FzTtpSkXWMPYBKHUQN:localhost	{"token_id":46,"txn_id":"m1681136824772.2","historical":false}	{"auth_events":["$1kn0z5XFW6tgZeQlEjEweLSJX_vv-w54n3uMagFyz9o","$FSGyxWobRbm3XPzA_RJTfx_wFyj7eioybzttjovTej0","$c4I4FYRPIltfSw8Wf6w1NWiI0mLCN0eVcYuMsCyqiS4"],"prev_events":["$eVodFlz-qcHRs2HA7v5TyRtQ-xxsPPfOP98xijAxX-4"],"type":"m.room.message","room_id":"!FzTtpSkXWMPYBKHUQN:localhost","sender":"@user1.matrix:localhost","content":{"msgtype":"m.text","body":"Timestamp=1681136821379"},"depth":92,"origin":"localhost","origin_server_ts":1681136825407,"hashes":{"sha256":"sA3kSHxm4LhZYPuq61Hje+i+A2VypQBl15Molh2Plbo"},"signatures":{"localhost":{"ed25519:a_vyji":"o6dSFFWyzV46M1noQxFJqSUqz044tYDUi0DeLGQwbN+mSXzsFTnwytUKQ08B6EsVh51C2xyN6A81/oMU9MdHCg"}},"unsigned":{"age_ts":1681136825407}}	3
$9NlNwKmZDjoqogDVy2hZdDSxrN1Ym0PpxzQkDT8d8ec	!FzTtpSkXWMPYBKHUQN:localhost	{"token_id":42,"txn_id":"m1681130350238.0","historical":false}	{"auth_events":["$1kn0z5XFW6tgZeQlEjEweLSJX_vv-w54n3uMagFyz9o","$FSGyxWobRbm3XPzA_RJTfx_wFyj7eioybzttjovTej0","$c4I4FYRPIltfSw8Wf6w1NWiI0mLCN0eVcYuMsCyqiS4"],"prev_events":["$Nw5Wuu0OoUpf0cHK-TKfm2IURzfvyK0cpHbWzIVglAI"],"type":"m.room.message","room_id":"!FzTtpSkXWMPYBKHUQN:localhost","sender":"@user1.matrix:localhost","content":{"msgtype":"m.text","body":"Playwright Test - Message from Element "},"depth":85,"origin":"localhost","origin_server_ts":1681130350356,"hashes":{"sha256":"ttRtnyDWHzb9PBC4odD9B1RPba1rW5olnhn40CYgyo0"},"signatures":{"localhost":{"ed25519:a_vyji":"WHNGNxfd/lv4D0N2d0SZ0Fm8T4gx/+DSlV7ephnrCrRjFHpClCMFg7gJm/VVrFQJGv03vmZV4qzxOP1ldFibBA"}},"unsigned":{"age_ts":1681130350356}}	3
$FZY2YQfeg4cYxqoshkRnnBUid1d9KREJ3X0Wv9Smdsw	!FzTtpSkXWMPYBKHUQN:localhost	{"token_id":42,"txn_id":"m1681130351478.1","historical":false}	{"auth_events":["$1kn0z5XFW6tgZeQlEjEweLSJX_vv-w54n3uMagFyz9o","$FSGyxWobRbm3XPzA_RJTfx_wFyj7eioybzttjovTej0","$c4I4FYRPIltfSw8Wf6w1NWiI0mLCN0eVcYuMsCyqiS4"],"prev_events":["$9NlNwKmZDjoqogDVy2hZdDSxrN1Ym0PpxzQkDT8d8ec"],"type":"m.room.message","room_id":"!FzTtpSkXWMPYBKHUQN:localhost","sender":"@user1.matrix:localhost","content":{"msgtype":"m.text","body":"URL=http://localhost:8080 risky Browser=false "},"depth":86,"origin":"localhost","origin_server_ts":1681130352305,"hashes":{"sha256":"EaDJQRdA0szMuic0fHA3dmYhHb/5++84F2iVur3qzYI"},"signatures":{"localhost":{"ed25519:a_vyji":"uBgXHl3V4tPEalbT6dNFYWAmZEnRM2KkrNEkIH6oJBwsb3hMHDLXfnBlcr+ONzryLPE4RTzDTgK/+Ev1ntwEBw"}},"unsigned":{"age_ts":1681130352305}}	3
$SmN77flnQr15OQrbedna9Y4S9VTlBui7MoJtlRZZyvs	!pYSbiOyjMFsKNxSMyi:localhost	{"token_id":43,"txn_id":"m1681135902808","historical":false}	{"auth_events":["$EgLH6XFurmJirUH4D5Zkm8y1WyPdrFX2SSko4S0-7hQ","$gyvaweguHrwLjB1B_41QMnzSUMHQGbQmTALeOOMmWfU","$Z6q_pHNPM3MSDJqL1coCYtFuO0XvjFyT7uEHW_VzTmI"],"prev_events":["$HLQUAxqFJuCJ_kIl5bp_zpUmFEDPQuiLYU_A9VOPRcw"],"type":"m.room.message","room_id":"!pYSbiOyjMFsKNxSMyi:localhost","sender":"@mm_user1.mm:localhost","content":{"msgtype":"m.text","body":"Natus ea nisi repellendus. Enim debitis et quas architecto aliquam dolorem. Nulla inventore eligendi laborum et hic occaecati incidunt quidem."},"depth":30,"origin":"localhost","origin_server_ts":1681135902954,"hashes":{"sha256":"yJIgeVhWJKoGY2Cv9bNULl/2iVt3jZMW11p0nguDZSA"},"signatures":{"localhost":{"ed25519:a_vyji":"3LCKGOmdfKUyKevas+N72YZ83OuiKzBAeQKuPkaPcyQRycjCgBMbt3GR7KXTEDDjj8ERqdgJyDcHN4eFlTfuBg"}},"unsigned":{"age_ts":1681135902954}}	3
$17sdx6T-nBaF6BZozfbYq5OYq1vk1-7hAFKSQn8PQEI	!FzTtpSkXWMPYBKHUQN:localhost	{"token_id":46,"txn_id":"m1681136822395.0","historical":false}	{"auth_events":["$1kn0z5XFW6tgZeQlEjEweLSJX_vv-w54n3uMagFyz9o","$FSGyxWobRbm3XPzA_RJTfx_wFyj7eioybzttjovTej0","$c4I4FYRPIltfSw8Wf6w1NWiI0mLCN0eVcYuMsCyqiS4"],"prev_events":["$WS3p_ef116wO_3hAZwFWmgGZdeox1f-nJZbVEtn_hd8"],"type":"m.room.message","room_id":"!FzTtpSkXWMPYBKHUQN:localhost","sender":"@user1.matrix:localhost","content":{"msgtype":"m.text","body":"Playwright Test - Message from Element "},"depth":90,"origin":"localhost","origin_server_ts":1681136822579,"hashes":{"sha256":"wnfjCPPJ8B25jW+AwCH85CtAl9ssnZrIdwO4KH1LhzQ"},"signatures":{"localhost":{"ed25519:a_vyji":"mdE+wIYgyoJCe0mmxNGEMuFwv04et+xfSnrc/64UetiE/XZyXh1l7vWH6LbN3cyOhabuPgIKfgUJsc/gfkK+AQ"}},"unsigned":{"age_ts":1681136822579}}	3
$YcGhCF84tKbnPaz9krrZnukDNeATkB6J7bb8wLPCWfY	!pYSbiOyjMFsKNxSMyi:localhost	{"token_id":43,"txn_id":"m1681130482408","historical":false}	{"auth_events":["$EgLH6XFurmJirUH4D5Zkm8y1WyPdrFX2SSko4S0-7hQ","$gyvaweguHrwLjB1B_41QMnzSUMHQGbQmTALeOOMmWfU","$Z6q_pHNPM3MSDJqL1coCYtFuO0XvjFyT7uEHW_VzTmI"],"prev_events":["$y4Zq-mQV8ITLLsmk81629YkH48k3sCXvXh5FoYbVOGY"],"type":"m.room.message","room_id":"!pYSbiOyjMFsKNxSMyi:localhost","sender":"@mm_user1.mm:localhost","content":{"msgtype":"m.text","body":"Eos commodi quaerat placeat cupiditate at velit repudiandae. Recusandae voluptatibus ipsam et dolore suscipit iste non aliquid nulla. Perferendis eum beatae eligendi minus id cumque dolorem illum. Nesciunt architecto delectus maxime deserunt. Ducimus nemo corrupti qui perspiciatis exercitationem possimus. Sit voluptate repellat ea corporis ullam."},"depth":23,"origin":"localhost","origin_server_ts":1681130482696,"hashes":{"sha256":"CZSlthPHQwo8XMZbTglfWxk0niGO90lluSw5pLNEkbs"},"signatures":{"localhost":{"ed25519:a_vyji":"g1UFHSLuVRlCpM7f2VqHKCjbtrBAePMf7oE4W/ioKsUyFud2mKqEsHslcMOyV4pKS7ZfX9GnJRFnq46m+CxoAg"}},"unsigned":{"age_ts":1681130482696}}	3
$8NGP843DjUo_HOYMA7v0yH7eKafZFt6613FwXLrqGho	!pYSbiOyjMFsKNxSMyi:localhost	{"token_id":48,"txn_id":"m1681214901542","historical":false}	{"auth_events":["$EgLH6XFurmJirUH4D5Zkm8y1WyPdrFX2SSko4S0-7hQ","$gyvaweguHrwLjB1B_41QMnzSUMHQGbQmTALeOOMmWfU","$Z6q_pHNPM3MSDJqL1coCYtFuO0XvjFyT7uEHW_VzTmI"],"prev_events":["$WK3NVZIhsdUMb-agpfePDX4roP42B-TO_-eUSah_GKA"],"type":"m.room.message","room_id":"!pYSbiOyjMFsKNxSMyi:localhost","sender":"@mm_user1.mm:localhost","content":{"msgtype":"m.text","body":"\\n**Look at the Playwright site** \\n[Playwright test site](https://playwright.dev/)","format":"org.matrix.custom.html","formatted_body":"<strong>Look at the Playwright site</strong><br><a href=\\"https://playwright.dev/\\">Playwright test site</a>"},"depth":48,"origin":"localhost","origin_server_ts":1681214901594,"hashes":{"sha256":"IlA5LPsfcYxoVHIYFdzmpNdn9dwF+UIu4fQmesFG92s"},"signatures":{"localhost":{"ed25519:a_vyji":"qUyKW8lNonP4vrZ5P/2nrBpn7ena68JKhuWFwyTDfzZWG9ohXS71xAgj60HqpCxDoZkIw+NpVZHMimwVK5viDw"}},"unsigned":{"age_ts":1681214901594}}	3
$rN52jjTQyCeH49OS7jRIGlRM4F2NQBFEB0C0lEaUb3c	!pYSbiOyjMFsKNxSMyi:localhost	{"token_id":43,"txn_id":"m1681133331653","historical":false}	{"auth_events":["$EgLH6XFurmJirUH4D5Zkm8y1WyPdrFX2SSko4S0-7hQ","$gyvaweguHrwLjB1B_41QMnzSUMHQGbQmTALeOOMmWfU","$Z6q_pHNPM3MSDJqL1coCYtFuO0XvjFyT7uEHW_VzTmI"],"prev_events":["$YcGhCF84tKbnPaz9krrZnukDNeATkB6J7bb8wLPCWfY"],"type":"m.room.message","room_id":"!pYSbiOyjMFsKNxSMyi:localhost","sender":"@mm_user1.mm:localhost","content":{"msgtype":"m.text","body":"Recusandae pariatur voluptatibus facere molestiae dolorum repellat vel dignissimos dicta. Incidunt officia libero ea magnam iure architecto nesciunt veniam sed. Praesentium deleniti sequi."},"depth":24,"origin":"localhost","origin_server_ts":1681133331888,"hashes":{"sha256":"YyPy4q/avQoehkBfv5JJ+jMq+ZI/gPGtdWj/KV+rs9E"},"signatures":{"localhost":{"ed25519:a_vyji":"ioLExuYbZjNOhe4aD+B62/njIBzKgjy0aLSXHwF+aNahgYrqeXORIHcibzu7ds2n0Joehn3//Y2FkD4o4xWpCw"}},"unsigned":{"age_ts":1681133331888}}	3
$KNXtG5NPeJbc6Udn7TLr_7niQICqXf2UYPVCug1SRQ0	!pYSbiOyjMFsKNxSMyi:localhost	{"token_id":43,"txn_id":"m1681136674187","historical":false}	{"auth_events":["$EgLH6XFurmJirUH4D5Zkm8y1WyPdrFX2SSko4S0-7hQ","$gyvaweguHrwLjB1B_41QMnzSUMHQGbQmTALeOOMmWfU","$Z6q_pHNPM3MSDJqL1coCYtFuO0XvjFyT7uEHW_VzTmI"],"prev_events":["$UUX6nQgpqX9ZxPHKKk9TcREeMdyXgPbjlLKPBusGp7k"],"type":"m.room.message","room_id":"!pYSbiOyjMFsKNxSMyi:localhost","sender":"@mm_user1.mm:localhost","content":{"msgtype":"m.text","body":"Accusamus illo eum ea quia minus magni sint. Fugiat quo assumenda quisquam quidem. Autem odio illum ipsam nihil voluptatibus sit vel ea perspiciatis. Unde quaerat neque dolore suscipit. Aspernatur alias ea quia."},"depth":36,"origin":"localhost","origin_server_ts":1681136674239,"hashes":{"sha256":"+P7amh73UZNv3CPnHR8a/nLUnhsITYnqJaukuXAQQtg"},"signatures":{"localhost":{"ed25519:a_vyji":"KDSmzQvPgSHRXBXN5z5fC2hikDhG6ewnKVNlEzfxMklcuQKx3YjJ7rUM7qkY15K1PX+rDE3aIX7fiyTLFWJYAw"}},"unsigned":{"age_ts":1681136674239}}	3
$ul8BTE-1Nc3CLcB503BKbUS1VW1vpy0XLCxSja1Rvto	!FzTtpSkXWMPYBKHUQN:localhost	{"token_id":47,"txn_id":"m1681137207521.1","historical":false}	{"auth_events":["$1kn0z5XFW6tgZeQlEjEweLSJX_vv-w54n3uMagFyz9o","$FSGyxWobRbm3XPzA_RJTfx_wFyj7eioybzttjovTej0","$c4I4FYRPIltfSw8Wf6w1NWiI0mLCN0eVcYuMsCyqiS4"],"prev_events":["$tiExyp2ktofh9R_Wk7_3AEFm82VMfJABZLDh8vMLhjk"],"type":"m.room.message","room_id":"!FzTtpSkXWMPYBKHUQN:localhost","sender":"@user1.matrix:localhost","content":{"msgtype":"m.text","body":"URL=http://localhost:8080 risky Browser=false "},"depth":94,"origin":"localhost","origin_server_ts":1681137208656,"hashes":{"sha256":"HqoGoQpQQxTpsMvRuLMpanEyQO+iDYj1m4CRmkbN2Ac"},"signatures":{"localhost":{"ed25519:a_vyji":"n6Yw2qO1/nqNCQBp889ghOKEEKzD3Mf1Eet+FekemtI7FJx/gkxaejwEYwDkEnbLNRDoDBhsQ66YOHxKk4S6Ag"}},"unsigned":{"age_ts":1681137208656}}	3
$kO4xSu80VL_oqUaKrfuWX9B80NtdhvfDonn_ZFnO-jM	!FzTtpSkXWMPYBKHUQN:localhost	{"token_id":49,"txn_id":"m1681214861996.2","historical":false}	{"auth_events":["$1kn0z5XFW6tgZeQlEjEweLSJX_vv-w54n3uMagFyz9o","$FSGyxWobRbm3XPzA_RJTfx_wFyj7eioybzttjovTej0","$c4I4FYRPIltfSw8Wf6w1NWiI0mLCN0eVcYuMsCyqiS4"],"prev_events":["$UoM_MmftgNhl-hvF8RlKsZIRKT_iG82cBMd_uojs5M0"],"type":"m.room.message","room_id":"!FzTtpSkXWMPYBKHUQN:localhost","sender":"@user1.matrix:localhost","content":{"msgtype":"m.text","body":"Timestamp=1681214859756"},"depth":98,"origin":"localhost","origin_server_ts":1681214862696,"hashes":{"sha256":"ZFOx6j2hZA0FZk+N/31w38fv62M9JINZyQNqKpr+vt4"},"signatures":{"localhost":{"ed25519:a_vyji":"nO3r0NErmpQRzvuuQbxIE+tr2YuK1SVFGwe7GWay/In6HvH1hA2PUbkS0QRy6BpEFkciJ8JDe2VoHvYEsevABg"}},"unsigned":{"age_ts":1681214862696}}	3
$jtHjsfRhxitvwMV8TSM3JIyCvz76sKCXvcoHIjY5Biw	!pYSbiOyjMFsKNxSMyi:localhost	{"token_id":43,"txn_id":"m1681133953747","historical":false}	{"auth_events":["$EgLH6XFurmJirUH4D5Zkm8y1WyPdrFX2SSko4S0-7hQ","$gyvaweguHrwLjB1B_41QMnzSUMHQGbQmTALeOOMmWfU","$Z6q_pHNPM3MSDJqL1coCYtFuO0XvjFyT7uEHW_VzTmI"],"prev_events":["$rN52jjTQyCeH49OS7jRIGlRM4F2NQBFEB0C0lEaUb3c"],"type":"m.room.message","room_id":"!pYSbiOyjMFsKNxSMyi:localhost","sender":"@mm_user1.mm:localhost","content":{"msgtype":"m.text","body":"Veniam ipsam doloremque. Nesciunt sequi doloribus pariatur vitae. Est illo soluta eos vel atque eum."},"depth":25,"origin":"localhost","origin_server_ts":1681133953794,"hashes":{"sha256":"c2XiO1BFWLrtwy1Z2Bn7wIFKxGBv1e8W55xXoRi6JAc"},"signatures":{"localhost":{"ed25519:a_vyji":"gn9H8rgmhV9d6xg57seIVuBvOOjp9vwZj5IasFGIiXwCqRxpplJGYsDRT8Gsf+dpS3J2QLv0/l3lmnqoE3LwDw"}},"unsigned":{"age_ts":1681133953794}}	3
$UUX6nQgpqX9ZxPHKKk9TcREeMdyXgPbjlLKPBusGp7k	!pYSbiOyjMFsKNxSMyi:localhost	{"token_id":45,"txn_id":"m1681136473313","historical":false}	{"auth_events":["$EgLH6XFurmJirUH4D5Zkm8y1WyPdrFX2SSko4S0-7hQ","$gyvaweguHrwLjB1B_41QMnzSUMHQGbQmTALeOOMmWfU","$PdV2tqK4NNZudisUim3L-UFebwMTDKtC4V3oRBsAKNg"],"prev_events":["$TgYiQwU7HI440WE1IRkSFM2oCf9soNp8N2n6mGfFoxc"],"type":"m.room.message","room_id":"!pYSbiOyjMFsKNxSMyi:localhost","sender":"@mm_user2.mm:localhost","content":{"msgtype":"m.text","body":"[ddd](dd)","format":"org.matrix.custom.html","formatted_body":"<a href=\\"dd\\">ddd</a>"},"depth":35,"origin":"localhost","origin_server_ts":1681136473391,"hashes":{"sha256":"3myBfNt4gamuugDa93LrQFQlAnHSbAtc+fszt9hzn8U"},"signatures":{"localhost":{"ed25519:a_vyji":"ILyorwy83J6xU3CXX5wRS77n2cIft7dFSGnjJiv+xb1KIBBTKMEkFLXUuvfZQDUjoDAmVcn4/3G0zXIM5uKXCw"}},"unsigned":{"age_ts":1681136473391}}	3
$RScLBOnv-rQ5Qfl4VMpgepVrZ9jKgZ2bNwKGx6SWAXs	!pYSbiOyjMFsKNxSMyi:localhost	{"token_id":43,"txn_id":"m1681136675491","historical":false}	{"auth_events":["$EgLH6XFurmJirUH4D5Zkm8y1WyPdrFX2SSko4S0-7hQ","$gyvaweguHrwLjB1B_41QMnzSUMHQGbQmTALeOOMmWfU","$Z6q_pHNPM3MSDJqL1coCYtFuO0XvjFyT7uEHW_VzTmI"],"prev_events":["$KNXtG5NPeJbc6Udn7TLr_7niQICqXf2UYPVCug1SRQ0"],"type":"m.room.message","room_id":"!pYSbiOyjMFsKNxSMyi:localhost","sender":"@mm_user1.mm:localhost","content":{"msgtype":"m.text","body":"[\\"Playwright dev\\"](https://playwright.dev/)","format":"org.matrix.custom.html","formatted_body":"<a href=\\"https://playwright.dev/\\">&quot;Playwright dev&quot;</a>"},"depth":37,"origin":"localhost","origin_server_ts":1681136675539,"hashes":{"sha256":"Da/1BcHyw2a8lEIybKpHq5IA8TfcE8r+9KEUKcYVpH0"},"signatures":{"localhost":{"ed25519:a_vyji":"f2RSFcoPRVyS3O/cb3zNvP5c9AoAvAuWY1xnvaIf4T1S49mVptASlv30mkRd9f9zF+uvucThg+XqTlCNX/bECQ"}},"unsigned":{"age_ts":1681136675539}}	3
$eVodFlz-qcHRs2HA7v5TyRtQ-xxsPPfOP98xijAxX-4	!FzTtpSkXWMPYBKHUQN:localhost	{"token_id":46,"txn_id":"m1681136823900.1","historical":false}	{"auth_events":["$1kn0z5XFW6tgZeQlEjEweLSJX_vv-w54n3uMagFyz9o","$FSGyxWobRbm3XPzA_RJTfx_wFyj7eioybzttjovTej0","$c4I4FYRPIltfSw8Wf6w1NWiI0mLCN0eVcYuMsCyqiS4"],"prev_events":["$17sdx6T-nBaF6BZozfbYq5OYq1vk1-7hAFKSQn8PQEI"],"type":"m.room.message","room_id":"!FzTtpSkXWMPYBKHUQN:localhost","sender":"@user1.matrix:localhost","content":{"msgtype":"m.text","body":"URL=http://localhost:8080 risky Browser=false "},"depth":91,"origin":"localhost","origin_server_ts":1681136824608,"hashes":{"sha256":"xnuqy3cy30sbcavDN8hO29yOTvV+on3efFIIOvO0OPY"},"signatures":{"localhost":{"ed25519:a_vyji":"zULmDItVFkrnnTX9PRz5fyr9A5SyAmb3UlMpIgPbPInluQhdG0E2jcCHkECEL6Q53KCHfNSx0/0wHvAH9KliBA"}},"unsigned":{"age_ts":1681136824608}}	3
$Mtw7jI8ectw5DF0ks0bCL_3QfpD6-XksFma3q3nV8mE	!pYSbiOyjMFsKNxSMyi:localhost	{"token_id":43,"txn_id":"m1681137127203","historical":false}	{"auth_events":["$EgLH6XFurmJirUH4D5Zkm8y1WyPdrFX2SSko4S0-7hQ","$gyvaweguHrwLjB1B_41QMnzSUMHQGbQmTALeOOMmWfU","$Z6q_pHNPM3MSDJqL1coCYtFuO0XvjFyT7uEHW_VzTmI"],"prev_events":["$HAnBRjR5dMWM48mEkzHxKNUIGwieMrjJYKVxf-jld6w"],"type":"m.room.message","room_id":"!pYSbiOyjMFsKNxSMyi:localhost","sender":"@mm_user1.mm:localhost","content":{"msgtype":"m.text","body":"\\n**Look at the Playwright site** \\n[Playwright test site](https://playwright.dev/)","format":"org.matrix.custom.html","formatted_body":"<strong>Look at the Playwright site</strong><br><a href=\\"https://playwright.dev/\\">Playwright test site</a>"},"depth":44,"origin":"localhost","origin_server_ts":1681137127246,"hashes":{"sha256":"ln6IB+n0ujyoPLFWcrsINOizYQOU4VDX93EhM9XL8Oc"},"signatures":{"localhost":{"ed25519:a_vyji":"o9B+HflyVoFa5z0OTznuwuk/ploHMXYMoHoLv8eZpn02K2c2XYJsdBxzr/bmevqiN0mOj+i1z+ykTLz4fqZFCg"}},"unsigned":{"age_ts":1681137127246}}	3
$ttYMJgKpyS0mp56EbIsjPNgKM0gcBpoWTMo5sejfX2g	!FzTtpSkXWMPYBKHUQN:localhost	{"token_id":47,"txn_id":"m1681137208749.2","historical":false}	{"auth_events":["$1kn0z5XFW6tgZeQlEjEweLSJX_vv-w54n3uMagFyz9o","$FSGyxWobRbm3XPzA_RJTfx_wFyj7eioybzttjovTej0","$c4I4FYRPIltfSw8Wf6w1NWiI0mLCN0eVcYuMsCyqiS4"],"prev_events":["$ul8BTE-1Nc3CLcB503BKbUS1VW1vpy0XLCxSja1Rvto"],"type":"m.room.message","room_id":"!FzTtpSkXWMPYBKHUQN:localhost","sender":"@user1.matrix:localhost","content":{"msgtype":"m.text","body":"Timestamp=1681137204329"},"depth":95,"origin":"localhost","origin_server_ts":1681137209389,"hashes":{"sha256":"7CLvAtiwo7Rd6kszbaYq/zSJpgI8tkqi51BrZFDuPOQ"},"signatures":{"localhost":{"ed25519:a_vyji":"vO2h+bQvn5UGxCxc8uLD9a1DcJ/TgG6PpODINnTDk5INuOiZ7N651UNovXYpCpro8Jo1jrU64n3RqbTsEmKVDw"}},"unsigned":{"age_ts":1681137209389}}	3
$E6HWpvoyu74jsOxXc_KLC9oG6Sg8rEwIQXoX-Hf5mxg	!FzTtpSkXWMPYBKHUQN:localhost	{"token_id":49,"txn_id":"m1681214860247.0","historical":false}	{"auth_events":["$1kn0z5XFW6tgZeQlEjEweLSJX_vv-w54n3uMagFyz9o","$FSGyxWobRbm3XPzA_RJTfx_wFyj7eioybzttjovTej0","$c4I4FYRPIltfSw8Wf6w1NWiI0mLCN0eVcYuMsCyqiS4"],"prev_events":["$ttYMJgKpyS0mp56EbIsjPNgKM0gcBpoWTMo5sejfX2g"],"type":"m.room.message","room_id":"!FzTtpSkXWMPYBKHUQN:localhost","sender":"@user1.matrix:localhost","content":{"msgtype":"m.text","body":"Playwright Test - Message from Element "},"depth":96,"origin":"localhost","origin_server_ts":1681214860375,"hashes":{"sha256":"DgiczH0PwNNRcGXexU7Q7DlLSqRZmpJf+sX6BysBOmk"},"signatures":{"localhost":{"ed25519:a_vyji":"0fPJ0T4ddnX7QFcZOc9SbTa3irSmmg3TJh39d62ovbBhPT60pTr6kM+TEOZ7MrA+zsB06uUPJBr/Mxl2OJk8DA"}},"unsigned":{"age_ts":1681214860375}}	3
$IQFxW2AclXyjBa4DyFGxJw7vGiSY-6crlHx35kVV0Yg	!pYSbiOyjMFsKNxSMyi:localhost	{"token_id":45,"txn_id":"m1681136300550","historical":false}	{"auth_events":["$EgLH6XFurmJirUH4D5Zkm8y1WyPdrFX2SSko4S0-7hQ","$gyvaweguHrwLjB1B_41QMnzSUMHQGbQmTALeOOMmWfU","$PdV2tqK4NNZudisUim3L-UFebwMTDKtC4V3oRBsAKNg"],"prev_events":["$qloo_Uai9std99VdsNyxGQIM_zu8qGtBrprCgdp0PAY"],"type":"m.room.message","room_id":"!pYSbiOyjMFsKNxSMyi:localhost","sender":"@mm_user2.mm:localhost","content":{"msgtype":"m.text","body":"klklklk"},"depth":32,"origin":"localhost","origin_server_ts":1681136300609,"hashes":{"sha256":"z6cNrvYcWBcK343oLZ+ZDdQikTIg3Wn9XE3It2p+MC8"},"signatures":{"localhost":{"ed25519:a_vyji":"jPDHVt4nn8soyHuKujwPqYmtwyKn/7bxTfjXXsf7dqBzPVSUyBgOdPhx+rEvt0ItHBDMALnv6EJglIfdqhrgBg"}},"unsigned":{"age_ts":1681136300609}}	3
$eywY0l5kWTEBz26-Hh06J6ga7FkE4g5_haF5bjF0vyc	!pYSbiOyjMFsKNxSMyi:localhost	{"token_id":45,"txn_id":"m1681136414337","historical":false}	{"auth_events":["$EgLH6XFurmJirUH4D5Zkm8y1WyPdrFX2SSko4S0-7hQ","$gyvaweguHrwLjB1B_41QMnzSUMHQGbQmTALeOOMmWfU","$PdV2tqK4NNZudisUim3L-UFebwMTDKtC4V3oRBsAKNg"],"prev_events":["$IQFxW2AclXyjBa4DyFGxJw7vGiSY-6crlHx35kVV0Yg"],"type":"m.room.message","room_id":"!pYSbiOyjMFsKNxSMyi:localhost","sender":"@mm_user2.mm:localhost","content":{"msgtype":"m.text","body":"**Bye Bye**","format":"org.matrix.custom.html","formatted_body":"<strong>Bye Bye</strong>"},"depth":33,"origin":"localhost","origin_server_ts":1681136414384,"hashes":{"sha256":"9cHMV/ewBO1PNcqb07B33pPR4Dxx7d5jaShT8e+OPHU"},"signatures":{"localhost":{"ed25519:a_vyji":"rbl8byGlhfFsVGIVZL9tWQCjSXgC8J+KmErq8MLOTJQxf8ddFqr6R/6oZbZEY9vON54SHoIez5RVQgnL0iGgCw"}},"unsigned":{"age_ts":1681136414384}}	3
$HAnBRjR5dMWM48mEkzHxKNUIGwieMrjJYKVxf-jld6w	!pYSbiOyjMFsKNxSMyi:localhost	{"token_id":43,"txn_id":"m1681137125487","historical":false}	{"auth_events":["$EgLH6XFurmJirUH4D5Zkm8y1WyPdrFX2SSko4S0-7hQ","$gyvaweguHrwLjB1B_41QMnzSUMHQGbQmTALeOOMmWfU","$Z6q_pHNPM3MSDJqL1coCYtFuO0XvjFyT7uEHW_VzTmI"],"prev_events":["$UVzWEAffRbpgq0ADvBSCvafZo4zQdZSwKDVw_VAcUos"],"type":"m.room.message","room_id":"!pYSbiOyjMFsKNxSMyi:localhost","sender":"@mm_user1.mm:localhost","content":{"msgtype":"m.text","body":"Provident occaecati molestias aliquam aliquid officia hic. Veritatis vel quas natus nulla unde modi ipsa. Debitis voluptatum error fuga occaecati ex ad ut. Voluptatem laudantium architecto minus laudantium quaerat quaerat repellendus."},"depth":43,"origin":"localhost","origin_server_ts":1681137125537,"hashes":{"sha256":"7Gm5e3WVthBptq+QSYTG5XE1X+0oIsH/sa+Inv12M7U"},"signatures":{"localhost":{"ed25519:a_vyji":"nKAr5Yh5e8rIViVmdjNd2eFi+GcyWQmUUIxqLD0hmL3RNfDWmD75yF7ciRvog0vO8cfYmBvyIBrR8Bxn8o1cCQ"}},"unsigned":{"age_ts":1681137125537}}	3
$tiExyp2ktofh9R_Wk7_3AEFm82VMfJABZLDh8vMLhjk	!FzTtpSkXWMPYBKHUQN:localhost	{"token_id":47,"txn_id":"m1681137205653.0","historical":false}	{"auth_events":["$1kn0z5XFW6tgZeQlEjEweLSJX_vv-w54n3uMagFyz9o","$FSGyxWobRbm3XPzA_RJTfx_wFyj7eioybzttjovTej0","$c4I4FYRPIltfSw8Wf6w1NWiI0mLCN0eVcYuMsCyqiS4"],"prev_events":["$ugRvFN42G03CJ_rhXrfPqKHK81OC25L9BNWRbQSt_mg"],"type":"m.room.message","room_id":"!FzTtpSkXWMPYBKHUQN:localhost","sender":"@user1.matrix:localhost","content":{"msgtype":"m.text","body":"Playwright Test - Message from Element "},"depth":93,"origin":"localhost","origin_server_ts":1681137205750,"hashes":{"sha256":"5G6DIMZ/EsnPbxB5vNUzoAKyYxdbJ9uJ+lxwrMRpS4c"},"signatures":{"localhost":{"ed25519:a_vyji":"DVJjwFOmJad/Vf5xoAfNoX9SecJ3jxujhOwAsppyXe4Xweb4+lceRGwZvUzeaM/xqfnsjFvqKUdvKRVaCpcTBQ"}},"unsigned":{"age_ts":1681137205750}}	3
$07syF-ENeRr3l3lFZcCEm3nTRPfHWEbn4NMb1J1iJFA	!pYSbiOyjMFsKNxSMyi:localhost	{"token_id":48,"txn_id":"m1681214791902","historical":false}	{"auth_events":["$EgLH6XFurmJirUH4D5Zkm8y1WyPdrFX2SSko4S0-7hQ","$gyvaweguHrwLjB1B_41QMnzSUMHQGbQmTALeOOMmWfU","$Z6q_pHNPM3MSDJqL1coCYtFuO0XvjFyT7uEHW_VzTmI"],"prev_events":["$9TBKaZfQChwRJu7jdlL59C1UWk_tvoeFbqOaqupv_k4"],"type":"m.room.message","room_id":"!pYSbiOyjMFsKNxSMyi:localhost","sender":"@mm_user1.mm:localhost","content":{"msgtype":"m.text","body":"\\n**Look at the Playwright site** \\n[Playwright test site](https://playwright.dev/)","format":"org.matrix.custom.html","formatted_body":"<strong>Look at the Playwright site</strong><br><a href=\\"https://playwright.dev/\\">Playwright test site</a>"},"depth":46,"origin":"localhost","origin_server_ts":1681214791929,"hashes":{"sha256":"J5r3+vQDTR2T5fPgc9UquPygY1mO/+6RnmO2eJ5Arso"},"signatures":{"localhost":{"ed25519:a_vyji":"DXiWD0RwWjjMuPnr7Ut6oWhSQALAxPpL2mfpEOjDTXv9m1hCasw6HoeXeZn8bdq8Tm4gBtROdG+g572GacseDA"}},"unsigned":{"age_ts":1681214791929}}	3
$WK3NVZIhsdUMb-agpfePDX4roP42B-TO_-eUSah_GKA	!pYSbiOyjMFsKNxSMyi:localhost	{"token_id":48,"txn_id":"m1681214900179","historical":false}	{"auth_events":["$EgLH6XFurmJirUH4D5Zkm8y1WyPdrFX2SSko4S0-7hQ","$gyvaweguHrwLjB1B_41QMnzSUMHQGbQmTALeOOMmWfU","$Z6q_pHNPM3MSDJqL1coCYtFuO0XvjFyT7uEHW_VzTmI"],"prev_events":["$07syF-ENeRr3l3lFZcCEm3nTRPfHWEbn4NMb1J1iJFA"],"type":"m.room.message","room_id":"!pYSbiOyjMFsKNxSMyi:localhost","sender":"@mm_user1.mm:localhost","content":{"msgtype":"m.text","body":"Cumque at occaecati ex ut eum sequi corporis. Impedit dicta a architecto nisi earum. Sunt quod est porro illum perferendis. Qui ducimus facilis deleniti ipsam beatae sint doloremque. Harum magni ea."},"depth":47,"origin":"localhost","origin_server_ts":1681214900330,"hashes":{"sha256":"kLrIxJt6u+JnurumohIEdSLtjW0ItTlMwr2Ex7PR1JE"},"signatures":{"localhost":{"ed25519:a_vyji":"GsbINBqMDxXHbyY2/Ji2loDXd4bIlUiyo/8w0i/gX+Q5Tkw2+oZS6BLddZ3IzzzKfGuas0M5og7X2vy8m72BBg"}},"unsigned":{"age_ts":1681214900330}}	3
$TgYiQwU7HI440WE1IRkSFM2oCf9soNp8N2n6mGfFoxc	!pYSbiOyjMFsKNxSMyi:localhost	{"token_id":45,"txn_id":"m1681136436678","historical":false}	{"auth_events":["$EgLH6XFurmJirUH4D5Zkm8y1WyPdrFX2SSko4S0-7hQ","$gyvaweguHrwLjB1B_41QMnzSUMHQGbQmTALeOOMmWfU","$PdV2tqK4NNZudisUim3L-UFebwMTDKtC4V3oRBsAKNg"],"prev_events":["$eywY0l5kWTEBz26-Hh06J6ga7FkE4g5_haF5bjF0vyc"],"type":"m.room.message","room_id":"!pYSbiOyjMFsKNxSMyi:localhost","sender":"@mm_user2.mm:localhost","content":{"msgtype":"m.text","body":"```Java code```","format":"org.matrix.custom.html","formatted_body":"<code>Java code</code>"},"depth":34,"origin":"localhost","origin_server_ts":1681136436735,"hashes":{"sha256":"Wsv3t4sW27ZY8SO0wPOUyhzXriZQj5pFD5/vaYAbYc8"},"signatures":{"localhost":{"ed25519:a_vyji":"6EKEKsOTFO0jiuHnyqXpnIYA5rGn4vHtepH58d9ILE+InHe5vlKCBMx0nBDaKGtntgQdrW8nifdZqlali787Dw"}},"unsigned":{"age_ts":1681136436735}}	3
$4pQu8JKobBFh8PHCnw6hT0zc36PkLKiyg-1m9_yoNpc	!pYSbiOyjMFsKNxSMyi:localhost	{"token_id":43,"txn_id":"m1681136899683","historical":false}	{"auth_events":["$EgLH6XFurmJirUH4D5Zkm8y1WyPdrFX2SSko4S0-7hQ","$gyvaweguHrwLjB1B_41QMnzSUMHQGbQmTALeOOMmWfU","$Z6q_pHNPM3MSDJqL1coCYtFuO0XvjFyT7uEHW_VzTmI"],"prev_events":["$0vEu8AcFRX2gjRW4L-sa1MbVV2gxpjt4gG3XSnbj-50"],"type":"m.room.message","room_id":"!pYSbiOyjMFsKNxSMyi:localhost","sender":"@mm_user1.mm:localhost","content":{"msgtype":"m.text","body":"Look at the site \\n[\\"Playwright test site\\"](https://playwright.dev/)","format":"org.matrix.custom.html","formatted_body":"Look at the site<br><a href=\\"https://playwright.dev/\\">&quot;Playwright test site&quot;</a>"},"depth":39,"origin":"localhost","origin_server_ts":1681136899771,"hashes":{"sha256":"fT8JFFvGDmqgflz0gDFJtNEGGT4EOyHTuumusAzTXYk"},"signatures":{"localhost":{"ed25519:a_vyji":"AxG3xbCUHcmVQ5r9IfRe27OHe7/ijkUep460ZmE+EukZAZVcXbtE3JztUFpxWqiOuRV+tADOEy94MXzPYr2RBQ"}},"unsigned":{"age_ts":1681136899771}}	3
$UVzWEAffRbpgq0ADvBSCvafZo4zQdZSwKDVw_VAcUos	!pYSbiOyjMFsKNxSMyi:localhost	{"token_id":45,"txn_id":"m1681137031178","historical":false}	{"auth_events":["$EgLH6XFurmJirUH4D5Zkm8y1WyPdrFX2SSko4S0-7hQ","$gyvaweguHrwLjB1B_41QMnzSUMHQGbQmTALeOOMmWfU","$PdV2tqK4NNZudisUim3L-UFebwMTDKtC4V3oRBsAKNg"],"prev_events":["$LqTgr4WhVFqPLToPBp6g5JzmDeejTollvhGZw6693yw"],"type":"m.room.message","room_id":"!pYSbiOyjMFsKNxSMyi:localhost","sender":"@mm_user2.mm:localhost","content":{"msgtype":"m.text","body":"[](url)","format":"org.matrix.custom.html","formatted_body":"<a href=\\"url\\"></a>"},"depth":42,"origin":"localhost","origin_server_ts":1681137031219,"hashes":{"sha256":"r6onVoANsh5M1M9vxYRG37W5M522N76eDF3MK+mdvkQ"},"signatures":{"localhost":{"ed25519:a_vyji":"ZstvHwZDU44VlbUueS1/9ohG4BJBg9V7CyPrjG9wyVeZ09Q+Ozocb4HpZmtsYluGlPpOnXc3TX6yZRBO0b/TCg"}},"unsigned":{"age_ts":1681137031219}}	3
$9TBKaZfQChwRJu7jdlL59C1UWk_tvoeFbqOaqupv_k4	!pYSbiOyjMFsKNxSMyi:localhost	{"token_id":48,"txn_id":"m1681214790347","historical":false}	{"auth_events":["$EgLH6XFurmJirUH4D5Zkm8y1WyPdrFX2SSko4S0-7hQ","$gyvaweguHrwLjB1B_41QMnzSUMHQGbQmTALeOOMmWfU","$Z6q_pHNPM3MSDJqL1coCYtFuO0XvjFyT7uEHW_VzTmI"],"prev_events":["$Mtw7jI8ectw5DF0ks0bCL_3QfpD6-XksFma3q3nV8mE"],"type":"m.room.message","room_id":"!pYSbiOyjMFsKNxSMyi:localhost","sender":"@mm_user1.mm:localhost","content":{"msgtype":"m.text","body":"Eveniet beatae consectetur quas eveniet iusto ipsa labore. Ullam magni doloribus perspiciatis nulla sequi aspernatur dolore sed qui. Facilis blanditiis tenetur. Sed totam quia quis tempore maxime fugiat architecto quia. Sunt incidunt harum nisi dignissimos vero enim qui tempore."},"depth":45,"origin":"localhost","origin_server_ts":1681214790493,"hashes":{"sha256":"7m3u1Zd7ZX1o3X3PmlWF/aGwNGFMnUem3rA/IjpxiLI"},"signatures":{"localhost":{"ed25519:a_vyji":"qdAPNoHlK587AdyjFCmc8sy6RA9wgwoxtu3NpCtxbdjMPHWHsa5sy9sMq1xlF9o9VyGxjE4KVGxdHdwvqxAjCw"}},"unsigned":{"age_ts":1681214790493}}	3
$UoM_MmftgNhl-hvF8RlKsZIRKT_iG82cBMd_uojs5M0	!FzTtpSkXWMPYBKHUQN:localhost	{"token_id":49,"txn_id":"m1681214861191.1","historical":false}	{"auth_events":["$1kn0z5XFW6tgZeQlEjEweLSJX_vv-w54n3uMagFyz9o","$FSGyxWobRbm3XPzA_RJTfx_wFyj7eioybzttjovTej0","$c4I4FYRPIltfSw8Wf6w1NWiI0mLCN0eVcYuMsCyqiS4"],"prev_events":["$E6HWpvoyu74jsOxXc_KLC9oG6Sg8rEwIQXoX-Hf5mxg"],"type":"m.room.message","room_id":"!FzTtpSkXWMPYBKHUQN:localhost","sender":"@user1.matrix:localhost","content":{"msgtype":"m.text","body":"URL=http://localhost:8080 risky Browser=false "},"depth":97,"origin":"localhost","origin_server_ts":1681214861800,"hashes":{"sha256":"EmvcKBWi19p0nM8gem0MG6rCfYRUokYZHfbEqy4vch8"},"signatures":{"localhost":{"ed25519:a_vyji":"+jH1u2Afu1S4HHlOnY+HWeVw6FeT8IPcTJNSbvcEYNzr7Qf5QSh/X7RYE41wkPYto2XKkRiNExY2tWT3gXY/AQ"}},"unsigned":{"age_ts":1681214861800}}	3
$qbY2LOEAVAemI51LPAjDllWtEIM_FyAln3eBHz3ntr4	!pYSbiOyjMFsKNxSMyi:localhost	{"token_id":50,"txn_id":"m1681298587546","historical":false}	{"auth_events":["$EgLH6XFurmJirUH4D5Zkm8y1WyPdrFX2SSko4S0-7hQ","$gyvaweguHrwLjB1B_41QMnzSUMHQGbQmTALeOOMmWfU","$Z6q_pHNPM3MSDJqL1coCYtFuO0XvjFyT7uEHW_VzTmI"],"prev_events":["$8NGP843DjUo_HOYMA7v0yH7eKafZFt6613FwXLrqGho"],"type":"m.room.message","room_id":"!pYSbiOyjMFsKNxSMyi:localhost","sender":"@mm_user1.mm:localhost","content":{"msgtype":"m.text","body":"Tempore beatae tenetur expedita. Repellendus incidunt laudantium eum. Quas nobis tenetur soluta optio."},"depth":49,"origin":"localhost","origin_server_ts":1681298587771,"hashes":{"sha256":"oKLIjJz6LipaNKrZWNzNIj1MRsCbcZwjO9X4EAT4BFI"},"signatures":{"localhost":{"ed25519:a_vyji":"gSnMmXBhrTcyGnzYKIAaxcZuDpEA8NFYqtjbdT//7rfb6tr9A2FK7oYCCcbokYHxkqZ7mwZGvpVGjONvdzcqAQ"}},"unsigned":{"age_ts":1681298587771}}	3
$yjRzNi0Lf7YmTrvl8PJ27dIagbzxpdQAxu1a2qnpVRE	!pYSbiOyjMFsKNxSMyi:localhost	{"token_id":50,"txn_id":"m1681298589397","historical":false}	{"auth_events":["$EgLH6XFurmJirUH4D5Zkm8y1WyPdrFX2SSko4S0-7hQ","$gyvaweguHrwLjB1B_41QMnzSUMHQGbQmTALeOOMmWfU","$Z6q_pHNPM3MSDJqL1coCYtFuO0XvjFyT7uEHW_VzTmI"],"prev_events":["$qbY2LOEAVAemI51LPAjDllWtEIM_FyAln3eBHz3ntr4"],"type":"m.room.message","room_id":"!pYSbiOyjMFsKNxSMyi:localhost","sender":"@mm_user1.mm:localhost","content":{"msgtype":"m.text","body":"\\n**Look at the Playwright site** \\n[Playwright test site](https://playwright.dev/)","format":"org.matrix.custom.html","formatted_body":"<strong>Look at the Playwright site</strong><br><a href=\\"https://playwright.dev/\\">Playwright test site</a>"},"depth":50,"origin":"localhost","origin_server_ts":1681298589436,"hashes":{"sha256":"DQNMcHJQhOMyKV0bS7KTz34twgqw3oDx4knYVMA/m/g"},"signatures":{"localhost":{"ed25519:a_vyji":"PsF/XmOsy0GVyRtrGBb43CMTjt9Dl9pr1ry0cjlv9HyzLvWjovbgf5mmiTEf9LbP3VKCCKKaz2Vb38JlR7WDDQ"}},"unsigned":{"age_ts":1681298589436}}	3
$pWCKYU5wjXosAj-f4nMebqvLjfePvbeiPtYlOuoteRs	!pYSbiOyjMFsKNxSMyi:localhost	{"token_id":50,"txn_id":"m1681300768860","historical":false}	{"auth_events":["$EgLH6XFurmJirUH4D5Zkm8y1WyPdrFX2SSko4S0-7hQ","$gyvaweguHrwLjB1B_41QMnzSUMHQGbQmTALeOOMmWfU","$Z6q_pHNPM3MSDJqL1coCYtFuO0XvjFyT7uEHW_VzTmI"],"prev_events":["$yjRzNi0Lf7YmTrvl8PJ27dIagbzxpdQAxu1a2qnpVRE"],"type":"m.room.message","room_id":"!pYSbiOyjMFsKNxSMyi:localhost","sender":"@mm_user1.mm:localhost","content":{"msgtype":"m.text","body":"Dignissimos officia assumenda quaerat repellendus quia assumenda alias maxime libero. Magnam vitae adipisci unde suscipit vero modi. Laudantium enim corporis ducimus dolor nisi voluptatum accusamus. Numquam deleniti ipsam praesentium mollitia aut nostrum. Earum quasi nostrum deserunt eius nihil. At praesentium deleniti sit doloremque vitae vero exercitationem blanditiis."},"depth":51,"origin":"localhost","origin_server_ts":1681300768980,"hashes":{"sha256":"SnzAgaHVdayzqGiGR5CDGj0fMmLcGscELSdAtlyv2QU"},"signatures":{"localhost":{"ed25519:a_vyji":"c+EetireSDkAD4fla3ijMO8XVVQV0vITCLSagxHRRAGWlbSKuihR0R8yoDD3zfCBuvvDutzBHdMKWHnS9NKDBg"}},"unsigned":{"age_ts":1681300768980}}	3
$OHbQDOKirY2HtHqvTX-hws4Xu-DzdC13hfbrGtYAgXw	!pYSbiOyjMFsKNxSMyi:localhost	{"token_id":50,"txn_id":"m1681300771707","historical":false}	{"auth_events":["$EgLH6XFurmJirUH4D5Zkm8y1WyPdrFX2SSko4S0-7hQ","$gyvaweguHrwLjB1B_41QMnzSUMHQGbQmTALeOOMmWfU","$Z6q_pHNPM3MSDJqL1coCYtFuO0XvjFyT7uEHW_VzTmI"],"prev_events":["$pWCKYU5wjXosAj-f4nMebqvLjfePvbeiPtYlOuoteRs"],"type":"m.room.message","room_id":"!pYSbiOyjMFsKNxSMyi:localhost","sender":"@mm_user1.mm:localhost","content":{"msgtype":"m.text","body":"\\n**Look at the Playwright site** \\n[Playwright test site](https://playwright.dev/)","format":"org.matrix.custom.html","formatted_body":"<strong>Look at the Playwright site</strong><br><a href=\\"https://playwright.dev/\\">Playwright test site</a>"},"depth":52,"origin":"localhost","origin_server_ts":1681300771826,"hashes":{"sha256":"EidkwiiDoS+rGQ1SD62s/sf2Pu68EQX92TlOHfvNMW4"},"signatures":{"localhost":{"ed25519:a_vyji":"OAHg/JXG55LZ93y0t3tbqZoCOyV1snDCYM+N23rK/2DHBKaRAK5nmlge0BsbYfF88/OREnO5jB8NodFtFFaQDA"}},"unsigned":{"age_ts":1681300771826}}	3
$37mr-j9ODzNjk_XaJ1av3S0LpmfAkQWiCCBrOZx1LjA	!pYSbiOyjMFsKNxSMyi:localhost	{"token_id":50,"txn_id":"m1681301002975","historical":false}	{"auth_events":["$EgLH6XFurmJirUH4D5Zkm8y1WyPdrFX2SSko4S0-7hQ","$gyvaweguHrwLjB1B_41QMnzSUMHQGbQmTALeOOMmWfU","$Z6q_pHNPM3MSDJqL1coCYtFuO0XvjFyT7uEHW_VzTmI"],"prev_events":["$OHbQDOKirY2HtHqvTX-hws4Xu-DzdC13hfbrGtYAgXw"],"type":"m.room.message","room_id":"!pYSbiOyjMFsKNxSMyi:localhost","sender":"@mm_user1.mm:localhost","content":{"msgtype":"m.text","body":"Animi quasi quos aliquam beatae corporis sit eligendi libero nulla. Ab consectetur nesciunt excepturi officia autem. Est provident alias corrupti exercitationem iure autem vel ratione. Omnis fugiat tenetur dignissimos saepe maiores vero eveniet. Non exercitationem soluta."},"depth":53,"origin":"localhost","origin_server_ts":1681301003034,"hashes":{"sha256":"1f/oe3rc2OwV+1g6Wts4Be8RF88Op/Xsn3io7H6HUu0"},"signatures":{"localhost":{"ed25519:a_vyji":"zZKjK6gKwxDlGwnuI9eUq2R+L8PGk6q4HAoHfg1wfy0vMEDTM+a5kaJKfcXHBVLNRBTWZGptm3fwpLpEt+KTCw"}},"unsigned":{"age_ts":1681301003034}}	3
$wQnou8r6NCWwzNJfjat0e1R6VzxjW9q35Rww3oI8pqo	!pYSbiOyjMFsKNxSMyi:localhost	{"token_id":50,"txn_id":"m1681301004171","historical":false}	{"auth_events":["$EgLH6XFurmJirUH4D5Zkm8y1WyPdrFX2SSko4S0-7hQ","$gyvaweguHrwLjB1B_41QMnzSUMHQGbQmTALeOOMmWfU","$Z6q_pHNPM3MSDJqL1coCYtFuO0XvjFyT7uEHW_VzTmI"],"prev_events":["$37mr-j9ODzNjk_XaJ1av3S0LpmfAkQWiCCBrOZx1LjA"],"type":"m.room.message","room_id":"!pYSbiOyjMFsKNxSMyi:localhost","sender":"@mm_user1.mm:localhost","content":{"msgtype":"m.text","body":"\\n**Look at the Playwright site** \\n[Playwright test site](https://playwright.dev/)","format":"org.matrix.custom.html","formatted_body":"<strong>Look at the Playwright site</strong><br><a href=\\"https://playwright.dev/\\">Playwright test site</a>"},"depth":54,"origin":"localhost","origin_server_ts":1681301004304,"hashes":{"sha256":"0EOq2qmZKS8JD34vJLd3w22LA1h9hhcBCheAvJR9Usw"},"signatures":{"localhost":{"ed25519:a_vyji":"e8uYeOHmazd9voiYAbKxwWqgeGLXE+kTzCfwZ7+T6YBn+EFdT5j1O/ugDctEewmUdf/yrx3MABja5Lm9bocABQ"}},"unsigned":{"age_ts":1681301004304}}	3
$oWART5TE3bFd7omOgO63F-io8ZB1H3hKjq1thGjFEwM	!pYSbiOyjMFsKNxSMyi:localhost	{"token_id":50,"txn_id":"m1681301109663","historical":false}	{"auth_events":["$EgLH6XFurmJirUH4D5Zkm8y1WyPdrFX2SSko4S0-7hQ","$gyvaweguHrwLjB1B_41QMnzSUMHQGbQmTALeOOMmWfU","$Z6q_pHNPM3MSDJqL1coCYtFuO0XvjFyT7uEHW_VzTmI"],"prev_events":["$wQnou8r6NCWwzNJfjat0e1R6VzxjW9q35Rww3oI8pqo"],"type":"m.room.message","room_id":"!pYSbiOyjMFsKNxSMyi:localhost","sender":"@mm_user1.mm:localhost","content":{"msgtype":"m.text","body":"Sequi ut veritatis voluptatibus asperiores nisi itaque vero. Maxime ipsam ex. Praesentium deleniti eligendi mollitia ratione. Soluta consectetur asperiores sint debitis sequi aliquam delectus."},"depth":55,"origin":"localhost","origin_server_ts":1681301109740,"hashes":{"sha256":"A3jcT/74EEg+M5aJmttxeKNrEQW7l7EqrVzn0taOTgk"},"signatures":{"localhost":{"ed25519:a_vyji":"dQIWwvLg3CSnbGOePcVyA4aZxoJvkbg7eGncspZVTaOQRXWMnP/NieUXXs9An9+UuUPlUAIGTNrGXt81+X99Dg"}},"unsigned":{"age_ts":1681301109740}}	3
$yAZlyrgetJNCY8nW6Qlt3gZ-sraBcR9VKSu1UhD0bvo	!pYSbiOyjMFsKNxSMyi:localhost	{"token_id":51,"txn_id":"m1681303898805","historical":false}	{"auth_events":["$EgLH6XFurmJirUH4D5Zkm8y1WyPdrFX2SSko4S0-7hQ","$gyvaweguHrwLjB1B_41QMnzSUMHQGbQmTALeOOMmWfU","$PdV2tqK4NNZudisUim3L-UFebwMTDKtC4V3oRBsAKNg"],"prev_events":["$e8srpJcKwv7bubgAQF9exPSNzf1vFXTDHPe3jfY5Aek"],"type":"m.room.message","room_id":"!pYSbiOyjMFsKNxSMyi:localhost","sender":"@mm_user2.mm:localhost","content":{"msgtype":"m.text","body":"klklkl"},"depth":57,"origin":"localhost","origin_server_ts":1681303898902,"hashes":{"sha256":"XoMe1tBjYqKo5QqGvMPDIn5R9dcAoKHZXCIJ8PLGYPo"},"signatures":{"localhost":{"ed25519:a_vyji":"mn9tjERvwjRmNheJcpLv5h8LGZWRfnti0yinzLgunPbWDE1kJNzhyH50X3t6eNqcbX/3VoU2Sz0ZbZR5pPi/Ag"}},"unsigned":{"age_ts":1681303898902}}	3
$f-cHtS029jrBTsUD6jwaGZsRf9sa7w0m8jeo8fCcib0	!FzTtpSkXWMPYBKHUQN:localhost	{"token_id":72,"txn_id":"m.1681312263680","historical":false}	{"auth_events":["$1kn0z5XFW6tgZeQlEjEweLSJX_vv-w54n3uMagFyz9o","$FSGyxWobRbm3XPzA_RJTfx_wFyj7eioybzttjovTej0","$c4I4FYRPIltfSw8Wf6w1NWiI0mLCN0eVcYuMsCyqiS4"],"prev_events":["$2HJKtb5qLapQNnGC7PlC2pKGMyM6OP0yvE8t6tNFXFU"],"type":"m.room.message","room_id":"!FzTtpSkXWMPYBKHUQN:localhost","sender":"@user1.matrix:localhost","content":{"body":"Strange message seen:\\nTry to transmit the XSS hard drive, maybe it will transmit the auxiliary firewall!\\n from Ervin74@hotmail.com","msgtype":"m.text"},"depth":111,"origin":"localhost","origin_server_ts":1681312263757,"hashes":{"sha256":"Wfc+vIGcH3d0IYc55kFsfg8Qz+bgQU8CuFqnFa91SQU"},"signatures":{"localhost":{"ed25519:a_vyji":"pxPiAFVDJ1ko0zlVLxL9XdURdnVDmZaxoSA38ADCwZQ6DDMZ/GP8O9Q/Ce57DZGycd3x/E/cWxfNP3IOERc0BA"}},"unsigned":{"age_ts":1681312263757}}	3
$e8srpJcKwv7bubgAQF9exPSNzf1vFXTDHPe3jfY5Aek	!pYSbiOyjMFsKNxSMyi:localhost	{"token_id":50,"txn_id":"m1681301111651","historical":false}	{"auth_events":["$EgLH6XFurmJirUH4D5Zkm8y1WyPdrFX2SSko4S0-7hQ","$gyvaweguHrwLjB1B_41QMnzSUMHQGbQmTALeOOMmWfU","$Z6q_pHNPM3MSDJqL1coCYtFuO0XvjFyT7uEHW_VzTmI"],"prev_events":["$oWART5TE3bFd7omOgO63F-io8ZB1H3hKjq1thGjFEwM"],"type":"m.room.message","room_id":"!pYSbiOyjMFsKNxSMyi:localhost","sender":"@mm_user1.mm:localhost","content":{"msgtype":"m.text","body":"\\n**Look at the Playwright site** \\n[Playwright test site](https://playwright.dev/)","format":"org.matrix.custom.html","formatted_body":"<strong>Look at the Playwright site</strong><br><a href=\\"https://playwright.dev/\\">Playwright test site</a>"},"depth":56,"origin":"localhost","origin_server_ts":1681301111755,"hashes":{"sha256":"Gu2jK7TTWTzAitpnjfbHCmSwq4OmZaYTYt34+bPBSKU"},"signatures":{"localhost":{"ed25519:a_vyji":"azBSQ6yf667hL3nznEm3t5f0bfu3NpR0QxOoD0xpIPSG1lRANn1kHR77WSZTPqIQYDdeisCNl94P3C7EStf9DA"}},"unsigned":{"age_ts":1681301111755}}	3
$wNkgTMblKbEiPZ2uultuC8xuzaaO_dwV9Q8unY79IxA	!FzTtpSkXWMPYBKHUQN:localhost	{"token_id":52,"txn_id":"m.1681306483767","historical":false}	{"auth_events":["$1kn0z5XFW6tgZeQlEjEweLSJX_vv-w54n3uMagFyz9o","$FSGyxWobRbm3XPzA_RJTfx_wFyj7eioybzttjovTej0","$c4I4FYRPIltfSw8Wf6w1NWiI0mLCN0eVcYuMsCyqiS4"],"prev_events":["$kO4xSu80VL_oqUaKrfuWX9B80NtdhvfDonn_ZFnO-jM"],"type":"m.room.message","room_id":"!FzTtpSkXWMPYBKHUQN:localhost","sender":"@user1.matrix:localhost","content":{"body":"Strange message seen:\\nThe SQL application is down, index the online bus so we can copy the RSS card!\\n from Brenna38@hotmail.com","msgtype":"m.text"},"depth":99,"origin":"localhost","origin_server_ts":1681306483847,"hashes":{"sha256":"q9Oj+Gtz5VuUmRL2jvZ4VxdnZXX38WHIYlk96NmaNgs"},"signatures":{"localhost":{"ed25519:a_vyji":"4rCj9bXguSqa+3rZ0br7lZ/dvl1DpsewGr9xW29IuE5li14aU0zJL2rJBcL1UVRpVIDo3KliOuvdB2qw3RXRBg"}},"unsigned":{"age_ts":1681306483847}}	3
$kSqtOez012ZpmELHtRmRLAcZ6eDqPtMtZFwVzIjXOJQ	!FzTtpSkXWMPYBKHUQN:localhost	{"token_id":59,"txn_id":"m.1681307387639","historical":false}	{"auth_events":["$1kn0z5XFW6tgZeQlEjEweLSJX_vv-w54n3uMagFyz9o","$FSGyxWobRbm3XPzA_RJTfx_wFyj7eioybzttjovTej0","$c4I4FYRPIltfSw8Wf6w1NWiI0mLCN0eVcYuMsCyqiS4"],"prev_events":["$YVXyaByz7fhy150xdruNE879BtW5klj_WDKoS4XsGnY"],"type":"m.room.message","room_id":"!FzTtpSkXWMPYBKHUQN:localhost","sender":"@user1.matrix:localhost","content":{"body":"Strange message seen:\\nTry to bypass the AGP capacitor, maybe it will override the cross-platform bus!\\n from Dock91@yahoo.com","msgtype":"m.text"},"depth":101,"origin":"localhost","origin_server_ts":1681307387681,"hashes":{"sha256":"B/H250Lvjtc4mAI5TIFnAOvSavWrTNqk42zwLxVZKmw"},"signatures":{"localhost":{"ed25519:a_vyji":"eiz1Iq/hNv0xnr94kKDjq2xvOQJVSsMN3IOkaz2Vkug7hVuQG8DXy2s5DxKCLgPXL4CRaM06oFtfkYv6Z5gGDw"}},"unsigned":{"age_ts":1681307387681}}	3
$AbRCYXMFmAubdqYq-s4VEZvnYEk9YieIxBpZIfPngoE	!FzTtpSkXWMPYBKHUQN:localhost	{"token_id":62,"txn_id":"m.1681307924879","historical":false}	{"auth_events":["$1kn0z5XFW6tgZeQlEjEweLSJX_vv-w54n3uMagFyz9o","$FSGyxWobRbm3XPzA_RJTfx_wFyj7eioybzttjovTej0","$c4I4FYRPIltfSw8Wf6w1NWiI0mLCN0eVcYuMsCyqiS4"],"prev_events":["$3pr6w-dY4LFA1bq0gZJI9yrK3dxo4o6SKQ-LcJnPBz4"],"type":"m.room.message","room_id":"!FzTtpSkXWMPYBKHUQN:localhost","sender":"@user1.matrix:localhost","content":{"body":"Strange message seen:\\nI'll parse the online RAM array, that should bandwidth the SMTP array!\\n from Vena_Windler@hotmail.com","msgtype":"m.text"},"depth":103,"origin":"localhost","origin_server_ts":1681307924978,"hashes":{"sha256":"MfKAtbQx1Kim9DihfkL5yy+UDv0mEg+/Vwger5aPOSU"},"signatures":{"localhost":{"ed25519:a_vyji":"B0TVi5pQ7H8gqepCGx8DVvWd4fOG40ay/pY6TY0PMlLCwhWNeKAaXBgNV4/PfcTRBi/zLTFlgVUn5lvXe9OVCg"}},"unsigned":{"age_ts":1681307924978}}	3
$2HJKtb5qLapQNnGC7PlC2pKGMyM6OP0yvE8t6tNFXFU	!FzTtpSkXWMPYBKHUQN:localhost	{"token_id":69,"txn_id":"m.1681310919284","historical":false}	{"auth_events":["$1kn0z5XFW6tgZeQlEjEweLSJX_vv-w54n3uMagFyz9o","$FSGyxWobRbm3XPzA_RJTfx_wFyj7eioybzttjovTej0","$c4I4FYRPIltfSw8Wf6w1NWiI0mLCN0eVcYuMsCyqiS4"],"prev_events":["$Jk6uXXHtYUyycNgfTD6YDfc1VLTRVMYI9-NWPZi_j1E"],"type":"m.room.message","room_id":"!FzTtpSkXWMPYBKHUQN:localhost","sender":"@user1.matrix:localhost","content":{"body":"Strange message seen:\\nI'll reboot the optical FTP firewall, that should monitor the SDD array!\\n from Ethyl76@yahoo.com","msgtype":"m.text"},"depth":110,"origin":"localhost","origin_server_ts":1681310919335,"hashes":{"sha256":"/+66hio5HX5DOlwKWbcbq0FHrBEmkqsmj7BVGElRT9M"},"signatures":{"localhost":{"ed25519:a_vyji":"KUTuILgnE0WWpE8ePyXJBCcUwjY6wDV7zJgZ/7Px0hJsTZxKVyfS8iCY5Iend2/3N55ZRzCyVMtgk3Wq1oiMCA"}},"unsigned":{"age_ts":1681310919335}}	3
$h3_C07WVa1Kq-qJ6qyYbJ0LdG9gKQAxFu7lEK-p3_tc	!FzTtpSkXWMPYBKHUQN:localhost	{"token_id":73,"txn_id":"m1681313848778","historical":false}	{"auth_events":["$1kn0z5XFW6tgZeQlEjEweLSJX_vv-w54n3uMagFyz9o","$c4I4FYRPIltfSw8Wf6w1NWiI0mLCN0eVcYuMsCyqiS4","$pdWypCivt0W58tNdti2PPFECr9nY2FHCzPHcq3t7WEY"],"prev_events":["$7rWHCcfCCs49gXzf9aXyT9Btiu-gLyqrBEstoRvUtXk"],"type":"m.room.message","room_id":"!FzTtpSkXWMPYBKHUQN:localhost","sender":"@mm_user2.mm:localhost","content":{"msgtype":"m.text","body":"> <@mm_user2.mm:localhost> > <@user1.matrix:localhost> St\\n\\nklkl","m.relates_to":{"m.in_reply_to":{"event_id":"$7rWHCcfCCs49gXzf9aXyT9Btiu-gLyqrBEstoRvUtXk"}},"formatted_body":"<mx-reply><blockquote><a href=\\"https://matrix.to/#/!FzTtpSkXWMPYBKHUQN:localhost/$7rWHCcfCCs49gXzf9aXyT9Btiu-gLyqrBEstoRvUtXk?via=localhost\\">In reply to</a> <a href=\\"https://matrix.to/#/@mm_user2.mm:localhost\\">@mm_user2.mm:localhost</a><br><mx-reply><blockquote><a href=\\"https://matrix.to/#/!FzTtpSkXWMPYBKHUQN:localhost/$f-cHtS029jrBTsUD6jwaGZsRf9sa7w0m8jeo8fCcib0?via=localhost\\">In reply to</a> <a href=\\"https://matrix.to/#/@user1.matrix:localhost\\">@user1.matrix:localhost</a><br>Strange message seen:\\nTry to transmit the XSS hard drive, maybe it will transmit the auxiliary firewall!\\n from Ervin74@hotmail.com</blockquote></mx-reply>klklkl</blockquote></mx-reply>klkl","format":"org.matrix.custom.html"},"depth":113,"origin":"localhost","origin_server_ts":1681313848811,"hashes":{"sha256":"5FOQDYlylXjBj3BpjaQA72sGJ1NC5EBRUA/8a+tIdC0"},"signatures":{"localhost":{"ed25519:a_vyji":"aZrlxoiRcXjJkysAQhlRxVThh0+9EViib4MhkR/HL0SSlOeB9BlMV5aZjqLsUZsmvDqiwLR289fSbOd/4cAzDA"}},"unsigned":{"age_ts":1681313848811}}	3
$YVXyaByz7fhy150xdruNE879BtW5klj_WDKoS4XsGnY	!FzTtpSkXWMPYBKHUQN:localhost	{"token_id":53,"txn_id":"m.1681306675205","historical":false}	{"auth_events":["$1kn0z5XFW6tgZeQlEjEweLSJX_vv-w54n3uMagFyz9o","$FSGyxWobRbm3XPzA_RJTfx_wFyj7eioybzttjovTej0","$c4I4FYRPIltfSw8Wf6w1NWiI0mLCN0eVcYuMsCyqiS4"],"prev_events":["$wNkgTMblKbEiPZ2uultuC8xuzaaO_dwV9Q8unY79IxA"],"type":"m.room.message","room_id":"!FzTtpSkXWMPYBKHUQN:localhost","sender":"@user1.matrix:localhost","content":{"body":"Strange message seen:\\nWe need to back up the neural SAS panel!\\n from Gerda.Weissnat45@gmail.com","msgtype":"m.text"},"depth":100,"origin":"localhost","origin_server_ts":1681306675253,"hashes":{"sha256":"yVjvUeRqf/DueHjIV0di9judiOv8KAVwU6tm5ofPfjQ"},"signatures":{"localhost":{"ed25519:a_vyji":"nJImsXh+a2x+UswpE0bnGjSCymfcBpN5A5YKDuILDEHTlnvOHM23Mr8OxHlT8/FqD7mHdRE2jHjpKxhf8zDrCQ"}},"unsigned":{"age_ts":1681306675253}}	3
$3pr6w-dY4LFA1bq0gZJI9yrK3dxo4o6SKQ-LcJnPBz4	!FzTtpSkXWMPYBKHUQN:localhost	{"token_id":61,"txn_id":"m.1681307794208","historical":false}	{"auth_events":["$1kn0z5XFW6tgZeQlEjEweLSJX_vv-w54n3uMagFyz9o","$FSGyxWobRbm3XPzA_RJTfx_wFyj7eioybzttjovTej0","$c4I4FYRPIltfSw8Wf6w1NWiI0mLCN0eVcYuMsCyqiS4"],"prev_events":["$kSqtOez012ZpmELHtRmRLAcZ6eDqPtMtZFwVzIjXOJQ"],"type":"m.room.message","room_id":"!FzTtpSkXWMPYBKHUQN:localhost","sender":"@user1.matrix:localhost","content":{"body":"Strange message seen:\\nUse the cross-platform FTP monitor, then you can parse the online bus!\\n from Yoshiko.Sauer54@gmail.com","msgtype":"m.text"},"depth":102,"origin":"localhost","origin_server_ts":1681307794308,"hashes":{"sha256":"ZHQZNG0CMxRAH671AuXHGvglMKGcUICjzoTTMCMoPiw"},"signatures":{"localhost":{"ed25519:a_vyji":"1xZl7CB0wo6kpafaSK8qExORN7wGGf8wcrjHjMDedBuIE7kikR6X1VVL6YtDe762Oz8/pMmIuz9yqlABjUoxCg"}},"unsigned":{"age_ts":1681307794308}}	3
$xzWO5ZmteWX1dLWjKshaJF_959fM5XPV_j63exi7Rg4	!FzTtpSkXWMPYBKHUQN:localhost	{"token_id":63,"txn_id":"m.1681308003452","historical":false}	{"auth_events":["$1kn0z5XFW6tgZeQlEjEweLSJX_vv-w54n3uMagFyz9o","$FSGyxWobRbm3XPzA_RJTfx_wFyj7eioybzttjovTej0","$c4I4FYRPIltfSw8Wf6w1NWiI0mLCN0eVcYuMsCyqiS4"],"prev_events":["$AbRCYXMFmAubdqYq-s4VEZvnYEk9YieIxBpZIfPngoE"],"type":"m.room.message","room_id":"!FzTtpSkXWMPYBKHUQN:localhost","sender":"@user1.matrix:localhost","content":{"body":"Strange message seen:\\nI'll override the open-source HTTP circuit, that should monitor the AI matrix!\\n from Sherwood26@yahoo.com","msgtype":"m.text"},"depth":104,"origin":"localhost","origin_server_ts":1681308003501,"hashes":{"sha256":"zl058rhXElSnCXlx7nucY83zGplgqHTrltHXKyXd0ss"},"signatures":{"localhost":{"ed25519:a_vyji":"SI5nSI3n4h1O/e2LqHHgma+jPrUDVEGJSAFN0p3CKfLZpRk9AuPTumNJLgWq71aRu2auY+kRmrLdYseXgb0aBw"}},"unsigned":{"age_ts":1681308003501}}	3
$vLDNkGntU6Y1RdLCW57mxo33y2ZtPcq-KuirRs_ApqY	!FzTtpSkXWMPYBKHUQN:localhost	{"token_id":64,"txn_id":"m.1681308914581","historical":false}	{"auth_events":["$1kn0z5XFW6tgZeQlEjEweLSJX_vv-w54n3uMagFyz9o","$FSGyxWobRbm3XPzA_RJTfx_wFyj7eioybzttjovTej0","$c4I4FYRPIltfSw8Wf6w1NWiI0mLCN0eVcYuMsCyqiS4"],"prev_events":["$xzWO5ZmteWX1dLWjKshaJF_959fM5XPV_j63exi7Rg4"],"type":"m.room.message","room_id":"!FzTtpSkXWMPYBKHUQN:localhost","sender":"@user1.matrix:localhost","content":{"body":"Strange message seen:\\nIf we quantify the bus, we can get to the OCR program through the online TCP hard drive!\\n from Isabelle.Stroman@yahoo.com","msgtype":"m.text"},"depth":105,"origin":"localhost","origin_server_ts":1681308914622,"hashes":{"sha256":"wLZzE6yxz0U497bWwaWTdUGZVENT3REPxzYtWGbqpdk"},"signatures":{"localhost":{"ed25519:a_vyji":"acUag7le/OXaFggKgDq6ujQvAKn8j1wRvgVOkUyBssnRBIWQSZZpKCRf/jK/8O501MSwHTjLEDzjN6bV18Y9CA"}},"unsigned":{"age_ts":1681308914622}}	3
$dgPQn7GA_1KgjySM5CP1IL_4OuwK1IJtNUBu0_jp6zM	!FzTtpSkXWMPYBKHUQN:localhost	{"token_id":65,"txn_id":"m.1681309188826","historical":false}	{"auth_events":["$1kn0z5XFW6tgZeQlEjEweLSJX_vv-w54n3uMagFyz9o","$FSGyxWobRbm3XPzA_RJTfx_wFyj7eioybzttjovTej0","$c4I4FYRPIltfSw8Wf6w1NWiI0mLCN0eVcYuMsCyqiS4"],"prev_events":["$vLDNkGntU6Y1RdLCW57mxo33y2ZtPcq-KuirRs_ApqY"],"type":"m.room.message","room_id":"!FzTtpSkXWMPYBKHUQN:localhost","sender":"@user1.matrix:localhost","content":{"body":"Strange message seen:\\noverriding the alarm won't do anything, we need to navigate the virtual TCP pixel!\\n from Benedict_White@gmail.com","msgtype":"m.text"},"depth":106,"origin":"localhost","origin_server_ts":1681309188882,"hashes":{"sha256":"lsbF0IWhNPe+OEtOsXkKE6hhMgTT0b9SNAjmKZAv/ww"},"signatures":{"localhost":{"ed25519:a_vyji":"gzJci/PtfwfKRkoqirSWsGEB06+Le8r92PLbZK86ahTxCGSWg20scL5i8+1yuUGpKPl3KwU4CeFQeweF5w9kAQ"}},"unsigned":{"age_ts":1681309188882}}	3
$QNn9T_HFWnhOe7BXWvbFMq9DBHxXuKjmzymaM-vIiC4	!FzTtpSkXWMPYBKHUQN:localhost	{"token_id":66,"txn_id":"m.1681309425443","historical":false}	{"auth_events":["$1kn0z5XFW6tgZeQlEjEweLSJX_vv-w54n3uMagFyz9o","$FSGyxWobRbm3XPzA_RJTfx_wFyj7eioybzttjovTej0","$c4I4FYRPIltfSw8Wf6w1NWiI0mLCN0eVcYuMsCyqiS4"],"prev_events":["$dgPQn7GA_1KgjySM5CP1IL_4OuwK1IJtNUBu0_jp6zM"],"type":"m.room.message","room_id":"!FzTtpSkXWMPYBKHUQN:localhost","sender":"@user1.matrix:localhost","content":{"body":"Strange message seen:\\nsynthesizing the interface won't do anything, we need to synthesize the cross-platform OCR application!\\n from Blanche_Conroy75@yahoo.com","msgtype":"m.text"},"depth":107,"origin":"localhost","origin_server_ts":1681309425494,"hashes":{"sha256":"+0oMfWBqxIBeKE4YGBsrhTEoEe9FrVdfXsIOE3oEmwY"},"signatures":{"localhost":{"ed25519:a_vyji":"W/ceavzdaytylM32ORk6Zv0YPspSes7r9LiQ7gK2y64Fc405Dd659eyUEoKG8fx093IE5mX8nrLcc2eexWg8CQ"}},"unsigned":{"age_ts":1681309425494}}	3
$Jk6uXXHtYUyycNgfTD6YDfc1VLTRVMYI9-NWPZi_j1E	!FzTtpSkXWMPYBKHUQN:localhost	{"token_id":68,"txn_id":"m.1681310411949","historical":false}	{"auth_events":["$1kn0z5XFW6tgZeQlEjEweLSJX_vv-w54n3uMagFyz9o","$FSGyxWobRbm3XPzA_RJTfx_wFyj7eioybzttjovTej0","$c4I4FYRPIltfSw8Wf6w1NWiI0mLCN0eVcYuMsCyqiS4"],"prev_events":["$umtVW0TIOZdMzYcqYXh59oCW3-xahvo0QC6nHCFJdaU"],"type":"m.room.message","room_id":"!FzTtpSkXWMPYBKHUQN:localhost","sender":"@user1.matrix:localhost","content":{"body":"Strange message seen:\\nI'll reboot the open-source THX hard drive, that should program the CSS microchip!\\n from Guiseppe_Kovacek17@hotmail.com","msgtype":"m.text"},"depth":109,"origin":"localhost","origin_server_ts":1681310412002,"hashes":{"sha256":"yoztiZbkhTvsLe31tOMBQqwmf8KEkpCT21VZ7tX9ENk"},"signatures":{"localhost":{"ed25519:a_vyji":"D4ueyfpBqYhv3L1+KY98C06KX2/YR6MKd8xk5yG/QLeT2AYVWeHCimCvcsx2c4qG/+CkSMvu3yV8mzghb6qLDQ"}},"unsigned":{"age_ts":1681310412002}}	3
$umtVW0TIOZdMzYcqYXh59oCW3-xahvo0QC6nHCFJdaU	!FzTtpSkXWMPYBKHUQN:localhost	{"token_id":67,"txn_id":"m.1681310364321","historical":false}	{"auth_events":["$1kn0z5XFW6tgZeQlEjEweLSJX_vv-w54n3uMagFyz9o","$FSGyxWobRbm3XPzA_RJTfx_wFyj7eioybzttjovTej0","$c4I4FYRPIltfSw8Wf6w1NWiI0mLCN0eVcYuMsCyqiS4"],"prev_events":["$QNn9T_HFWnhOe7BXWvbFMq9DBHxXuKjmzymaM-vIiC4"],"type":"m.room.message","room_id":"!FzTtpSkXWMPYBKHUQN:localhost","sender":"@user1.matrix:localhost","content":{"body":"Strange message seen:\\nThe HEX alarm is down, quantify the neural bus so we can override the CSS capacitor!\\n from Ona.Stiedemann@gmail.com","msgtype":"m.text"},"depth":108,"origin":"localhost","origin_server_ts":1681310364413,"hashes":{"sha256":"Ca75jBhcXzra6LY5h0lLXQg6x0xlZfOqxQG3W4V5Fmc"},"signatures":{"localhost":{"ed25519:a_vyji":"mpLTgGcDtIRQUaor/2WaGp0r+enrG8Xb6AOxUNqFZTHrpGV1lJoKXudf4MnBI+Ls1wFC6SB/qNKXwkG74MUXCw"}},"unsigned":{"age_ts":1681310364413}}	3
$7rWHCcfCCs49gXzf9aXyT9Btiu-gLyqrBEstoRvUtXk	!FzTtpSkXWMPYBKHUQN:localhost	{"token_id":73,"txn_id":"m1681313818326","historical":false}	{"auth_events":["$1kn0z5XFW6tgZeQlEjEweLSJX_vv-w54n3uMagFyz9o","$c4I4FYRPIltfSw8Wf6w1NWiI0mLCN0eVcYuMsCyqiS4","$pdWypCivt0W58tNdti2PPFECr9nY2FHCzPHcq3t7WEY"],"prev_events":["$f-cHtS029jrBTsUD6jwaGZsRf9sa7w0m8jeo8fCcib0"],"type":"m.room.message","room_id":"!FzTtpSkXWMPYBKHUQN:localhost","sender":"@mm_user2.mm:localhost","content":{"msgtype":"m.text","body":"> <@user1.matrix:localhost> Strange message seen:\\nTry to t\\n\\nklklkl","m.relates_to":{"m.in_reply_to":{"event_id":"$f-cHtS029jrBTsUD6jwaGZsRf9sa7w0m8jeo8fCcib0"}},"formatted_body":"<mx-reply><blockquote><a href=\\"https://matrix.to/#/!FzTtpSkXWMPYBKHUQN:localhost/$f-cHtS029jrBTsUD6jwaGZsRf9sa7w0m8jeo8fCcib0?via=localhost\\">In reply to</a> <a href=\\"https://matrix.to/#/@user1.matrix:localhost\\">@user1.matrix:localhost</a><br>Strange message seen:\\nTry to transmit the XSS hard drive, maybe it will transmit the auxiliary firewall!\\n from Ervin74@hotmail.com</blockquote></mx-reply>klklkl","format":"org.matrix.custom.html"},"depth":112,"origin":"localhost","origin_server_ts":1681313818378,"hashes":{"sha256":"RNsxdOcOBnyK2+QOgU9qF8X48N6HayhlZVUmA+U9l8E"},"signatures":{"localhost":{"ed25519:a_vyji":"2P9VESG+mVl8L+qDSmefDRWsa5Gy8nG1rIkY+BxQR5FWekC9bLGbk+0a04FWwj2uLQ+iq+bxWGpwl9u3zb+BAw"}},"unsigned":{"age_ts":1681313818378}}	3
\.


--
-- Data for Name: event_labels; Type: TABLE DATA; Schema: public; Owner: synapse
--

COPY public.event_labels (event_id, label, room_id, topological_ordering) FROM stdin;
\.


--
-- Data for Name: event_push_actions; Type: TABLE DATA; Schema: public; Owner: synapse
--

COPY public.event_push_actions (room_id, event_id, user_id, profile_tag, actions, topological_ordering, stream_ordering, notif, highlight, unread, thread_id) FROM stdin;
!FzTtpSkXWMPYBKHUQN:localhost	$2HJKtb5qLapQNnGC7PlC2pKGMyM6OP0yvE8t6tNFXFU	@admin:localhost	\N		110	295	1	0	0	main
!FzTtpSkXWMPYBKHUQN:localhost	$2HJKtb5qLapQNnGC7PlC2pKGMyM6OP0yvE8t6tNFXFU	@matterbot:localhost	\N		110	295	1	0	0	main
!FzTtpSkXWMPYBKHUQN:localhost	$2HJKtb5qLapQNnGC7PlC2pKGMyM6OP0yvE8t6tNFXFU	@user2.matrix:localhost	\N		110	295	1	0	0	main
!FzTtpSkXWMPYBKHUQN:localhost	$2HJKtb5qLapQNnGC7PlC2pKGMyM6OP0yvE8t6tNFXFU	@user3.matrix:localhost	\N		110	295	1	0	0	main
!FzTtpSkXWMPYBKHUQN:localhost	$AbRCYXMFmAubdqYq-s4VEZvnYEk9YieIxBpZIfPngoE	@admin:localhost	\N		103	288	1	0	0	main
!FzTtpSkXWMPYBKHUQN:localhost	$AbRCYXMFmAubdqYq-s4VEZvnYEk9YieIxBpZIfPngoE	@matterbot:localhost	\N		103	288	1	0	0	main
!FzTtpSkXWMPYBKHUQN:localhost	$AbRCYXMFmAubdqYq-s4VEZvnYEk9YieIxBpZIfPngoE	@user2.matrix:localhost	\N		103	288	1	0	0	main
!FzTtpSkXWMPYBKHUQN:localhost	$AbRCYXMFmAubdqYq-s4VEZvnYEk9YieIxBpZIfPngoE	@user3.matrix:localhost	\N		103	288	1	0	0	main
!FzTtpSkXWMPYBKHUQN:localhost	$f-cHtS029jrBTsUD6jwaGZsRf9sa7w0m8jeo8fCcib0	@admin:localhost	\N		111	296	1	0	0	main
!FzTtpSkXWMPYBKHUQN:localhost	$f-cHtS029jrBTsUD6jwaGZsRf9sa7w0m8jeo8fCcib0	@matterbot:localhost	\N		111	296	1	0	0	main
!FzTtpSkXWMPYBKHUQN:localhost	$f-cHtS029jrBTsUD6jwaGZsRf9sa7w0m8jeo8fCcib0	@user2.matrix:localhost	\N		111	296	1	0	0	main
!FzTtpSkXWMPYBKHUQN:localhost	$f-cHtS029jrBTsUD6jwaGZsRf9sa7w0m8jeo8fCcib0	@user3.matrix:localhost	\N		111	296	1	0	0	main
!FzTtpSkXWMPYBKHUQN:localhost	$xzWO5ZmteWX1dLWjKshaJF_959fM5XPV_j63exi7Rg4	@admin:localhost	\N		104	289	1	0	0	main
!FzTtpSkXWMPYBKHUQN:localhost	$xzWO5ZmteWX1dLWjKshaJF_959fM5XPV_j63exi7Rg4	@matterbot:localhost	\N		104	289	1	0	0	main
!FzTtpSkXWMPYBKHUQN:localhost	$xzWO5ZmteWX1dLWjKshaJF_959fM5XPV_j63exi7Rg4	@user2.matrix:localhost	\N		104	289	1	0	0	main
!FzTtpSkXWMPYBKHUQN:localhost	$xzWO5ZmteWX1dLWjKshaJF_959fM5XPV_j63exi7Rg4	@user3.matrix:localhost	\N		104	289	1	0	0	main
!FzTtpSkXWMPYBKHUQN:localhost	$dgPQn7GA_1KgjySM5CP1IL_4OuwK1IJtNUBu0_jp6zM	@admin:localhost	\N		106	291	1	0	0	main
!FzTtpSkXWMPYBKHUQN:localhost	$dgPQn7GA_1KgjySM5CP1IL_4OuwK1IJtNUBu0_jp6zM	@matterbot:localhost	\N		106	291	1	0	0	main
!FzTtpSkXWMPYBKHUQN:localhost	$dgPQn7GA_1KgjySM5CP1IL_4OuwK1IJtNUBu0_jp6zM	@user2.matrix:localhost	\N		106	291	1	0	0	main
!FzTtpSkXWMPYBKHUQN:localhost	$dgPQn7GA_1KgjySM5CP1IL_4OuwK1IJtNUBu0_jp6zM	@user3.matrix:localhost	\N		106	291	1	0	0	main
!FzTtpSkXWMPYBKHUQN:localhost	$Jk6uXXHtYUyycNgfTD6YDfc1VLTRVMYI9-NWPZi_j1E	@admin:localhost	\N		109	294	1	0	0	main
!FzTtpSkXWMPYBKHUQN:localhost	$Jk6uXXHtYUyycNgfTD6YDfc1VLTRVMYI9-NWPZi_j1E	@matterbot:localhost	\N		109	294	1	0	0	main
!FzTtpSkXWMPYBKHUQN:localhost	$Jk6uXXHtYUyycNgfTD6YDfc1VLTRVMYI9-NWPZi_j1E	@user2.matrix:localhost	\N		109	294	1	0	0	main
!FzTtpSkXWMPYBKHUQN:localhost	$Jk6uXXHtYUyycNgfTD6YDfc1VLTRVMYI9-NWPZi_j1E	@user3.matrix:localhost	\N		109	294	1	0	0	main
!FzTtpSkXWMPYBKHUQN:localhost	$7rWHCcfCCs49gXzf9aXyT9Btiu-gLyqrBEstoRvUtXk	@admin:localhost	\N		112	297	1	0	0	main
!FzTtpSkXWMPYBKHUQN:localhost	$7rWHCcfCCs49gXzf9aXyT9Btiu-gLyqrBEstoRvUtXk	@user1.matrix:localhost	\N	["notify",{"set_tweak":"highlight"},{"set_tweak":"sound","value":"default"}]	112	297	1	1	0	main
!FzTtpSkXWMPYBKHUQN:localhost	$7rWHCcfCCs49gXzf9aXyT9Btiu-gLyqrBEstoRvUtXk	@matterbot:localhost	\N		112	297	1	0	0	main
!FzTtpSkXWMPYBKHUQN:localhost	$7rWHCcfCCs49gXzf9aXyT9Btiu-gLyqrBEstoRvUtXk	@user2.matrix:localhost	\N		112	297	1	0	0	main
!FzTtpSkXWMPYBKHUQN:localhost	$7rWHCcfCCs49gXzf9aXyT9Btiu-gLyqrBEstoRvUtXk	@user3.matrix:localhost	\N		112	297	1	0	0	main
!FzTtpSkXWMPYBKHUQN:localhost	$h3_C07WVa1Kq-qJ6qyYbJ0LdG9gKQAxFu7lEK-p3_tc	@admin:localhost	\N		113	298	1	0	0	main
!FzTtpSkXWMPYBKHUQN:localhost	$h3_C07WVa1Kq-qJ6qyYbJ0LdG9gKQAxFu7lEK-p3_tc	@user1.matrix:localhost	\N	["notify",{"set_tweak":"highlight"},{"set_tweak":"sound","value":"default"}]	113	298	1	1	0	main
!FzTtpSkXWMPYBKHUQN:localhost	$h3_C07WVa1Kq-qJ6qyYbJ0LdG9gKQAxFu7lEK-p3_tc	@matterbot:localhost	\N		113	298	1	0	0	main
!FzTtpSkXWMPYBKHUQN:localhost	$h3_C07WVa1Kq-qJ6qyYbJ0LdG9gKQAxFu7lEK-p3_tc	@user2.matrix:localhost	\N		113	298	1	0	0	main
!FzTtpSkXWMPYBKHUQN:localhost	$h3_C07WVa1Kq-qJ6qyYbJ0LdG9gKQAxFu7lEK-p3_tc	@user3.matrix:localhost	\N		113	298	1	0	0	main
!FzTtpSkXWMPYBKHUQN:localhost	$vLDNkGntU6Y1RdLCW57mxo33y2ZtPcq-KuirRs_ApqY	@admin:localhost	\N		105	290	1	0	0	main
!FzTtpSkXWMPYBKHUQN:localhost	$vLDNkGntU6Y1RdLCW57mxo33y2ZtPcq-KuirRs_ApqY	@matterbot:localhost	\N		105	290	1	0	0	main
!FzTtpSkXWMPYBKHUQN:localhost	$vLDNkGntU6Y1RdLCW57mxo33y2ZtPcq-KuirRs_ApqY	@user2.matrix:localhost	\N		105	290	1	0	0	main
!FzTtpSkXWMPYBKHUQN:localhost	$vLDNkGntU6Y1RdLCW57mxo33y2ZtPcq-KuirRs_ApqY	@user3.matrix:localhost	\N		105	290	1	0	0	main
!FzTtpSkXWMPYBKHUQN:localhost	$QNn9T_HFWnhOe7BXWvbFMq9DBHxXuKjmzymaM-vIiC4	@admin:localhost	\N		107	292	1	0	0	main
!FzTtpSkXWMPYBKHUQN:localhost	$QNn9T_HFWnhOe7BXWvbFMq9DBHxXuKjmzymaM-vIiC4	@matterbot:localhost	\N		107	292	1	0	0	main
!FzTtpSkXWMPYBKHUQN:localhost	$QNn9T_HFWnhOe7BXWvbFMq9DBHxXuKjmzymaM-vIiC4	@user2.matrix:localhost	\N		107	292	1	0	0	main
!FzTtpSkXWMPYBKHUQN:localhost	$QNn9T_HFWnhOe7BXWvbFMq9DBHxXuKjmzymaM-vIiC4	@user3.matrix:localhost	\N		107	292	1	0	0	main
!FzTtpSkXWMPYBKHUQN:localhost	$umtVW0TIOZdMzYcqYXh59oCW3-xahvo0QC6nHCFJdaU	@admin:localhost	\N		108	293	1	0	0	main
!FzTtpSkXWMPYBKHUQN:localhost	$umtVW0TIOZdMzYcqYXh59oCW3-xahvo0QC6nHCFJdaU	@matterbot:localhost	\N		108	293	1	0	0	main
!FzTtpSkXWMPYBKHUQN:localhost	$umtVW0TIOZdMzYcqYXh59oCW3-xahvo0QC6nHCFJdaU	@user2.matrix:localhost	\N		108	293	1	0	0	main
!FzTtpSkXWMPYBKHUQN:localhost	$umtVW0TIOZdMzYcqYXh59oCW3-xahvo0QC6nHCFJdaU	@user3.matrix:localhost	\N		108	293	1	0	0	main
\.


--
-- Data for Name: event_push_actions_staging; Type: TABLE DATA; Schema: public; Owner: synapse
--

COPY public.event_push_actions_staging (event_id, user_id, actions, notif, highlight, unread, thread_id, inserted_ts) FROM stdin;
\.


--
-- Data for Name: event_push_summary; Type: TABLE DATA; Schema: public; Owner: synapse
--

COPY public.event_push_summary (user_id, room_id, notif_count, stream_ordering, unread_count, last_receipt_stream_ordering, thread_id) FROM stdin;
@mm_user1.mm:localhost	!FzTtpSkXWMPYBKHUQN:localhost	1	23	0	\N	main
@mm_user1.mm:localhost	!AHOiTmgdxQzlhIOUsy:localhost	1	40	0	\N	main
@mm_user2.mm:localhost	!FzTtpSkXWMPYBKHUQN:localhost	1	49	0	\N	main
@mm_user2.mm:localhost	!pYSbiOyjMFsKNxSMyi:localhost	1	51	0	\N	main
@mm_user1.mm:localhost	!pYSbiOyjMFsKNxSMyi:localhost	1	53	0	\N	main
@mm_user2.mm:localhost	!KBqzwXdLtXZopjBikg:localhost	1	91	0	\N	main
@user2.matrix:localhost	!wGvWnTVpsbEMByNykc:localhost	0	96	0	96	main
@matterbot:localhost	!KBqzwXdLtXZopjBikg:localhost	3	97	0	\N	main
@user3.matrix:localhost	!vDRByArErEHuGOOJxE:localhost	1	105	0	\N	main
@user1.matrix:localhost	!vDRByArErEHuGOOJxE:localhost	0	106	0	106	main
@matterbot:localhost	!CZMvztYPoMDXZghGjm:localhost	2	118	0	\N	main
@mm_user2.mm:localhost	!AHOiTmgdxQzlhIOUsy:localhost	1	59	0	\N	main
@user1.matrix:localhost	!CZMvztYPoMDXZghGjm:localhost	0	119	0	119	main
@mm_user2.mm:localhost	!mjuhEfzSkeOAWJqsoF:localhost	1	128	0	\N	main
@matterbot:localhost	!mjuhEfzSkeOAWJqsoF:localhost	4	134	0	\N	main
@admin:localhost	!AHOiTmgdxQzlhIOUsy:localhost	8	68	0	\N	main
@matterbot:localhost	!AHOiTmgdxQzlhIOUsy:localhost	9	68	0	\N	main
@user1.matrix:localhost	!AHOiTmgdxQzlhIOUsy:localhost	0	68	0	68	main
@user2.matrix:localhost	!AHOiTmgdxQzlhIOUsy:localhost	0	68	0	68	main
@matterbot:localhost	!wGvWnTVpsbEMByNykc:localhost	4	84	0	\N	main
@mm_user2.mm:localhost	!cZnmZQFBeDsHEQbFQs:localhost	1	181	0	\N	main
@matterbot:localhost	!cZnmZQFBeDsHEQbFQs:localhost	3	185	0	\N	main
@admin:localhost	!cZnmZQFBeDsHEQbFQs:localhost	2	185	0	\N	main
@user1.matrix:localhost	!FzTtpSkXWMPYBKHUQN:localhost	2	298	0	230	main
@user3.matrix:localhost	!FzTtpSkXWMPYBKHUQN:localhost	64	298	0	\N	main
@admin:localhost	!FzTtpSkXWMPYBKHUQN:localhost	51	298	0	28	main
@matterbot:localhost	!FzTtpSkXWMPYBKHUQN:localhost	70	298	0	\N	main
@user2.matrix:localhost	!FzTtpSkXWMPYBKHUQN:localhost	64	298	0	\N	main
@user1.matrix:localhost	!mOsaATLFknhUVKMKbF:localhost	0	206	0	207	main
@matterbot:localhost	!mOsaATLFknhUVKMKbF:localhost	6	207	0	\N	main
@user2.matrix:localhost	!pYSbiOyjMFsKNxSMyi:localhost	36	283	0	\N	main
@matterbot:localhost	!pYSbiOyjMFsKNxSMyi:localhost	40	283	0	\N	main
@admin:localhost	!pYSbiOyjMFsKNxSMyi:localhost	39	283	0	26	main
@user3.matrix:localhost	!pYSbiOyjMFsKNxSMyi:localhost	38	283	0	\N	main
@user1.matrix:localhost	!pYSbiOyjMFsKNxSMyi:localhost	0	283	0	283	main
\.


--
-- Data for Name: event_push_summary_last_receipt_stream_id; Type: TABLE DATA; Schema: public; Owner: synapse
--

COPY public.event_push_summary_last_receipt_stream_id (lock, stream_id) FROM stdin;
X	105
\.


--
-- Data for Name: event_push_summary_stream_ordering; Type: TABLE DATA; Schema: public; Owner: synapse
--

COPY public.event_push_summary_stream_ordering (lock, stream_ordering) FROM stdin;
X	298
\.


--
-- Data for Name: event_relations; Type: TABLE DATA; Schema: public; Owner: synapse
--

COPY public.event_relations (event_id, relates_to_id, relation_type, aggregation_key) FROM stdin;
\.


--
-- Data for Name: event_reports; Type: TABLE DATA; Schema: public; Owner: synapse
--

COPY public.event_reports (id, received_ts, room_id, event_id, user_id, reason, content) FROM stdin;
\.


--
-- Data for Name: event_search; Type: TABLE DATA; Schema: public; Owner: synapse
--

COPY public.event_search (event_id, room_id, sender, key, vector, origin_server_ts, stream_ordering) FROM stdin;
$Z8l2x75Ktp4i5ZFSxqQHoicfewpQOJ2yKoIXvdXGGL4	!FzTtpSkXWMPYBKHUQN:localhost	\N	content.name	'squar':2 'town':1	1675956618677	8
$YSS-8MMEgCETq_EouYM-mm0KiVKGloqtULWeqmdQKZg	!pYSbiOyjMFsKNxSMyi:localhost	\N	content.name	'off-top':1 'topic':3	1675956697215	15
$ws9UuWLPn8VzHbofyg3g8AQK-aYsdD2iv6woyWt3sEw	!pYSbiOyjMFsKNxSMyi:localhost	\N	content.body	'hej':1	1676646372672	22
$ls5AzJlLTu3Alykxvj5L99HqOQsi7cUGH7wVb-IqErQ	!FzTtpSkXWMPYBKHUQN:localhost	\N	content.body	'oko':1	1678032937746	25
$nFwL1txBnk2dj72aBWqthTGHrC-kv7CYWMt3cwz8qgw	!pYSbiOyjMFsKNxSMyi:localhost	\N	content.body	'kook':1	1678032959618	26
$DRO5TAucLHxvrlJ47kjeEKQiKn1D0J-pwsDdrExDhfM	!FzTtpSkXWMPYBKHUQN:localhost	\N	content.name	'squar':2 'town':1	1678033164649	27
$hXzRSYfNTLUmjRz8EgsrekOmklfOoUQ9NKx0vS1AmTk	!FzTtpSkXWMPYBKHUQN:localhost	\N	content.body	'okok':1	1678033228922	28
$fbEIs1FPebLFup8Sm4TvsnGt3OqnXO125KPufsX6e4E	!FzTtpSkXWMPYBKHUQN:localhost	\N	content.body	'dokidoki':1	1678033249737	29
$ggCddRubeCPps5yMhlY-9Ib0RvBhwUJy716vZvf32Oo	!FzTtpSkXWMPYBKHUQN:localhost	\N	content.body	'kall':1	1678033315210	30
$sFv4HsuqMN9A0Wl_Bb1tZ-I7Kgdtxe83YsRaNWowWDM	!AHOiTmgdxQzlhIOUsy:localhost	\N	content.name	'work':2	1678033570448	37
$v3jGyApp70gdwh4Il9oB6nRxdyr-zF1Nt9w5VRI1Em4	!AHOiTmgdxQzlhIOUsy:localhost	\N	content.body	'klklk':1	1678033769274	42
$95vJ25qtpsri2l4-Ft6bN-NMw1uq9NjdTcLLt_v-cdE	!AHOiTmgdxQzlhIOUsy:localhost	\N	content.body	'klklk':1	1678033803466	44
$cy5KlfdXxrxwsh3JYgCvSt79RGqs9e0nqUdGznRRG7c	!AHOiTmgdxQzlhIOUsy:localhost	\N	content.body	'ddd':1	1678034001410	46
$0s6lqq-j-E9Nm_LFwUEpeeLWBeDQ75ZYmwrYMoexDwc	!FzTtpSkXWMPYBKHUQN:localhost	\N	content.body	'ok':1	1678611372706	48
$XmrlogapQqYj1VfKlSL8vSO2sxNBExeByFQ5f7h9OEU	!pYSbiOyjMFsKNxSMyi:localhost	\N	content.body	'ok':1	1679129910934	55
$ZbStQfXya3r8-aGQzgeyjM1XexpMdB05yqudqOItZ7Y	!AHOiTmgdxQzlhIOUsy:localhost	\N	content.body	'ok':1	1679410054957	56
$4SCBWPaw9DfE1F8UhlHU8tcCgyNMGrdohneVcLXuYzc	!AHOiTmgdxQzlhIOUsy:localhost	\N	content.body	'ok':1	1679410216626	58
$s5oiTl_9b6K-IKMmuviFRxmIeO-uX2MJWYo7ws0AvWs	!AHOiTmgdxQzlhIOUsy:localhost	\N	content.body	'aw':3 'dinner':2 'fine':1	1679410380540	61
$PLSJo_YuSdhcp8Qc1EtpopguS8UaiOZGkIcs_HYhOj4	!AHOiTmgdxQzlhIOUsy:localhost	\N	content.body	'024906f6-e58d-4ad5-923e-d12140ec537a.jpeg':1	1679410381454	62
$COjzubYZc9gp1UYu3MF9optOH1hKuh6ZOLrP1vwiaW4	!FzTtpSkXWMPYBKHUQN:localhost	\N	content.body	'hotelement.jpeg':1	1679410491258	63
$keJQHXWi-ZiK2B2FdzQ1IUZ0fzfFBax-gHNp7AR9UWo	!FzTtpSkXWMPYBKHUQN:localhost	\N	content.body	'element':1 'work':3	1679410503162	64
$mmPSR9VqhO1noWGYGbl2whlFTsU1V3PHK_ncCUGnqTc	!AHOiTmgdxQzlhIOUsy:localhost	\N	content.body	'dinner':3 'join':6 'like':1	1679412934743	68
$5_XiqIyj_mv3JlnyqfoTpIDIQ2tdPu3N8U7by84mBXE	!pYSbiOyjMFsKNxSMyi:localhost	\N	content.body	'tbana-nacka.png':1	1679413133107	69
$a7zOXKjjr_ueVtYDoa7MhlNoILAsxHrEuNyaJeMg6HQ	!pYSbiOyjMFsKNxSMyi:localhost	\N	content.body	'code':1 'cool':3 'java':2	1679414296537	71
$DOZehhyD4JGGFtEd922b5xVLGdup3v_MzKBeEQ_JzFE	!wGvWnTVpsbEMByNykc:localhost	\N	content.body	'okok':1	1679414710341	81
$a4Ou4JTKZxwllI40a4CS36DcmTYOyQFqH-r06D49gAg	!wGvWnTVpsbEMByNykc:localhost	\N	content.body	'klkl':1	1679414756941	83
$ytekxng1JXi96Xdmn-7AeF1m8VLkPtS78IihXa3WZ84	!wGvWnTVpsbEMByNykc:localhost	\N	content.body	'hotelement.jpeg':1	1679414774326	84
$lVGc_wB1P8VGJaykW33htFubukWDizH4Xwu5SfKGbn0	!KBqzwXdLtXZopjBikg:localhost	\N	content.body	'oko':1	1679414872425	94
$cqZ1IfNynoUS3KLGis6wJcJp5j-RYl2XluwXAYEGSQQ	!wGvWnTVpsbEMByNykc:localhost	\N	content.body	'notic':2	1679414872944	95
$oXOzZ4Ab8mINVphaBVipRGmM3Z5L676RivBDayNaxj8	!KBqzwXdLtXZopjBikg:localhost	\N	content.body	'okok':1	1679414884124	97
$lihGEzBm6TSVo-fe_WCOuWJNW_OgcaCyBi9g0UDlZoM	!vDRByArErEHuGOOJxE:localhost	\N	content.body	'klkl':1	1679415004688	106
$8QUU4rDWLA_FAyy233e5yz-RKoRz1MMD2e3Dmuyueno	!CZMvztYPoMDXZghGjm:localhost	\N	content.body	'bold':1	1679415362379	118
$BQVp9srvRZxHcxl1NQzXpHjcHVZub1wZMinz-XO9KJE	!mjuhEfzSkeOAWJqsoF:localhost	\N	content.body	'ok':1	1679416093434	130
$ZAMV9PqrMcGH2UX-eqpPfSVfJ7UDcOelwl3-gln6nco	!KBqzwXdLtXZopjBikg:localhost	\N	content.body	'notic':2	1679416093804	131
$r5MeySk4n_UL67iTjPp-RpDnYLITxLfuuSFi65ef9NQ	!mjuhEfzSkeOAWJqsoF:localhost	\N	content.body	'okok':1	1679416132360	133
$ZeOHUFxCYyrcXwwm5xcXycqdVTRt5tdY0zbyZ-uR_fQ	!mjuhEfzSkeOAWJqsoF:localhost	\N	content.body	'bold':1	1679416148418	134
$h_nukybUUUM97KIexy-iMvsAatn74tnaz5IRgopPmkc	!FzTtpSkXWMPYBKHUQN:localhost	\N	content.body	'ok':1	1681109860236	135
$fxfMGOp0AHYZy5pmcMgdjV1cy_kcfuMgBbWYzp84Rbk	!FzTtpSkXWMPYBKHUQN:localhost	\N	content.body	'ok':1	1681109877742	136
$ESb8M8zzCsTTuM2_aTjr7gchlzU1eLJxVMEx6T-jTEE	!FzTtpSkXWMPYBKHUQN:localhost	\N	content.body	'klklklklk':1	1681109921222	138
$6gxkrvEOHIMVYq7kxmB942wCBkaZKqIC95Jzk-CISp0	!FzTtpSkXWMPYBKHUQN:localhost	\N	content.body	'kokok':1	1681109996715	140
$tCegiyn_qp9r9cWvinmzuiK_97-qv69NU7CGuF2CDAw	!FzTtpSkXWMPYBKHUQN:localhost	\N	content.body	'okoko':1	1681110096550	141
$Bo4JLPALQcShbeeEkpMatIB_6vxlLouq8IJQ55O6b-A	!FzTtpSkXWMPYBKHUQN:localhost	\N	content.body	'okoko':1	1681110155369	143
$w3py3S7l8-xbpdWz2joQqREyFoNoE5jE2HGz1J8AFIY	!FzTtpSkXWMPYBKHUQN:localhost	\N	content.body	'klklk':1	1681110199621	145
$Qc1DVNbHoeyAoragn3t3lSrm2IvTk9wMJBJYKliD3WM	!FzTtpSkXWMPYBKHUQN:localhost	\N	content.body	'klkl':1	1681110350705	147
$-HKoRby_s8G544Ao_KR_BtaomPp7O4vgmWHflG33bX4	!FzTtpSkXWMPYBKHUQN:localhost	\N	content.body	'klklkl':1	1681110670693	149
$a80ETeoQf4btWpFYbDzXYLNhaJVGclNmo4vt_wr7btQ	!FzTtpSkXWMPYBKHUQN:localhost	\N	content.body	'okok':1	1681110739789	151
$sDuUX7k_nGFrr68aq6q-Se4v7PS0UHtb9DCgicckLOk	!FzTtpSkXWMPYBKHUQN:localhost	\N	content.body	'klklklkl':1	1681111091512	153
$-QKjIvbRegc7FLNn1N3abJ7hKjwMdoQrmX6Zbw-ctHA	!FzTtpSkXWMPYBKHUQN:localhost	\N	content.body	'klklklklk':1	1681111149872	154
$jy48UF7H1uhnLFtlVfm0J7AQsQzu0md4tudw5nIMe-c	!FzTtpSkXWMPYBKHUQN:localhost	\N	content.body	'klklkl':1	1681111207586	156
$vL5Yz3B5LuK3523XAi9kXCV6MChwv_bOVxCvia8FVB4	!FzTtpSkXWMPYBKHUQN:localhost	\N	content.body	'klkl':1	1681111430493	158
$w7lOH1dKKeKeCs6DlAaGGp3yF_P0vEQ3pNmCTx8FcJ8	!FzTtpSkXWMPYBKHUQN:localhost	\N	content.body	'klkl':1	1681111483340	160
$cdRz_XhX8_p6tBso0AzQXZq3nCx7Bp6Z2iH-h23-rbc	!FzTtpSkXWMPYBKHUQN:localhost	\N	content.body	'klklk':1	1681111594775	161
$GEtkY16drHOxrPM2y1D6QGAXukFCYxUBTFYt6SSVzlo	!FzTtpSkXWMPYBKHUQN:localhost	\N	content.body	'okok':1	1681111752780	165
$kUxkPt1sGwhzERqEarPnF5jZR9yMsoza124QtMit3tI	!FzTtpSkXWMPYBKHUQN:localhost	\N	content.body	'klklk':1	1681111635482	163
$F3NqPu2Spf8K4XLXu_0jprZ1pzX7OQgH7jxSdNoTiBc	!FzTtpSkXWMPYBKHUQN:localhost	\N	content.body	'klklkl':1	1681111784743	167
$XVRcXTt62fYwFNjltQCDR4KYxVR2Y5736Y99u4u_Yp8	!FzTtpSkXWMPYBKHUQN:localhost	\N	content.body	'klklkl':1	1681111859099	168
$-W4UZqRjU8NFjYbx9Y5H36lRkKI6-J0E7CW8suzQR9s	!FzTtpSkXWMPYBKHUQN:localhost	\N	content.body	'klklklk':1	1681111875016	170
$J6BFnxxVtwKMBZMazTB3yX8rosc2skmuxAuI4OinjBM	!cZnmZQFBeDsHEQbFQs:localhost	\N	content.name	'offic':2 'stockholm':1	1681112041470	178
$rA5PRb7MjCz1lqKGVcHLZ_4eIRh_5slNnGazl-q0F4w	!cZnmZQFBeDsHEQbFQs:localhost	\N	content.body	'klklklkl':1	1681112124231	183
$R_BTpdLAD-BfJUNWA0gDdMNG4gc8RNi-4QhdtrCsz24	!cZnmZQFBeDsHEQbFQs:localhost	\N	content.body	'klklkl':1	1681112158663	185
$AI66VCbPMZvt2b3tqwhViAQXHs18twqgZhVW103z2sc	!cZnmZQFBeDsHEQbFQs:localhost	\N	content.body	'klklk':1	1681112169961	186
$HUUDVNAe9kYy1-MJRkHq_OmumlsIRsNlMN9OZnLoLm4	!cZnmZQFBeDsHEQbFQs:localhost	\N	content.body	'klkklkl':1	1681112189965	188
$-_npKAXQzDZatyCE982iFmq7-fA6EcpCzljKEwGGWgg	!mOsaATLFknhUVKMKbF:localhost	\N	content.name	'admin':5 'channel':3 'privat':2	1681112421601	197
$FWpqQbXQShRFgQ2vWg29OuQTSkDuwx17c6DhUQAfIb8	!mOsaATLFknhUVKMKbF:localhost	\N	content.body	'ad':2 'channel':5 'matrix.bridge':1 'user2.mm':7	1681112422319	200
$Vhe96m7lCNGvQXgtlabnFhr_GUgPVpqYOsLd5pxMxxc	!mOsaATLFknhUVKMKbF:localhost	\N	content.body	'klklk':1	1681112446993	202
$IurhFVNgogJHFAFqnmsFHryn2y9ekYNHC2LacVsFPKQ	!mOsaATLFknhUVKMKbF:localhost	\N	content.body	'okok':1	1681112467873	204
$EDaLEPba2OiPmGvBWlmz-NOHb5g2kUtwgkGzOiirHIY	!mOsaATLFknhUVKMKbF:localhost	\N	content.body	'delet':1	1681112485003	205
$ZWtfV6VN7cYag1OsVvbeuTNCtBCvyfsFry92Cbxe5AY	!mOsaATLFknhUVKMKbF:localhost	\N	content.body	'h1':1 'h2':2	1681112528005	207
$ANFtdD6RWZZ5mn9HSddP3QH_PVONE9tRAXmjVFh3El4	!FzTtpSkXWMPYBKHUQN:localhost	\N	content.body	'ascii':10 'cedrick28@yahoo.com':19 'hack':6 'll':5 'messag':2 'microchip':14 'pixel':11,17 'seen':3 'solid':8 'sql':16 'state':9 'strang':1	1681116378992	209
$rrY7TdR68vZ9aJnSKLdMXTa0pPj5QE4q-uslBWEy7Nc	!FzTtpSkXWMPYBKHUQN:localhost	\N	content.body	'agp':9 'bluetooth':8 'circuit':13 'everette_treutel98@gmail.com':18 'generat':6 'll':5 'messag':2 'microchip':16 'seen':3 'strang':1 'system':10 'thx':15	1681116551135	210
$2-gSqaVfhsICgx85avl8nZkJsTqQLi6sjzrFpiIOu7w	!FzTtpSkXWMPYBKHUQN:localhost	\N	content.body	'bandwidth':6 'driver':12 'haptic':11 'messag':2 'overrid':9 'program':16 'prudence_huels@gmail.com':21 'seen':3 'ssd':5 'strang':1 'transmitt':19 'vga':18	1681119368654	211
$E0icxR6fx78u6qj_Nzlpdy6MfUfGz_P1lWXJ8jGdehA	!FzTtpSkXWMPYBKHUQN:localhost	\N	content.body	'calcul':13 'css':8 'driver':16 'mayb':10 'messag':2 'protocol':9 'seen':3 'strang':1 'synthes':6 'tri':4 'wireless':15 'zella_hartmann@yahoo.com':18	1681122695589	212
$dueDnmosbC-T3fwUZNGUj_233-3HgPx_UvJrliNoDxo	!FzTtpSkXWMPYBKHUQN:localhost	\N	content.body	'compress':6 'digit':15 'firewal':9 'hack':13 'mayb':10 'messag':2 'panel':16 'pci':8 'seen':3 'strang':1 'tamia55@hotmail.com':18 'tri':4	1681125370061	213
$tvo-gq4fiu7seQGnAyNYPAWgxS1PoE63QhxmxI93Yi8	!FzTtpSkXWMPYBKHUQN:localhost	\N	content.body	'1080p':6 'bypass':12 'card':15 'lela35@yahoo.com':17 'messag':2 'onlin':14 'sas':7 'seen':3 'strang':1 'transmitt':8 'use':4	1681125392757	214
$NPMfRdZ1xkWet20xbhM7iL6HIhaPlc-lWpGvqoqEiD0	!FzTtpSkXWMPYBKHUQN:localhost	\N	content.body	'dram':7 'drive':16 'firewal':8 'hard':15 'messag':2 'onlin':6 'reba.homenick85@yahoo.com':18 'seen':3 'strang':1 'transmit':12 'use':4 'virtual':14	1681125502102	215
$yjrbgMqy4HRuetLlj-Az8RsmRFs-WL5FQzQIZuY3efI	!FzTtpSkXWMPYBKHUQN:localhost	\N	content.body	'connect':13 'feed':16 'mayb':10 'messag':2 'neural':15 'nina14@gmail.com':18 'pci':8 'program':6,9 'seen':3 'strang':1 'tri':4	1681125860532	216
$cI11OnGjm7vGIw5vs-oij_wEGItyOPwW6hFOZiala1Q	!FzTtpSkXWMPYBKHUQN:localhost	\N	content.body	'element':5 'messag':3 'playwright':1 'test':2	1681127249655	217
$UIptzRMGcHo-OdPEz9kdRsBN7PEYO2a9bhjTwYzL5TU	!FzTtpSkXWMPYBKHUQN:localhost	\N	content.body	'8080':3 'browser':5 'fals':6 'localhost':2 'riski':4 'url':1	1681127252578	218
$y4Zq-mQV8ITLLsmk81629YkH48k3sCXvXh5FoYbVOGY	!pYSbiOyjMFsKNxSMyi:localhost	\N	content.body	'alia':43 'amet':28 'animi':30 'aspernatur':42 'atqu':3 'consectetur':37 'consequuntur':6 'cum':14,22 'dignissimo':7,31 'earum':36 'et':24 'eveniet':11 'expedita':8 'fuga':9 'fugit':25 'impedit':29 'ipsam':4 'minima':1,2 'modi':38 'molestia':27 'mollitia':16 'nequ':18 'nihil':5,34 'odit':20 'optio':35 'pariatur':15,23,32,39 'provid':33 'quae':41 'qui':40 'ration':26 'sapient':21 'sed':17 'soluta':12 'tempor':19 'velit':10 'voluptatibus':13	1681127335184	220
$nbvYfMEUxfCmnZbQ8NJd2qMAvpJQKSHJCHTOVHisCB8	!FzTtpSkXWMPYBKHUQN:localhost	\N	content.body	'1080p':16 'anyth':10 'bandwidth':6 'copi':14 'driver':18 'messag':2 'need':12 'pars':4 'sdd':17 'seen':3 'strang':1 'tamia_tillman@gmail.com':20 'won':7	1681127795173	221
$gk3PwrTnshrLNo1GN7MMw6OBgb8vs7zubM6zSFTgXmk	!FzTtpSkXWMPYBKHUQN:localhost	\N	content.body	'alessandro.brown@hotmail.com':22 'bypass':17 'circuit':6 'com':5 'copi':9 'messag':2 'pixel':20 'port':13 'seen':3 'solid':11 'state':12 'strang':1 'tls':19	1681127810461	222
$7dates6XgZ8OVBmskdckd7nlzKoFe8r1viO_va2zwsw	!FzTtpSkXWMPYBKHUQN:localhost	\N	content.body	'array':11 'http':10 'keira21@gmail.com':13 'messag':2 'navig':7 'need':5 'seen':3 'strang':1 'virtual':9	1681127901785	223
$OGdvNKrhZ-EfSfs7rOok6MaY-Pn92zKDcpjAXvKXRgo	!FzTtpSkXWMPYBKHUQN:localhost	\N	content.body	'bettie85@hotmail.com':17 'bus':8 'firewal':15 'haptic':6 'hdd':7 'messag':2 'onlin':14 'overrid':12 'seen':3 'strang':1 'use':4	1681128165452	224
$Q3BFaR981aCJLw5QDoNLb4cMc50D_Mg-gQxosmSpdNI	!FzTtpSkXWMPYBKHUQN:localhost	\N	content.body	'1080p':9 'input':7 'messag':2 'need':5 'savanah44@hotmail.com':13 'seen':3 'sensor':11 'ssd':10 'strang':1	1681128238450	225
$N-67EbAcZGI6086gfHbFUS_Tq5N3z4EBQvtuy8lT4T8	!FzTtpSkXWMPYBKHUQN:localhost	\N	content.body	'1080p':9 'bus':11 'maci89@hotmail.com':13 'messag':2 'need':5 'quantifi':7 'seen':3 'ssl':10 'strang':1	1681128611794	226
$TgYiQwU7HI440WE1IRkSFM2oCf9soNp8N2n6mGfFoxc	!pYSbiOyjMFsKNxSMyi:localhost	\N	content.body	'code':2 'java':1	1681136436735	251
$gnOJwv6YRzJ-svVvNLGJ1sX58cMj2N_OPOQMu22ATUM	!FzTtpSkXWMPYBKHUQN:localhost	\N	content.body	'1080p':9 'array':11 'back':6 'circuit':14 'gb':16 'johann42@gmail.com':19 'll':5 'messag':2 'port':17 'seen':3 'strang':1 'tcp':10	1681128641051	227
$gUIhoWrPiyWVUv1x-mtmYtug_e0Ge_xOg9HJT8B8nRY	!FzTtpSkXWMPYBKHUQN:localhost	\N	content.body	'brayan_weissnat33@yahoo.com':15 'cross':10 'cross-platform':9 'generat':7 'messag':2 'need':5 'platform':11 'seen':3 'sensor':13 'strang':1 'thx':12	1681128679717	228
$9NlNwKmZDjoqogDVy2hZdDSxrN1Ym0PpxzQkDT8d8ec	!FzTtpSkXWMPYBKHUQN:localhost	\N	content.body	'element':5 'messag':3 'playwright':1 'test':2	1681130350356	234
$FZY2YQfeg4cYxqoshkRnnBUid1d9KREJ3X0Wv9Smdsw	!FzTtpSkXWMPYBKHUQN:localhost	\N	content.body	'8080':3 'browser':5 'fals':6 'localhost':2 'riski':4 'url':1	1681130352305	235
$SmN77flnQr15OQrbedna9Y4S9VTlBui7MoJtlRZZyvs	!pYSbiOyjMFsKNxSMyi:localhost	\N	content.body	'aliquam':10 'architecto':9 'debiti':6 'dolorem':11 'ea':2 'eligendi':14 'enim':5 'et':7,16 'hic':17 'incidunt':19 'inventor':13 'laborum':15 'natus':1 'nisi':3 'nulla':12 'occaecati':18 'qua':8 'quidem':20 'repellendus':4	1681135902954	244
$sH87kAVdtg-0qOp6e01ncm6081zbKrTd5UESVkbVKlk	!FzTtpSkXWMPYBKHUQN:localhost	\N	content.body	'1080p':8 'index':6 'ip':9 'll':5 'messag':2 'microchip':16 'ocr':15 'protocol':10 'seen':3 'stacey_walker7@hotmail.com':18 'strang':1 'transmitt':13	1681128726499	229
$IQFxW2AclXyjBa4DyFGxJw7vGiSY-6crlHx35kVV0Yg	!pYSbiOyjMFsKNxSMyi:localhost	\N	content.body	'klklklk':1	1681136300609	249
$eywY0l5kWTEBz26-Hh06J6ga7FkE4g5_haF5bjF0vyc	!pYSbiOyjMFsKNxSMyi:localhost	\N	content.body	'bye':1,2	1681136414384	250
$1aCb3mhwbLTesKmLxUBB1VdoNNVdi85-iNo9FHDCGDA	!FzTtpSkXWMPYBKHUQN:localhost	\N	content.body	'api':7 'bus':8,16 'connect':12 'haptic':6 'haylie_mcclure24@hotmail.com':18 'messag':2 'seen':3 'solid':14 'state':15 'strang':1 'use':4	1681128892918	230
$qloo_Uai9std99VdsNyxGQIM_zu8qGtBrprCgdp0PAY	!pYSbiOyjMFsKNxSMyi:localhost	\N	content.body	'alia':5 'assumenda':6 'commodi':17 'dolor':18 'eaqu':12 'enim':9 'eum':11 'explicabo':3 'facili':8 'inventor':16 'iusto':10 'labor':15 'magnam':4 'minus':7 'nequ':1 'officii':2 'perspiciati':13 'praesentium':14	1681136228931	248
$hk2qqJ34X4qWuX7eZb4q6W6b5kNrxuBrwH3SisbvDBQ	!FzTtpSkXWMPYBKHUQN:localhost	\N	content.body	'back':19 'back-end':18 'end':20 'get':11 'lea_keeling@yahoo.com':24 'messag':2 'overrid':6 'pci':14 'protocol':8,22 'ram':21 'seen':3 'strang':1 'transmitt':15	1681129976652	231
$HLQUAxqFJuCJ_kIl5bp_zpUmFEDPQuiLYU_A9VOPRcw	!pYSbiOyjMFsKNxSMyi:localhost	\N	content.body	'ad':3 'animi':2,25 'autem':19 'corrupti':20 'eius':1 'enim':28 'eo':22 'expedita':27 'facer':4 'incidunt':21 'inventor':30 'laborum':17 'magni':5 'minima':11,26 'numquam':8,13,24 'officia':18 'porro':15 'praesentium':29 'quae':23 'quod':7 'reiciendi':12 'reprehenderit':6 'sapient':10 'sed':9 'similiqu':14 'tempora':16	1681135449737	243
$E3YxLtlKW-VCWr_s1TimfgRJbwpp-TO5B9i7By9o7vI	!FzTtpSkXWMPYBKHUQN:localhost	\N	content.body	'element':5 'messag':3 'playwright':1 'test':2	1681136142613	245
$NaLQE3UGkmLRlNIjT28M4dfpaSuC-qBNE64EdnlMj98	!FzTtpSkXWMPYBKHUQN:localhost	\N	content.body	'8080':3 'browser':5 'fals':6 'localhost':2 'riski':4 'url':1	1681136144989	246
$yYy1a36oDtzrMDiTwh7uc7Bx82F1eFeXdlJabc2T8dE	!FzTtpSkXWMPYBKHUQN:localhost	\N	content.body	'1080p':15 'dns':8 'edwardo_schuster45@gmail.com':18 'mayb':10 'messag':2 'monitor':9 'overrid':6 'pars':13 'seen':3 'strang':1 'transmitt':16 'tri':4	1681130100857	232
$Nw5Wuu0OoUpf0cHK-TKfm2IURzfvyK0cpHbWzIVglAI	!FzTtpSkXWMPYBKHUQN:localhost	\N	content.body	'cli':8 'firewal':9 'mayb':10 'messag':2 'navig':6 'pars':13 'seen':3 'strang':1 'system':16 'tri':4 'vaughn.steuber@yahoo.com':18 'wireless':15	1681130332393	233
$XskQ0UvJR_qsbOkdYKA3xVWeAA04SaIC-09Je7FO19o	!pYSbiOyjMFsKNxSMyi:localhost	\N	content.body	'aperiam':11 'autem':22 'consectetur':24 'cum':10 'cumqu':5 'delectus':12 'distinctio':27 'doloribus':6 'enim':16 'et':9 'illo':4 'illum':13 'iusto':8 'maxim':30 'mollitia':3 'optio':29 'pariatur':2 'quae':20 'quam':25 'qui':17,18 'ration':15 'reiciendi':28 'saep':26 'similiqu':31 'sint':23 'ullam':21 'vel':1 'veritati':32 'vita':19 'voluptatibus':14 'voluptatum':7	1681134078873	240
$UMNKGVS1qBZupa86BKhjq27beYhYVjRC5huKAZaNeiE	!pYSbiOyjMFsKNxSMyi:localhost	\N	content.body	'aspernatur':12 'ea':20 'eius':7,9 'et':19 'expedita':14 'iur':17 'molestia':4 'nesciunt':2 'nisi':10 'odit':6 'perferendi':1,13 'quod':21 'repellendus':15 'soluta':18 'ullam':11 'ut':5 'veniam':3 'voluptatibus':8	1681134180483	241
$YcGhCF84tKbnPaz9krrZnukDNeATkB6J7bb8wLPCWfY	!pYSbiOyjMFsKNxSMyi:localhost	\N	content.body	'aliquid':17 'architecto':29 'beata':21 'commodi':2 'corpori':44 'corrupti':35 'cumqu':25 'cupidit':5 'delectus':30 'deserunt':32 'dolor':13 'dolorem':26 'ducimus':33 'ea':43 'eligendi':22 'eo':1 'et':12 'eum':20 'exercitationem':38 'id':24 'illum':27 'ipsam':11 'ist':15 'maxim':31 'minus':23 'nemo':34 'nesciunt':28 'non':16 'nulla':18 'perferendi':19 'perspiciati':37 'placeat':4 'possimus':39 'quaerat':3 'qui':36 'recusanda':9 'repellat':42 'repudianda':8 'sit':40 'suscipit':14 'ullam':45 'velit':7 'volupt':41 'voluptatibus':10	1681130482696	237
$rN52jjTQyCeH49OS7jRIGlRM4F2NQBFEB0C0lEaUb3c	!pYSbiOyjMFsKNxSMyi:localhost	\N	content.body	'architecto':17 'delen':22 'dicta':10 'dignissimo':9 'dolorum':6 'ea':14 'facer':4 'incidunt':11 'iur':16 'libero':13 'magnam':15 'molestia':5 'nesciunt':18 'officia':12 'pariatur':2 'praesentium':21 'recusanda':1 'repellat':7 'sed':20 'sequi':23 'vel':8 'veniam':19 'voluptatibus':3	1681133331888	238
$jtHjsfRhxitvwMV8TSM3JIyCvz76sKCXvcoHIjY5Biw	!pYSbiOyjMFsKNxSMyi:localhost	\N	content.body	'atqu':14 'doloremqu':3 'doloribus':6 'eo':12 'est':9 'eum':15 'illo':10 'ipsam':2 'nesciunt':4 'pariatur':7 'sequi':5 'soluta':11 'vel':13 'veniam':1 'vita':8	1681133953794	239
$UUX6nQgpqX9ZxPHKKk9TcREeMdyXgPbjlLKPBusGp7k	!pYSbiOyjMFsKNxSMyi:localhost	\N	content.body	'dd':2 'ddd':1	1681136473391	252
$3M9Rh6NNQIvmu5O8hk4-efo2zau0BS4bP3lP_3SmCXY	!pYSbiOyjMFsKNxSMyi:localhost	\N	content.body	'aliquid':21 'aspernatur':3,26 'cumqu':24 'debiti':29 'delectus':16 'delen':7 'eveniet':27 'explicabo':8 'fugiat':12,20 'illo':4 'incidunt':1,13 'ipsum':10 'iusto':5 'magnam':11 'minima':18 'necessitatibus':19 'nisi':25 'officia':28 'provid':17 'qua':15 'qui':14 'rerum':2 'und':23 'vita':22 'voluptatem':6 'voluptatibus':9	1681134662049	242
$WS3p_ef116wO_3hAZwFWmgGZdeox1f-nJZbVEtn_hd8	!FzTtpSkXWMPYBKHUQN:localhost	\N	content.body	'1681136141569':2 'timestamp':1	1681136145922	247
$KNXtG5NPeJbc6Udn7TLr_7niQICqXf2UYPVCug1SRQ0	!pYSbiOyjMFsKNxSMyi:localhost	\N	content.body	'accusamus':1 'alia':30 'aspernatur':29 'assumenda':11 'autem':14 'dolor':27 'ea':4,22,31 'eum':3 'fugiat':9 'illo':2 'illum':16 'ipsam':17 'magni':7 'minus':6 'nequ':26 'nihil':18 'odio':15 'perspiciati':23 'quaerat':25 'quia':5,32 'quidem':13 'quisquam':12 'quo':10 'sint':8 'sit':20 'suscipit':28 'und':24 'vel':21 'voluptatibus':19	1681136674239	253
$RScLBOnv-rQ5Qfl4VMpgepVrZ9jKgZ2bNwKGx6SWAXs	!pYSbiOyjMFsKNxSMyi:localhost	\N	content.body	'/)':5 'dev':2 'playwright':1 'playwright.dev':4 'playwright.dev/)':3	1681136675539	254
$17sdx6T-nBaF6BZozfbYq5OYq1vk1-7hAFKSQn8PQEI	!FzTtpSkXWMPYBKHUQN:localhost	\N	content.body	'element':5 'messag':3 'playwright':1 'test':2	1681136822579	255
$eVodFlz-qcHRs2HA7v5TyRtQ-xxsPPfOP98xijAxX-4	!FzTtpSkXWMPYBKHUQN:localhost	\N	content.body	'8080':3 'browser':5 'fals':6 'localhost':2 'riski':4 'url':1	1681136824608	256
$ugRvFN42G03CJ_rhXrfPqKHK81OC25L9BNWRbQSt_mg	!FzTtpSkXWMPYBKHUQN:localhost	\N	content.body	'1681136821379':2 'timestamp':1	1681136825407	257
$0vEu8AcFRX2gjRW4L-sa1MbVV2gxpjt4gG3XSnbj-50	!pYSbiOyjMFsKNxSMyi:localhost	\N	content.body	'accusamus':24 'adipisci':2 'aliquam':26 'aperiam':6,21,29 'asperior':14 'atqu':20 'cum':32 'cumqu':11 'doloremqu':17 'ducimus':15 'error':27 'eveniet':18 'ex':31 'facer':4 'harum':5 'hic':9 'maior':7 'molestia':30 'nisi':33 'omni':25 'perferendi':28 'possimus':16 'quae':8 'quam':10 'quasi':19 'rem':22 'reprehenderit':1 'und':3 'vero':23 'vita':12 'voluptatibus':13	1681136898077	258
$4pQu8JKobBFh8PHCnw6hT0zc36PkLKiyg-1m9_yoNpc	!pYSbiOyjMFsKNxSMyi:localhost	\N	content.body	'/)':10 'look':1 'playwright':5 'playwright.dev':9 'playwright.dev/)':8 'site':4,7 'test':6	1681136899771	259
$K8CVgzJac1qkVh9PHbaS-uKkANN90QwbzBPOVVHimSA	!pYSbiOyjMFsKNxSMyi:localhost	\N	content.body	'accusamus':2 'autem':29 'cupidit':20,21 'delen':28 'dolorum':25 'ducimus':14 'eius':6 'et':10 'facer':18 'fuga':26 'harum':9 'ipsum':16 'iusto':13 'magnam':31 'nequ':19 'odit':30 'perspiciati':22 'quidem':3,23,27 'quo':24 'ration':8 'repellendus':12 'rerum':11 'saep':5 'sequi':7 'similiqu':1 'sit':17 'soluta':4 'veritati':15	1681136980628	260
$LqTgr4WhVFqPLToPBp6g5JzmDeejTollvhGZw6693yw	!pYSbiOyjMFsKNxSMyi:localhost	\N	content.body	'/)':10 'look':1 'playwright':5 'playwright.dev':9 'playwright.dev/)':8 'site':4,7 'test':6	1681136983465	261
$UVzWEAffRbpgq0ADvBSCvafZo4zQdZSwKDVw_VAcUos	!pYSbiOyjMFsKNxSMyi:localhost	\N	content.body	'url':1	1681137031219	262
$HAnBRjR5dMWM48mEkzHxKNUIGwieMrjJYKVxf-jld6w	!pYSbiOyjMFsKNxSMyi:localhost	\N	content.body	'ad':22 'aliquam':4 'aliquid':5 'architecto':26 'debiti':16 'error':18 'ex':21 'fuga':19 'hic':7 'ipsa':15 'laudantium':25,28 'minus':27 'modi':14 'molestia':3 'natus':11 'nulla':12 'occaecati':2,20 'officia':6 'provid':1 'qua':10 'quaerat':29,30 'repellendus':31 'und':13 'ut':23 'vel':9 'veritati':8 'voluptatem':24 'voluptatum':17	1681137125537	263
$Mtw7jI8ectw5DF0ks0bCL_3QfpD6-XksFma3q3nV8mE	!pYSbiOyjMFsKNxSMyi:localhost	\N	content.body	'/)':11 'look':1 'playwright':4,6 'playwright.dev':10 'playwright.dev/)':9 'site':5,8 'test':7	1681137127246	264
$tiExyp2ktofh9R_Wk7_3AEFm82VMfJABZLDh8vMLhjk	!FzTtpSkXWMPYBKHUQN:localhost	\N	content.body	'element':5 'messag':3 'playwright':1 'test':2	1681137205750	265
$ul8BTE-1Nc3CLcB503BKbUS1VW1vpy0XLCxSja1Rvto	!FzTtpSkXWMPYBKHUQN:localhost	\N	content.body	'8080':3 'browser':5 'fals':6 'localhost':2 'riski':4 'url':1	1681137208656	266
$ttYMJgKpyS0mp56EbIsjPNgKM0gcBpoWTMo5sejfX2g	!FzTtpSkXWMPYBKHUQN:localhost	\N	content.body	'1681137204329':2 'timestamp':1	1681137209389	267
$9TBKaZfQChwRJu7jdlL59C1UWk_tvoeFbqOaqupv_k4	!pYSbiOyjMFsKNxSMyi:localhost	\N	content.body	'architecto':29 'aspernatur':15 'beata':2 'blanditii':20 'consectetur':3 'dignissimo':35 'dolor':16 'doloribus':11 'enim':37 'eveniet':1,5 'facili':19 'fugiat':28 'harum':33 'incidunt':32 'ipsa':7 'iusto':6 'labor':8 'magni':10 'maxim':27 'nisi':34 'nulla':13 'perspiciati':12 'qua':4 'qui':18,25,38 'quia':24,30 'sed':17,22 'sequi':14 'sunt':31 'tempor':26,39 'tenetur':21 'totam':23 'ullam':9 'vero':36	1681214790493	268
$07syF-ENeRr3l3lFZcCEm3nTRPfHWEbn4NMb1J1iJFA	!pYSbiOyjMFsKNxSMyi:localhost	\N	content.body	'/)':11 'look':1 'playwright':4,6 'playwright.dev':10 'playwright.dev/)':9 'site':5,8 'test':7	1681214791929	269
$E6HWpvoyu74jsOxXc_KLC9oG6Sg8rEwIQXoX-Hf5mxg	!FzTtpSkXWMPYBKHUQN:localhost	\N	content.body	'element':5 'messag':3 'playwright':1 'test':2	1681214860375	270
$UoM_MmftgNhl-hvF8RlKsZIRKT_iG82cBMd_uojs5M0	!FzTtpSkXWMPYBKHUQN:localhost	\N	content.body	'8080':3 'browser':5 'fals':6 'localhost':2 'riski':4 'url':1	1681214861800	271
$kO4xSu80VL_oqUaKrfuWX9B80NtdhvfDonn_ZFnO-jM	!FzTtpSkXWMPYBKHUQN:localhost	\N	content.body	'1681214859756':2 'timestamp':1	1681214862696	272
$WK3NVZIhsdUMb-agpfePDX4roP42B-TO_-eUSah_GKA	!pYSbiOyjMFsKNxSMyi:localhost	\N	content.body	'architecto':12 'beata':26 'corpori':8 'cumqu':1 'delen':24 'dicta':10 'doloremqu':28 'ducimus':22 'ea':31 'earum':14 'est':17 'eum':6 'ex':4 'facili':23 'harum':29 'illum':19 'impedit':9 'ipsam':25 'magni':30 'nisi':13 'occaecati':3 'perferendi':20 'porro':18 'qui':21 'quod':16 'sequi':7 'sint':27 'sunt':15 'ut':5	1681214900330	273
$8NGP843DjUo_HOYMA7v0yH7eKafZFt6613FwXLrqGho	!pYSbiOyjMFsKNxSMyi:localhost	\N	content.body	'/)':11 'look':1 'playwright':4,6 'playwright.dev':10 'playwright.dev/)':9 'site':5,8 'test':7	1681214901594	274
$qbY2LOEAVAemI51LPAjDllWtEIM_FyAln3eBHz3ntr4	!pYSbiOyjMFsKNxSMyi:localhost	\N	content.body	'beata':2 'eum':8 'expedita':4 'incidunt':6 'laudantium':7 'nobi':10 'optio':13 'qua':9 'repellendus':5 'soluta':12 'tempor':1 'tenetur':3,11	1681298587771	275
$yjRzNi0Lf7YmTrvl8PJ27dIagbzxpdQAxu1a2qnpVRE	!pYSbiOyjMFsKNxSMyi:localhost	\N	content.body	'/)':11 'look':1 'playwright':4,6 'playwright.dev':10 'playwright.dev/)':9 'site':5,8 'test':7	1681298589436	276
$YVXyaByz7fhy150xdruNE879BtW5klj_WDKoS4XsGnY	!FzTtpSkXWMPYBKHUQN:localhost	\N	content.body	'back':7 'gerda.weissnat45@gmail.com':14 'messag':2 'need':5 'neural':10 'panel':12 'sas':11 'seen':3 'strang':1	1681306675253	285
$xzWO5ZmteWX1dLWjKshaJF_959fM5XPV_j63exi7Rg4	!FzTtpSkXWMPYBKHUQN:localhost	\N	content.body	'ai':17 'circuit':12 'http':11 'll':5 'matrix':18 'messag':2 'monitor':15 'open':9 'open-sourc':8 'overrid':6 'seen':3 'sherwood26@yahoo.com':20 'sourc':10 'strang':1	1681308003501	289
$dgPQn7GA_1KgjySM5CP1IL_4OuwK1IJtNUBu0_jp6zM	!FzTtpSkXWMPYBKHUQN:localhost	\N	content.body	'alarm':6 'anyth':10 'benedict_white@gmail.com':20 'messag':2 'navig':14 'need':12 'overrid':4 'pixel':18 'seen':3 'strang':1 'tcp':17 'virtual':16 'won':7	1681309188882	291
$Jk6uXXHtYUyycNgfTD6YDfc1VLTRVMYI9-NWPZi_j1E	!FzTtpSkXWMPYBKHUQN:localhost	\N	content.body	'css':18 'drive':13 'guiseppe_kovacek17@hotmail.com':21 'hard':12 'll':5 'messag':2 'microchip':19 'open':9 'open-sourc':8 'program':16 'reboot':6 'seen':3 'sourc':10 'strang':1 'thx':11	1681310412002	294
$pWCKYU5wjXosAj-f4nMebqvLjfePvbeiPtYlOuoteRs	!pYSbiOyjMFsKNxSMyi:localhost	\N	content.body	'accusamus':25 'adipisci':13 'alia':8 'assumenda':3,7 'aut':31 'blanditii':47 'corpori':20 'delen':27,41 'deserunt':36 'dignissimo':1 'dolor':22 'doloremqu':43 'ducimus':21 'earum':33 'eius':37 'enim':19 'exercitationem':46 'ipsam':28 'laudantium':18 'libero':10 'magnam':11 'maxim':9 'modi':17 'mollitia':30 'nihil':38 'nisi':23 'nostrum':32,35 'numquam':26 'officia':2 'praesentium':29,40 'quaerat':4 'quasi':34 'quia':6 'repellendus':5 'sit':42 'suscipit':15 'und':14 'vero':16,45 'vita':12,44 'voluptatum':24	1681300768980	277
$e8srpJcKwv7bubgAQF9exPSNzf1vFXTDHPe3jfY5Aek	!pYSbiOyjMFsKNxSMyi:localhost	\N	content.body	'/)':11 'look':1 'playwright':4,6 'playwright.dev':10 'playwright.dev/)':9 'site':5,8 'test':7	1681301111755	282
$2HJKtb5qLapQNnGC7PlC2pKGMyM6OP0yvE8t6tNFXFU	!FzTtpSkXWMPYBKHUQN:localhost	\N	content.body	'array':16 'ethyl76@yahoo.com':18 'firewal':10 'ftp':9 'll':5 'messag':2 'monitor':13 'optic':8 'reboot':6 'sdd':15 'seen':3 'strang':1	1681310919335	295
$OHbQDOKirY2HtHqvTX-hws4Xu-DzdC13hfbrGtYAgXw	!pYSbiOyjMFsKNxSMyi:localhost	\N	content.body	'/)':11 'look':1 'playwright':4,6 'playwright.dev':10 'playwright.dev/)':9 'site':5,8 'test':7	1681300771826	278
$37mr-j9ODzNjk_XaJ1av3S0LpmfAkQWiCCBrOZx1LjA	!pYSbiOyjMFsKNxSMyi:localhost	\N	content.body	'ab':11 'alia':19 'aliquam':4 'animi':1 'autem':16,23 'beata':5 'consectetur':12 'corpori':6 'corrupti':20 'dignissimo':29 'eligendi':8 'est':17 'eveniet':33 'excepturi':14 'exercitationem':21,35 'fugiat':27 'iur':22 'libero':9 'maior':31 'nesciunt':13 'non':34 'nulla':10 'officia':15 'omni':26 'provid':18 'quasi':2 'quo':3 'ration':25 'saep':30 'sit':7 'soluta':36 'tenetur':28 'vel':24 'vero':32	1681301003034	279
$umtVW0TIOZdMzYcqYXh59oCW3-xahvo0QC6nHCFJdaU	!FzTtpSkXWMPYBKHUQN:localhost	\N	content.body	'alarm':6 'bus':12 'capacitor':19 'css':18 'hex':5 'messag':2 'neural':11 'ona.stiedemann@gmail.com':21 'overrid':16 'quantifi':9 'seen':3 'strang':1	1681310364413	293
$wQnou8r6NCWwzNJfjat0e1R6VzxjW9q35Rww3oI8pqo	!pYSbiOyjMFsKNxSMyi:localhost	\N	content.body	'/)':11 'look':1 'playwright':4,6 'playwright.dev':10 'playwright.dev/)':9 'site':5,8 'test':7	1681301004304	280
$yAZlyrgetJNCY8nW6Qlt3gZ-sraBcR9VKSu1UhD0bvo	!pYSbiOyjMFsKNxSMyi:localhost	\N	content.body	'klklkl':1	1681303898902	283
$oWART5TE3bFd7omOgO63F-io8ZB1H3hKjq1thGjFEwM	!pYSbiOyjMFsKNxSMyi:localhost	\N	content.body	'aliquam':23 'asperior':5,19 'consectetur':18 'debiti':21 'delectus':24 'delen':13 'eligendi':14 'ex':11 'ipsam':10 'itaqu':7 'maxim':9 'mollitia':15 'nisi':6 'praesentium':12 'ration':16 'sequi':1,22 'sint':20 'soluta':17 'ut':2 'veritati':3 'vero':8 'voluptatibus':4	1681301109740	281
$f-cHtS029jrBTsUD6jwaGZsRf9sa7w0m8jeo8fCcib0	!FzTtpSkXWMPYBKHUQN:localhost	\N	content.body	'auxiliari':16 'drive':10 'ervin74@hotmail.com':19 'firewal':17 'hard':9 'mayb':11 'messag':2 'seen':3 'strang':1 'transmit':6,14 'tri':4 'xss':8	1681312263757	296
$wNkgTMblKbEiPZ2uultuC8xuzaaO_dwV9Q8unY79IxA	!FzTtpSkXWMPYBKHUQN:localhost	\N	content.body	'applic':6 'brenna38@hotmail.com':21 'bus':12 'card':19 'copi':16 'index':9 'messag':2 'onlin':11 'rss':18 'seen':3 'sql':5 'strang':1	1681306483847	284
$kSqtOez012ZpmELHtRmRLAcZ6eDqPtMtZFwVzIjXOJQ	!FzTtpSkXWMPYBKHUQN:localhost	\N	content.body	'agp':8 'bus':18 'bypass':6 'capacitor':9 'cross':16 'cross-platform':15 'dock91@yahoo.com':20 'mayb':10 'messag':2 'overrid':13 'platform':17 'seen':3 'strang':1 'tri':4	1681307387681	286
$AbRCYXMFmAubdqYq-s4VEZvnYEk9YieIxBpZIfPngoE	!FzTtpSkXWMPYBKHUQN:localhost	\N	content.body	'array':10,16 'bandwidth':13 'll':5 'messag':2 'onlin':8 'pars':6 'ram':9 'seen':3 'smtp':15 'strang':1 'vena_windler@hotmail.com':18	1681307924978	288
$h3_C07WVa1Kq-qJ6qyYbJ0LdG9gKQAxFu7lEK-p3_tc	!FzTtpSkXWMPYBKHUQN:localhost	\N	content.body	'klkl':6 'localhost':2,4 'mm_user2.mm':1 'st':5 'user1.matrix':3	1681313848811	298
$3pr6w-dY4LFA1bq0gZJI9yrK3dxo4o6SKQ-LcJnPBz4	!FzTtpSkXWMPYBKHUQN:localhost	\N	content.body	'bus':17 'cross':7 'cross-platform':6 'ftp':9 'messag':2 'monitor':10 'onlin':16 'pars':14 'platform':8 'seen':3 'strang':1 'use':4 'yoshiko.sauer54@gmail.com':19	1681307794308	287
$7rWHCcfCCs49gXzf9aXyT9Btiu-gLyqrBEstoRvUtXk	!FzTtpSkXWMPYBKHUQN:localhost	\N	content.body	'klklkl':9 'localhost':2 'messag':4 'seen':5 'strang':3 'tri':6 'user1.matrix':1	1681313818378	297
$vLDNkGntU6Y1RdLCW57mxo33y2ZtPcq-KuirRs_ApqY	!FzTtpSkXWMPYBKHUQN:localhost	\N	content.body	'bus':8 'drive':21 'get':11 'hard':20 'isabelle.stroman@yahoo.com':23 'messag':2 'ocr':14 'onlin':18 'program':15 'quantifi':6 'seen':3 'strang':1 'tcp':19	1681308914622	290
$QNn9T_HFWnhOe7BXWvbFMq9DBHxXuKjmzymaM-vIiC4	!FzTtpSkXWMPYBKHUQN:localhost	\N	content.body	'anyth':10 'applic':20 'blanche_conroy75@yahoo.com':22 'cross':17 'cross-platform':16 'interfac':6 'messag':2 'need':12 'ocr':19 'platform':18 'seen':3 'strang':1 'synthes':4,14 'won':7	1681309425494	292
\.


--
-- Data for Name: event_to_state_groups; Type: TABLE DATA; Schema: public; Owner: synapse
--

COPY public.event_to_state_groups (event_id, state_group) FROM stdin;
$c4I4FYRPIltfSw8Wf6w1NWiI0mLCN0eVcYuMsCyqiS4	2
$IU1ZxuT0Nte99MGUdW5IhEVc_pVMkrUEqjP5xs27dVs	3
$1kn0z5XFW6tgZeQlEjEweLSJX_vv-w54n3uMagFyz9o	4
$CgLbWRULI45y2D98z5CUQGfnpkIanhBTri6Qgk2FtZI	5
$MjPoUIyI-4SLUb_2CX0SN6Cq4siLSpO81XmSX0Tt1Ag	6
$eaTE2oVse5UGe2gxU6bH4McqUJFwuNN8UMpxUnfeCzc	7
$Z8l2x75Ktp4i5ZFSxqQHoicfewpQOJ2yKoIXvdXGGL4	8
$gyvaweguHrwLjB1B_41QMnzSUMHQGbQmTALeOOMmWfU	10
$hZ3X11MNOocXcrcCNowWncNXGOcKtKz2Yuy15DpSX9Y	11
$EgLH6XFurmJirUH4D5Zkm8y1WyPdrFX2SSko4S0-7hQ	12
$6A1pwZ_SweaaUsjoN5q44E3waqx9e_BX_Vch4BXsSMc	13
$tkoiHC3Vf1zAnFhhvTe60NQ7m3nRNvT1ILxtf8O8Tdc	14
$W2bBymarQF5AVOanxoytGxta4UVf4fhh6doJw6GmsQ0	15
$YSS-8MMEgCETq_EouYM-mm0KiVKGloqtULWeqmdQKZg	16
$0RmvI0B1zTbePI4eCXXUO_9tJQY2XcOy4Kt4FqYQ-Yk	17
$FSGyxWobRbm3XPzA_RJTfx_wFyj7eioybzttjovTej0	18
$f8S-mPLHMnruZFOTih-IYlCoYILk6A_BPx3dtO79ubI	19
$3iFc4KVKwTYBpN8T8PyFgNCDxXkCtJF5qS1nJbulpmU	20
$Q7qpUYZra7SmdftawkKRrQilka-WlRBbgKYybv2QRls	24
$o5ttVgA4qLDCRoIxN9qyVPOLj9QUajTOF3D_U8es57Y	23
$ws9UuWLPn8VzHbofyg3g8AQK-aYsdD2iv6woyWt3sEw	24
$EeKexStxnjQMJwZnkxIZRNXLdggHQGqT_RJYm1xCocU	27
$ZPGmNdM7zvGVfx5_posO0xAJ7C6aAnDZavYGV23i3eM	28
$ls5AzJlLTu3Alykxvj5L99HqOQsi7cUGH7wVb-IqErQ	28
$nFwL1txBnk2dj72aBWqthTGHrC-kv7CYWMt3cwz8qgw	24
$DRO5TAucLHxvrlJ47kjeEKQiKn1D0J-pwsDdrExDhfM	29
$hXzRSYfNTLUmjRz8EgsrekOmklfOoUQ9NKx0vS1AmTk	29
$fbEIs1FPebLFup8Sm4TvsnGt3OqnXO125KPufsX6e4E	29
$ggCddRubeCPps5yMhlY-9Ib0RvBhwUJy716vZvf32Oo	29
$8JzwefAwHCl96ZlTja5b5rV-MxH_1T91x6Yl6vKYGSg	35
$2AEp1hOUUsulI8Zc2ISpcmI9VmKuftWZdClPUSC_mD4	38
$425aYo_LNE95R3HHpQZSk0MGS0CjqhCPkp0DJvtMk5M	39
$z1GwtHO3iyw6MvOYBxrwIdl_jvUlP6_Bn6yFfE9P2aI	40
$Ww-5pR04rXtgZleTLBj7vJSR1LGkC3tZ5Zuaxqazwek	41
$LmDzEqXVjmgNKIk52bhBmbosSuVDk32P02nhwggY0RM	42
$sFv4HsuqMN9A0Wl_Bb1tZ-I7Kgdtxe83YsRaNWowWDM	43
$xOF81meT9KSyhw3dY5FjCzADSBULEj6OoQaHM9DWtMY	44
$cgYituIGJ7X54S5-Ax3C5u2yLwCnf99x2VbMmy0YD3w	47
$hgeuyu5_SLbd99TLf-m4kSUM8l1Jy-W4XmhdQGO2rr0	50
$jiXC1l1ou9Ti0I7CV7PJrsVblqsrb9dPQentqZqLBys	51
$v3jGyApp70gdwh4Il9oB6nRxdyr-zF1Nt9w5VRI1Em4	51
$ye7ixCV2UmoA3GCF2K5lqNSxMrWwkdvkTSOdQDHy-P0	52
$95vJ25qtpsri2l4-Ft6bN-NMw1uq9NjdTcLLt_v-cdE	52
$0XMDIAwJBH-iA7qIReHWRJAwmGiTGGioVtV8KFmJ4_M	55
$cy5KlfdXxrxwsh3JYgCvSt79RGqs9e0nqUdGznRRG7c	55
$v8iGN1Nqfe45E9UAlYS-2URhe0VSFqIHY_trb51SesI	62
$0s6lqq-j-E9Nm_LFwUEpeeLWBeDQ75ZYmwrYMoexDwc	62
$0xWeoIOTCY4e3-7ZbZGuokwWQFjVMhIRQNXarqF1pxw	63
$pdWypCivt0W58tNdti2PPFECr9nY2FHCzPHcq3t7WEY	64
$Fv99ToyoiCcmIgW4cLLELDhrk41dcIcraArBj2LvaNE	65
$PdV2tqK4NNZudisUim3L-UFebwMTDKtC4V3oRBsAKNg	66
$iBD87Nj7pcqWKLj0dW9b0Am9tLGDUsUNgGx_DLCak6c	92
$Z6q_pHNPM3MSDJqL1coCYtFuO0XvjFyT7uEHW_VzTmI	93
$XmrlogapQqYj1VfKlSL8vSO2sxNBExeByFQ5f7h9OEU	93
$ZbStQfXya3r8-aGQzgeyjM1XexpMdB05yqudqOItZ7Y	55
$Qz3TCt9TZASSCaEgtUMB4UvTNFiNj8xUud69yTLrB1A	109
$4SCBWPaw9DfE1F8UhlHU8tcCgyNMGrdohneVcLXuYzc	109
$slqMcNC5aM4RPcFxUSnvevAVSEwE34tlwYESlS2z7W4	111
$cWb_bCwCrj6N8hvObwR3Dfe63W634wlYWIy2-UKO28M	112
$s5oiTl_9b6K-IKMmuviFRxmIeO-uX2MJWYo7ws0AvWs	112
$PLSJo_YuSdhcp8Qc1EtpopguS8UaiOZGkIcs_HYhOj4	112
$COjzubYZc9gp1UYu3MF9optOH1hKuh6ZOLrP1vwiaW4	64
$keJQHXWi-ZiK2B2FdzQ1IUZ0fzfFBax-gHNp7AR9UWo	64
$jLqj0K8k8IznEp_zldWz_Ezx5RfWpkQZCFKnJyfUBQ8	125
$8L8kolK-08m1wXb1AstqZz_qz_SUzB08YqJZ_kYqWMs	127
$I7bu0SuyZ_d7gNQWqG7B7c9bRaJpJVrKN3Ftzy-ST3o	129
$mmPSR9VqhO1noWGYGbl2whlFTsU1V3PHK_ncCUGnqTc	127
$5_XiqIyj_mv3JlnyqfoTpIDIQ2tdPu3N8U7by84mBXE	129
$91Cmq-17R2sVRCRnizx8fJKL3TLGjsOR0c4Ry3CKGyo	130
$a7zOXKjjr_ueVtYDoa7MhlNoILAsxHrEuNyaJeMg6HQ	130
$V4h-t7Z_ikk8f5J8DFBd6LCzIg27Ls_Cq5SwfTNvF0E	133
$jD3h3ETxg2QK1PtrN6AW6y2kwQsFAQe7srLpSwfPhNg	134
$kec4ZazwDdb-ZMxMr8ymwytOs-zGx-8VjOrW00BW_ZA	135
$7btK-y7mZ9nK9LBiSKR03J1T2D334LbUVJkbe2o-CYw	136
$Sw-_lchwyW0pw30wm3AP7MzTQVU56CugEatZVVNGmbA	137
$83AF6m7uhB3hZQz5lmrPcLy_9huJCm_W9wt7-WQ_VYk	138
$MIJv8SIPMQ5955dHrWtYlemxtCwV0f4tqf-i_3dQVns	139
$bwBAv8SR7RG8_oUvZFU0lU5iPNq8aNv-mxr6MW9PztU	140
$F0LR4DEA3oLcc3k_eNE6_RKKA11yLcsmfO_8qPHHW8Y	141
$DOZehhyD4JGGFtEd922b5xVLGdup3v_MzKBeEQ_JzFE	141
$wTfVj9B1xWTDZGpgTmLF5VwLS4zZnOAoCichsjzrqsI	142
$a4Ou4JTKZxwllI40a4CS36DcmTYOyQFqH-r06D49gAg	142
$ytekxng1JXi96Xdmn-7AeF1m8VLkPtS78IihXa3WZ84	142
$BzCYUUyIaNg8MGhOw_QYTtD2BuIWdSnks84kegIMIzk	144
$_E-EZa8gdS-_4F2CasYTKomuDixia3fJ1R-Wu2xx_CQ	145
$1tmD6lvkYEIlbb5awAzEuSw6acgFDp21uA4450asM6M	146
$6qBmbp-ZfOQMsOgVGcf1da8QrUWLTBmULjDBY8xnQDc	147
$jgk7UOdyP6mp8rwKMOqqupF6sWOPwnMorSa67AYZ9A0	148
$RE6G8a-zySUuohhp6UFLrBJ4ROulO2pvp_K_476Q-lY	149
$IZOLJfGYfNnK_aLuKaBOBCTx7SnxrLtHU1f4wTszqzo	150
$ZHUq2VN0HpuE5oJi6l_3Uh8aLOuQmXN5WDqUyhjy8Vw	151
$VaarpFJs6_0c2wYxJdAYq1G8uznJdufYfnCfjuqvI_M	152
$lVGc_wB1P8VGJaykW33htFubukWDizH4Xwu5SfKGbn0	152
$cqZ1IfNynoUS3KLGis6wJcJp5j-RYl2XluwXAYEGSQQ	142
$Q6YXU96RlR1dPKmp4iI3R_d2KiWzKnZbMMURN8OqDVE	154
$oXOzZ4Ab8mINVphaBVipRGmM3Z5L676RivBDayNaxj8	152
$2rWHZ1dTRYXYOGEBkYy9w4xQNGND9i5euMRpJJww04o	156
$8d4e-CjuEEdRj8aSFNq0yHpo_JxouT8tHUVX8HfS4oc	157
$8QUU4rDWLA_FAyy233e5yz-RKoRz1MMD2e3Dmuyueno	175
$UL96b2DZHng5g_OXTbE0nBq-yL1Vv1SUxB3wRg5Nqsw	158
$XLGuUcPmbE5vRHADIEfcDA5P4qTClMO9Xn9ircCdTUg	159
$7y6Y35EbOlNtACU1RM3BCrmU7hb9GBXUJEFAI6-9gkg	160
$-Jddg6JtZ13Om3mZilR7hqtovSNKbu_jCbiDSN9u23M	161
$lihGEzBm6TSVo-fe_WCOuWJNW_OgcaCyBi9g0UDlZoM	163
$0LNMKjea0zgdHTDMe3B3fmAnzNxu72ULA7HsNOs1pHw	164
$Z8Uf7knMci62YkFiphxCZI55avAa7X64_K1l9SJ-dqQ	166
$JHQCf63sTH6Vjufjj8sai_9QWCkwlbiKAUP0crmtihU	172
$PtKNK0cvGyJhBT-BIAFZs4gDvODQiScnlQFqLmWKqNc	162
$EVIMbY1fZLGzs0Xp19eKjkS2aizDSYFoS8Wzj42_LQI	174
$QvV8o1KjtX_tArxR1zwHZepfVa9NB03-81BjGpKxo9M	163
$pdfBN0Z96G_wbgh4VuNnIiOuwEeEcxbECI1vAE0JEC4	167
$Oxivd8PnLITfhmuJ0pPdRRyMngE_kr3tbyIkDTT8_-o	168
$eQXATedxlGls7x4dhbO1w3NQRV-9oaR7nqj-pHxGiU4	169
$NEaM4RT_u5IYgHQJXffTluS21pSYxn3Ob3rh6lBPzJk	170
$n4SLSzegw2_2XZuYVHMaBqQM0y0XXHqIEc6-sUt5lyo	171
$AmA--7RkBYVchLC_Tr104AXFweEwn_n7AeoFpptk0iI	173
$mGp05ykxc7iuNGM9nc4QHqFY1mnuCUW_Hq3ocgiZgFg	175
$jqog1KTVZdbZSwVzHyAI1GAzMymJrQgDaEx7zSDIuvw	176
$LwCMrUFKLRRfUwxX_bj8hMYLg15fXGwOuu2QDPdjcHY	177
$TV4MVQPx61vM41xEXo5UuJRdzeBIjcqclWUsGWNacYM	181
$06Um82m6RzKMOebWv0lcKQOaSvr6C10y6QA2Snc_R0I	182
$csK689aRZ89elBgFJKAWBiNKhwnp635K09OhhnXruek	183
$WRC3DV_k1RkC4oedKmIL5Gi3JgPmcv4vcT615tEnu8M	184
$gfpOuJZriCh7xj2c1m5EnJfNW1LjpsjRlCI91G-Fpv8	185
$gn9BJ39HJ5v_qwj0jcIRfiLcgvbMbDnBRAfEJMS4RUI	186
$8T5cGFOjiTe4zjIYX9tmzFfae8WV6TVvUpmBmV2carA	187
$wKoDxwAtZ46KFnzdR2bV-nE-gCX8oSTpE4qkJq_05QE	188
$5j9APu_03G5KZMO9hHc9AdVNHD7TfIlrfU87LHEi5aA	189
$BQVp9srvRZxHcxl1NQzXpHjcHVZub1wZMinz-XO9KJE	189
$ZAMV9PqrMcGH2UX-eqpPfSVfJ7UDcOelwl3-gln6nco	152
$SfEuZPwDHWx4dsnQKRsLDI7Qwgt-Q84vGhE1THOba3s	191
$r5MeySk4n_UL67iTjPp-RpDnYLITxLfuuSFi65ef9NQ	189
$ZeOHUFxCYyrcXwwm5xcXycqdVTRt5tdY0zbyZ-uR_fQ	189
$h_nukybUUUM97KIexy-iMvsAatn74tnaz5IRgopPmkc	125
$fxfMGOp0AHYZy5pmcMgdjV1cy_kcfuMgBbWYzp84Rbk	125
$in52dToVUVIA1dLRam8a57SvQ8dYnHstA6FK0mNdqNo	125
$ESb8M8zzCsTTuM2_aTjr7gchlzU1eLJxVMEx6T-jTEE	125
$SXn00XEaf6vcH7EfF-hxrnKJ34geyleE-2HFWaQW5ag	125
$6gxkrvEOHIMVYq7kxmB942wCBkaZKqIC95Jzk-CISp0	125
$tCegiyn_qp9r9cWvinmzuiK_97-qv69NU7CGuF2CDAw	125
$MsUAygSGOybNZLwQY0HO7oA7UTvwZ4HjS-dSTebRryE	125
$Bo4JLPALQcShbeeEkpMatIB_6vxlLouq8IJQ55O6b-A	125
$1UPai0X6mkxZhcQOCpH1AB3C8_5iGG4irBlPGM8vX60	125
$w3py3S7l8-xbpdWz2joQqREyFoNoE5jE2HGz1J8AFIY	125
$KoX2hU-P1VybDOXpAKm_myFst0pkCN0MKKBLGLQqovE	125
$Qc1DVNbHoeyAoragn3t3lSrm2IvTk9wMJBJYKliD3WM	125
$gHwGynQdqAEWelKTu66zWCE1fVp0M2RgK6P6QoTJV70	125
$-HKoRby_s8G544Ao_KR_BtaomPp7O4vgmWHflG33bX4	125
$EaVQiabvSs7WDhnMGeCso5JvAzW2g_cxxQ4A0x60cO4	125
$a80ETeoQf4btWpFYbDzXYLNhaJVGclNmo4vt_wr7btQ	125
$DJW9gvwyHhpI2pEcgw6Tv_pHFxJGskUjSwKK1vkAAQ8	125
$sDuUX7k_nGFrr68aq6q-Se4v7PS0UHtb9DCgicckLOk	125
$-QKjIvbRegc7FLNn1N3abJ7hKjwMdoQrmX6Zbw-ctHA	125
$nD3fBVNqotefwe1wSxqLXHxVj_3f00Vj5VNpoUr1ABQ	125
$jy48UF7H1uhnLFtlVfm0J7AQsQzu0md4tudw5nIMe-c	125
$xLDxuw8IzaD4a5ksYtyrs83SBfHlqy-w6NU0mHanbPQ	125
$vL5Yz3B5LuK3523XAi9kXCV6MChwv_bOVxCvia8FVB4	125
$Bt1xztPUc6q7sEKol_gzAfl_qts24lsGSR_TcdwgTDE	125
$w7lOH1dKKeKeCs6DlAaGGp3yF_P0vEQ3pNmCTx8FcJ8	125
$cdRz_XhX8_p6tBso0AzQXZq3nCx7Bp6Z2iH-h23-rbc	125
$cMDyp45ivGK1L_ShGF__AS8GBLW8-INvJUlELx5CbQ0	125
$kUxkPt1sGwhzERqEarPnF5jZR9yMsoza124QtMit3tI	125
$EnC2zlKWl4pxmE20WFM5_uuVWd83XP_uOlpod2B1XeQ	125
$GEtkY16drHOxrPM2y1D6QGAXukFCYxUBTFYt6SSVzlo	125
$dAaHeBJ3APK3s-d4k6G7DnoO6sQHgToUm-KEqY2ha8o	125
$F3NqPu2Spf8K4XLXu_0jprZ1pzX7OQgH7jxSdNoTiBc	125
$XVRcXTt62fYwFNjltQCDR4KYxVR2Y5736Y99u4u_Yp8	125
$O_xBVr6rmpmuc_gHgPUwAd5jjTiDwPFpFPxlZiXO82E	125
$-W4UZqRjU8NFjYbx9Y5H36lRkKI6-J0E7CW8suzQR9s	125
$Je3iwTVjLB5qWW0D9sP9A7ygLW1F-PKdf_M3hkoXdT0	125
$nc1eJdpqNsaDyb3SdIbRwuQPExhfIPzPopcRSNdl3cQ	247
$DR5VmuWusNClKlyAtCuWLyQC__lzA2aHFKFHP9MMUfk	248
$6bHlgH99jQtK-ue9-7g5rvZivsofVViJiR_vh1fGkBA	249
$GAY76tMkYhuarSNOWWZqqDw36X1qIacZiQgHquoQtwA	250
$Jg_lbElh_Ag9z-VOceAlpgofNZg8W8x8HX4n5Ajmu6Y	251
$c_oFn9bOCQHYWCw4hjt9zWK3fTqd6CS9ho6797C20x8	252
$J6BFnxxVtwKMBZMazTB3yX8rosc2skmuxAuI4OinjBM	253
$7kIusj7_vjnjvM5XRI1_3dU_wgeCRurNbLxWl7Wza64	254
$yB_pgWY1MngMlhaqo70bZTnADr2mMUjbkEKY3cjnlqk	255
$LwuV3S_QSzHUfw7pEQBk-n4jquK3n8qlEDA3ZQTkHDI	256
$ZJsRzPjCUHZTNUN_j78KyrW5EVPSKt9Pw_F-tVVvH7k	257
$rA5PRb7MjCz1lqKGVcHLZ_4eIRh_5slNnGazl-q0F4w	257
$FyOdtUu1pDq9pkxIHuGA8NRmuYwbc56h3FAanha48Hk	258
$R_BTpdLAD-BfJUNWA0gDdMNG4gc8RNi-4QhdtrCsz24	258
$AI66VCbPMZvt2b3tqwhViAQXHs18twqgZhVW103z2sc	258
$MgXIz3NeQBEhrbeF8vsJzjopQxKY0sUcnwnW40fE-1Q	258
$HUUDVNAe9kYy1-MJRkHq_OmumlsIRsNlMN9OZnLoLm4	258
$VDgIn68dzLHo_gZ7neRkP0y_cgeUTlGI_ZGO7A-qJHw	258
$SlMhs1Tixs22BdZ3XXqNy9AnhoIY4iemw--vg-i_Lm0	260
$QC7bXFDxGhDk6yv_4ChjXTMkJ0t0dKySNdOD6sK8xWs	261
$_O7HCNBcIf7TFakcNOXd_OGa-EktXdY7jXFtq-0AuZ4	262
$M668pvJTHPULzOyaFTfazYWkwGgORFCTi0KoC37EWeM	263
$ORKiMUdUMVOsbsyJYKmngYgY7DjjpWm4TvnNHjGoyzo	264
$hgqRK-dYe5eYsbxIs8yg30z62yTih79k6lYT3W-FrO0	265
$NPeyvzf9NsetiIPlSR9A6CS672r3JVsnZYO0nXId2bk	266
$-_npKAXQzDZatyCE982iFmq7-fA6EcpCzljKEwGGWgg	267
$biZp1kn2ycj-NFYzBIsolRQUhuy_Jcdb1TWFXs-wm_M	270
$i7p_9pGUCmPcRci6QowPd0isnxc650XUL0nkZkXIJqI	268
$oRS_K9WwEjRY1LoGRh6ymmTYBFe4S3jiGLxKdFZq0xo	269
$FWpqQbXQShRFgQ2vWg29OuQTSkDuwx17c6DhUQAfIb8	269
$Vhe96m7lCNGvQXgtlabnFhr_GUgPVpqYOsLd5pxMxxc	270
$Y0bkVaMbWG30DJH750qUtZjIwDm6EWGKt22Jikt7ncc	271
$IurhFVNgogJHFAFqnmsFHryn2y9ekYNHC2LacVsFPKQ	271
$EDaLEPba2OiPmGvBWlmz-NOHb5g2kUtwgkGzOiirHIY	271
$scKgIiXOkpnPBXE0aeKk88O6U1i21DNhX9T-JJ7H99s	271
$ZWtfV6VN7cYag1OsVvbeuTNCtBCvyfsFry92Cbxe5AY	271
$CcGczUOKTX_OEsfQVWp2qPlgJwMCRsa25dLU8fT6UH0	276
$ANFtdD6RWZZ5mn9HSddP3QH_PVONE9tRAXmjVFh3El4	125
$rrY7TdR68vZ9aJnSKLdMXTa0pPj5QE4q-uslBWEy7Nc	125
$2-gSqaVfhsICgx85avl8nZkJsTqQLi6sjzrFpiIOu7w	125
$E0icxR6fx78u6qj_Nzlpdy6MfUfGz_P1lWXJ8jGdehA	125
$dueDnmosbC-T3fwUZNGUj_233-3HgPx_UvJrliNoDxo	125
$tvo-gq4fiu7seQGnAyNYPAWgxS1PoE63QhxmxI93Yi8	125
$NPMfRdZ1xkWet20xbhM7iL6HIhaPlc-lWpGvqoqEiD0	125
$yjrbgMqy4HRuetLlj-Az8RsmRFs-WL5FQzQIZuY3efI	125
$cI11OnGjm7vGIw5vs-oij_wEGItyOPwW6hFOZiala1Q	125
$UIptzRMGcHo-OdPEz9kdRsBN7PEYO2a9bhjTwYzL5TU	125
$y4Zq-mQV8ITLLsmk81629YkH48k3sCXvXh5FoYbVOGY	130
$nbvYfMEUxfCmnZbQ8NJd2qMAvpJQKSHJCHTOVHisCB8	125
$gk3PwrTnshrLNo1GN7MMw6OBgb8vs7zubM6zSFTgXmk	125
$7dates6XgZ8OVBmskdckd7nlzKoFe8r1viO_va2zwsw	125
$OGdvNKrhZ-EfSfs7rOok6MaY-Pn92zKDcpjAXvKXRgo	125
$Q3BFaR981aCJLw5QDoNLb4cMc50D_Mg-gQxosmSpdNI	125
$N-67EbAcZGI6086gfHbFUS_Tq5N3z4EBQvtuy8lT4T8	125
$gnOJwv6YRzJ-svVvNLGJ1sX58cMj2N_OPOQMu22ATUM	125
$gUIhoWrPiyWVUv1x-mtmYtug_e0Ge_xOg9HJT8B8nRY	125
$sH87kAVdtg-0qOp6e01ncm6081zbKrTd5UESVkbVKlk	125
$1aCb3mhwbLTesKmLxUBB1VdoNNVdi85-iNo9FHDCGDA	125
$hk2qqJ34X4qWuX7eZb4q6W6b5kNrxuBrwH3SisbvDBQ	125
$yYy1a36oDtzrMDiTwh7uc7Bx82F1eFeXdlJabc2T8dE	125
$Nw5Wuu0OoUpf0cHK-TKfm2IURzfvyK0cpHbWzIVglAI	125
$9NlNwKmZDjoqogDVy2hZdDSxrN1Ym0PpxzQkDT8d8ec	125
$FZY2YQfeg4cYxqoshkRnnBUid1d9KREJ3X0Wv9Smdsw	125
$YcGhCF84tKbnPaz9krrZnukDNeATkB6J7bb8wLPCWfY	130
$rN52jjTQyCeH49OS7jRIGlRM4F2NQBFEB0C0lEaUb3c	130
$jtHjsfRhxitvwMV8TSM3JIyCvz76sKCXvcoHIjY5Biw	130
$XskQ0UvJR_qsbOkdYKA3xVWeAA04SaIC-09Je7FO19o	130
$UMNKGVS1qBZupa86BKhjq27beYhYVjRC5huKAZaNeiE	130
$3M9Rh6NNQIvmu5O8hk4-efo2zau0BS4bP3lP_3SmCXY	130
$HLQUAxqFJuCJ_kIl5bp_zpUmFEDPQuiLYU_A9VOPRcw	130
$SmN77flnQr15OQrbedna9Y4S9VTlBui7MoJtlRZZyvs	130
$E3YxLtlKW-VCWr_s1TimfgRJbwpp-TO5B9i7By9o7vI	125
$NaLQE3UGkmLRlNIjT28M4dfpaSuC-qBNE64EdnlMj98	125
$WS3p_ef116wO_3hAZwFWmgGZdeox1f-nJZbVEtn_hd8	125
$qloo_Uai9std99VdsNyxGQIM_zu8qGtBrprCgdp0PAY	130
$IQFxW2AclXyjBa4DyFGxJw7vGiSY-6crlHx35kVV0Yg	130
$eywY0l5kWTEBz26-Hh06J6ga7FkE4g5_haF5bjF0vyc	130
$TgYiQwU7HI440WE1IRkSFM2oCf9soNp8N2n6mGfFoxc	130
$UUX6nQgpqX9ZxPHKKk9TcREeMdyXgPbjlLKPBusGp7k	130
$KNXtG5NPeJbc6Udn7TLr_7niQICqXf2UYPVCug1SRQ0	130
$RScLBOnv-rQ5Qfl4VMpgepVrZ9jKgZ2bNwKGx6SWAXs	130
$17sdx6T-nBaF6BZozfbYq5OYq1vk1-7hAFKSQn8PQEI	125
$eVodFlz-qcHRs2HA7v5TyRtQ-xxsPPfOP98xijAxX-4	125
$ugRvFN42G03CJ_rhXrfPqKHK81OC25L9BNWRbQSt_mg	125
$0vEu8AcFRX2gjRW4L-sa1MbVV2gxpjt4gG3XSnbj-50	130
$4pQu8JKobBFh8PHCnw6hT0zc36PkLKiyg-1m9_yoNpc	130
$K8CVgzJac1qkVh9PHbaS-uKkANN90QwbzBPOVVHimSA	130
$LqTgr4WhVFqPLToPBp6g5JzmDeejTollvhGZw6693yw	130
$UVzWEAffRbpgq0ADvBSCvafZo4zQdZSwKDVw_VAcUos	130
$HAnBRjR5dMWM48mEkzHxKNUIGwieMrjJYKVxf-jld6w	130
$Mtw7jI8ectw5DF0ks0bCL_3QfpD6-XksFma3q3nV8mE	130
$tiExyp2ktofh9R_Wk7_3AEFm82VMfJABZLDh8vMLhjk	125
$ul8BTE-1Nc3CLcB503BKbUS1VW1vpy0XLCxSja1Rvto	125
$ttYMJgKpyS0mp56EbIsjPNgKM0gcBpoWTMo5sejfX2g	125
$9TBKaZfQChwRJu7jdlL59C1UWk_tvoeFbqOaqupv_k4	130
$07syF-ENeRr3l3lFZcCEm3nTRPfHWEbn4NMb1J1iJFA	130
$E6HWpvoyu74jsOxXc_KLC9oG6Sg8rEwIQXoX-Hf5mxg	125
$UoM_MmftgNhl-hvF8RlKsZIRKT_iG82cBMd_uojs5M0	125
$kO4xSu80VL_oqUaKrfuWX9B80NtdhvfDonn_ZFnO-jM	125
$WK3NVZIhsdUMb-agpfePDX4roP42B-TO_-eUSah_GKA	130
$8NGP843DjUo_HOYMA7v0yH7eKafZFt6613FwXLrqGho	130
$qbY2LOEAVAemI51LPAjDllWtEIM_FyAln3eBHz3ntr4	130
$yjRzNi0Lf7YmTrvl8PJ27dIagbzxpdQAxu1a2qnpVRE	130
$pWCKYU5wjXosAj-f4nMebqvLjfePvbeiPtYlOuoteRs	130
$OHbQDOKirY2HtHqvTX-hws4Xu-DzdC13hfbrGtYAgXw	130
$37mr-j9ODzNjk_XaJ1av3S0LpmfAkQWiCCBrOZx1LjA	130
$wQnou8r6NCWwzNJfjat0e1R6VzxjW9q35Rww3oI8pqo	130
$oWART5TE3bFd7omOgO63F-io8ZB1H3hKjq1thGjFEwM	130
$e8srpJcKwv7bubgAQF9exPSNzf1vFXTDHPe3jfY5Aek	130
$yAZlyrgetJNCY8nW6Qlt3gZ-sraBcR9VKSu1UhD0bvo	130
$wNkgTMblKbEiPZ2uultuC8xuzaaO_dwV9Q8unY79IxA	125
$YVXyaByz7fhy150xdruNE879BtW5klj_WDKoS4XsGnY	125
$kSqtOez012ZpmELHtRmRLAcZ6eDqPtMtZFwVzIjXOJQ	125
$3pr6w-dY4LFA1bq0gZJI9yrK3dxo4o6SKQ-LcJnPBz4	125
$AbRCYXMFmAubdqYq-s4VEZvnYEk9YieIxBpZIfPngoE	125
$xzWO5ZmteWX1dLWjKshaJF_959fM5XPV_j63exi7Rg4	125
$vLDNkGntU6Y1RdLCW57mxo33y2ZtPcq-KuirRs_ApqY	125
$dgPQn7GA_1KgjySM5CP1IL_4OuwK1IJtNUBu0_jp6zM	125
$QNn9T_HFWnhOe7BXWvbFMq9DBHxXuKjmzymaM-vIiC4	125
$umtVW0TIOZdMzYcqYXh59oCW3-xahvo0QC6nHCFJdaU	125
$Jk6uXXHtYUyycNgfTD6YDfc1VLTRVMYI9-NWPZi_j1E	125
$2HJKtb5qLapQNnGC7PlC2pKGMyM6OP0yvE8t6tNFXFU	125
$f-cHtS029jrBTsUD6jwaGZsRf9sa7w0m8jeo8fCcib0	125
$7rWHCcfCCs49gXzf9aXyT9Btiu-gLyqrBEstoRvUtXk	125
$h3_C07WVa1Kq-qJ6qyYbJ0LdG9gKQAxFu7lEK-p3_tc	125
\.


--
-- Data for Name: event_txn_id; Type: TABLE DATA; Schema: public; Owner: synapse
--

COPY public.event_txn_id (event_id, room_id, user_id, token_id, txn_id, inserted_ts) FROM stdin;
$AbRCYXMFmAubdqYq-s4VEZvnYEk9YieIxBpZIfPngoE	!FzTtpSkXWMPYBKHUQN:localhost	@user1.matrix:localhost	62	m.1681307924879	1681307925059
$xzWO5ZmteWX1dLWjKshaJF_959fM5XPV_j63exi7Rg4	!FzTtpSkXWMPYBKHUQN:localhost	@user1.matrix:localhost	63	m.1681308003452	1681308003532
$vLDNkGntU6Y1RdLCW57mxo33y2ZtPcq-KuirRs_ApqY	!FzTtpSkXWMPYBKHUQN:localhost	@user1.matrix:localhost	64	m.1681308914581	1681308914670
$dgPQn7GA_1KgjySM5CP1IL_4OuwK1IJtNUBu0_jp6zM	!FzTtpSkXWMPYBKHUQN:localhost	@user1.matrix:localhost	65	m.1681309188826	1681309188921
$3pr6w-dY4LFA1bq0gZJI9yrK3dxo4o6SKQ-LcJnPBz4	!FzTtpSkXWMPYBKHUQN:localhost	@user1.matrix:localhost	61	m.1681307794208	1681307794348
$QNn9T_HFWnhOe7BXWvbFMq9DBHxXuKjmzymaM-vIiC4	!FzTtpSkXWMPYBKHUQN:localhost	@user1.matrix:localhost	66	m.1681309425443	1681309425531
\.


--
-- Data for Name: events; Type: TABLE DATA; Schema: public; Owner: synapse
--

COPY public.events (topological_ordering, event_id, type, room_id, content, unrecognized_keys, processed, outlier, depth, origin_server_ts, received_ts, sender, contains_url, instance_name, stream_ordering, state_key, rejection_reason) FROM stdin;
1	$c4I4FYRPIltfSw8Wf6w1NWiI0mLCN0eVcYuMsCyqiS4	m.room.create	!FzTtpSkXWMPYBKHUQN:localhost	\N	\N	t	f	1	1675956617863	1675956617959	@admin:localhost	f	master	2		\N
2	$IU1ZxuT0Nte99MGUdW5IhEVc_pVMkrUEqjP5xs27dVs	m.room.member	!FzTtpSkXWMPYBKHUQN:localhost	\N	\N	t	f	2	1675956618047	1675956618127	@admin:localhost	f	master	3	@admin:localhost	\N
3	$1kn0z5XFW6tgZeQlEjEweLSJX_vv-w54n3uMagFyz9o	m.room.power_levels	!FzTtpSkXWMPYBKHUQN:localhost	\N	\N	t	f	3	1675956618184	1675956618547	@admin:localhost	f	master	4		\N
4	$CgLbWRULI45y2D98z5CUQGfnpkIanhBTri6Qgk2FtZI	m.room.canonical_alias	!FzTtpSkXWMPYBKHUQN:localhost	\N	\N	t	f	4	1675956618243	1675956618547	@admin:localhost	f	master	5		\N
5	$MjPoUIyI-4SLUb_2CX0SN6Cq4siLSpO81XmSX0Tt1Ag	m.room.join_rules	!FzTtpSkXWMPYBKHUQN:localhost	\N	\N	t	f	5	1675956618273	1675956618547	@admin:localhost	f	master	6		\N
6	$eaTE2oVse5UGe2gxU6bH4McqUJFwuNN8UMpxUnfeCzc	m.room.history_visibility	!FzTtpSkXWMPYBKHUQN:localhost	\N	\N	t	f	6	1675956618289	1675956618547	@admin:localhost	f	master	7		\N
7	$Z8l2x75Ktp4i5ZFSxqQHoicfewpQOJ2yKoIXvdXGGL4	m.room.name	!FzTtpSkXWMPYBKHUQN:localhost	\N	\N	t	f	7	1675956618677	1675956618821	@admin:localhost	f	master	8		\N
1	$gyvaweguHrwLjB1B_41QMnzSUMHQGbQmTALeOOMmWfU	m.room.create	!pYSbiOyjMFsKNxSMyi:localhost	\N	\N	t	f	1	1675956696635	1675956696672	@admin:localhost	f	master	9		\N
2	$hZ3X11MNOocXcrcCNowWncNXGOcKtKz2Yuy15DpSX9Y	m.room.member	!pYSbiOyjMFsKNxSMyi:localhost	\N	\N	t	f	2	1675956696749	1675956696783	@admin:localhost	f	master	10	@admin:localhost	\N
3	$EgLH6XFurmJirUH4D5Zkm8y1WyPdrFX2SSko4S0-7hQ	m.room.power_levels	!pYSbiOyjMFsKNxSMyi:localhost	\N	\N	t	f	3	1675956696839	1675956697144	@admin:localhost	f	master	11		\N
4	$6A1pwZ_SweaaUsjoN5q44E3waqx9e_BX_Vch4BXsSMc	m.room.canonical_alias	!pYSbiOyjMFsKNxSMyi:localhost	\N	\N	t	f	4	1675956696896	1675956697144	@admin:localhost	f	master	12		\N
5	$tkoiHC3Vf1zAnFhhvTe60NQ7m3nRNvT1ILxtf8O8Tdc	m.room.join_rules	!pYSbiOyjMFsKNxSMyi:localhost	\N	\N	t	f	5	1675956696912	1675956697144	@admin:localhost	f	master	13		\N
6	$W2bBymarQF5AVOanxoytGxta4UVf4fhh6doJw6GmsQ0	m.room.history_visibility	!pYSbiOyjMFsKNxSMyi:localhost	\N	\N	t	f	6	1675956696928	1675956697144	@admin:localhost	f	master	14		\N
7	$YSS-8MMEgCETq_EouYM-mm0KiVKGloqtULWeqmdQKZg	m.room.name	!pYSbiOyjMFsKNxSMyi:localhost	\N	\N	t	f	7	1675956697215	1675956697328	@admin:localhost	f	master	15		\N
8	$0RmvI0B1zTbePI4eCXXUO_9tJQY2XcOy4Kt4FqYQ-Yk	m.room.member	!pYSbiOyjMFsKNxSMyi:localhost	\N	\N	t	f	8	1675956825837	1675956825870	@user1.matrix:localhost	f	master	16	@user1.matrix:localhost	\N
8	$FSGyxWobRbm3XPzA_RJTfx_wFyj7eioybzttjovTej0	m.room.member	!FzTtpSkXWMPYBKHUQN:localhost	\N	\N	t	f	8	1675956838410	1675956838438	@user1.matrix:localhost	f	master	17	@user1.matrix:localhost	\N
9	$3iFc4KVKwTYBpN8T8PyFgNCDxXkCtJF5qS1nJbulpmU	m.room.member	!FzTtpSkXWMPYBKHUQN:localhost	\N	\N	t	f	9	1676646214039	1676646214116	@matterbot:localhost	f	master	18	@matterbot:localhost	\N
9	$f8S-mPLHMnruZFOTih-IYlCoYILk6A_BPx3dtO79ubI	m.room.member	!pYSbiOyjMFsKNxSMyi:localhost	\N	\N	t	f	9	1676646214037	1676646214116	@matterbot:localhost	f	master	19	@matterbot:localhost	\N
10	$Q7qpUYZra7SmdftawkKRrQilka-WlRBbgKYybv2QRls	m.room.member	!pYSbiOyjMFsKNxSMyi:localhost	\N	\N	t	f	10	1676646295913	1676646295981	@matterbot:localhost	f	master	21	@matterbot:localhost	\N
10	$o5ttVgA4qLDCRoIxN9qyVPOLj9QUajTOF3D_U8es57Y	m.room.member	!FzTtpSkXWMPYBKHUQN:localhost	\N	\N	t	f	10	1676646295905	1676646295985	@matterbot:localhost	f	master	20	@matterbot:localhost	\N
11	$ws9UuWLPn8VzHbofyg3g8AQK-aYsdD2iv6woyWt3sEw	m.room.message	!pYSbiOyjMFsKNxSMyi:localhost	\N	\N	t	f	11	1676646372672	1676646372767	@matterbot:localhost	f	master	22	\N	\N
11	$EeKexStxnjQMJwZnkxIZRNXLdggHQGqT_RJYm1xCocU	m.room.member	!FzTtpSkXWMPYBKHUQN:localhost	\N	\N	t	f	11	1678032935186	1678032935249	@admin:localhost	f	master	23	@mm_user1.mm:localhost	\N
12	$ZPGmNdM7zvGVfx5_posO0xAJ7C6aAnDZavYGV23i3eM	m.room.member	!FzTtpSkXWMPYBKHUQN:localhost	\N	\N	t	f	12	1678032935470	1678032935542	@mm_user1.mm:localhost	f	master	24	@mm_user1.mm:localhost	\N
13	$ls5AzJlLTu3Alykxvj5L99HqOQsi7cUGH7wVb-IqErQ	m.room.message	!FzTtpSkXWMPYBKHUQN:localhost	\N	\N	t	f	13	1678032937746	1678032937838	@mm_user1.mm:localhost	f	master	25	\N	\N
12	$nFwL1txBnk2dj72aBWqthTGHrC-kv7CYWMt3cwz8qgw	m.room.message	!pYSbiOyjMFsKNxSMyi:localhost	\N	\N	t	f	12	1678032959618	1678032959682	@user1.matrix:localhost	f	master	26	\N	\N
14	$DRO5TAucLHxvrlJ47kjeEKQiKn1D0J-pwsDdrExDhfM	m.room.name	!FzTtpSkXWMPYBKHUQN:localhost	\N	\N	t	f	14	1678033164649	1678033164684	@admin:localhost	f	master	27		\N
15	$hXzRSYfNTLUmjRz8EgsrekOmklfOoUQ9NKx0vS1AmTk	m.room.message	!FzTtpSkXWMPYBKHUQN:localhost	\N	\N	t	f	15	1678033228922	1678033228962	@mm_user1.mm:localhost	f	master	28	\N	\N
16	$fbEIs1FPebLFup8Sm4TvsnGt3OqnXO125KPufsX6e4E	m.room.message	!FzTtpSkXWMPYBKHUQN:localhost	\N	\N	t	f	16	1678033249737	1678033249794	@admin:localhost	f	master	29	\N	\N
17	$ggCddRubeCPps5yMhlY-9Ib0RvBhwUJy716vZvf32Oo	m.room.message	!FzTtpSkXWMPYBKHUQN:localhost	\N	\N	t	f	17	1678033315210	1678033315237	@user1.matrix:localhost	f	master	30	\N	\N
1	$8JzwefAwHCl96ZlTja5b5rV-MxH_1T91x6Yl6vKYGSg	m.room.create	!AHOiTmgdxQzlhIOUsy:localhost	\N	\N	t	f	1	1678033569475	1678033569595	@admin:localhost	f	master	31		\N
2	$2AEp1hOUUsulI8Zc2ISpcmI9VmKuftWZdClPUSC_mD4	m.room.member	!AHOiTmgdxQzlhIOUsy:localhost	\N	\N	t	f	2	1678033569732	1678033569807	@admin:localhost	f	master	32	@admin:localhost	\N
3	$425aYo_LNE95R3HHpQZSk0MGS0CjqhCPkp0DJvtMk5M	m.room.power_levels	!AHOiTmgdxQzlhIOUsy:localhost	\N	\N	t	f	3	1678033569956	1678033570321	@admin:localhost	f	master	33		\N
4	$z1GwtHO3iyw6MvOYBxrwIdl_jvUlP6_Bn6yFfE9P2aI	m.room.canonical_alias	!AHOiTmgdxQzlhIOUsy:localhost	\N	\N	t	f	4	1678033570034	1678033570321	@admin:localhost	f	master	34		\N
5	$Ww-5pR04rXtgZleTLBj7vJSR1LGkC3tZ5Zuaxqazwek	m.room.join_rules	!AHOiTmgdxQzlhIOUsy:localhost	\N	\N	t	f	5	1678033570055	1678033570321	@admin:localhost	f	master	35		\N
6	$LmDzEqXVjmgNKIk52bhBmbosSuVDk32P02nhwggY0RM	m.room.history_visibility	!AHOiTmgdxQzlhIOUsy:localhost	\N	\N	t	f	6	1678033570065	1678033570321	@admin:localhost	f	master	36		\N
7	$sFv4HsuqMN9A0Wl_Bb1tZ-I7Kgdtxe83YsRaNWowWDM	m.room.name	!AHOiTmgdxQzlhIOUsy:localhost	\N	\N	t	f	7	1678033570448	1678033570599	@admin:localhost	f	master	37		\N
8	$xOF81meT9KSyhw3dY5FjCzADSBULEj6OoQaHM9DWtMY	m.room.member	!AHOiTmgdxQzlhIOUsy:localhost	\N	\N	t	f	8	1678033570821	1678033570877	@admin:localhost	f	master	38	@matterbot:localhost	\N
9	$cgYituIGJ7X54S5-Ax3C5u2yLwCnf99x2VbMmy0YD3w	m.room.member	!AHOiTmgdxQzlhIOUsy:localhost	\N	\N	t	f	9	1678033706272	1678033706315	@matterbot:localhost	f	master	39	@matterbot:localhost	\N
11	$jiXC1l1ou9Ti0I7CV7PJrsVblqsrb9dPQentqZqLBys	m.room.member	!AHOiTmgdxQzlhIOUsy:localhost	\N	\N	t	f	11	1678033763086	1678033763129	@mm_user1.mm:localhost	f	master	41	@mm_user1.mm:localhost	\N
10	$hgeuyu5_SLbd99TLf-m4kSUM8l1Jy-W4XmhdQGO2rr0	m.room.member	!AHOiTmgdxQzlhIOUsy:localhost	\N	\N	t	f	10	1678033762706	1678033762807	@admin:localhost	f	master	40	@mm_user1.mm:localhost	\N
12	$v3jGyApp70gdwh4Il9oB6nRxdyr-zF1Nt9w5VRI1Em4	m.room.message	!AHOiTmgdxQzlhIOUsy:localhost	\N	\N	t	f	12	1678033769274	1678033769341	@mm_user1.mm:localhost	f	master	42	\N	\N
14	$95vJ25qtpsri2l4-Ft6bN-NMw1uq9NjdTcLLt_v-cdE	m.room.message	!AHOiTmgdxQzlhIOUsy:localhost	\N	\N	t	f	14	1678033803466	1678033803598	@mm_user1.mm:localhost	f	master	44	\N	\N
13	$ye7ixCV2UmoA3GCF2K5lqNSxMrWwkdvkTSOdQDHy-P0	m.room.member	!AHOiTmgdxQzlhIOUsy:localhost	\N	\N	t	f	13	1678033782282	1678033782332	@user1.matrix:localhost	f	master	43	@user1.matrix:localhost	\N
15	$0XMDIAwJBH-iA7qIReHWRJAwmGiTGGioVtV8KFmJ4_M	m.room.member	!AHOiTmgdxQzlhIOUsy:localhost	\N	\N	t	f	15	1678033936870	1678033936909	@matterbot:localhost	f	master	45	@matterbot:localhost	\N
16	$cy5KlfdXxrxwsh3JYgCvSt79RGqs9e0nqUdGznRRG7c	m.room.message	!AHOiTmgdxQzlhIOUsy:localhost	\N	\N	t	f	16	1678034001410	1678034001456	@user1.matrix:localhost	f	master	46	\N	\N
18	$v8iGN1Nqfe45E9UAlYS-2URhe0VSFqIHY_trb51SesI	m.room.member	!FzTtpSkXWMPYBKHUQN:localhost	\N	\N	t	f	18	1678611367048	1678611367133	@user2.matrix:localhost	f	master	47	@user2.matrix:localhost	\N
19	$0s6lqq-j-E9Nm_LFwUEpeeLWBeDQ75ZYmwrYMoexDwc	m.room.message	!FzTtpSkXWMPYBKHUQN:localhost	\N	\N	t	f	19	1678611372706	1678611372764	@user2.matrix:localhost	f	master	48	\N	\N
20	$0xWeoIOTCY4e3-7ZbZGuokwWQFjVMhIRQNXarqF1pxw	m.room.member	!FzTtpSkXWMPYBKHUQN:localhost	\N	\N	t	f	20	1678611397446	1678611397671	@admin:localhost	f	master	49	@mm_user2.mm:localhost	\N
21	$pdWypCivt0W58tNdti2PPFECr9nY2FHCzPHcq3t7WEY	m.room.member	!FzTtpSkXWMPYBKHUQN:localhost	\N	\N	t	f	21	1678611398194	1678611398457	@mm_user2.mm:localhost	f	master	50	@mm_user2.mm:localhost	\N
13	$Fv99ToyoiCcmIgW4cLLELDhrk41dcIcraArBj2LvaNE	m.room.member	!pYSbiOyjMFsKNxSMyi:localhost	\N	\N	t	f	13	1678611398940	1678611399445	@admin:localhost	f	master	51	@mm_user2.mm:localhost	\N
14	$PdV2tqK4NNZudisUim3L-UFebwMTDKtC4V3oRBsAKNg	m.room.member	!pYSbiOyjMFsKNxSMyi:localhost	\N	\N	t	f	14	1678611399739	1678611399952	@mm_user2.mm:localhost	f	master	52	@mm_user2.mm:localhost	\N
15	$iBD87Nj7pcqWKLj0dW9b0Am9tLGDUsUNgGx_DLCak6c	m.room.member	!pYSbiOyjMFsKNxSMyi:localhost	\N	\N	t	f	15	1679129909975	1679129910111	@admin:localhost	f	master	53	@mm_user1.mm:localhost	\N
16	$Z6q_pHNPM3MSDJqL1coCYtFuO0XvjFyT7uEHW_VzTmI	m.room.member	!pYSbiOyjMFsKNxSMyi:localhost	\N	\N	t	f	16	1679129910325	1679129910389	@mm_user1.mm:localhost	f	master	54	@mm_user1.mm:localhost	\N
17	$XmrlogapQqYj1VfKlSL8vSO2sxNBExeByFQ5f7h9OEU	m.room.message	!pYSbiOyjMFsKNxSMyi:localhost	\N	\N	t	f	17	1679129910934	1679129911032	@mm_user1.mm:localhost	f	master	55	\N	\N
17	$ZbStQfXya3r8-aGQzgeyjM1XexpMdB05yqudqOItZ7Y	m.room.message	!AHOiTmgdxQzlhIOUsy:localhost	\N	\N	t	f	17	1679410054957	1679410055020	@user1.matrix:localhost	f	master	56	\N	\N
18	$Qz3TCt9TZASSCaEgtUMB4UvTNFiNj8xUud69yTLrB1A	m.room.member	!AHOiTmgdxQzlhIOUsy:localhost	\N	\N	t	f	18	1679410201093	1679410201160	@user2.matrix:localhost	f	master	57	@user2.matrix:localhost	\N
19	$4SCBWPaw9DfE1F8UhlHU8tcCgyNMGrdohneVcLXuYzc	m.room.message	!AHOiTmgdxQzlhIOUsy:localhost	\N	\N	t	f	19	1679410216626	1679410216763	@user2.matrix:localhost	f	master	58	\N	\N
20	$slqMcNC5aM4RPcFxUSnvevAVSEwE34tlwYESlS2z7W4	m.room.member	!AHOiTmgdxQzlhIOUsy:localhost	\N	\N	t	f	20	1679410302747	1679410303204	@admin:localhost	f	master	59	@mm_user2.mm:localhost	\N
21	$cWb_bCwCrj6N8hvObwR3Dfe63W634wlYWIy2-UKO28M	m.room.member	!AHOiTmgdxQzlhIOUsy:localhost	\N	\N	t	f	21	1679410303813	1679410303988	@mm_user2.mm:localhost	f	master	60	@mm_user2.mm:localhost	\N
22	$s5oiTl_9b6K-IKMmuviFRxmIeO-uX2MJWYo7ws0AvWs	m.room.message	!AHOiTmgdxQzlhIOUsy:localhost	\N	\N	t	f	22	1679410380540	1679410380772	@mm_user2.mm:localhost	f	master	61	\N	\N
23	$PLSJo_YuSdhcp8Qc1EtpopguS8UaiOZGkIcs_HYhOj4	m.room.message	!AHOiTmgdxQzlhIOUsy:localhost	\N	\N	t	f	23	1679410381454	1679410381555	@mm_user2.mm:localhost	t	master	62	\N	\N
22	$COjzubYZc9gp1UYu3MF9optOH1hKuh6ZOLrP1vwiaW4	m.room.message	!FzTtpSkXWMPYBKHUQN:localhost	\N	\N	t	f	22	1679410491258	1679410491345	@user2.matrix:localhost	t	master	63	\N	\N
23	$keJQHXWi-ZiK2B2FdzQ1IUZ0fzfFBax-gHNp7AR9UWo	m.room.message	!FzTtpSkXWMPYBKHUQN:localhost	\N	\N	t	f	23	1679410503162	1679410503217	@user2.matrix:localhost	f	master	64	\N	\N
24	$jLqj0K8k8IznEp_zldWz_Ezx5RfWpkQZCFKnJyfUBQ8	m.room.member	!FzTtpSkXWMPYBKHUQN:localhost	\N	\N	t	f	24	1679412883283	1679412883369	@user3.matrix:localhost	f	master	65	@user3.matrix:localhost	\N
24	$8L8kolK-08m1wXb1AstqZz_qz_SUzB08YqJZ_kYqWMs	m.room.member	!AHOiTmgdxQzlhIOUsy:localhost	\N	\N	t	f	24	1679412902226	1679412902317	@user3.matrix:localhost	f	master	66	@user3.matrix:localhost	\N
18	$I7bu0SuyZ_d7gNQWqG7B7c9bRaJpJVrKN3Ftzy-ST3o	m.room.member	!pYSbiOyjMFsKNxSMyi:localhost	\N	\N	t	f	18	1679412911820	1679412911876	@user3.matrix:localhost	f	master	67	@user3.matrix:localhost	\N
25	$mmPSR9VqhO1noWGYGbl2whlFTsU1V3PHK_ncCUGnqTc	m.room.message	!AHOiTmgdxQzlhIOUsy:localhost	\N	\N	t	f	25	1679412934743	1679412934779	@user3.matrix:localhost	f	master	68	\N	\N
19	$5_XiqIyj_mv3JlnyqfoTpIDIQ2tdPu3N8U7by84mBXE	m.room.message	!pYSbiOyjMFsKNxSMyi:localhost	\N	\N	t	f	19	1679413133107	1679413133230	@user1.matrix:localhost	t	master	69	\N	\N
20	$91Cmq-17R2sVRCRnizx8fJKL3TLGjsOR0c4Ry3CKGyo	m.room.member	!pYSbiOyjMFsKNxSMyi:localhost	\N	\N	t	f	20	1679413187055	1679413187144	@user2.matrix:localhost	f	master	70	@user2.matrix:localhost	\N
21	$a7zOXKjjr_ueVtYDoa7MhlNoILAsxHrEuNyaJeMg6HQ	m.room.message	!pYSbiOyjMFsKNxSMyi:localhost	\N	\N	t	f	21	1679414296537	1679414296651	@user2.matrix:localhost	f	master	71	\N	\N
1	$V4h-t7Z_ikk8f5J8DFBd6LCzIg27Ls_Cq5SwfTNvF0E	m.room.create	!wGvWnTVpsbEMByNykc:localhost	\N	\N	t	f	1	1679414708789	1679414708848	@mm_user2.mm:localhost	f	master	72		\N
2	$jD3h3ETxg2QK1PtrN6AW6y2kwQsFAQe7srLpSwfPhNg	m.room.member	!wGvWnTVpsbEMByNykc:localhost	\N	\N	t	f	2	1679414708917	1679414708981	@mm_user2.mm:localhost	f	master	73	@mm_user2.mm:localhost	\N
3	$kec4ZazwDdb-ZMxMr8ymwytOs-zGx-8VjOrW00BW_ZA	m.room.power_levels	!wGvWnTVpsbEMByNykc:localhost	\N	\N	t	f	3	1679414709038	1679414709259	@mm_user2.mm:localhost	f	master	74		\N
4	$7btK-y7mZ9nK9LBiSKR03J1T2D334LbUVJkbe2o-CYw	m.room.join_rules	!wGvWnTVpsbEMByNykc:localhost	\N	\N	t	f	4	1679414709091	1679414709259	@mm_user2.mm:localhost	f	master	75		\N
5	$Sw-_lchwyW0pw30wm3AP7MzTQVU56CugEatZVVNGmbA	m.room.history_visibility	!wGvWnTVpsbEMByNykc:localhost	\N	\N	t	f	5	1679414709131	1679414709259	@mm_user2.mm:localhost	f	master	76		\N
6	$83AF6m7uhB3hZQz5lmrPcLy_9huJCm_W9wt7-WQ_VYk	m.room.guest_access	!wGvWnTVpsbEMByNykc:localhost	\N	\N	t	f	6	1679414709142	1679414709259	@mm_user2.mm:localhost	f	master	77		\N
7	$MIJv8SIPMQ5955dHrWtYlemxtCwV0f4tqf-i_3dQVns	m.room.member	!wGvWnTVpsbEMByNykc:localhost	\N	\N	t	f	7	1679414709355	1679414709460	@mm_user2.mm:localhost	f	master	78	@matterbot:localhost	\N
8	$bwBAv8SR7RG8_oUvZFU0lU5iPNq8aNv-mxr6MW9PztU	m.room.member	!wGvWnTVpsbEMByNykc:localhost	\N	\N	t	f	8	1679414709584	1679414709651	@mm_user2.mm:localhost	f	master	79	@user2.matrix:localhost	\N
12	$a4Ou4JTKZxwllI40a4CS36DcmTYOyQFqH-r06D49gAg	m.room.message	!wGvWnTVpsbEMByNykc:localhost	\N	\N	t	f	12	1679414756941	1679414757029	@user2.matrix:localhost	f	master	83	\N	\N
3	$1tmD6lvkYEIlbb5awAzEuSw6acgFDp21uA4450asM6M	m.room.power_levels	!KBqzwXdLtXZopjBikg:localhost	\N	\N	t	f	3	1679414869828	1679414870283	@user2.matrix:localhost	f	master	87		\N
4	$6qBmbp-ZfOQMsOgVGcf1da8QrUWLTBmULjDBY8xnQDc	m.room.join_rules	!KBqzwXdLtXZopjBikg:localhost	\N	\N	t	f	4	1679414869884	1679414870283	@user2.matrix:localhost	f	master	88		\N
5	$jgk7UOdyP6mp8rwKMOqqupF6sWOPwnMorSa67AYZ9A0	m.room.history_visibility	!KBqzwXdLtXZopjBikg:localhost	\N	\N	t	f	5	1679414869906	1679414870283	@user2.matrix:localhost	f	master	89		\N
6	$RE6G8a-zySUuohhp6UFLrBJ4ROulO2pvp_K_476Q-lY	m.room.guest_access	!KBqzwXdLtXZopjBikg:localhost	\N	\N	t	f	6	1679414869931	1679414870283	@user2.matrix:localhost	f	master	90		\N
9	$VaarpFJs6_0c2wYxJdAYq1G8uznJdufYfnCfjuqvI_M	m.room.member	!KBqzwXdLtXZopjBikg:localhost	\N	\N	t	f	9	1679414872131	1679414872240	@matterbot:localhost	f	master	93	@matterbot:localhost	\N
2	$8d4e-CjuEEdRj8aSFNq0yHpo_JxouT8tHUVX8HfS4oc	m.room.member	!vDRByArErEHuGOOJxE:localhost	\N	\N	t	f	2	1679415001819	1679415001872	@user2.matrix:localhost	f	master	99	@user2.matrix:localhost	\N
8	$AmA--7RkBYVchLC_Tr104AXFweEwn_n7AeoFpptk0iI	m.room.member	!CZMvztYPoMDXZghGjm:localhost	\N	\N	t	f	8	1679415360297	1679415360497	@mm_user2.mm:localhost	f	master	115	@user1.matrix:localhost	\N
10	$mGp05ykxc7iuNGM9nc4QHqFY1mnuCUW_Hq3ocgiZgFg	m.room.member	!CZMvztYPoMDXZghGjm:localhost	\N	\N	t	f	10	1679415361949	1679415362136	@matterbot:localhost	f	master	117	@matterbot:localhost	\N
11	$8QUU4rDWLA_FAyy233e5yz-RKoRz1MMD2e3Dmuyueno	m.room.message	!CZMvztYPoMDXZghGjm:localhost	\N	\N	t	f	11	1679415362379	1679415362437	@mm_user2.mm:localhost	f	master	118	\N	\N
9	$F0LR4DEA3oLcc3k_eNE6_RKKA11yLcsmfO_8qPHHW8Y	m.room.member	!wGvWnTVpsbEMByNykc:localhost	\N	\N	t	f	9	1679414709941	1679414710085	@matterbot:localhost	f	master	80	@matterbot:localhost	\N
2	$pdfBN0Z96G_wbgh4VuNnIiOuwEeEcxbECI1vAE0JEC4	m.room.member	!CZMvztYPoMDXZghGjm:localhost	\N	\N	t	f	2	1679415356957	1679415357150	@mm_user2.mm:localhost	f	master	109	@mm_user2.mm:localhost	\N
10	$DOZehhyD4JGGFtEd922b5xVLGdup3v_MzKBeEQ_JzFE	m.room.message	!wGvWnTVpsbEMByNykc:localhost	\N	\N	t	f	10	1679414710341	1679414710383	@mm_user2.mm:localhost	f	master	81	\N	\N
11	$wTfVj9B1xWTDZGpgTmLF5VwLS4zZnOAoCichsjzrqsI	m.room.member	!wGvWnTVpsbEMByNykc:localhost	\N	\N	t	f	11	1679414746139	1679414746243	@user2.matrix:localhost	f	master	82	@user2.matrix:localhost	\N
13	$ytekxng1JXi96Xdmn-7AeF1m8VLkPtS78IihXa3WZ84	m.room.message	!wGvWnTVpsbEMByNykc:localhost	\N	\N	t	f	13	1679414774326	1679414774444	@user2.matrix:localhost	t	master	84	\N	\N
14	$cqZ1IfNynoUS3KLGis6wJcJp5j-RYl2XluwXAYEGSQQ	m.room.message	!wGvWnTVpsbEMByNykc:localhost	\N	\N	t	f	14	1679414872944	1679414872969	@matterbot:localhost	f	master	95	\N	\N
1	$BzCYUUyIaNg8MGhOw_QYTtD2BuIWdSnks84kegIMIzk	m.room.create	!KBqzwXdLtXZopjBikg:localhost	\N	\N	t	f	1	1679414869433	1679414869504	@user2.matrix:localhost	f	master	85		\N
7	$IZOLJfGYfNnK_aLuKaBOBCTx7SnxrLtHU1f4wTszqzo	m.room.member	!KBqzwXdLtXZopjBikg:localhost	\N	\N	t	f	7	1679414870425	1679414870613	@user2.matrix:localhost	f	master	91	@mm_user2.mm:localhost	\N
10	$lVGc_wB1P8VGJaykW33htFubukWDizH4Xwu5SfKGbn0	m.room.message	!KBqzwXdLtXZopjBikg:localhost	\N	\N	t	f	10	1679414872425	1679414872574	@user2.matrix:localhost	f	master	94	\N	\N
15	$Q6YXU96RlR1dPKmp4iI3R_d2KiWzKnZbMMURN8OqDVE	m.room.member	!wGvWnTVpsbEMByNykc:localhost	\N	\N	t	f	15	1679414873069	1679414873180	@matterbot:localhost	f	master	96	@matterbot:localhost	\N
3	$UL96b2DZHng5g_OXTbE0nBq-yL1Vv1SUxB3wRg5Nqsw	m.room.power_levels	!vDRByArErEHuGOOJxE:localhost	\N	\N	t	f	3	1679415001986	1679415002510	@user2.matrix:localhost	f	master	100		\N
4	$XLGuUcPmbE5vRHADIEfcDA5P4qTClMO9Xn9ircCdTUg	m.room.join_rules	!vDRByArErEHuGOOJxE:localhost	\N	\N	t	f	4	1679415002077	1679415002510	@user2.matrix:localhost	f	master	101		\N
5	$7y6Y35EbOlNtACU1RM3BCrmU7hb9GBXUJEFAI6-9gkg	m.room.history_visibility	!vDRByArErEHuGOOJxE:localhost	\N	\N	t	f	5	1679415002109	1679415002510	@user2.matrix:localhost	f	master	102		\N
6	$-Jddg6JtZ13Om3mZilR7hqtovSNKbu_jCbiDSN9u23M	m.room.guest_access	!vDRByArErEHuGOOJxE:localhost	\N	\N	t	f	6	1679415002133	1679415002510	@user2.matrix:localhost	f	master	103		\N
9	$lihGEzBm6TSVo-fe_WCOuWJNW_OgcaCyBi9g0UDlZoM	m.room.message	!vDRByArErEHuGOOJxE:localhost	\N	\N	t	f	9	1679415004688	1679415004733	@user2.matrix:localhost	f	master	106	\N	\N
10	$0LNMKjea0zgdHTDMe3B3fmAnzNxu72ULA7HsNOs1pHw	m.room.member	!vDRByArErEHuGOOJxE:localhost	\N	\N	t	f	10	1679415043117	1679415043186	@user1.matrix:localhost	f	master	107	@user1.matrix:localhost	\N
1	$Z8Uf7knMci62YkFiphxCZI55avAa7X64_K1l9SJ-dqQ	m.room.create	!CZMvztYPoMDXZghGjm:localhost	\N	\N	t	f	1	1679415356119	1679415356508	@mm_user2.mm:localhost	f	master	108		\N
7	$JHQCf63sTH6Vjufjj8sai_9QWCkwlbiKAUP0crmtihU	m.room.member	!CZMvztYPoMDXZghGjm:localhost	\N	\N	t	f	7	1679415359351	1679415359658	@mm_user2.mm:localhost	f	master	114	@matterbot:localhost	\N
2	$_E-EZa8gdS-_4F2CasYTKomuDixia3fJ1R-Wu2xx_CQ	m.room.member	!KBqzwXdLtXZopjBikg:localhost	\N	\N	t	f	2	1679414869626	1679414869689	@user2.matrix:localhost	f	master	86	@user2.matrix:localhost	\N
7	$PtKNK0cvGyJhBT-BIAFZs4gDvODQiScnlQFqLmWKqNc	m.room.member	!vDRByArErEHuGOOJxE:localhost	\N	\N	t	f	7	1679415002717	1679415002892	@user2.matrix:localhost	f	master	104	@user1.matrix:localhost	\N
9	$EVIMbY1fZLGzs0Xp19eKjkS2aizDSYFoS8Wzj42_LQI	m.room.member	!CZMvztYPoMDXZghGjm:localhost	\N	\N	t	f	9	1679415361177	1679415361750	@mm_user2.mm:localhost	f	master	116	@user2.matrix:localhost	\N
8	$ZHUq2VN0HpuE5oJi6l_3Uh8aLOuQmXN5WDqUyhjy8Vw	m.room.member	!KBqzwXdLtXZopjBikg:localhost	\N	\N	t	f	8	1679414870911	1679414871189	@user2.matrix:localhost	f	master	92	@matterbot:localhost	\N
1	$2rWHZ1dTRYXYOGEBkYy9w4xQNGND9i5euMRpJJww04o	m.room.create	!vDRByArErEHuGOOJxE:localhost	\N	\N	t	f	1	1679415001569	1679415001694	@user2.matrix:localhost	f	master	98		\N
8	$QvV8o1KjtX_tArxR1zwHZepfVa9NB03-81BjGpKxo9M	m.room.member	!vDRByArErEHuGOOJxE:localhost	\N	\N	t	f	8	1679415003094	1679415003351	@user2.matrix:localhost	f	master	105	@user3.matrix:localhost	\N
11	$oXOzZ4Ab8mINVphaBVipRGmM3Z5L676RivBDayNaxj8	m.room.message	!KBqzwXdLtXZopjBikg:localhost	\N	\N	t	f	11	1679414884124	1679414884178	@user2.matrix:localhost	f	master	97	\N	\N
3	$Oxivd8PnLITfhmuJ0pPdRRyMngE_kr3tbyIkDTT8_-o	m.room.power_levels	!CZMvztYPoMDXZghGjm:localhost	\N	\N	t	f	3	1679415357451	1679415358659	@mm_user2.mm:localhost	f	master	110		\N
4	$eQXATedxlGls7x4dhbO1w3NQRV-9oaR7nqj-pHxGiU4	m.room.join_rules	!CZMvztYPoMDXZghGjm:localhost	\N	\N	t	f	4	1679415357674	1679415358659	@mm_user2.mm:localhost	f	master	111		\N
5	$NEaM4RT_u5IYgHQJXffTluS21pSYxn3Ob3rh6lBPzJk	m.room.history_visibility	!CZMvztYPoMDXZghGjm:localhost	\N	\N	t	f	5	1679415357728	1679415358659	@mm_user2.mm:localhost	f	master	112		\N
6	$n4SLSzegw2_2XZuYVHMaBqQM0y0XXHqIEc6-sUt5lyo	m.room.guest_access	!CZMvztYPoMDXZghGjm:localhost	\N	\N	t	f	6	1679415357874	1679415358659	@mm_user2.mm:localhost	f	master	113		\N
12	$jqog1KTVZdbZSwVzHyAI1GAzMymJrQgDaEx7zSDIuvw	m.room.member	!CZMvztYPoMDXZghGjm:localhost	\N	\N	t	f	12	1679415366912	1679415367023	@user2.matrix:localhost	f	master	119	@user2.matrix:localhost	\N
13	$LwCMrUFKLRRfUwxX_bj8hMYLg15fXGwOuu2QDPdjcHY	m.room.member	!CZMvztYPoMDXZghGjm:localhost	\N	\N	t	f	13	1679415392839	1679415392919	@user1.matrix:localhost	f	master	120	@user1.matrix:localhost	\N
1	$TV4MVQPx61vM41xEXo5UuJRdzeBIjcqclWUsGWNacYM	m.room.create	!mjuhEfzSkeOAWJqsoF:localhost	\N	\N	t	f	1	1679416091875	1679416091919	@user2.matrix:localhost	f	master	121		\N
2	$06Um82m6RzKMOebWv0lcKQOaSvr6C10y6QA2Snc_R0I	m.room.member	!mjuhEfzSkeOAWJqsoF:localhost	\N	\N	t	f	2	1679416091983	1679416092019	@user2.matrix:localhost	f	master	122	@user2.matrix:localhost	\N
3	$csK689aRZ89elBgFJKAWBiNKhwnp635K09OhhnXruek	m.room.power_levels	!mjuhEfzSkeOAWJqsoF:localhost	\N	\N	t	f	3	1679416092086	1679416092336	@user2.matrix:localhost	f	master	123		\N
4	$WRC3DV_k1RkC4oedKmIL5Gi3JgPmcv4vcT615tEnu8M	m.room.join_rules	!mjuhEfzSkeOAWJqsoF:localhost	\N	\N	t	f	4	1679416092132	1679416092336	@user2.matrix:localhost	f	master	124		\N
5	$gfpOuJZriCh7xj2c1m5EnJfNW1LjpsjRlCI91G-Fpv8	m.room.history_visibility	!mjuhEfzSkeOAWJqsoF:localhost	\N	\N	t	f	5	1679416092144	1679416092336	@user2.matrix:localhost	f	master	125		\N
6	$gn9BJ39HJ5v_qwj0jcIRfiLcgvbMbDnBRAfEJMS4RUI	m.room.guest_access	!mjuhEfzSkeOAWJqsoF:localhost	\N	\N	t	f	6	1679416092156	1679416092336	@user2.matrix:localhost	f	master	126		\N
7	$8T5cGFOjiTe4zjIYX9tmzFfae8WV6TVvUpmBmV2carA	m.room.member	!mjuhEfzSkeOAWJqsoF:localhost	\N	\N	t	f	7	1679416092428	1679416092531	@user2.matrix:localhost	f	master	127	@matterbot:localhost	\N
8	$wKoDxwAtZ46KFnzdR2bV-nE-gCX8oSTpE4qkJq_05QE	m.room.member	!mjuhEfzSkeOAWJqsoF:localhost	\N	\N	t	f	8	1679416092631	1679416092733	@user2.matrix:localhost	f	master	128	@mm_user2.mm:localhost	\N
9	$5j9APu_03G5KZMO9hHc9AdVNHD7TfIlrfU87LHEi5aA	m.room.member	!mjuhEfzSkeOAWJqsoF:localhost	\N	\N	t	f	9	1679416093032	1679416093148	@matterbot:localhost	f	master	129	@matterbot:localhost	\N
10	$BQVp9srvRZxHcxl1NQzXpHjcHVZub1wZMinz-XO9KJE	m.room.message	!mjuhEfzSkeOAWJqsoF:localhost	\N	\N	t	f	10	1679416093434	1679416093491	@user2.matrix:localhost	f	master	130	\N	\N
12	$ZAMV9PqrMcGH2UX-eqpPfSVfJ7UDcOelwl3-gln6nco	m.room.message	!KBqzwXdLtXZopjBikg:localhost	\N	\N	t	f	12	1679416093804	1679416093834	@matterbot:localhost	f	master	131	\N	\N
13	$SfEuZPwDHWx4dsnQKRsLDI7Qwgt-Q84vGhE1THOba3s	m.room.member	!KBqzwXdLtXZopjBikg:localhost	\N	\N	t	f	13	1679416093894	1679416094017	@matterbot:localhost	f	master	132	@matterbot:localhost	\N
11	$r5MeySk4n_UL67iTjPp-RpDnYLITxLfuuSFi65ef9NQ	m.room.message	!mjuhEfzSkeOAWJqsoF:localhost	\N	\N	t	f	11	1679416132360	1679416132391	@user2.matrix:localhost	f	master	133	\N	\N
12	$ZeOHUFxCYyrcXwwm5xcXycqdVTRt5tdY0zbyZ-uR_fQ	m.room.message	!mjuhEfzSkeOAWJqsoF:localhost	\N	\N	t	f	12	1679416148418	1679416148458	@user2.matrix:localhost	f	master	134	\N	\N
25	$h_nukybUUUM97KIexy-iMvsAatn74tnaz5IRgopPmkc	m.room.message	!FzTtpSkXWMPYBKHUQN:localhost	\N	\N	t	f	25	1681109860236	1681109860311	@user1.matrix:localhost	f	master	135	\N	\N
26	$fxfMGOp0AHYZy5pmcMgdjV1cy_kcfuMgBbWYzp84Rbk	m.room.message	!FzTtpSkXWMPYBKHUQN:localhost	\N	\N	t	f	26	1681109877742	1681109877823	@mm_user2.mm:localhost	f	master	136	\N	\N
27	$in52dToVUVIA1dLRam8a57SvQ8dYnHstA6FK0mNdqNo	m.room.redaction	!FzTtpSkXWMPYBKHUQN:localhost	\N	\N	t	f	27	1681109894225	1681109894262	@mm_user2.mm:localhost	f	master	137	\N	\N
28	$ESb8M8zzCsTTuM2_aTjr7gchlzU1eLJxVMEx6T-jTEE	m.room.message	!FzTtpSkXWMPYBKHUQN:localhost	\N	\N	t	f	28	1681109921222	1681109921369	@user1.matrix:localhost	f	master	138	\N	\N
29	$SXn00XEaf6vcH7EfF-hxrnKJ34geyleE-2HFWaQW5ag	m.room.redaction	!FzTtpSkXWMPYBKHUQN:localhost	\N	\N	t	f	29	1681109934894	1681109934920	@user1.matrix:localhost	f	master	139	\N	\N
30	$6gxkrvEOHIMVYq7kxmB942wCBkaZKqIC95Jzk-CISp0	m.room.message	!FzTtpSkXWMPYBKHUQN:localhost	\N	\N	t	f	30	1681109996715	1681109996751	@user1.matrix:localhost	f	master	140	\N	\N
31	$tCegiyn_qp9r9cWvinmzuiK_97-qv69NU7CGuF2CDAw	m.room.message	!FzTtpSkXWMPYBKHUQN:localhost	\N	\N	t	f	31	1681110096550	1681110096664	@user1.matrix:localhost	f	master	141	\N	\N
32	$MsUAygSGOybNZLwQY0HO7oA7UTvwZ4HjS-dSTebRryE	m.room.redaction	!FzTtpSkXWMPYBKHUQN:localhost	\N	\N	t	f	32	1681110112411	1681110112438	@user1.matrix:localhost	f	master	142	\N	\N
33	$Bo4JLPALQcShbeeEkpMatIB_6vxlLouq8IJQ55O6b-A	m.room.message	!FzTtpSkXWMPYBKHUQN:localhost	\N	\N	t	f	33	1681110155369	1681110155469	@mm_user2.mm:localhost	f	master	143	\N	\N
34	$1UPai0X6mkxZhcQOCpH1AB3C8_5iGG4irBlPGM8vX60	m.room.redaction	!FzTtpSkXWMPYBKHUQN:localhost	\N	\N	t	f	34	1681110187877	1681110187955	@mm_user2.mm:localhost	f	master	144	\N	\N
35	$w3py3S7l8-xbpdWz2joQqREyFoNoE5jE2HGz1J8AFIY	m.room.message	!FzTtpSkXWMPYBKHUQN:localhost	\N	\N	t	f	35	1681110199621	1681110199678	@user1.matrix:localhost	f	master	145	\N	\N
36	$KoX2hU-P1VybDOXpAKm_myFst0pkCN0MKKBLGLQqovE	m.room.redaction	!FzTtpSkXWMPYBKHUQN:localhost	\N	\N	t	f	36	1681110206189	1681110206215	@user1.matrix:localhost	f	master	146	\N	\N
37	$Qc1DVNbHoeyAoragn3t3lSrm2IvTk9wMJBJYKliD3WM	m.room.message	!FzTtpSkXWMPYBKHUQN:localhost	\N	\N	t	f	37	1681110350705	1681110350743	@user1.matrix:localhost	f	master	147	\N	\N
38	$gHwGynQdqAEWelKTu66zWCE1fVp0M2RgK6P6QoTJV70	m.room.redaction	!FzTtpSkXWMPYBKHUQN:localhost	\N	\N	t	f	38	1681110357769	1681110357815	@user1.matrix:localhost	f	master	148	\N	\N
39	$-HKoRby_s8G544Ao_KR_BtaomPp7O4vgmWHflG33bX4	m.room.message	!FzTtpSkXWMPYBKHUQN:localhost	\N	\N	t	f	39	1681110670693	1681110670725	@mm_user2.mm:localhost	f	master	149	\N	\N
40	$EaVQiabvSs7WDhnMGeCso5JvAzW2g_cxxQ4A0x60cO4	m.room.redaction	!FzTtpSkXWMPYBKHUQN:localhost	\N	\N	t	f	40	1681110689407	1681110689444	@mm_user2.mm:localhost	f	master	150	\N	\N
41	$a80ETeoQf4btWpFYbDzXYLNhaJVGclNmo4vt_wr7btQ	m.room.message	!FzTtpSkXWMPYBKHUQN:localhost	\N	\N	t	f	41	1681110739789	1681110739826	@user1.matrix:localhost	f	master	151	\N	\N
44	$-QKjIvbRegc7FLNn1N3abJ7hKjwMdoQrmX6Zbw-ctHA	m.room.message	!FzTtpSkXWMPYBKHUQN:localhost	\N	\N	t	f	44	1681111149872	1681111149913	@mm_user2.mm:localhost	f	master	154	\N	\N
45	$nD3fBVNqotefwe1wSxqLXHxVj_3f00Vj5VNpoUr1ABQ	m.room.redaction	!FzTtpSkXWMPYBKHUQN:localhost	\N	\N	t	f	45	1681111174014	1681111174050	@mm_user2.mm:localhost	f	master	155	\N	\N
49	$Bt1xztPUc6q7sEKol_gzAfl_qts24lsGSR_TcdwgTDE	m.room.redaction	!FzTtpSkXWMPYBKHUQN:localhost	\N	\N	t	f	49	1681111439836	1681111439858	@user1.matrix:localhost	f	master	159	\N	\N
50	$w7lOH1dKKeKeCs6DlAaGGp3yF_P0vEQ3pNmCTx8FcJ8	m.room.message	!FzTtpSkXWMPYBKHUQN:localhost	\N	\N	t	f	50	1681111483340	1681111483377	@mm_user2.mm:localhost	f	master	160	\N	\N
56	$dAaHeBJ3APK3s-d4k6G7DnoO6sQHgToUm-KEqY2ha8o	m.room.redaction	!FzTtpSkXWMPYBKHUQN:localhost	\N	\N	t	f	56	1681111761070	1681111761092	@user1.matrix:localhost	f	master	166	\N	\N
59	$O_xBVr6rmpmuc_gHgPUwAd5jjTiDwPFpFPxlZiXO82E	m.room.redaction	!FzTtpSkXWMPYBKHUQN:localhost	\N	\N	t	f	59	1681111865773	1681111865810	@mm_user2.mm:localhost	f	master	169	\N	\N
10	$oRS_K9WwEjRY1LoGRh6ymmTYBFe4S3jiGLxKdFZq0xo	m.room.member	!mOsaATLFknhUVKMKbF:localhost	\N	\N	t	f	10	1681112422178	1681112422213	@matterbot:localhost	f	master	199	@matterbot:localhost	\N
11	$FWpqQbXQShRFgQ2vWg29OuQTSkDuwx17c6DhUQAfIb8	m.room.message	!mOsaATLFknhUVKMKbF:localhost	\N	\N	t	f	11	1681112422319	1681112422356	@mm_user2.mm:localhost	f	master	200	\N	\N
42	$DJW9gvwyHhpI2pEcgw6Tv_pHFxJGskUjSwKK1vkAAQ8	m.room.redaction	!FzTtpSkXWMPYBKHUQN:localhost	\N	\N	t	f	42	1681110748535	1681110748562	@user1.matrix:localhost	f	master	152	\N	\N
46	$jy48UF7H1uhnLFtlVfm0J7AQsQzu0md4tudw5nIMe-c	m.room.message	!FzTtpSkXWMPYBKHUQN:localhost	\N	\N	t	f	46	1681111207586	1681111207621	@user1.matrix:localhost	f	master	156	\N	\N
3	$6bHlgH99jQtK-ue9-7g5rvZivsofVViJiR_vh1fGkBA	m.room.power_levels	!cZnmZQFBeDsHEQbFQs:localhost	\N	\N	t	f	3	1681112041454	1681112041577	@admin:localhost	f	master	174		\N
4	$GAY76tMkYhuarSNOWWZqqDw36X1qIacZiQgHquoQtwA	m.room.canonical_alias	!cZnmZQFBeDsHEQbFQs:localhost	\N	\N	t	f	4	1681112041468	1681112041577	@admin:localhost	f	master	175		\N
5	$Jg_lbElh_Ag9z-VOceAlpgofNZg8W8x8HX4n5Ajmu6Y	m.room.join_rules	!cZnmZQFBeDsHEQbFQs:localhost	\N	\N	t	f	5	1681112041469	1681112041577	@admin:localhost	f	master	176		\N
6	$c_oFn9bOCQHYWCw4hjt9zWK3fTqd6CS9ho6797C20x8	m.room.history_visibility	!cZnmZQFBeDsHEQbFQs:localhost	\N	\N	t	f	6	1681112041470	1681112041577	@admin:localhost	f	master	177		\N
7	$J6BFnxxVtwKMBZMazTB3yX8rosc2skmuxAuI4OinjBM	m.room.name	!cZnmZQFBeDsHEQbFQs:localhost	\N	\N	t	f	7	1681112041470	1681112041577	@admin:localhost	f	master	178		\N
43	$sDuUX7k_nGFrr68aq6q-Se4v7PS0UHtb9DCgicckLOk	m.room.message	!FzTtpSkXWMPYBKHUQN:localhost	\N	\N	t	f	43	1681111091512	1681111091577	@mm_user2.mm:localhost	f	master	153	\N	\N
52	$cMDyp45ivGK1L_ShGF__AS8GBLW8-INvJUlELx5CbQ0	m.room.redaction	!FzTtpSkXWMPYBKHUQN:localhost	\N	\N	t	f	52	1681111618083	1681111618111	@mm_user2.mm:localhost	f	master	162	\N	\N
53	$kUxkPt1sGwhzERqEarPnF5jZR9yMsoza124QtMit3tI	m.room.message	!FzTtpSkXWMPYBKHUQN:localhost	\N	\N	t	f	53	1681111635482	1681111635513	@user1.matrix:localhost	f	master	163	\N	\N
57	$F3NqPu2Spf8K4XLXu_0jprZ1pzX7OQgH7jxSdNoTiBc	m.room.message	!FzTtpSkXWMPYBKHUQN:localhost	\N	\N	t	f	57	1681111784743	1681111784847	@mm_user2.mm:localhost	f	master	167	\N	\N
18	$VDgIn68dzLHo_gZ7neRkP0y_cgeUTlGI_ZGO7A-qJHw	m.room.redaction	!cZnmZQFBeDsHEQbFQs:localhost	\N	\N	t	f	18	1681112197215	1681112197237	@user1.matrix:localhost	f	master	189	\N	\N
13	$Vhe96m7lCNGvQXgtlabnFhr_GUgPVpqYOsLd5pxMxxc	m.room.message	!mOsaATLFknhUVKMKbF:localhost	\N	\N	t	f	13	1681112446993	1681112447132	@mm_user2.mm:localhost	f	master	202	\N	\N
47	$xLDxuw8IzaD4a5ksYtyrs83SBfHlqy-w6NU0mHanbPQ	m.room.redaction	!FzTtpSkXWMPYBKHUQN:localhost	\N	\N	t	f	47	1681111216390	1681111216417	@user1.matrix:localhost	f	master	157	\N	\N
48	$vL5Yz3B5LuK3523XAi9kXCV6MChwv_bOVxCvia8FVB4	m.room.message	!FzTtpSkXWMPYBKHUQN:localhost	\N	\N	t	f	48	1681111430493	1681111430531	@user1.matrix:localhost	f	master	158	\N	\N
60	$-W4UZqRjU8NFjYbx9Y5H36lRkKI6-J0E7CW8suzQR9s	m.room.message	!FzTtpSkXWMPYBKHUQN:localhost	\N	\N	t	f	60	1681111875016	1681111875057	@user1.matrix:localhost	f	master	170	\N	\N
2	$DR5VmuWusNClKlyAtCuWLyQC__lzA2aHFKFHP9MMUfk	m.room.member	!cZnmZQFBeDsHEQbFQs:localhost	\N	\N	t	f	2	1681112041374	1681112041411	@admin:localhost	f	master	173	@admin:localhost	\N
8	$7kIusj7_vjnjvM5XRI1_3dU_wgeCRurNbLxWl7Wza64	m.room.member	!cZnmZQFBeDsHEQbFQs:localhost	\N	\N	t	f	8	1681112041646	1681112041736	@admin:localhost	f	master	179	@matterbot:localhost	\N
9	$i7p_9pGUCmPcRci6QowPd0isnxc650XUL0nkZkXIJqI	m.room.member	!mOsaATLFknhUVKMKbF:localhost	\N	\N	t	f	9	1681112421830	1681112421991	@mm_user2.mm:localhost	f	master	198	@matterbot:localhost	\N
51	$cdRz_XhX8_p6tBso0AzQXZq3nCx7Bp6Z2iH-h23-rbc	m.room.message	!FzTtpSkXWMPYBKHUQN:localhost	\N	\N	t	f	51	1681111594775	1681111594827	@mm_user2.mm:localhost	f	master	161	\N	\N
55	$GEtkY16drHOxrPM2y1D6QGAXukFCYxUBTFYt6SSVzlo	m.room.message	!FzTtpSkXWMPYBKHUQN:localhost	\N	\N	t	f	55	1681111752780	1681111752826	@user1.matrix:localhost	f	master	165	\N	\N
10	$LwuV3S_QSzHUfw7pEQBk-n4jquK3n8qlEDA3ZQTkHDI	m.room.member	!cZnmZQFBeDsHEQbFQs:localhost	\N	\N	t	f	10	1681112067465	1681112067731	@admin:localhost	f	master	181	@mm_user2.mm:localhost	\N
54	$EnC2zlKWl4pxmE20WFM5_uuVWd83XP_uOlpod2B1XeQ	m.room.redaction	!FzTtpSkXWMPYBKHUQN:localhost	\N	\N	t	f	54	1681111641770	1681111641794	@user1.matrix:localhost	f	master	164	\N	\N
58	$XVRcXTt62fYwFNjltQCDR4KYxVR2Y5736Y99u4u_Yp8	m.room.message	!FzTtpSkXWMPYBKHUQN:localhost	\N	\N	t	f	58	1681111859099	1681111859135	@mm_user2.mm:localhost	f	master	168	\N	\N
1	$nc1eJdpqNsaDyb3SdIbRwuQPExhfIPzPopcRSNdl3cQ	m.room.create	!cZnmZQFBeDsHEQbFQs:localhost	\N	\N	t	f	1	1681112041248	1681112041308	@admin:localhost	f	master	172		\N
9	$yB_pgWY1MngMlhaqo70bZTnADr2mMUjbkEKY3cjnlqk	m.room.member	!cZnmZQFBeDsHEQbFQs:localhost	\N	\N	t	f	9	1681112041868	1681112041910	@matterbot:localhost	f	master	180	@matterbot:localhost	\N
11	$ZJsRzPjCUHZTNUN_j78KyrW5EVPSKt9Pw_F-tVVvH7k	m.room.member	!cZnmZQFBeDsHEQbFQs:localhost	\N	\N	t	f	11	1681112068449	1681112068524	@mm_user2.mm:localhost	f	master	182	@mm_user2.mm:localhost	\N
16	$MgXIz3NeQBEhrbeF8vsJzjopQxKY0sUcnwnW40fE-1Q	m.room.redaction	!cZnmZQFBeDsHEQbFQs:localhost	\N	\N	t	f	16	1681112179582	1681112179633	@mm_user2.mm:localhost	f	master	187	\N	\N
2	$QC7bXFDxGhDk6yv_4ChjXTMkJ0t0dKySNdOD6sK8xWs	m.room.member	!mOsaATLFknhUVKMKbF:localhost	\N	\N	t	f	2	1681112421499	1681112421523	@mm_user2.mm:localhost	f	master	191	@mm_user2.mm:localhost	\N
61	$Je3iwTVjLB5qWW0D9sP9A7ygLW1F-PKdf_M3hkoXdT0	m.room.redaction	!FzTtpSkXWMPYBKHUQN:localhost	\N	\N	t	f	61	1681111882146	1681111882194	@user1.matrix:localhost	f	master	171	\N	\N
12	$rA5PRb7MjCz1lqKGVcHLZ_4eIRh_5slNnGazl-q0F4w	m.room.message	!cZnmZQFBeDsHEQbFQs:localhost	\N	\N	t	f	12	1681112124231	1681112124433	@mm_user2.mm:localhost	f	master	183	\N	\N
13	$FyOdtUu1pDq9pkxIHuGA8NRmuYwbc56h3FAanha48Hk	m.room.member	!cZnmZQFBeDsHEQbFQs:localhost	\N	\N	t	f	13	1681112138048	1681112138097	@user1.matrix:localhost	f	master	184	@user1.matrix:localhost	\N
14	$R_BTpdLAD-BfJUNWA0gDdMNG4gc8RNi-4QhdtrCsz24	m.room.message	!cZnmZQFBeDsHEQbFQs:localhost	\N	\N	t	f	14	1681112158663	1681112158695	@user1.matrix:localhost	f	master	185	\N	\N
15	$AI66VCbPMZvt2b3tqwhViAQXHs18twqgZhVW103z2sc	m.room.message	!cZnmZQFBeDsHEQbFQs:localhost	\N	\N	t	f	15	1681112169961	1681112170092	@mm_user2.mm:localhost	f	master	186	\N	\N
17	$HUUDVNAe9kYy1-MJRkHq_OmumlsIRsNlMN9OZnLoLm4	m.room.message	!cZnmZQFBeDsHEQbFQs:localhost	\N	\N	t	f	17	1681112189965	1681112190019	@user1.matrix:localhost	f	master	188	\N	\N
1	$SlMhs1Tixs22BdZ3XXqNy9AnhoIY4iemw--vg-i_Lm0	m.room.create	!mOsaATLFknhUVKMKbF:localhost	\N	\N	t	f	1	1681112421355	1681112421419	@mm_user2.mm:localhost	f	master	190		\N
3	$_O7HCNBcIf7TFakcNOXd_OGa-EktXdY7jXFtq-0AuZ4	m.room.power_levels	!mOsaATLFknhUVKMKbF:localhost	\N	\N	t	f	3	1681112421585	1681112421720	@mm_user2.mm:localhost	f	master	192		\N
4	$M668pvJTHPULzOyaFTfazYWkwGgORFCTi0KoC37EWeM	m.room.canonical_alias	!mOsaATLFknhUVKMKbF:localhost	\N	\N	t	f	4	1681112421599	1681112421720	@mm_user2.mm:localhost	f	master	193		\N
5	$ORKiMUdUMVOsbsyJYKmngYgY7DjjpWm4TvnNHjGoyzo	m.room.join_rules	!mOsaATLFknhUVKMKbF:localhost	\N	\N	t	f	5	1681112421599	1681112421720	@mm_user2.mm:localhost	f	master	194		\N
6	$hgqRK-dYe5eYsbxIs8yg30z62yTih79k6lYT3W-FrO0	m.room.history_visibility	!mOsaATLFknhUVKMKbF:localhost	\N	\N	t	f	6	1681112421600	1681112421720	@mm_user2.mm:localhost	f	master	195		\N
7	$NPeyvzf9NsetiIPlSR9A6CS672r3JVsnZYO0nXId2bk	m.room.guest_access	!mOsaATLFknhUVKMKbF:localhost	\N	\N	t	f	7	1681112421600	1681112421720	@mm_user2.mm:localhost	f	master	196		\N
8	$-_npKAXQzDZatyCE982iFmq7-fA6EcpCzljKEwGGWgg	m.room.name	!mOsaATLFknhUVKMKbF:localhost	\N	\N	t	f	8	1681112421601	1681112421720	@mm_user2.mm:localhost	f	master	197		\N
12	$biZp1kn2ycj-NFYzBIsolRQUhuy_Jcdb1TWFXs-wm_M	m.room.member	!mOsaATLFknhUVKMKbF:localhost	\N	\N	t	f	12	1681112441960	1681112442142	@mm_user2.mm:localhost	f	master	201	@user1.matrix:localhost	\N
14	$Y0bkVaMbWG30DJH750qUtZjIwDm6EWGKt22Jikt7ncc	m.room.member	!mOsaATLFknhUVKMKbF:localhost	\N	\N	t	f	14	1681112459627	1681112459708	@user1.matrix:localhost	f	master	203	@user1.matrix:localhost	\N
15	$IurhFVNgogJHFAFqnmsFHryn2y9ekYNHC2LacVsFPKQ	m.room.message	!mOsaATLFknhUVKMKbF:localhost	\N	\N	t	f	15	1681112467873	1681112467904	@user1.matrix:localhost	f	master	204	\N	\N
16	$EDaLEPba2OiPmGvBWlmz-NOHb5g2kUtwgkGzOiirHIY	m.room.message	!mOsaATLFknhUVKMKbF:localhost	\N	\N	t	f	16	1681112485003	1681112485035	@user1.matrix:localhost	f	master	205	\N	\N
17	$scKgIiXOkpnPBXE0aeKk88O6U1i21DNhX9T-JJ7H99s	m.room.redaction	!mOsaATLFknhUVKMKbF:localhost	\N	\N	t	f	17	1681112493646	1681112493669	@user1.matrix:localhost	f	master	206	\N	\N
18	$ZWtfV6VN7cYag1OsVvbeuTNCtBCvyfsFry92Cbxe5AY	m.room.message	!mOsaATLFknhUVKMKbF:localhost	\N	\N	t	f	18	1681112528005	1681112528072	@mm_user2.mm:localhost	f	master	207	\N	\N
19	$CcGczUOKTX_OEsfQVWp2qPlgJwMCRsa25dLU8fT6UH0	m.room.member	!cZnmZQFBeDsHEQbFQs:localhost	\N	\N	t	f	19	1681115131957	1681115131995	@matterbot:localhost	f	master	208	@matterbot:localhost	\N
62	$ANFtdD6RWZZ5mn9HSddP3QH_PVONE9tRAXmjVFh3El4	m.room.message	!FzTtpSkXWMPYBKHUQN:localhost	\N	\N	t	f	62	1681116378992	1681116379054	@admin:localhost	f	master	209	\N	\N
63	$rrY7TdR68vZ9aJnSKLdMXTa0pPj5QE4q-uslBWEy7Nc	m.room.message	!FzTtpSkXWMPYBKHUQN:localhost	\N	\N	t	f	63	1681116551135	1681116551267	@admin:localhost	f	master	210	\N	\N
64	$2-gSqaVfhsICgx85avl8nZkJsTqQLi6sjzrFpiIOu7w	m.room.message	!FzTtpSkXWMPYBKHUQN:localhost	\N	\N	t	f	64	1681119368654	1681119368737	@admin:localhost	f	master	211	\N	\N
65	$E0icxR6fx78u6qj_Nzlpdy6MfUfGz_P1lWXJ8jGdehA	m.room.message	!FzTtpSkXWMPYBKHUQN:localhost	\N	\N	t	f	65	1681122695589	1681122695694	@admin:localhost	f	master	212	\N	\N
66	$dueDnmosbC-T3fwUZNGUj_233-3HgPx_UvJrliNoDxo	m.room.message	!FzTtpSkXWMPYBKHUQN:localhost	\N	\N	t	f	66	1681125370061	1681125370232	@admin:localhost	f	master	213	\N	\N
67	$tvo-gq4fiu7seQGnAyNYPAWgxS1PoE63QhxmxI93Yi8	m.room.message	!FzTtpSkXWMPYBKHUQN:localhost	\N	\N	t	f	67	1681125392757	1681125392820	@admin:localhost	f	master	214	\N	\N
68	$NPMfRdZ1xkWet20xbhM7iL6HIhaPlc-lWpGvqoqEiD0	m.room.message	!FzTtpSkXWMPYBKHUQN:localhost	\N	\N	t	f	68	1681125502102	1681125502138	@admin:localhost	f	master	215	\N	\N
69	$yjrbgMqy4HRuetLlj-Az8RsmRFs-WL5FQzQIZuY3efI	m.room.message	!FzTtpSkXWMPYBKHUQN:localhost	\N	\N	t	f	69	1681125860532	1681125860563	@admin:localhost	f	master	216	\N	\N
70	$cI11OnGjm7vGIw5vs-oij_wEGItyOPwW6hFOZiala1Q	m.room.message	!FzTtpSkXWMPYBKHUQN:localhost	\N	\N	t	f	70	1681127249655	1681127249783	@user1.matrix:localhost	f	master	217	\N	\N
71	$UIptzRMGcHo-OdPEz9kdRsBN7PEYO2a9bhjTwYzL5TU	m.room.message	!FzTtpSkXWMPYBKHUQN:localhost	\N	\N	t	f	71	1681127252578	1681127252853	@user1.matrix:localhost	f	master	218	\N	\N
22	$y4Zq-mQV8ITLLsmk81629YkH48k3sCXvXh5FoYbVOGY	m.room.message	!pYSbiOyjMFsKNxSMyi:localhost	\N	\N	t	f	22	1681127335184	1681127335325	@mm_user1.mm:localhost	f	master	220	\N	\N
72	$nbvYfMEUxfCmnZbQ8NJd2qMAvpJQKSHJCHTOVHisCB8	m.room.message	!FzTtpSkXWMPYBKHUQN:localhost	\N	\N	t	f	72	1681127795173	1681127795211	@admin:localhost	f	master	221	\N	\N
73	$gk3PwrTnshrLNo1GN7MMw6OBgb8vs7zubM6zSFTgXmk	m.room.message	!FzTtpSkXWMPYBKHUQN:localhost	\N	\N	t	f	73	1681127810461	1681127810500	@admin:localhost	f	master	222	\N	\N
74	$7dates6XgZ8OVBmskdckd7nlzKoFe8r1viO_va2zwsw	m.room.message	!FzTtpSkXWMPYBKHUQN:localhost	\N	\N	t	f	74	1681127901785	1681127901818	@admin:localhost	f	master	223	\N	\N
75	$OGdvNKrhZ-EfSfs7rOok6MaY-Pn92zKDcpjAXvKXRgo	m.room.message	!FzTtpSkXWMPYBKHUQN:localhost	\N	\N	t	f	75	1681128165452	1681128165487	@admin:localhost	f	master	224	\N	\N
76	$Q3BFaR981aCJLw5QDoNLb4cMc50D_Mg-gQxosmSpdNI	m.room.message	!FzTtpSkXWMPYBKHUQN:localhost	\N	\N	t	f	76	1681128238450	1681128238500	@admin:localhost	f	master	225	\N	\N
77	$N-67EbAcZGI6086gfHbFUS_Tq5N3z4EBQvtuy8lT4T8	m.room.message	!FzTtpSkXWMPYBKHUQN:localhost	\N	\N	t	f	77	1681128611794	1681128611825	@admin:localhost	f	master	226	\N	\N
78	$gnOJwv6YRzJ-svVvNLGJ1sX58cMj2N_OPOQMu22ATUM	m.room.message	!FzTtpSkXWMPYBKHUQN:localhost	\N	\N	t	f	78	1681128641051	1681128641097	@admin:localhost	f	master	227	\N	\N
79	$gUIhoWrPiyWVUv1x-mtmYtug_e0Ge_xOg9HJT8B8nRY	m.room.message	!FzTtpSkXWMPYBKHUQN:localhost	\N	\N	t	f	79	1681128679717	1681128679742	@admin:localhost	f	master	228	\N	\N
85	$9NlNwKmZDjoqogDVy2hZdDSxrN1Ym0PpxzQkDT8d8ec	m.room.message	!FzTtpSkXWMPYBKHUQN:localhost	\N	\N	t	f	85	1681130350356	1681130350595	@user1.matrix:localhost	f	master	234	\N	\N
86	$FZY2YQfeg4cYxqoshkRnnBUid1d9KREJ3X0Wv9Smdsw	m.room.message	!FzTtpSkXWMPYBKHUQN:localhost	\N	\N	t	f	86	1681130352305	1681130352493	@user1.matrix:localhost	f	master	235	\N	\N
30	$SmN77flnQr15OQrbedna9Y4S9VTlBui7MoJtlRZZyvs	m.room.message	!pYSbiOyjMFsKNxSMyi:localhost	\N	\N	t	f	30	1681135902954	1681135903093	@mm_user1.mm:localhost	f	master	244	\N	\N
90	$17sdx6T-nBaF6BZozfbYq5OYq1vk1-7hAFKSQn8PQEI	m.room.message	!FzTtpSkXWMPYBKHUQN:localhost	\N	\N	t	f	90	1681136822579	1681136822724	@user1.matrix:localhost	f	master	255	\N	\N
80	$sH87kAVdtg-0qOp6e01ncm6081zbKrTd5UESVkbVKlk	m.room.message	!FzTtpSkXWMPYBKHUQN:localhost	\N	\N	t	f	80	1681128726499	1681128726610	@admin:localhost	f	master	229	\N	\N
32	$IQFxW2AclXyjBa4DyFGxJw7vGiSY-6crlHx35kVV0Yg	m.room.message	!pYSbiOyjMFsKNxSMyi:localhost	\N	\N	t	f	32	1681136300609	1681136300648	@mm_user2.mm:localhost	f	master	249	\N	\N
33	$eywY0l5kWTEBz26-Hh06J6ga7FkE4g5_haF5bjF0vyc	m.room.message	!pYSbiOyjMFsKNxSMyi:localhost	\N	\N	t	f	33	1681136414384	1681136414428	@mm_user2.mm:localhost	f	master	250	\N	\N
43	$HAnBRjR5dMWM48mEkzHxKNUIGwieMrjJYKVxf-jld6w	m.room.message	!pYSbiOyjMFsKNxSMyi:localhost	\N	\N	t	f	43	1681137125537	1681137125712	@mm_user1.mm:localhost	f	master	263	\N	\N
93	$tiExyp2ktofh9R_Wk7_3AEFm82VMfJABZLDh8vMLhjk	m.room.message	!FzTtpSkXWMPYBKHUQN:localhost	\N	\N	t	f	93	1681137205750	1681137205862	@user1.matrix:localhost	f	master	265	\N	\N
46	$07syF-ENeRr3l3lFZcCEm3nTRPfHWEbn4NMb1J1iJFA	m.room.message	!pYSbiOyjMFsKNxSMyi:localhost	\N	\N	t	f	46	1681214791929	1681214792178	@mm_user1.mm:localhost	f	master	269	\N	\N
47	$WK3NVZIhsdUMb-agpfePDX4roP42B-TO_-eUSah_GKA	m.room.message	!pYSbiOyjMFsKNxSMyi:localhost	\N	\N	t	f	47	1681214900330	1681214900400	@mm_user1.mm:localhost	f	master	273	\N	\N
81	$1aCb3mhwbLTesKmLxUBB1VdoNNVdi85-iNo9FHDCGDA	m.room.message	!FzTtpSkXWMPYBKHUQN:localhost	\N	\N	t	f	81	1681128892918	1681128893010	@matterbot:localhost	f	master	230	\N	\N
31	$qloo_Uai9std99VdsNyxGQIM_zu8qGtBrprCgdp0PAY	m.room.message	!pYSbiOyjMFsKNxSMyi:localhost	\N	\N	t	f	31	1681136228931	1681136229036	@mm_user1.mm:localhost	f	master	248	\N	\N
41	$LqTgr4WhVFqPLToPBp6g5JzmDeejTollvhGZw6693yw	m.room.message	!pYSbiOyjMFsKNxSMyi:localhost	\N	\N	t	f	41	1681136983465	1681136983622	@mm_user1.mm:localhost	f	master	261	\N	\N
82	$hk2qqJ34X4qWuX7eZb4q6W6b5kNrxuBrwH3SisbvDBQ	m.room.message	!FzTtpSkXWMPYBKHUQN:localhost	\N	\N	t	f	82	1681129976652	1681129976690	@user1.matrix:localhost	f	master	231	\N	\N
29	$HLQUAxqFJuCJ_kIl5bp_zpUmFEDPQuiLYU_A9VOPRcw	m.room.message	!pYSbiOyjMFsKNxSMyi:localhost	\N	\N	t	f	29	1681135449737	1681135449924	@mm_user1.mm:localhost	f	master	243	\N	\N
87	$E3YxLtlKW-VCWr_s1TimfgRJbwpp-TO5B9i7By9o7vI	m.room.message	!FzTtpSkXWMPYBKHUQN:localhost	\N	\N	t	f	87	1681136142613	1681136142796	@user1.matrix:localhost	f	master	245	\N	\N
88	$NaLQE3UGkmLRlNIjT28M4dfpaSuC-qBNE64EdnlMj98	m.room.message	!FzTtpSkXWMPYBKHUQN:localhost	\N	\N	t	f	88	1681136144989	1681136145188	@user1.matrix:localhost	f	master	246	\N	\N
92	$ugRvFN42G03CJ_rhXrfPqKHK81OC25L9BNWRbQSt_mg	m.room.message	!FzTtpSkXWMPYBKHUQN:localhost	\N	\N	t	f	92	1681136825407	1681136826053	@user1.matrix:localhost	f	master	257	\N	\N
83	$yYy1a36oDtzrMDiTwh7uc7Bx82F1eFeXdlJabc2T8dE	m.room.message	!FzTtpSkXWMPYBKHUQN:localhost	\N	\N	t	f	83	1681130100857	1681130100886	@user1.matrix:localhost	f	master	232	\N	\N
84	$Nw5Wuu0OoUpf0cHK-TKfm2IURzfvyK0cpHbWzIVglAI	m.room.message	!FzTtpSkXWMPYBKHUQN:localhost	\N	\N	t	f	84	1681130332393	1681130332430	@user1.matrix:localhost	f	master	233	\N	\N
26	$XskQ0UvJR_qsbOkdYKA3xVWeAA04SaIC-09Je7FO19o	m.room.message	!pYSbiOyjMFsKNxSMyi:localhost	\N	\N	t	f	26	1681134078873	1681134079205	@mm_user1.mm:localhost	f	master	240	\N	\N
27	$UMNKGVS1qBZupa86BKhjq27beYhYVjRC5huKAZaNeiE	m.room.message	!pYSbiOyjMFsKNxSMyi:localhost	\N	\N	t	f	27	1681134180483	1681134180560	@mm_user1.mm:localhost	f	master	241	\N	\N
45	$9TBKaZfQChwRJu7jdlL59C1UWk_tvoeFbqOaqupv_k4	m.room.message	!pYSbiOyjMFsKNxSMyi:localhost	\N	\N	t	f	45	1681214790493	1681214790821	@mm_user1.mm:localhost	f	master	268	\N	\N
97	$UoM_MmftgNhl-hvF8RlKsZIRKT_iG82cBMd_uojs5M0	m.room.message	!FzTtpSkXWMPYBKHUQN:localhost	\N	\N	t	f	97	1681214861800	1681214861884	@user1.matrix:localhost	f	master	271	\N	\N
23	$YcGhCF84tKbnPaz9krrZnukDNeATkB6J7bb8wLPCWfY	m.room.message	!pYSbiOyjMFsKNxSMyi:localhost	\N	\N	t	f	23	1681130482696	1681130483104	@mm_user1.mm:localhost	f	master	237	\N	\N
48	$8NGP843DjUo_HOYMA7v0yH7eKafZFt6613FwXLrqGho	m.room.message	!pYSbiOyjMFsKNxSMyi:localhost	\N	\N	t	f	48	1681214901594	1681214901714	@mm_user1.mm:localhost	f	master	274	\N	\N
24	$rN52jjTQyCeH49OS7jRIGlRM4F2NQBFEB0C0lEaUb3c	m.room.message	!pYSbiOyjMFsKNxSMyi:localhost	\N	\N	t	f	24	1681133331888	1681133332100	@mm_user1.mm:localhost	f	master	238	\N	\N
36	$KNXtG5NPeJbc6Udn7TLr_7niQICqXf2UYPVCug1SRQ0	m.room.message	!pYSbiOyjMFsKNxSMyi:localhost	\N	\N	t	f	36	1681136674239	1681136674339	@mm_user1.mm:localhost	f	master	253	\N	\N
94	$ul8BTE-1Nc3CLcB503BKbUS1VW1vpy0XLCxSja1Rvto	m.room.message	!FzTtpSkXWMPYBKHUQN:localhost	\N	\N	t	f	94	1681137208656	1681137208796	@user1.matrix:localhost	f	master	266	\N	\N
98	$kO4xSu80VL_oqUaKrfuWX9B80NtdhvfDonn_ZFnO-jM	m.room.message	!FzTtpSkXWMPYBKHUQN:localhost	\N	\N	t	f	98	1681214862696	1681214862898	@user1.matrix:localhost	f	master	272	\N	\N
25	$jtHjsfRhxitvwMV8TSM3JIyCvz76sKCXvcoHIjY5Biw	m.room.message	!pYSbiOyjMFsKNxSMyi:localhost	\N	\N	t	f	25	1681133953794	1681133953863	@mm_user1.mm:localhost	f	master	239	\N	\N
35	$UUX6nQgpqX9ZxPHKKk9TcREeMdyXgPbjlLKPBusGp7k	m.room.message	!pYSbiOyjMFsKNxSMyi:localhost	\N	\N	t	f	35	1681136473391	1681136473480	@mm_user2.mm:localhost	f	master	252	\N	\N
37	$RScLBOnv-rQ5Qfl4VMpgepVrZ9jKgZ2bNwKGx6SWAXs	m.room.message	!pYSbiOyjMFsKNxSMyi:localhost	\N	\N	t	f	37	1681136675539	1681136675640	@mm_user1.mm:localhost	f	master	254	\N	\N
91	$eVodFlz-qcHRs2HA7v5TyRtQ-xxsPPfOP98xijAxX-4	m.room.message	!FzTtpSkXWMPYBKHUQN:localhost	\N	\N	t	f	91	1681136824608	1681136824873	@user1.matrix:localhost	f	master	256	\N	\N
44	$Mtw7jI8ectw5DF0ks0bCL_3QfpD6-XksFma3q3nV8mE	m.room.message	!pYSbiOyjMFsKNxSMyi:localhost	\N	\N	t	f	44	1681137127246	1681137127355	@mm_user1.mm:localhost	f	master	264	\N	\N
95	$ttYMJgKpyS0mp56EbIsjPNgKM0gcBpoWTMo5sejfX2g	m.room.message	!FzTtpSkXWMPYBKHUQN:localhost	\N	\N	t	f	95	1681137209389	1681137209718	@user1.matrix:localhost	f	master	267	\N	\N
96	$E6HWpvoyu74jsOxXc_KLC9oG6Sg8rEwIQXoX-Hf5mxg	m.room.message	!FzTtpSkXWMPYBKHUQN:localhost	\N	\N	t	f	96	1681214860375	1681214860600	@user1.matrix:localhost	f	master	270	\N	\N
28	$3M9Rh6NNQIvmu5O8hk4-efo2zau0BS4bP3lP_3SmCXY	m.room.message	!pYSbiOyjMFsKNxSMyi:localhost	\N	\N	t	f	28	1681134662049	1681134662146	@mm_user1.mm:localhost	f	master	242	\N	\N
89	$WS3p_ef116wO_3hAZwFWmgGZdeox1f-nJZbVEtn_hd8	m.room.message	!FzTtpSkXWMPYBKHUQN:localhost	\N	\N	t	f	89	1681136145922	1681136146210	@user1.matrix:localhost	f	master	247	\N	\N
38	$0vEu8AcFRX2gjRW4L-sa1MbVV2gxpjt4gG3XSnbj-50	m.room.message	!pYSbiOyjMFsKNxSMyi:localhost	\N	\N	t	f	38	1681136898077	1681136898175	@mm_user1.mm:localhost	f	master	258	\N	\N
40	$K8CVgzJac1qkVh9PHbaS-uKkANN90QwbzBPOVVHimSA	m.room.message	!pYSbiOyjMFsKNxSMyi:localhost	\N	\N	t	f	40	1681136980628	1681136980802	@mm_user1.mm:localhost	f	master	260	\N	\N
34	$TgYiQwU7HI440WE1IRkSFM2oCf9soNp8N2n6mGfFoxc	m.room.message	!pYSbiOyjMFsKNxSMyi:localhost	\N	\N	t	f	34	1681136436735	1681136436886	@mm_user2.mm:localhost	f	master	251	\N	\N
39	$4pQu8JKobBFh8PHCnw6hT0zc36PkLKiyg-1m9_yoNpc	m.room.message	!pYSbiOyjMFsKNxSMyi:localhost	\N	\N	t	f	39	1681136899771	1681136899852	@mm_user1.mm:localhost	f	master	259	\N	\N
42	$UVzWEAffRbpgq0ADvBSCvafZo4zQdZSwKDVw_VAcUos	m.room.message	!pYSbiOyjMFsKNxSMyi:localhost	\N	\N	t	f	42	1681137031219	1681137031277	@mm_user2.mm:localhost	f	master	262	\N	\N
49	$qbY2LOEAVAemI51LPAjDllWtEIM_FyAln3eBHz3ntr4	m.room.message	!pYSbiOyjMFsKNxSMyi:localhost	\N	\N	t	f	49	1681298587771	1681298588177	@mm_user1.mm:localhost	f	master	275	\N	\N
50	$yjRzNi0Lf7YmTrvl8PJ27dIagbzxpdQAxu1a2qnpVRE	m.room.message	!pYSbiOyjMFsKNxSMyi:localhost	\N	\N	t	f	50	1681298589436	1681298589559	@mm_user1.mm:localhost	f	master	276	\N	\N
51	$pWCKYU5wjXosAj-f4nMebqvLjfePvbeiPtYlOuoteRs	m.room.message	!pYSbiOyjMFsKNxSMyi:localhost	\N	\N	t	f	51	1681300768980	1681300769528	@mm_user1.mm:localhost	f	master	277	\N	\N
52	$OHbQDOKirY2HtHqvTX-hws4Xu-DzdC13hfbrGtYAgXw	m.room.message	!pYSbiOyjMFsKNxSMyi:localhost	\N	\N	t	f	52	1681300771826	1681300771923	@mm_user1.mm:localhost	f	master	278	\N	\N
53	$37mr-j9ODzNjk_XaJ1av3S0LpmfAkQWiCCBrOZx1LjA	m.room.message	!pYSbiOyjMFsKNxSMyi:localhost	\N	\N	t	f	53	1681301003034	1681301003133	@mm_user1.mm:localhost	f	master	279	\N	\N
54	$wQnou8r6NCWwzNJfjat0e1R6VzxjW9q35Rww3oI8pqo	m.room.message	!pYSbiOyjMFsKNxSMyi:localhost	\N	\N	t	f	54	1681301004304	1681301004642	@mm_user1.mm:localhost	f	master	280	\N	\N
55	$oWART5TE3bFd7omOgO63F-io8ZB1H3hKjq1thGjFEwM	m.room.message	!pYSbiOyjMFsKNxSMyi:localhost	\N	\N	t	f	55	1681301109740	1681301109854	@mm_user1.mm:localhost	f	master	281	\N	\N
56	$e8srpJcKwv7bubgAQF9exPSNzf1vFXTDHPe3jfY5Aek	m.room.message	!pYSbiOyjMFsKNxSMyi:localhost	\N	\N	t	f	56	1681301111755	1681301111966	@mm_user1.mm:localhost	f	master	282	\N	\N
57	$yAZlyrgetJNCY8nW6Qlt3gZ-sraBcR9VKSu1UhD0bvo	m.room.message	!pYSbiOyjMFsKNxSMyi:localhost	\N	\N	t	f	57	1681303898902	1681303899039	@mm_user2.mm:localhost	f	master	283	\N	\N
99	$wNkgTMblKbEiPZ2uultuC8xuzaaO_dwV9Q8unY79IxA	m.room.message	!FzTtpSkXWMPYBKHUQN:localhost	\N	\N	t	f	99	1681306483847	1681306483934	@user1.matrix:localhost	f	master	284	\N	\N
100	$YVXyaByz7fhy150xdruNE879BtW5klj_WDKoS4XsGnY	m.room.message	!FzTtpSkXWMPYBKHUQN:localhost	\N	\N	t	f	100	1681306675253	1681306675285	@user1.matrix:localhost	f	master	285	\N	\N
101	$kSqtOez012ZpmELHtRmRLAcZ6eDqPtMtZFwVzIjXOJQ	m.room.message	!FzTtpSkXWMPYBKHUQN:localhost	\N	\N	t	f	101	1681307387681	1681307387713	@user1.matrix:localhost	f	master	286	\N	\N
102	$3pr6w-dY4LFA1bq0gZJI9yrK3dxo4o6SKQ-LcJnPBz4	m.room.message	!FzTtpSkXWMPYBKHUQN:localhost	\N	\N	t	f	102	1681307794308	1681307794344	@user1.matrix:localhost	f	master	287	\N	\N
103	$AbRCYXMFmAubdqYq-s4VEZvnYEk9YieIxBpZIfPngoE	m.room.message	!FzTtpSkXWMPYBKHUQN:localhost	\N	\N	t	f	103	1681307924978	1681307925054	@user1.matrix:localhost	f	master	288	\N	\N
104	$xzWO5ZmteWX1dLWjKshaJF_959fM5XPV_j63exi7Rg4	m.room.message	!FzTtpSkXWMPYBKHUQN:localhost	\N	\N	t	f	104	1681308003501	1681308003530	@user1.matrix:localhost	f	master	289	\N	\N
105	$vLDNkGntU6Y1RdLCW57mxo33y2ZtPcq-KuirRs_ApqY	m.room.message	!FzTtpSkXWMPYBKHUQN:localhost	\N	\N	t	f	105	1681308914622	1681308914667	@user1.matrix:localhost	f	master	290	\N	\N
106	$dgPQn7GA_1KgjySM5CP1IL_4OuwK1IJtNUBu0_jp6zM	m.room.message	!FzTtpSkXWMPYBKHUQN:localhost	\N	\N	t	f	106	1681309188882	1681309188918	@user1.matrix:localhost	f	master	291	\N	\N
107	$QNn9T_HFWnhOe7BXWvbFMq9DBHxXuKjmzymaM-vIiC4	m.room.message	!FzTtpSkXWMPYBKHUQN:localhost	\N	\N	t	f	107	1681309425494	1681309425530	@user1.matrix:localhost	f	master	292	\N	\N
108	$umtVW0TIOZdMzYcqYXh59oCW3-xahvo0QC6nHCFJdaU	m.room.message	!FzTtpSkXWMPYBKHUQN:localhost	\N	\N	t	f	108	1681310364413	1681310364443	@user1.matrix:localhost	f	master	293	\N	\N
109	$Jk6uXXHtYUyycNgfTD6YDfc1VLTRVMYI9-NWPZi_j1E	m.room.message	!FzTtpSkXWMPYBKHUQN:localhost	\N	\N	t	f	109	1681310412002	1681310412030	@user1.matrix:localhost	f	master	294	\N	\N
110	$2HJKtb5qLapQNnGC7PlC2pKGMyM6OP0yvE8t6tNFXFU	m.room.message	!FzTtpSkXWMPYBKHUQN:localhost	\N	\N	t	f	110	1681310919335	1681310919365	@user1.matrix:localhost	f	master	295	\N	\N
111	$f-cHtS029jrBTsUD6jwaGZsRf9sa7w0m8jeo8fCcib0	m.room.message	!FzTtpSkXWMPYBKHUQN:localhost	\N	\N	t	f	111	1681312263757	1681312263825	@user1.matrix:localhost	f	master	296	\N	\N
112	$7rWHCcfCCs49gXzf9aXyT9Btiu-gLyqrBEstoRvUtXk	m.room.message	!FzTtpSkXWMPYBKHUQN:localhost	\N	\N	t	f	112	1681313818378	1681313818482	@mm_user2.mm:localhost	f	master	297	\N	\N
113	$h3_C07WVa1Kq-qJ6qyYbJ0LdG9gKQAxFu7lEK-p3_tc	m.room.message	!FzTtpSkXWMPYBKHUQN:localhost	\N	\N	t	f	113	1681313848811	1681313848879	@mm_user2.mm:localhost	f	master	298	\N	\N
\.


--
-- Data for Name: ex_outlier_stream; Type: TABLE DATA; Schema: public; Owner: synapse
--

COPY public.ex_outlier_stream (event_stream_ordering, event_id, state_group, instance_name) FROM stdin;
\.


--
-- Data for Name: federation_inbound_events_staging; Type: TABLE DATA; Schema: public; Owner: synapse
--

COPY public.federation_inbound_events_staging (origin, room_id, event_id, received_ts, event_json, internal_metadata) FROM stdin;
\.


--
-- Data for Name: federation_stream_position; Type: TABLE DATA; Schema: public; Owner: synapse
--

COPY public.federation_stream_position (type, stream_id, instance_name) FROM stdin;
federation	-1	master
events	298	master
\.


--
-- Data for Name: ignored_users; Type: TABLE DATA; Schema: public; Owner: synapse
--

COPY public.ignored_users (ignorer_user_id, ignored_user_id) FROM stdin;
\.


--
-- Data for Name: insertion_event_edges; Type: TABLE DATA; Schema: public; Owner: synapse
--

COPY public.insertion_event_edges (event_id, room_id, insertion_prev_event_id) FROM stdin;
\.


--
-- Data for Name: insertion_event_extremities; Type: TABLE DATA; Schema: public; Owner: synapse
--

COPY public.insertion_event_extremities (event_id, room_id) FROM stdin;
\.


--
-- Data for Name: insertion_events; Type: TABLE DATA; Schema: public; Owner: synapse
--

COPY public.insertion_events (event_id, room_id, next_batch_id) FROM stdin;
\.


--
-- Data for Name: instance_map; Type: TABLE DATA; Schema: public; Owner: synapse
--

COPY public.instance_map (instance_id, instance_name) FROM stdin;
\.


--
-- Data for Name: local_current_membership; Type: TABLE DATA; Schema: public; Owner: synapse
--

COPY public.local_current_membership (room_id, user_id, event_id, membership) FROM stdin;
!FzTtpSkXWMPYBKHUQN:localhost	@admin:localhost	$IU1ZxuT0Nte99MGUdW5IhEVc_pVMkrUEqjP5xs27dVs	join
!pYSbiOyjMFsKNxSMyi:localhost	@admin:localhost	$hZ3X11MNOocXcrcCNowWncNXGOcKtKz2Yuy15DpSX9Y	join
!pYSbiOyjMFsKNxSMyi:localhost	@user1.matrix:localhost	$0RmvI0B1zTbePI4eCXXUO_9tJQY2XcOy4Kt4FqYQ-Yk	join
!FzTtpSkXWMPYBKHUQN:localhost	@user1.matrix:localhost	$FSGyxWobRbm3XPzA_RJTfx_wFyj7eioybzttjovTej0	join
!pYSbiOyjMFsKNxSMyi:localhost	@matterbot:localhost	$Q7qpUYZra7SmdftawkKRrQilka-WlRBbgKYybv2QRls	join
!FzTtpSkXWMPYBKHUQN:localhost	@matterbot:localhost	$o5ttVgA4qLDCRoIxN9qyVPOLj9QUajTOF3D_U8es57Y	join
!FzTtpSkXWMPYBKHUQN:localhost	@mm_user1.mm:localhost	$ZPGmNdM7zvGVfx5_posO0xAJ7C6aAnDZavYGV23i3eM	join
!AHOiTmgdxQzlhIOUsy:localhost	@admin:localhost	$2AEp1hOUUsulI8Zc2ISpcmI9VmKuftWZdClPUSC_mD4	join
!AHOiTmgdxQzlhIOUsy:localhost	@mm_user1.mm:localhost	$jiXC1l1ou9Ti0I7CV7PJrsVblqsrb9dPQentqZqLBys	join
!AHOiTmgdxQzlhIOUsy:localhost	@user1.matrix:localhost	$ye7ixCV2UmoA3GCF2K5lqNSxMrWwkdvkTSOdQDHy-P0	join
!AHOiTmgdxQzlhIOUsy:localhost	@matterbot:localhost	$0XMDIAwJBH-iA7qIReHWRJAwmGiTGGioVtV8KFmJ4_M	join
!FzTtpSkXWMPYBKHUQN:localhost	@user2.matrix:localhost	$v8iGN1Nqfe45E9UAlYS-2URhe0VSFqIHY_trb51SesI	join
!FzTtpSkXWMPYBKHUQN:localhost	@mm_user2.mm:localhost	$pdWypCivt0W58tNdti2PPFECr9nY2FHCzPHcq3t7WEY	join
!pYSbiOyjMFsKNxSMyi:localhost	@mm_user2.mm:localhost	$PdV2tqK4NNZudisUim3L-UFebwMTDKtC4V3oRBsAKNg	join
!pYSbiOyjMFsKNxSMyi:localhost	@mm_user1.mm:localhost	$Z6q_pHNPM3MSDJqL1coCYtFuO0XvjFyT7uEHW_VzTmI	join
!AHOiTmgdxQzlhIOUsy:localhost	@user2.matrix:localhost	$Qz3TCt9TZASSCaEgtUMB4UvTNFiNj8xUud69yTLrB1A	join
!AHOiTmgdxQzlhIOUsy:localhost	@mm_user2.mm:localhost	$cWb_bCwCrj6N8hvObwR3Dfe63W634wlYWIy2-UKO28M	join
!FzTtpSkXWMPYBKHUQN:localhost	@user3.matrix:localhost	$jLqj0K8k8IznEp_zldWz_Ezx5RfWpkQZCFKnJyfUBQ8	join
!AHOiTmgdxQzlhIOUsy:localhost	@user3.matrix:localhost	$8L8kolK-08m1wXb1AstqZz_qz_SUzB08YqJZ_kYqWMs	join
!pYSbiOyjMFsKNxSMyi:localhost	@user3.matrix:localhost	$I7bu0SuyZ_d7gNQWqG7B7c9bRaJpJVrKN3Ftzy-ST3o	join
!pYSbiOyjMFsKNxSMyi:localhost	@user2.matrix:localhost	$91Cmq-17R2sVRCRnizx8fJKL3TLGjsOR0c4Ry3CKGyo	join
!wGvWnTVpsbEMByNykc:localhost	@mm_user2.mm:localhost	$jD3h3ETxg2QK1PtrN6AW6y2kwQsFAQe7srLpSwfPhNg	join
!wGvWnTVpsbEMByNykc:localhost	@user2.matrix:localhost	$wTfVj9B1xWTDZGpgTmLF5VwLS4zZnOAoCichsjzrqsI	join
!KBqzwXdLtXZopjBikg:localhost	@user2.matrix:localhost	$_E-EZa8gdS-_4F2CasYTKomuDixia3fJ1R-Wu2xx_CQ	join
!KBqzwXdLtXZopjBikg:localhost	@mm_user2.mm:localhost	$IZOLJfGYfNnK_aLuKaBOBCTx7SnxrLtHU1f4wTszqzo	invite
!wGvWnTVpsbEMByNykc:localhost	@matterbot:localhost	$Q6YXU96RlR1dPKmp4iI3R_d2KiWzKnZbMMURN8OqDVE	leave
!vDRByArErEHuGOOJxE:localhost	@user2.matrix:localhost	$8d4e-CjuEEdRj8aSFNq0yHpo_JxouT8tHUVX8HfS4oc	join
!vDRByArErEHuGOOJxE:localhost	@user3.matrix:localhost	$QvV8o1KjtX_tArxR1zwHZepfVa9NB03-81BjGpKxo9M	invite
!vDRByArErEHuGOOJxE:localhost	@user1.matrix:localhost	$0LNMKjea0zgdHTDMe3B3fmAnzNxu72ULA7HsNOs1pHw	join
!CZMvztYPoMDXZghGjm:localhost	@mm_user2.mm:localhost	$pdfBN0Z96G_wbgh4VuNnIiOuwEeEcxbECI1vAE0JEC4	join
!CZMvztYPoMDXZghGjm:localhost	@matterbot:localhost	$mGp05ykxc7iuNGM9nc4QHqFY1mnuCUW_Hq3ocgiZgFg	join
!CZMvztYPoMDXZghGjm:localhost	@user2.matrix:localhost	$jqog1KTVZdbZSwVzHyAI1GAzMymJrQgDaEx7zSDIuvw	join
!CZMvztYPoMDXZghGjm:localhost	@user1.matrix:localhost	$LwCMrUFKLRRfUwxX_bj8hMYLg15fXGwOuu2QDPdjcHY	join
!mjuhEfzSkeOAWJqsoF:localhost	@user2.matrix:localhost	$06Um82m6RzKMOebWv0lcKQOaSvr6C10y6QA2Snc_R0I	join
!mjuhEfzSkeOAWJqsoF:localhost	@mm_user2.mm:localhost	$wKoDxwAtZ46KFnzdR2bV-nE-gCX8oSTpE4qkJq_05QE	invite
!mjuhEfzSkeOAWJqsoF:localhost	@matterbot:localhost	$5j9APu_03G5KZMO9hHc9AdVNHD7TfIlrfU87LHEi5aA	join
!KBqzwXdLtXZopjBikg:localhost	@matterbot:localhost	$SfEuZPwDHWx4dsnQKRsLDI7Qwgt-Q84vGhE1THOba3s	leave
!cZnmZQFBeDsHEQbFQs:localhost	@admin:localhost	$DR5VmuWusNClKlyAtCuWLyQC__lzA2aHFKFHP9MMUfk	join
!cZnmZQFBeDsHEQbFQs:localhost	@mm_user2.mm:localhost	$ZJsRzPjCUHZTNUN_j78KyrW5EVPSKt9Pw_F-tVVvH7k	join
!cZnmZQFBeDsHEQbFQs:localhost	@user1.matrix:localhost	$FyOdtUu1pDq9pkxIHuGA8NRmuYwbc56h3FAanha48Hk	join
!mOsaATLFknhUVKMKbF:localhost	@mm_user2.mm:localhost	$QC7bXFDxGhDk6yv_4ChjXTMkJ0t0dKySNdOD6sK8xWs	join
!mOsaATLFknhUVKMKbF:localhost	@matterbot:localhost	$oRS_K9WwEjRY1LoGRh6ymmTYBFe4S3jiGLxKdFZq0xo	join
!mOsaATLFknhUVKMKbF:localhost	@user1.matrix:localhost	$Y0bkVaMbWG30DJH750qUtZjIwDm6EWGKt22Jikt7ncc	join
!cZnmZQFBeDsHEQbFQs:localhost	@matterbot:localhost	$CcGczUOKTX_OEsfQVWp2qPlgJwMCRsa25dLU8fT6UH0	join
\.


--
-- Data for Name: local_media_repository; Type: TABLE DATA; Schema: public; Owner: synapse
--

COPY public.local_media_repository (media_id, media_type, media_length, created_ts, upload_name, user_id, quarantined_by, url_cache, last_access_ts, safe_from_quarantine) FROM stdin;
dsqNOZRBJAfwQlbkdTkiBIAg	image/jpeg	35374	1679410490983	HotElement.jpeg	@user2.matrix:localhost	\N	\N	1679410555592	f
QCIlCIKJOzSDMRPyhSiOwWAu	image/png	69384	1679413132042	\N	@user1.matrix:localhost	\N	\N	\N	f
eShDWnptaSLvMLtGysVxAaoz	image/jpeg	35374	1679414773784	HotElement.jpeg	@user2.matrix:localhost	\N	\N	1679414815592	f
OEJHXMaypLXnfUDqMePOyGdG	application/x-www-form-urlencoded	608445	1679410381406	024906F6-E58D-4AD5-923E-D12140EC537A.jpeg	@matterbot:localhost	\N	\N	1679415535592	f
PWzpjqoxzteQyNCdqPaVxCjm	image/png	230773	1679413132356	TBana-Nacka.png	@user1.matrix:localhost	\N	\N	1681304606706	f
\.


--
-- Data for Name: local_media_repository_thumbnails; Type: TABLE DATA; Schema: public; Owner: synapse
--

COPY public.local_media_repository_thumbnails (media_id, thumbnail_width, thumbnail_height, thumbnail_type, thumbnail_method, thumbnail_length) FROM stdin;
dsqNOZRBJAfwQlbkdTkiBIAg	32	32	image/jpeg	crop	962
dsqNOZRBJAfwQlbkdTkiBIAg	96	96	image/jpeg	crop	2565
dsqNOZRBJAfwQlbkdTkiBIAg	180	240	image/jpeg	scale	7330
dsqNOZRBJAfwQlbkdTkiBIAg	360	480	image/jpeg	scale	23426
dsqNOZRBJAfwQlbkdTkiBIAg	450	600	image/jpeg	scale	35217
QCIlCIKJOzSDMRPyhSiOwWAu	32	32	image/png	crop	825
QCIlCIKJOzSDMRPyhSiOwWAu	96	96	image/png	crop	3961
QCIlCIKJOzSDMRPyhSiOwWAu	320	152	image/png	scale	19779
QCIlCIKJOzSDMRPyhSiOwWAu	640	305	image/png	scale	52416
QCIlCIKJOzSDMRPyhSiOwWAu	800	382	image/png	scale	63072
PWzpjqoxzteQyNCdqPaVxCjm	32	32	image/png	crop	3930
PWzpjqoxzteQyNCdqPaVxCjm	96	96	image/png	crop	7071
PWzpjqoxzteQyNCdqPaVxCjm	320	152	image/png	scale	23084
PWzpjqoxzteQyNCdqPaVxCjm	640	305	image/png	scale	53008
PWzpjqoxzteQyNCdqPaVxCjm	800	382	image/png	scale	67143
eShDWnptaSLvMLtGysVxAaoz	32	32	image/jpeg	crop	962
eShDWnptaSLvMLtGysVxAaoz	96	96	image/jpeg	crop	2565
eShDWnptaSLvMLtGysVxAaoz	180	240	image/jpeg	scale	7330
eShDWnptaSLvMLtGysVxAaoz	360	480	image/jpeg	scale	23426
eShDWnptaSLvMLtGysVxAaoz	450	600	image/jpeg	scale	35217
\.


--
-- Data for Name: local_media_repository_url_cache; Type: TABLE DATA; Schema: public; Owner: synapse
--

COPY public.local_media_repository_url_cache (url, response_code, etag, expires_ts, og, media_id, download_ts) FROM stdin;
\.


--
-- Data for Name: login_tokens; Type: TABLE DATA; Schema: public; Owner: synapse
--

COPY public.login_tokens (token, user_id, expiry_ts, used_ts, auth_provider_id, auth_provider_session_id) FROM stdin;
\.


--
-- Data for Name: monthly_active_users; Type: TABLE DATA; Schema: public; Owner: synapse
--

COPY public.monthly_active_users (user_id, "timestamp") FROM stdin;
\.


--
-- Data for Name: open_id_tokens; Type: TABLE DATA; Schema: public; Owner: synapse
--

COPY public.open_id_tokens (token, ts_valid_until_ms, user_id) FROM stdin;
\.


--
-- Data for Name: partial_state_events; Type: TABLE DATA; Schema: public; Owner: synapse
--

COPY public.partial_state_events (room_id, event_id) FROM stdin;
\.


--
-- Data for Name: partial_state_rooms; Type: TABLE DATA; Schema: public; Owner: synapse
--

COPY public.partial_state_rooms (room_id, device_lists_stream_id, join_event_id, joined_via) FROM stdin;
\.


--
-- Data for Name: partial_state_rooms_servers; Type: TABLE DATA; Schema: public; Owner: synapse
--

COPY public.partial_state_rooms_servers (room_id, server_name) FROM stdin;
\.


--
-- Data for Name: presence_stream; Type: TABLE DATA; Schema: public; Owner: synapse
--

COPY public.presence_stream (stream_id, user_id, state, last_active_ts, last_federation_update_ts, last_user_sync_ts, status_msg, currently_active, instance_name) FROM stdin;
153	@user3.matrix:localhost	offline	1679412935534	1679412975525	1679412942295	\N	t	master
284	@user2.matrix:localhost	offline	1679416251586	1680689103922	1679416251587	\N	t	master
1400	@mm_user2.mm:localhost	offline	1681313849045	1681313816127	0	\N	f	master
659	@admin:localhost	offline	1681128726652	1681128611846	1678033275894	\N	t	master
662	@matterbot:localhost	offline	1681128893044	1681128893044	0	\N	f	master
1459	@user1.matrix:localhost	offline	1681385152067	1681393953028	1681385152067	\N	t	master
1174	@mm_user1.mm:localhost	offline	1681301112126	1681301109345	0	\N	f	master
\.


--
-- Data for Name: profiles; Type: TABLE DATA; Schema: public; Owner: synapse
--

COPY public.profiles (user_id, displayname, avatar_url) FROM stdin;
admin	admin	\N
user1.matrix	user1.matrix	\N
matterbot	Mattermost Bridge	\N
mm_user1.mm	mm_user1.mm	\N
user2.matrix	user2.matrix	\N
mm_user2.mm	mm_user2.mm	\N
user3.matrix	user3.matrix	\N
\.


--
-- Data for Name: push_rules; Type: TABLE DATA; Schema: public; Owner: synapse
--

COPY public.push_rules (id, user_name, rule_id, priority_class, priority, conditions, actions) FROM stdin;
\.


--
-- Data for Name: push_rules_enable; Type: TABLE DATA; Schema: public; Owner: synapse
--

COPY public.push_rules_enable (id, user_name, rule_id, enabled) FROM stdin;
\.


--
-- Data for Name: push_rules_stream; Type: TABLE DATA; Schema: public; Owner: synapse
--

COPY public.push_rules_stream (stream_id, event_stream_ordering, user_id, rule_id, op, priority_class, priority, conditions, actions) FROM stdin;
\.


--
-- Data for Name: pusher_throttle; Type: TABLE DATA; Schema: public; Owner: synapse
--

COPY public.pusher_throttle (pusher, room_id, last_sent_ts, throttle_ms) FROM stdin;
\.


--
-- Data for Name: pushers; Type: TABLE DATA; Schema: public; Owner: synapse
--

COPY public.pushers (id, user_name, access_token, profile_tag, kind, app_id, app_display_name, device_display_name, pushkey, ts, lang, data, last_stream_ordering, last_success, failing_since, enabled, device_id) FROM stdin;
\.


--
-- Data for Name: ratelimit_override; Type: TABLE DATA; Schema: public; Owner: synapse
--

COPY public.ratelimit_override (user_id, messages_per_second, burst_count) FROM stdin;
\.


--
-- Data for Name: receipts_graph; Type: TABLE DATA; Schema: public; Owner: synapse
--

COPY public.receipts_graph (room_id, receipt_type, user_id, event_ids, data, thread_id) FROM stdin;
!pYSbiOyjMFsKNxSMyi:localhost	m.read	@admin:localhost	["$nFwL1txBnk2dj72aBWqthTGHrC-kv7CYWMt3cwz8qgw"]	{"ts":1678033104641}	\N
!pYSbiOyjMFsKNxSMyi:localhost	m.read.private	@admin:localhost	["$nFwL1txBnk2dj72aBWqthTGHrC-kv7CYWMt3cwz8qgw"]	{"ts":1678033104792}	\N
!FzTtpSkXWMPYBKHUQN:localhost	m.read	@admin:localhost	["$hXzRSYfNTLUmjRz8EgsrekOmklfOoUQ9NKx0vS1AmTk"]	{"ts":1678033233032}	\N
!FzTtpSkXWMPYBKHUQN:localhost	m.read.private	@admin:localhost	["$hXzRSYfNTLUmjRz8EgsrekOmklfOoUQ9NKx0vS1AmTk"]	{"ts":1678033233050}	\N
!FzTtpSkXWMPYBKHUQN:localhost	m.read.private	@user2.matrix:localhost	["$jLqj0K8k8IznEp_zldWz_Ezx5RfWpkQZCFKnJyfUBQ8"]	{"ts":1679413226386}	\N
!FzTtpSkXWMPYBKHUQN:localhost	m.read	@user2.matrix:localhost	["$jLqj0K8k8IznEp_zldWz_Ezx5RfWpkQZCFKnJyfUBQ8"]	{"ts":1679413226419}	\N
!wGvWnTVpsbEMByNykc:localhost	m.read.private	@user2.matrix:localhost	["$Q6YXU96RlR1dPKmp4iI3R_d2KiWzKnZbMMURN8OqDVE"]	{"ts":1679414891706}	\N
!wGvWnTVpsbEMByNykc:localhost	m.read	@user2.matrix:localhost	["$Q6YXU96RlR1dPKmp4iI3R_d2KiWzKnZbMMURN8OqDVE"]	{"ts":1679414891742}	\N
!vDRByArErEHuGOOJxE:localhost	m.read.private	@user1.matrix:localhost	["$lihGEzBm6TSVo-fe_WCOuWJNW_OgcaCyBi9g0UDlZoM"]	{"ts":1679415043830}	\N
!vDRByArErEHuGOOJxE:localhost	m.read	@user1.matrix:localhost	["$lihGEzBm6TSVo-fe_WCOuWJNW_OgcaCyBi9g0UDlZoM"]	{"ts":1679415044168}	\N
!vDRByArErEHuGOOJxE:localhost	m.read.private	@user2.matrix:localhost	["$0LNMKjea0zgdHTDMe3B3fmAnzNxu72ULA7HsNOs1pHw"]	{"ts":1679415269380}	\N
!vDRByArErEHuGOOJxE:localhost	m.read	@user2.matrix:localhost	["$0LNMKjea0zgdHTDMe3B3fmAnzNxu72ULA7HsNOs1pHw"]	{"ts":1679415269409}	\N
!FzTtpSkXWMPYBKHUQN:localhost	m.read.private	@user3.matrix:localhost	["$keJQHXWi-ZiK2B2FdzQ1IUZ0fzfFBax-gHNp7AR9UWo"]	{"ts":1679412884113}	\N
!FzTtpSkXWMPYBKHUQN:localhost	m.read	@user3.matrix:localhost	["$keJQHXWi-ZiK2B2FdzQ1IUZ0fzfFBax-gHNp7AR9UWo"]	{"ts":1679412884724}	\N
!AHOiTmgdxQzlhIOUsy:localhost	m.read.private	@user3.matrix:localhost	["$PLSJo_YuSdhcp8Qc1EtpopguS8UaiOZGkIcs_HYhOj4"]	{"ts":1679412903071}	\N
!AHOiTmgdxQzlhIOUsy:localhost	m.read	@user3.matrix:localhost	["$PLSJo_YuSdhcp8Qc1EtpopguS8UaiOZGkIcs_HYhOj4"]	{"ts":1679412903311}	\N
!pYSbiOyjMFsKNxSMyi:localhost	m.read.private	@user3.matrix:localhost	["$XmrlogapQqYj1VfKlSL8vSO2sxNBExeByFQ5f7h9OEU"]	{"ts":1679412912610}	\N
!pYSbiOyjMFsKNxSMyi:localhost	m.read	@user3.matrix:localhost	["$XmrlogapQqYj1VfKlSL8vSO2sxNBExeByFQ5f7h9OEU"]	{"ts":1679412912823}	\N
!AHOiTmgdxQzlhIOUsy:localhost	m.read.private	@user1.matrix:localhost	["$mmPSR9VqhO1noWGYGbl2whlFTsU1V3PHK_ncCUGnqTc"]	{"ts":1679412959544}	\N
!AHOiTmgdxQzlhIOUsy:localhost	m.read	@user1.matrix:localhost	["$mmPSR9VqhO1noWGYGbl2whlFTsU1V3PHK_ncCUGnqTc"]	{"ts":1679412959718}	\N
!AHOiTmgdxQzlhIOUsy:localhost	m.read.private	@user2.matrix:localhost	["$mmPSR9VqhO1noWGYGbl2whlFTsU1V3PHK_ncCUGnqTc"]	{"ts":1679413070213}	\N
!AHOiTmgdxQzlhIOUsy:localhost	m.read	@user2.matrix:localhost	["$mmPSR9VqhO1noWGYGbl2whlFTsU1V3PHK_ncCUGnqTc"]	{"ts":1679413070233}	\N
!pYSbiOyjMFsKNxSMyi:localhost	m.read.private	@user2.matrix:localhost	["$5_XiqIyj_mv3JlnyqfoTpIDIQ2tdPu3N8U7by84mBXE"]	{"ts":1679413188025}	\N
!pYSbiOyjMFsKNxSMyi:localhost	m.read	@user2.matrix:localhost	["$5_XiqIyj_mv3JlnyqfoTpIDIQ2tdPu3N8U7by84mBXE"]	{"ts":1679413188367}	\N
!CZMvztYPoMDXZghGjm:localhost	m.read.private	@user1.matrix:localhost	["$jqog1KTVZdbZSwVzHyAI1GAzMymJrQgDaEx7zSDIuvw"]	{"ts":1679415393824}	\N
!CZMvztYPoMDXZghGjm:localhost	m.read	@user1.matrix:localhost	["$jqog1KTVZdbZSwVzHyAI1GAzMymJrQgDaEx7zSDIuvw"]	{"ts":1679415394098}	\N
!CZMvztYPoMDXZghGjm:localhost	m.read.private	@user2.matrix:localhost	["$LwCMrUFKLRRfUwxX_bj8hMYLg15fXGwOuu2QDPdjcHY"]	{"ts":1679415519047}	\N
!CZMvztYPoMDXZghGjm:localhost	m.read	@user2.matrix:localhost	["$LwCMrUFKLRRfUwxX_bj8hMYLg15fXGwOuu2QDPdjcHY"]	{"ts":1679415519094}	\N
!KBqzwXdLtXZopjBikg:localhost	m.read.private	@user2.matrix:localhost	["$SfEuZPwDHWx4dsnQKRsLDI7Qwgt-Q84vGhE1THOba3s"]	{"ts":1679416103446}	\N
!KBqzwXdLtXZopjBikg:localhost	m.read	@user2.matrix:localhost	["$SfEuZPwDHWx4dsnQKRsLDI7Qwgt-Q84vGhE1THOba3s"]	{"ts":1679416103496}	\N
!mOsaATLFknhUVKMKbF:localhost	m.read	@user1.matrix:localhost	["$ZWtfV6VN7cYag1OsVvbeuTNCtBCvyfsFry92Cbxe5AY"]	{"ts":1681112531184}	\N
!mOsaATLFknhUVKMKbF:localhost	m.read.private	@user1.matrix:localhost	["$ZWtfV6VN7cYag1OsVvbeuTNCtBCvyfsFry92Cbxe5AY"]	{"ts":1681112531262}	\N
!FzTtpSkXWMPYBKHUQN:localhost	m.read	@user1.matrix:localhost	["$1aCb3mhwbLTesKmLxUBB1VdoNNVdi85-iNo9FHDCGDA"]	{"ts":1681130347561}	\N
!FzTtpSkXWMPYBKHUQN:localhost	m.read.private	@user1.matrix:localhost	["$1aCb3mhwbLTesKmLxUBB1VdoNNVdi85-iNo9FHDCGDA"]	{"ts":1681130347899}	\N
!cZnmZQFBeDsHEQbFQs:localhost	m.read	@user1.matrix:localhost	["$MgXIz3NeQBEhrbeF8vsJzjopQxKY0sUcnwnW40fE-1Q"]	{"ts":1681112184622}	\N
!cZnmZQFBeDsHEQbFQs:localhost	m.read.private	@user1.matrix:localhost	["$MgXIz3NeQBEhrbeF8vsJzjopQxKY0sUcnwnW40fE-1Q"]	{"ts":1681112184638}	\N
!pYSbiOyjMFsKNxSMyi:localhost	m.read	@user1.matrix:localhost	["$yAZlyrgetJNCY8nW6Qlt3gZ-sraBcR9VKSu1UhD0bvo"]	{"ts":1681304551299}	\N
!pYSbiOyjMFsKNxSMyi:localhost	m.read.private	@user1.matrix:localhost	["$yAZlyrgetJNCY8nW6Qlt3gZ-sraBcR9VKSu1UhD0bvo"]	{"ts":1681304551535}	\N
\.


--
-- Data for Name: receipts_linearized; Type: TABLE DATA; Schema: public; Owner: synapse
--

COPY public.receipts_linearized (stream_id, room_id, receipt_type, user_id, event_id, data, instance_name, event_stream_ordering, thread_id) FROM stdin;
6	!pYSbiOyjMFsKNxSMyi:localhost	m.read	@admin:localhost	$nFwL1txBnk2dj72aBWqthTGHrC-kv7CYWMt3cwz8qgw	{"ts":1678033104641}	\N	26	\N
7	!pYSbiOyjMFsKNxSMyi:localhost	m.read.private	@admin:localhost	$nFwL1txBnk2dj72aBWqthTGHrC-kv7CYWMt3cwz8qgw	{"ts":1678033104792}	\N	26	\N
10	!FzTtpSkXWMPYBKHUQN:localhost	m.read	@admin:localhost	$hXzRSYfNTLUmjRz8EgsrekOmklfOoUQ9NKx0vS1AmTk	{"ts":1678033233032}	\N	28	\N
11	!FzTtpSkXWMPYBKHUQN:localhost	m.read.private	@admin:localhost	$hXzRSYfNTLUmjRz8EgsrekOmklfOoUQ9NKx0vS1AmTk	{"ts":1678033233050}	\N	28	\N
38	!FzTtpSkXWMPYBKHUQN:localhost	m.read.private	@user3.matrix:localhost	$keJQHXWi-ZiK2B2FdzQ1IUZ0fzfFBax-gHNp7AR9UWo	{"ts":1679412884113}	\N	64	\N
39	!FzTtpSkXWMPYBKHUQN:localhost	m.read	@user3.matrix:localhost	$keJQHXWi-ZiK2B2FdzQ1IUZ0fzfFBax-gHNp7AR9UWo	{"ts":1679412884724}	\N	64	\N
40	!AHOiTmgdxQzlhIOUsy:localhost	m.read.private	@user3.matrix:localhost	$PLSJo_YuSdhcp8Qc1EtpopguS8UaiOZGkIcs_HYhOj4	{"ts":1679412903071}	\N	62	\N
41	!AHOiTmgdxQzlhIOUsy:localhost	m.read	@user3.matrix:localhost	$PLSJo_YuSdhcp8Qc1EtpopguS8UaiOZGkIcs_HYhOj4	{"ts":1679412903311}	\N	62	\N
42	!pYSbiOyjMFsKNxSMyi:localhost	m.read.private	@user3.matrix:localhost	$XmrlogapQqYj1VfKlSL8vSO2sxNBExeByFQ5f7h9OEU	{"ts":1679412912610}	\N	55	\N
43	!pYSbiOyjMFsKNxSMyi:localhost	m.read	@user3.matrix:localhost	$XmrlogapQqYj1VfKlSL8vSO2sxNBExeByFQ5f7h9OEU	{"ts":1679412912823}	\N	55	\N
44	!AHOiTmgdxQzlhIOUsy:localhost	m.read.private	@user1.matrix:localhost	$mmPSR9VqhO1noWGYGbl2whlFTsU1V3PHK_ncCUGnqTc	{"ts":1679412959544}	\N	68	\N
45	!AHOiTmgdxQzlhIOUsy:localhost	m.read	@user1.matrix:localhost	$mmPSR9VqhO1noWGYGbl2whlFTsU1V3PHK_ncCUGnqTc	{"ts":1679412959718}	\N	68	\N
52	!AHOiTmgdxQzlhIOUsy:localhost	m.read.private	@user2.matrix:localhost	$mmPSR9VqhO1noWGYGbl2whlFTsU1V3PHK_ncCUGnqTc	{"ts":1679413070213}	\N	68	\N
53	!AHOiTmgdxQzlhIOUsy:localhost	m.read	@user2.matrix:localhost	$mmPSR9VqhO1noWGYGbl2whlFTsU1V3PHK_ncCUGnqTc	{"ts":1679413070233}	\N	68	\N
54	!pYSbiOyjMFsKNxSMyi:localhost	m.read.private	@user2.matrix:localhost	$5_XiqIyj_mv3JlnyqfoTpIDIQ2tdPu3N8U7by84mBXE	{"ts":1679413188025}	\N	69	\N
55	!pYSbiOyjMFsKNxSMyi:localhost	m.read	@user2.matrix:localhost	$5_XiqIyj_mv3JlnyqfoTpIDIQ2tdPu3N8U7by84mBXE	{"ts":1679413188367}	\N	69	\N
56	!FzTtpSkXWMPYBKHUQN:localhost	m.read.private	@user2.matrix:localhost	$jLqj0K8k8IznEp_zldWz_Ezx5RfWpkQZCFKnJyfUBQ8	{"ts":1679413226386}	\N	65	\N
57	!FzTtpSkXWMPYBKHUQN:localhost	m.read	@user2.matrix:localhost	$jLqj0K8k8IznEp_zldWz_Ezx5RfWpkQZCFKnJyfUBQ8	{"ts":1679413226419}	\N	65	\N
62	!wGvWnTVpsbEMByNykc:localhost	m.read.private	@user2.matrix:localhost	$Q6YXU96RlR1dPKmp4iI3R_d2KiWzKnZbMMURN8OqDVE	{"ts":1679414891706}	\N	96	\N
63	!wGvWnTVpsbEMByNykc:localhost	m.read	@user2.matrix:localhost	$Q6YXU96RlR1dPKmp4iI3R_d2KiWzKnZbMMURN8OqDVE	{"ts":1679414891742}	\N	96	\N
64	!vDRByArErEHuGOOJxE:localhost	m.read.private	@user1.matrix:localhost	$lihGEzBm6TSVo-fe_WCOuWJNW_OgcaCyBi9g0UDlZoM	{"ts":1679415043830}	\N	106	\N
65	!vDRByArErEHuGOOJxE:localhost	m.read	@user1.matrix:localhost	$lihGEzBm6TSVo-fe_WCOuWJNW_OgcaCyBi9g0UDlZoM	{"ts":1679415044168}	\N	106	\N
66	!vDRByArErEHuGOOJxE:localhost	m.read.private	@user2.matrix:localhost	$0LNMKjea0zgdHTDMe3B3fmAnzNxu72ULA7HsNOs1pHw	{"ts":1679415269380}	\N	107	\N
67	!vDRByArErEHuGOOJxE:localhost	m.read	@user2.matrix:localhost	$0LNMKjea0zgdHTDMe3B3fmAnzNxu72ULA7HsNOs1pHw	{"ts":1679415269409}	\N	107	\N
70	!CZMvztYPoMDXZghGjm:localhost	m.read.private	@user1.matrix:localhost	$jqog1KTVZdbZSwVzHyAI1GAzMymJrQgDaEx7zSDIuvw	{"ts":1679415393824}	\N	119	\N
71	!CZMvztYPoMDXZghGjm:localhost	m.read	@user1.matrix:localhost	$jqog1KTVZdbZSwVzHyAI1GAzMymJrQgDaEx7zSDIuvw	{"ts":1679415394098}	\N	119	\N
72	!CZMvztYPoMDXZghGjm:localhost	m.read.private	@user2.matrix:localhost	$LwCMrUFKLRRfUwxX_bj8hMYLg15fXGwOuu2QDPdjcHY	{"ts":1679415519047}	\N	120	\N
73	!CZMvztYPoMDXZghGjm:localhost	m.read	@user2.matrix:localhost	$LwCMrUFKLRRfUwxX_bj8hMYLg15fXGwOuu2QDPdjcHY	{"ts":1679415519094}	\N	120	\N
74	!KBqzwXdLtXZopjBikg:localhost	m.read.private	@user2.matrix:localhost	$SfEuZPwDHWx4dsnQKRsLDI7Qwgt-Q84vGhE1THOba3s	{"ts":1679416103446}	\N	132	\N
75	!KBqzwXdLtXZopjBikg:localhost	m.read	@user2.matrix:localhost	$SfEuZPwDHWx4dsnQKRsLDI7Qwgt-Q84vGhE1THOba3s	{"ts":1679416103496}	\N	132	\N
92	!cZnmZQFBeDsHEQbFQs:localhost	m.read	@user1.matrix:localhost	$MgXIz3NeQBEhrbeF8vsJzjopQxKY0sUcnwnW40fE-1Q	{"ts":1681112184622}	\N	187	\N
93	!cZnmZQFBeDsHEQbFQs:localhost	m.read.private	@user1.matrix:localhost	$MgXIz3NeQBEhrbeF8vsJzjopQxKY0sUcnwnW40fE-1Q	{"ts":1681112184638}	\N	187	\N
96	!mOsaATLFknhUVKMKbF:localhost	m.read	@user1.matrix:localhost	$ZWtfV6VN7cYag1OsVvbeuTNCtBCvyfsFry92Cbxe5AY	{"ts":1681112531184}	\N	207	\N
97	!mOsaATLFknhUVKMKbF:localhost	m.read.private	@user1.matrix:localhost	$ZWtfV6VN7cYag1OsVvbeuTNCtBCvyfsFry92Cbxe5AY	{"ts":1681112531262}	\N	207	\N
102	!FzTtpSkXWMPYBKHUQN:localhost	m.read	@user1.matrix:localhost	$1aCb3mhwbLTesKmLxUBB1VdoNNVdi85-iNo9FHDCGDA	{"ts":1681130347561}	\N	230	\N
103	!FzTtpSkXWMPYBKHUQN:localhost	m.read.private	@user1.matrix:localhost	$1aCb3mhwbLTesKmLxUBB1VdoNNVdi85-iNo9FHDCGDA	{"ts":1681130347899}	\N	230	\N
104	!pYSbiOyjMFsKNxSMyi:localhost	m.read	@user1.matrix:localhost	$yAZlyrgetJNCY8nW6Qlt3gZ-sraBcR9VKSu1UhD0bvo	{"ts":1681304551299}	\N	283	\N
105	!pYSbiOyjMFsKNxSMyi:localhost	m.read.private	@user1.matrix:localhost	$yAZlyrgetJNCY8nW6Qlt3gZ-sraBcR9VKSu1UhD0bvo	{"ts":1681304551535}	\N	283	\N
\.


--
-- Data for Name: received_transactions; Type: TABLE DATA; Schema: public; Owner: synapse
--

COPY public.received_transactions (transaction_id, origin, ts, response_code, response_json, has_been_referenced) FROM stdin;
\.


--
-- Data for Name: redactions; Type: TABLE DATA; Schema: public; Owner: synapse
--

COPY public.redactions (event_id, redacts, have_censored, received_ts) FROM stdin;
$in52dToVUVIA1dLRam8a57SvQ8dYnHstA6FK0mNdqNo	$fxfMGOp0AHYZy5pmcMgdjV1cy_kcfuMgBbWYzp84Rbk	f	1681109894277
$SXn00XEaf6vcH7EfF-hxrnKJ34geyleE-2HFWaQW5ag	$ESb8M8zzCsTTuM2_aTjr7gchlzU1eLJxVMEx6T-jTEE	f	1681109934932
$MsUAygSGOybNZLwQY0HO7oA7UTvwZ4HjS-dSTebRryE	$tCegiyn_qp9r9cWvinmzuiK_97-qv69NU7CGuF2CDAw	f	1681110112452
$1UPai0X6mkxZhcQOCpH1AB3C8_5iGG4irBlPGM8vX60	$Bo4JLPALQcShbeeEkpMatIB_6vxlLouq8IJQ55O6b-A	f	1681110187974
$KoX2hU-P1VybDOXpAKm_myFst0pkCN0MKKBLGLQqovE	$w3py3S7l8-xbpdWz2joQqREyFoNoE5jE2HGz1J8AFIY	f	1681110206228
$gHwGynQdqAEWelKTu66zWCE1fVp0M2RgK6P6QoTJV70	$Qc1DVNbHoeyAoragn3t3lSrm2IvTk9wMJBJYKliD3WM	f	1681110357843
$EaVQiabvSs7WDhnMGeCso5JvAzW2g_cxxQ4A0x60cO4	$-HKoRby_s8G544Ao_KR_BtaomPp7O4vgmWHflG33bX4	f	1681110689456
$DJW9gvwyHhpI2pEcgw6Tv_pHFxJGskUjSwKK1vkAAQ8	$a80ETeoQf4btWpFYbDzXYLNhaJVGclNmo4vt_wr7btQ	f	1681110748573
$nD3fBVNqotefwe1wSxqLXHxVj_3f00Vj5VNpoUr1ABQ	$-QKjIvbRegc7FLNn1N3abJ7hKjwMdoQrmX6Zbw-ctHA	f	1681111174065
$xLDxuw8IzaD4a5ksYtyrs83SBfHlqy-w6NU0mHanbPQ	$jy48UF7H1uhnLFtlVfm0J7AQsQzu0md4tudw5nIMe-c	f	1681111216426
$Bt1xztPUc6q7sEKol_gzAfl_qts24lsGSR_TcdwgTDE	$vL5Yz3B5LuK3523XAi9kXCV6MChwv_bOVxCvia8FVB4	f	1681111439866
$cMDyp45ivGK1L_ShGF__AS8GBLW8-INvJUlELx5CbQ0	$cdRz_XhX8_p6tBso0AzQXZq3nCx7Bp6Z2iH-h23-rbc	f	1681111618124
$EnC2zlKWl4pxmE20WFM5_uuVWd83XP_uOlpod2B1XeQ	$kUxkPt1sGwhzERqEarPnF5jZR9yMsoza124QtMit3tI	f	1681111641803
$dAaHeBJ3APK3s-d4k6G7DnoO6sQHgToUm-KEqY2ha8o	$GEtkY16drHOxrPM2y1D6QGAXukFCYxUBTFYt6SSVzlo	f	1681111761100
$O_xBVr6rmpmuc_gHgPUwAd5jjTiDwPFpFPxlZiXO82E	$XVRcXTt62fYwFNjltQCDR4KYxVR2Y5736Y99u4u_Yp8	f	1681111865837
$Je3iwTVjLB5qWW0D9sP9A7ygLW1F-PKdf_M3hkoXdT0	$-W4UZqRjU8NFjYbx9Y5H36lRkKI6-J0E7CW8suzQR9s	f	1681111882243
$MgXIz3NeQBEhrbeF8vsJzjopQxKY0sUcnwnW40fE-1Q	$AI66VCbPMZvt2b3tqwhViAQXHs18twqgZhVW103z2sc	f	1681112179644
$VDgIn68dzLHo_gZ7neRkP0y_cgeUTlGI_ZGO7A-qJHw	$HUUDVNAe9kYy1-MJRkHq_OmumlsIRsNlMN9OZnLoLm4	f	1681112197246
$scKgIiXOkpnPBXE0aeKk88O6U1i21DNhX9T-JJ7H99s	$EDaLEPba2OiPmGvBWlmz-NOHb5g2kUtwgkGzOiirHIY	f	1681112493679
\.


--
-- Data for Name: refresh_tokens; Type: TABLE DATA; Schema: public; Owner: synapse
--

COPY public.refresh_tokens (id, user_id, device_id, token, next_token_id, expiry_ts, ultimate_session_expiry_ts) FROM stdin;
\.


--
-- Data for Name: registration_tokens; Type: TABLE DATA; Schema: public; Owner: synapse
--

COPY public.registration_tokens (token, uses_allowed, pending, completed, expiry_time) FROM stdin;
\.


--
-- Data for Name: rejections; Type: TABLE DATA; Schema: public; Owner: synapse
--

COPY public.rejections (event_id, reason, last_check) FROM stdin;
\.


--
-- Data for Name: remote_media_cache; Type: TABLE DATA; Schema: public; Owner: synapse
--

COPY public.remote_media_cache (media_origin, media_id, media_type, created_ts, upload_name, media_length, filesystem_id, last_access_ts, quarantined_by) FROM stdin;
\.


--
-- Data for Name: remote_media_cache_thumbnails; Type: TABLE DATA; Schema: public; Owner: synapse
--

COPY public.remote_media_cache_thumbnails (media_origin, media_id, thumbnail_width, thumbnail_height, thumbnail_method, thumbnail_type, thumbnail_length, filesystem_id) FROM stdin;
\.


--
-- Data for Name: room_account_data; Type: TABLE DATA; Schema: public; Owner: synapse
--

COPY public.room_account_data (user_id, room_id, account_data_type, stream_id, content, instance_name) FROM stdin;
@admin:localhost	!pYSbiOyjMFsKNxSMyi:localhost	m.fully_read	29	{"event_id":"$nFwL1txBnk2dj72aBWqthTGHrC-kv7CYWMt3cwz8qgw"}	\N
@admin:localhost	!FzTtpSkXWMPYBKHUQN:localhost	m.fully_read	35	{"event_id":"$fbEIs1FPebLFup8Sm4TvsnGt3OqnXO125KPufsX6e4E"}	\N
@user3.matrix:localhost	!FzTtpSkXWMPYBKHUQN:localhost	m.fully_read	87	{"event_id":"$jLqj0K8k8IznEp_zldWz_Ezx5RfWpkQZCFKnJyfUBQ8"}	\N
@user3.matrix:localhost	!pYSbiOyjMFsKNxSMyi:localhost	m.fully_read	93	{"event_id":"$I7bu0SuyZ_d7gNQWqG7B7c9bRaJpJVrKN3Ftzy-ST3o"}	\N
@user3.matrix:localhost	!AHOiTmgdxQzlhIOUsy:localhost	m.fully_read	95	{"event_id":"$mmPSR9VqhO1noWGYGbl2whlFTsU1V3PHK_ncCUGnqTc"}	\N
@user1.matrix:localhost	!AHOiTmgdxQzlhIOUsy:localhost	m.fully_read	98	{"event_id":"$mmPSR9VqhO1noWGYGbl2whlFTsU1V3PHK_ncCUGnqTc"}	\N
@user2.matrix:localhost	!AHOiTmgdxQzlhIOUsy:localhost	m.fully_read	106	{"event_id":"$mmPSR9VqhO1noWGYGbl2whlFTsU1V3PHK_ncCUGnqTc"}	\N
@user2.matrix:localhost	!FzTtpSkXWMPYBKHUQN:localhost	m.fully_read	113	{"event_id":"$jLqj0K8k8IznEp_zldWz_Ezx5RfWpkQZCFKnJyfUBQ8"}	\N
@user2.matrix:localhost	!pYSbiOyjMFsKNxSMyi:localhost	m.fully_read	116	{"event_id":"$a7zOXKjjr_ueVtYDoa7MhlNoILAsxHrEuNyaJeMg6HQ"}	\N
@user2.matrix:localhost	!wGvWnTVpsbEMByNykc:localhost	m.fully_read	129	{"event_id":"$Q6YXU96RlR1dPKmp4iI3R_d2KiWzKnZbMMURN8OqDVE"}	\N
@user1.matrix:localhost	!vDRByArErEHuGOOJxE:localhost	m.fully_read	135	{"event_id":"$0LNMKjea0zgdHTDMe3B3fmAnzNxu72ULA7HsNOs1pHw"}	\N
@user2.matrix:localhost	!vDRByArErEHuGOOJxE:localhost	m.fully_read	136	{"event_id":"$0LNMKjea0zgdHTDMe3B3fmAnzNxu72ULA7HsNOs1pHw"}	\N
@user2.matrix:localhost	!CZMvztYPoMDXZghGjm:localhost	m.fully_read	138	{"event_id":"$jqog1KTVZdbZSwVzHyAI1GAzMymJrQgDaEx7zSDIuvw"}	\N
@user1.matrix:localhost	!CZMvztYPoMDXZghGjm:localhost	m.fully_read	142	{"event_id":"$LwCMrUFKLRRfUwxX_bj8hMYLg15fXGwOuu2QDPdjcHY"}	\N
@user2.matrix:localhost	!KBqzwXdLtXZopjBikg:localhost	m.fully_read	159	{"event_id":"$SfEuZPwDHWx4dsnQKRsLDI7Qwgt-Q84vGhE1THOba3s"}	\N
@user2.matrix:localhost	!mjuhEfzSkeOAWJqsoF:localhost	m.fully_read	163	{"event_id":"$ZeOHUFxCYyrcXwwm5xcXycqdVTRt5tdY0zbyZ-uR_fQ"}	\N
@user1.matrix:localhost	!cZnmZQFBeDsHEQbFQs:localhost	m.fully_read	182	{"event_id":"$VDgIn68dzLHo_gZ7neRkP0y_cgeUTlGI_ZGO7A-qJHw"}	\N
@user1.matrix:localhost	!mOsaATLFknhUVKMKbF:localhost	m.fully_read	188	{"event_id":"$ZWtfV6VN7cYag1OsVvbeuTNCtBCvyfsFry92Cbxe5AY"}	\N
@user1.matrix:localhost	!FzTtpSkXWMPYBKHUQN:localhost	m.fully_read	207	{"event_id":"$UIptzRMGcHo-OdPEz9kdRsBN7PEYO2a9bhjTwYzL5TU"}	\N
@user1.matrix:localhost	!pYSbiOyjMFsKNxSMyi:localhost	m.fully_read	217	{"event_id":"$yAZlyrgetJNCY8nW6Qlt3gZ-sraBcR9VKSu1UhD0bvo"}	\N
\.


--
-- Data for Name: room_alias_servers; Type: TABLE DATA; Schema: public; Owner: synapse
--

COPY public.room_alias_servers (room_alias, server) FROM stdin;
#town-square:localhost	localhost
#off-topic:localhost	localhost
#after-work:localhost	localhost
#stockholm-office:localhost	localhost
#a-private-channel-for-admins:localhost	localhost
\.


--
-- Data for Name: room_aliases; Type: TABLE DATA; Schema: public; Owner: synapse
--

COPY public.room_aliases (room_alias, room_id, creator) FROM stdin;
#town-square:localhost	!FzTtpSkXWMPYBKHUQN:localhost	@admin:localhost
#off-topic:localhost	!pYSbiOyjMFsKNxSMyi:localhost	@admin:localhost
#after-work:localhost	!AHOiTmgdxQzlhIOUsy:localhost	@admin:localhost
#stockholm-office:localhost	!cZnmZQFBeDsHEQbFQs:localhost	@admin:localhost
#a-private-channel-for-admins:localhost	!mOsaATLFknhUVKMKbF:localhost	@mm_user2.mm:localhost
\.


--
-- Data for Name: room_depth; Type: TABLE DATA; Schema: public; Owner: synapse
--

COPY public.room_depth (room_id, min_depth) FROM stdin;
!FzTtpSkXWMPYBKHUQN:localhost	1
!pYSbiOyjMFsKNxSMyi:localhost	1
!AHOiTmgdxQzlhIOUsy:localhost	1
!wGvWnTVpsbEMByNykc:localhost	1
!KBqzwXdLtXZopjBikg:localhost	1
!vDRByArErEHuGOOJxE:localhost	1
!CZMvztYPoMDXZghGjm:localhost	1
!mjuhEfzSkeOAWJqsoF:localhost	1
!cZnmZQFBeDsHEQbFQs:localhost	1
!mOsaATLFknhUVKMKbF:localhost	1
\.


--
-- Data for Name: room_memberships; Type: TABLE DATA; Schema: public; Owner: synapse
--

COPY public.room_memberships (event_id, user_id, sender, room_id, membership, forgotten, display_name, avatar_url) FROM stdin;
$IU1ZxuT0Nte99MGUdW5IhEVc_pVMkrUEqjP5xs27dVs	@admin:localhost	@admin:localhost	!FzTtpSkXWMPYBKHUQN:localhost	join	0	admin	\N
$hZ3X11MNOocXcrcCNowWncNXGOcKtKz2Yuy15DpSX9Y	@admin:localhost	@admin:localhost	!pYSbiOyjMFsKNxSMyi:localhost	join	0	admin	\N
$0RmvI0B1zTbePI4eCXXUO_9tJQY2XcOy4Kt4FqYQ-Yk	@user1.matrix:localhost	@user1.matrix:localhost	!pYSbiOyjMFsKNxSMyi:localhost	join	0	user1.matrix	\N
$FSGyxWobRbm3XPzA_RJTfx_wFyj7eioybzttjovTej0	@user1.matrix:localhost	@user1.matrix:localhost	!FzTtpSkXWMPYBKHUQN:localhost	join	0	user1.matrix	\N
$3iFc4KVKwTYBpN8T8PyFgNCDxXkCtJF5qS1nJbulpmU	@matterbot:localhost	@matterbot:localhost	!FzTtpSkXWMPYBKHUQN:localhost	join	0	Mattermost Bridge	\N
$f8S-mPLHMnruZFOTih-IYlCoYILk6A_BPx3dtO79ubI	@matterbot:localhost	@matterbot:localhost	!pYSbiOyjMFsKNxSMyi:localhost	join	0	Mattermost Bridge	\N
$Q7qpUYZra7SmdftawkKRrQilka-WlRBbgKYybv2QRls	@matterbot:localhost	@matterbot:localhost	!pYSbiOyjMFsKNxSMyi:localhost	join	0	Mattermost Bridge	\N
$o5ttVgA4qLDCRoIxN9qyVPOLj9QUajTOF3D_U8es57Y	@matterbot:localhost	@matterbot:localhost	!FzTtpSkXWMPYBKHUQN:localhost	join	0	Mattermost Bridge	\N
$EeKexStxnjQMJwZnkxIZRNXLdggHQGqT_RJYm1xCocU	@mm_user1.mm:localhost	@admin:localhost	!FzTtpSkXWMPYBKHUQN:localhost	invite	0	mm_user1.mm	\N
$ZPGmNdM7zvGVfx5_posO0xAJ7C6aAnDZavYGV23i3eM	@mm_user1.mm:localhost	@mm_user1.mm:localhost	!FzTtpSkXWMPYBKHUQN:localhost	join	0	mm_user1.mm	\N
$2AEp1hOUUsulI8Zc2ISpcmI9VmKuftWZdClPUSC_mD4	@admin:localhost	@admin:localhost	!AHOiTmgdxQzlhIOUsy:localhost	join	0	admin	\N
$xOF81meT9KSyhw3dY5FjCzADSBULEj6OoQaHM9DWtMY	@matterbot:localhost	@admin:localhost	!AHOiTmgdxQzlhIOUsy:localhost	invite	0	Mattermost Bridge	\N
$cgYituIGJ7X54S5-Ax3C5u2yLwCnf99x2VbMmy0YD3w	@matterbot:localhost	@matterbot:localhost	!AHOiTmgdxQzlhIOUsy:localhost	join	0	Mattermost Bridge	\N
$hgeuyu5_SLbd99TLf-m4kSUM8l1Jy-W4XmhdQGO2rr0	@mm_user1.mm:localhost	@admin:localhost	!AHOiTmgdxQzlhIOUsy:localhost	invite	0	mm_user1.mm	\N
$jiXC1l1ou9Ti0I7CV7PJrsVblqsrb9dPQentqZqLBys	@mm_user1.mm:localhost	@mm_user1.mm:localhost	!AHOiTmgdxQzlhIOUsy:localhost	join	0	mm_user1.mm	\N
$ye7ixCV2UmoA3GCF2K5lqNSxMrWwkdvkTSOdQDHy-P0	@user1.matrix:localhost	@user1.matrix:localhost	!AHOiTmgdxQzlhIOUsy:localhost	join	0	user1.matrix	\N
$0XMDIAwJBH-iA7qIReHWRJAwmGiTGGioVtV8KFmJ4_M	@matterbot:localhost	@matterbot:localhost	!AHOiTmgdxQzlhIOUsy:localhost	join	0	Mattermost Bridge	\N
$v8iGN1Nqfe45E9UAlYS-2URhe0VSFqIHY_trb51SesI	@user2.matrix:localhost	@user2.matrix:localhost	!FzTtpSkXWMPYBKHUQN:localhost	join	0	user2.matrix	\N
$0xWeoIOTCY4e3-7ZbZGuokwWQFjVMhIRQNXarqF1pxw	@mm_user2.mm:localhost	@admin:localhost	!FzTtpSkXWMPYBKHUQN:localhost	invite	0	mm_user2.mm	\N
$pdWypCivt0W58tNdti2PPFECr9nY2FHCzPHcq3t7WEY	@mm_user2.mm:localhost	@mm_user2.mm:localhost	!FzTtpSkXWMPYBKHUQN:localhost	join	0	mm_user2.mm	\N
$Fv99ToyoiCcmIgW4cLLELDhrk41dcIcraArBj2LvaNE	@mm_user2.mm:localhost	@admin:localhost	!pYSbiOyjMFsKNxSMyi:localhost	invite	0	mm_user2.mm	\N
$PdV2tqK4NNZudisUim3L-UFebwMTDKtC4V3oRBsAKNg	@mm_user2.mm:localhost	@mm_user2.mm:localhost	!pYSbiOyjMFsKNxSMyi:localhost	join	0	mm_user2.mm	\N
$iBD87Nj7pcqWKLj0dW9b0Am9tLGDUsUNgGx_DLCak6c	@mm_user1.mm:localhost	@admin:localhost	!pYSbiOyjMFsKNxSMyi:localhost	invite	0	mm_user1.mm	\N
$Z6q_pHNPM3MSDJqL1coCYtFuO0XvjFyT7uEHW_VzTmI	@mm_user1.mm:localhost	@mm_user1.mm:localhost	!pYSbiOyjMFsKNxSMyi:localhost	join	0	mm_user1.mm	\N
$Qz3TCt9TZASSCaEgtUMB4UvTNFiNj8xUud69yTLrB1A	@user2.matrix:localhost	@user2.matrix:localhost	!AHOiTmgdxQzlhIOUsy:localhost	join	0	user2.matrix	\N
$slqMcNC5aM4RPcFxUSnvevAVSEwE34tlwYESlS2z7W4	@mm_user2.mm:localhost	@admin:localhost	!AHOiTmgdxQzlhIOUsy:localhost	invite	0	mm_user2.mm	\N
$cWb_bCwCrj6N8hvObwR3Dfe63W634wlYWIy2-UKO28M	@mm_user2.mm:localhost	@mm_user2.mm:localhost	!AHOiTmgdxQzlhIOUsy:localhost	join	0	mm_user2.mm	\N
$jLqj0K8k8IznEp_zldWz_Ezx5RfWpkQZCFKnJyfUBQ8	@user3.matrix:localhost	@user3.matrix:localhost	!FzTtpSkXWMPYBKHUQN:localhost	join	0	user3.matrix	\N
$8L8kolK-08m1wXb1AstqZz_qz_SUzB08YqJZ_kYqWMs	@user3.matrix:localhost	@user3.matrix:localhost	!AHOiTmgdxQzlhIOUsy:localhost	join	0	user3.matrix	\N
$I7bu0SuyZ_d7gNQWqG7B7c9bRaJpJVrKN3Ftzy-ST3o	@user3.matrix:localhost	@user3.matrix:localhost	!pYSbiOyjMFsKNxSMyi:localhost	join	0	user3.matrix	\N
$91Cmq-17R2sVRCRnizx8fJKL3TLGjsOR0c4Ry3CKGyo	@user2.matrix:localhost	@user2.matrix:localhost	!pYSbiOyjMFsKNxSMyi:localhost	join	0	user2.matrix	\N
$jD3h3ETxg2QK1PtrN6AW6y2kwQsFAQe7srLpSwfPhNg	@mm_user2.mm:localhost	@mm_user2.mm:localhost	!wGvWnTVpsbEMByNykc:localhost	join	0	mm_user2.mm	\N
$MIJv8SIPMQ5955dHrWtYlemxtCwV0f4tqf-i_3dQVns	@matterbot:localhost	@mm_user2.mm:localhost	!wGvWnTVpsbEMByNykc:localhost	invite	0	Mattermost Bridge	\N
$bwBAv8SR7RG8_oUvZFU0lU5iPNq8aNv-mxr6MW9PztU	@user2.matrix:localhost	@mm_user2.mm:localhost	!wGvWnTVpsbEMByNykc:localhost	invite	0	user2.matrix	\N
$F0LR4DEA3oLcc3k_eNE6_RKKA11yLcsmfO_8qPHHW8Y	@matterbot:localhost	@matterbot:localhost	!wGvWnTVpsbEMByNykc:localhost	join	0	Mattermost Bridge	\N
$wTfVj9B1xWTDZGpgTmLF5VwLS4zZnOAoCichsjzrqsI	@user2.matrix:localhost	@user2.matrix:localhost	!wGvWnTVpsbEMByNykc:localhost	join	0	user2.matrix	\N
$_E-EZa8gdS-_4F2CasYTKomuDixia3fJ1R-Wu2xx_CQ	@user2.matrix:localhost	@user2.matrix:localhost	!KBqzwXdLtXZopjBikg:localhost	join	0	user2.matrix	\N
$IZOLJfGYfNnK_aLuKaBOBCTx7SnxrLtHU1f4wTszqzo	@mm_user2.mm:localhost	@user2.matrix:localhost	!KBqzwXdLtXZopjBikg:localhost	invite	0	mm_user2.mm	\N
$ZHUq2VN0HpuE5oJi6l_3Uh8aLOuQmXN5WDqUyhjy8Vw	@matterbot:localhost	@user2.matrix:localhost	!KBqzwXdLtXZopjBikg:localhost	invite	0	Mattermost Bridge	\N
$VaarpFJs6_0c2wYxJdAYq1G8uznJdufYfnCfjuqvI_M	@matterbot:localhost	@matterbot:localhost	!KBqzwXdLtXZopjBikg:localhost	join	0	Mattermost Bridge	\N
$Q6YXU96RlR1dPKmp4iI3R_d2KiWzKnZbMMURN8OqDVE	@matterbot:localhost	@matterbot:localhost	!wGvWnTVpsbEMByNykc:localhost	leave	0	\N	\N
$8d4e-CjuEEdRj8aSFNq0yHpo_JxouT8tHUVX8HfS4oc	@user2.matrix:localhost	@user2.matrix:localhost	!vDRByArErEHuGOOJxE:localhost	join	0	user2.matrix	\N
$PtKNK0cvGyJhBT-BIAFZs4gDvODQiScnlQFqLmWKqNc	@user1.matrix:localhost	@user2.matrix:localhost	!vDRByArErEHuGOOJxE:localhost	invite	0	user1.matrix	\N
$QvV8o1KjtX_tArxR1zwHZepfVa9NB03-81BjGpKxo9M	@user3.matrix:localhost	@user2.matrix:localhost	!vDRByArErEHuGOOJxE:localhost	invite	0	user3.matrix	\N
$0LNMKjea0zgdHTDMe3B3fmAnzNxu72ULA7HsNOs1pHw	@user1.matrix:localhost	@user1.matrix:localhost	!vDRByArErEHuGOOJxE:localhost	join	0	user1.matrix	\N
$pdfBN0Z96G_wbgh4VuNnIiOuwEeEcxbECI1vAE0JEC4	@mm_user2.mm:localhost	@mm_user2.mm:localhost	!CZMvztYPoMDXZghGjm:localhost	join	0	mm_user2.mm	\N
$JHQCf63sTH6Vjufjj8sai_9QWCkwlbiKAUP0crmtihU	@matterbot:localhost	@mm_user2.mm:localhost	!CZMvztYPoMDXZghGjm:localhost	invite	0	Mattermost Bridge	\N
$jqog1KTVZdbZSwVzHyAI1GAzMymJrQgDaEx7zSDIuvw	@user2.matrix:localhost	@user2.matrix:localhost	!CZMvztYPoMDXZghGjm:localhost	join	0	user2.matrix	\N
$AmA--7RkBYVchLC_Tr104AXFweEwn_n7AeoFpptk0iI	@user1.matrix:localhost	@mm_user2.mm:localhost	!CZMvztYPoMDXZghGjm:localhost	invite	0	user1.matrix	\N
$mGp05ykxc7iuNGM9nc4QHqFY1mnuCUW_Hq3ocgiZgFg	@matterbot:localhost	@matterbot:localhost	!CZMvztYPoMDXZghGjm:localhost	join	0	Mattermost Bridge	\N
$EVIMbY1fZLGzs0Xp19eKjkS2aizDSYFoS8Wzj42_LQI	@user2.matrix:localhost	@mm_user2.mm:localhost	!CZMvztYPoMDXZghGjm:localhost	invite	0	user2.matrix	\N
$LwCMrUFKLRRfUwxX_bj8hMYLg15fXGwOuu2QDPdjcHY	@user1.matrix:localhost	@user1.matrix:localhost	!CZMvztYPoMDXZghGjm:localhost	join	0	user1.matrix	\N
$06Um82m6RzKMOebWv0lcKQOaSvr6C10y6QA2Snc_R0I	@user2.matrix:localhost	@user2.matrix:localhost	!mjuhEfzSkeOAWJqsoF:localhost	join	0	user2.matrix	\N
$8T5cGFOjiTe4zjIYX9tmzFfae8WV6TVvUpmBmV2carA	@matterbot:localhost	@user2.matrix:localhost	!mjuhEfzSkeOAWJqsoF:localhost	invite	0	Mattermost Bridge	\N
$wKoDxwAtZ46KFnzdR2bV-nE-gCX8oSTpE4qkJq_05QE	@mm_user2.mm:localhost	@user2.matrix:localhost	!mjuhEfzSkeOAWJqsoF:localhost	invite	0	mm_user2.mm	\N
$5j9APu_03G5KZMO9hHc9AdVNHD7TfIlrfU87LHEi5aA	@matterbot:localhost	@matterbot:localhost	!mjuhEfzSkeOAWJqsoF:localhost	join	0	Mattermost Bridge	\N
$SfEuZPwDHWx4dsnQKRsLDI7Qwgt-Q84vGhE1THOba3s	@matterbot:localhost	@matterbot:localhost	!KBqzwXdLtXZopjBikg:localhost	leave	0	\N	\N
$DR5VmuWusNClKlyAtCuWLyQC__lzA2aHFKFHP9MMUfk	@admin:localhost	@admin:localhost	!cZnmZQFBeDsHEQbFQs:localhost	join	0	admin	\N
$7kIusj7_vjnjvM5XRI1_3dU_wgeCRurNbLxWl7Wza64	@matterbot:localhost	@admin:localhost	!cZnmZQFBeDsHEQbFQs:localhost	invite	0	Mattermost Bridge	\N
$yB_pgWY1MngMlhaqo70bZTnADr2mMUjbkEKY3cjnlqk	@matterbot:localhost	@matterbot:localhost	!cZnmZQFBeDsHEQbFQs:localhost	join	0	Mattermost Bridge	\N
$LwuV3S_QSzHUfw7pEQBk-n4jquK3n8qlEDA3ZQTkHDI	@mm_user2.mm:localhost	@admin:localhost	!cZnmZQFBeDsHEQbFQs:localhost	invite	0	mm_user2.mm	\N
$ZJsRzPjCUHZTNUN_j78KyrW5EVPSKt9Pw_F-tVVvH7k	@mm_user2.mm:localhost	@mm_user2.mm:localhost	!cZnmZQFBeDsHEQbFQs:localhost	join	0	mm_user2.mm	\N
$FyOdtUu1pDq9pkxIHuGA8NRmuYwbc56h3FAanha48Hk	@user1.matrix:localhost	@user1.matrix:localhost	!cZnmZQFBeDsHEQbFQs:localhost	join	0	user1.matrix	\N
$QC7bXFDxGhDk6yv_4ChjXTMkJ0t0dKySNdOD6sK8xWs	@mm_user2.mm:localhost	@mm_user2.mm:localhost	!mOsaATLFknhUVKMKbF:localhost	join	0	mm_user2.mm	\N
$i7p_9pGUCmPcRci6QowPd0isnxc650XUL0nkZkXIJqI	@matterbot:localhost	@mm_user2.mm:localhost	!mOsaATLFknhUVKMKbF:localhost	invite	0	Mattermost Bridge	\N
$oRS_K9WwEjRY1LoGRh6ymmTYBFe4S3jiGLxKdFZq0xo	@matterbot:localhost	@matterbot:localhost	!mOsaATLFknhUVKMKbF:localhost	join	0	Mattermost Bridge	\N
$biZp1kn2ycj-NFYzBIsolRQUhuy_Jcdb1TWFXs-wm_M	@user1.matrix:localhost	@mm_user2.mm:localhost	!mOsaATLFknhUVKMKbF:localhost	invite	0	user1.matrix	\N
$Y0bkVaMbWG30DJH750qUtZjIwDm6EWGKt22Jikt7ncc	@user1.matrix:localhost	@user1.matrix:localhost	!mOsaATLFknhUVKMKbF:localhost	join	0	user1.matrix	\N
$CcGczUOKTX_OEsfQVWp2qPlgJwMCRsa25dLU8fT6UH0	@matterbot:localhost	@matterbot:localhost	!cZnmZQFBeDsHEQbFQs:localhost	join	0	Mattermost Bridge	\N
\.


--
-- Data for Name: room_retention; Type: TABLE DATA; Schema: public; Owner: synapse
--

COPY public.room_retention (room_id, event_id, min_lifetime, max_lifetime) FROM stdin;
\.


--
-- Data for Name: room_stats_current; Type: TABLE DATA; Schema: public; Owner: synapse
--

COPY public.room_stats_current (room_id, current_state_events, joined_members, invited_members, left_members, banned_members, local_users_in_room, completed_delta_stream_id, knocked_members) FROM stdin;
!FzTtpSkXWMPYBKHUQN:localhost	13	7	0	0	0	7	65	0
!AHOiTmgdxQzlhIOUsy:localhost	13	7	0	0	0	7	66	0
!pYSbiOyjMFsKNxSMyi:localhost	13	7	0	0	0	7	70	0
!wGvWnTVpsbEMByNykc:localhost	8	2	0	1	0	2	96	0
!vDRByArErEHuGOOJxE:localhost	8	2	1	0	0	2	107	0
!CZMvztYPoMDXZghGjm:localhost	9	4	0	0	0	4	120	0
!mjuhEfzSkeOAWJqsoF:localhost	8	2	1	0	0	2	129	0
!KBqzwXdLtXZopjBikg:localhost	8	1	1	1	0	1	132	0
!mOsaATLFknhUVKMKbF:localhost	10	3	0	0	0	3	203	0
!cZnmZQFBeDsHEQbFQs:localhost	10	4	0	0	0	4	208	0
\.


--
-- Data for Name: room_stats_earliest_token; Type: TABLE DATA; Schema: public; Owner: synapse
--

COPY public.room_stats_earliest_token (room_id, token) FROM stdin;
\.


--
-- Data for Name: room_stats_state; Type: TABLE DATA; Schema: public; Owner: synapse
--

COPY public.room_stats_state (room_id, name, canonical_alias, join_rules, history_visibility, encryption, avatar, guest_access, is_federatable, topic, room_type) FROM stdin;
!pYSbiOyjMFsKNxSMyi:localhost	#Off-Topic	#off-topic:localhost	public	shared	\N	\N	\N	t	\N	\N
!FzTtpSkXWMPYBKHUQN:localhost	Town Square	#town-square:localhost	public	shared	\N	\N	\N	t	\N	\N
!AHOiTmgdxQzlhIOUsy:localhost	After Work	#after-work:localhost	public	shared	\N	\N	\N	t	\N	\N
!wGvWnTVpsbEMByNykc:localhost	\N	\N	invite	shared	\N	\N	can_join	t	\N	\N
!KBqzwXdLtXZopjBikg:localhost	\N	\N	invite	shared	\N	\N	can_join	t	\N	\N
!vDRByArErEHuGOOJxE:localhost	\N	\N	invite	shared	\N	\N	can_join	t	\N	\N
!CZMvztYPoMDXZghGjm:localhost	\N	\N	invite	shared	\N	\N	can_join	t	\N	\N
!mjuhEfzSkeOAWJqsoF:localhost	\N	\N	invite	shared	\N	\N	can_join	t	\N	\N
!cZnmZQFBeDsHEQbFQs:localhost	Stockholm Office	#stockholm-office:localhost	public	shared	\N	\N	\N	t	\N	\N
!mOsaATLFknhUVKMKbF:localhost	A Private Channel for admins	#a-private-channel-for-admins:localhost	invite	shared	\N	\N	can_join	t	\N	\N
\.


--
-- Data for Name: room_tags; Type: TABLE DATA; Schema: public; Owner: synapse
--

COPY public.room_tags (user_id, room_id, tag, content) FROM stdin;
\.


--
-- Data for Name: room_tags_revisions; Type: TABLE DATA; Schema: public; Owner: synapse
--

COPY public.room_tags_revisions (user_id, room_id, stream_id, instance_name) FROM stdin;
\.


--
-- Data for Name: rooms; Type: TABLE DATA; Schema: public; Owner: synapse
--

COPY public.rooms (room_id, is_public, creator, room_version, has_auth_chain_index) FROM stdin;
!FzTtpSkXWMPYBKHUQN:localhost	t	@admin:localhost	9	t
!pYSbiOyjMFsKNxSMyi:localhost	t	@admin:localhost	9	t
!AHOiTmgdxQzlhIOUsy:localhost	t	@admin:localhost	10	t
!wGvWnTVpsbEMByNykc:localhost	f	@mm_user2.mm:localhost	10	t
!KBqzwXdLtXZopjBikg:localhost	f	@user2.matrix:localhost	10	t
!vDRByArErEHuGOOJxE:localhost	f	@user2.matrix:localhost	10	t
!CZMvztYPoMDXZghGjm:localhost	f	@mm_user2.mm:localhost	10	t
!mjuhEfzSkeOAWJqsoF:localhost	f	@user2.matrix:localhost	10	t
!cZnmZQFBeDsHEQbFQs:localhost	t	@admin:localhost	10	t
!mOsaATLFknhUVKMKbF:localhost	f	@mm_user2.mm:localhost	10	t
\.


--
-- Data for Name: schema_compat_version; Type: TABLE DATA; Schema: public; Owner: synapse
--

COPY public.schema_compat_version (lock, compat_version) FROM stdin;
X	73
\.


--
-- Data for Name: schema_version; Type: TABLE DATA; Schema: public; Owner: synapse
--

COPY public.schema_version (lock, version, upgraded) FROM stdin;
X	74	t
\.


--
-- Data for Name: server_keys_json; Type: TABLE DATA; Schema: public; Owner: synapse
--

COPY public.server_keys_json (server_name, key_id, from_server, ts_added_ms, ts_valid_until_ms, key_json) FROM stdin;
\.


--
-- Data for Name: server_signature_keys; Type: TABLE DATA; Schema: public; Owner: synapse
--

COPY public.server_signature_keys (server_name, key_id, from_server, ts_added_ms, verify_key, ts_valid_until_ms) FROM stdin;
\.


--
-- Data for Name: sessions; Type: TABLE DATA; Schema: public; Owner: synapse
--

COPY public.sessions (session_type, session_id, value, expiry_time_ms) FROM stdin;
\.


--
-- Data for Name: state_events; Type: TABLE DATA; Schema: public; Owner: synapse
--

COPY public.state_events (event_id, room_id, type, state_key, prev_state) FROM stdin;
$c4I4FYRPIltfSw8Wf6w1NWiI0mLCN0eVcYuMsCyqiS4	!FzTtpSkXWMPYBKHUQN:localhost	m.room.create		\N
$IU1ZxuT0Nte99MGUdW5IhEVc_pVMkrUEqjP5xs27dVs	!FzTtpSkXWMPYBKHUQN:localhost	m.room.member	@admin:localhost	\N
$1kn0z5XFW6tgZeQlEjEweLSJX_vv-w54n3uMagFyz9o	!FzTtpSkXWMPYBKHUQN:localhost	m.room.power_levels		\N
$CgLbWRULI45y2D98z5CUQGfnpkIanhBTri6Qgk2FtZI	!FzTtpSkXWMPYBKHUQN:localhost	m.room.canonical_alias		\N
$MjPoUIyI-4SLUb_2CX0SN6Cq4siLSpO81XmSX0Tt1Ag	!FzTtpSkXWMPYBKHUQN:localhost	m.room.join_rules		\N
$eaTE2oVse5UGe2gxU6bH4McqUJFwuNN8UMpxUnfeCzc	!FzTtpSkXWMPYBKHUQN:localhost	m.room.history_visibility		\N
$Z8l2x75Ktp4i5ZFSxqQHoicfewpQOJ2yKoIXvdXGGL4	!FzTtpSkXWMPYBKHUQN:localhost	m.room.name		\N
$gyvaweguHrwLjB1B_41QMnzSUMHQGbQmTALeOOMmWfU	!pYSbiOyjMFsKNxSMyi:localhost	m.room.create		\N
$hZ3X11MNOocXcrcCNowWncNXGOcKtKz2Yuy15DpSX9Y	!pYSbiOyjMFsKNxSMyi:localhost	m.room.member	@admin:localhost	\N
$EgLH6XFurmJirUH4D5Zkm8y1WyPdrFX2SSko4S0-7hQ	!pYSbiOyjMFsKNxSMyi:localhost	m.room.power_levels		\N
$6A1pwZ_SweaaUsjoN5q44E3waqx9e_BX_Vch4BXsSMc	!pYSbiOyjMFsKNxSMyi:localhost	m.room.canonical_alias		\N
$tkoiHC3Vf1zAnFhhvTe60NQ7m3nRNvT1ILxtf8O8Tdc	!pYSbiOyjMFsKNxSMyi:localhost	m.room.join_rules		\N
$W2bBymarQF5AVOanxoytGxta4UVf4fhh6doJw6GmsQ0	!pYSbiOyjMFsKNxSMyi:localhost	m.room.history_visibility		\N
$YSS-8MMEgCETq_EouYM-mm0KiVKGloqtULWeqmdQKZg	!pYSbiOyjMFsKNxSMyi:localhost	m.room.name		\N
$0RmvI0B1zTbePI4eCXXUO_9tJQY2XcOy4Kt4FqYQ-Yk	!pYSbiOyjMFsKNxSMyi:localhost	m.room.member	@user1.matrix:localhost	\N
$FSGyxWobRbm3XPzA_RJTfx_wFyj7eioybzttjovTej0	!FzTtpSkXWMPYBKHUQN:localhost	m.room.member	@user1.matrix:localhost	\N
$3iFc4KVKwTYBpN8T8PyFgNCDxXkCtJF5qS1nJbulpmU	!FzTtpSkXWMPYBKHUQN:localhost	m.room.member	@matterbot:localhost	\N
$f8S-mPLHMnruZFOTih-IYlCoYILk6A_BPx3dtO79ubI	!pYSbiOyjMFsKNxSMyi:localhost	m.room.member	@matterbot:localhost	\N
$Q7qpUYZra7SmdftawkKRrQilka-WlRBbgKYybv2QRls	!pYSbiOyjMFsKNxSMyi:localhost	m.room.member	@matterbot:localhost	\N
$o5ttVgA4qLDCRoIxN9qyVPOLj9QUajTOF3D_U8es57Y	!FzTtpSkXWMPYBKHUQN:localhost	m.room.member	@matterbot:localhost	\N
$EeKexStxnjQMJwZnkxIZRNXLdggHQGqT_RJYm1xCocU	!FzTtpSkXWMPYBKHUQN:localhost	m.room.member	@mm_user1.mm:localhost	\N
$ZPGmNdM7zvGVfx5_posO0xAJ7C6aAnDZavYGV23i3eM	!FzTtpSkXWMPYBKHUQN:localhost	m.room.member	@mm_user1.mm:localhost	\N
$DRO5TAucLHxvrlJ47kjeEKQiKn1D0J-pwsDdrExDhfM	!FzTtpSkXWMPYBKHUQN:localhost	m.room.name		\N
$8JzwefAwHCl96ZlTja5b5rV-MxH_1T91x6Yl6vKYGSg	!AHOiTmgdxQzlhIOUsy:localhost	m.room.create		\N
$2AEp1hOUUsulI8Zc2ISpcmI9VmKuftWZdClPUSC_mD4	!AHOiTmgdxQzlhIOUsy:localhost	m.room.member	@admin:localhost	\N
$425aYo_LNE95R3HHpQZSk0MGS0CjqhCPkp0DJvtMk5M	!AHOiTmgdxQzlhIOUsy:localhost	m.room.power_levels		\N
$z1GwtHO3iyw6MvOYBxrwIdl_jvUlP6_Bn6yFfE9P2aI	!AHOiTmgdxQzlhIOUsy:localhost	m.room.canonical_alias		\N
$Ww-5pR04rXtgZleTLBj7vJSR1LGkC3tZ5Zuaxqazwek	!AHOiTmgdxQzlhIOUsy:localhost	m.room.join_rules		\N
$LmDzEqXVjmgNKIk52bhBmbosSuVDk32P02nhwggY0RM	!AHOiTmgdxQzlhIOUsy:localhost	m.room.history_visibility		\N
$sFv4HsuqMN9A0Wl_Bb1tZ-I7Kgdtxe83YsRaNWowWDM	!AHOiTmgdxQzlhIOUsy:localhost	m.room.name		\N
$xOF81meT9KSyhw3dY5FjCzADSBULEj6OoQaHM9DWtMY	!AHOiTmgdxQzlhIOUsy:localhost	m.room.member	@matterbot:localhost	\N
$cgYituIGJ7X54S5-Ax3C5u2yLwCnf99x2VbMmy0YD3w	!AHOiTmgdxQzlhIOUsy:localhost	m.room.member	@matterbot:localhost	\N
$hgeuyu5_SLbd99TLf-m4kSUM8l1Jy-W4XmhdQGO2rr0	!AHOiTmgdxQzlhIOUsy:localhost	m.room.member	@mm_user1.mm:localhost	\N
$jiXC1l1ou9Ti0I7CV7PJrsVblqsrb9dPQentqZqLBys	!AHOiTmgdxQzlhIOUsy:localhost	m.room.member	@mm_user1.mm:localhost	\N
$ye7ixCV2UmoA3GCF2K5lqNSxMrWwkdvkTSOdQDHy-P0	!AHOiTmgdxQzlhIOUsy:localhost	m.room.member	@user1.matrix:localhost	\N
$0XMDIAwJBH-iA7qIReHWRJAwmGiTGGioVtV8KFmJ4_M	!AHOiTmgdxQzlhIOUsy:localhost	m.room.member	@matterbot:localhost	\N
$v8iGN1Nqfe45E9UAlYS-2URhe0VSFqIHY_trb51SesI	!FzTtpSkXWMPYBKHUQN:localhost	m.room.member	@user2.matrix:localhost	\N
$0xWeoIOTCY4e3-7ZbZGuokwWQFjVMhIRQNXarqF1pxw	!FzTtpSkXWMPYBKHUQN:localhost	m.room.member	@mm_user2.mm:localhost	\N
$pdWypCivt0W58tNdti2PPFECr9nY2FHCzPHcq3t7WEY	!FzTtpSkXWMPYBKHUQN:localhost	m.room.member	@mm_user2.mm:localhost	\N
$Fv99ToyoiCcmIgW4cLLELDhrk41dcIcraArBj2LvaNE	!pYSbiOyjMFsKNxSMyi:localhost	m.room.member	@mm_user2.mm:localhost	\N
$PdV2tqK4NNZudisUim3L-UFebwMTDKtC4V3oRBsAKNg	!pYSbiOyjMFsKNxSMyi:localhost	m.room.member	@mm_user2.mm:localhost	\N
$iBD87Nj7pcqWKLj0dW9b0Am9tLGDUsUNgGx_DLCak6c	!pYSbiOyjMFsKNxSMyi:localhost	m.room.member	@mm_user1.mm:localhost	\N
$Z6q_pHNPM3MSDJqL1coCYtFuO0XvjFyT7uEHW_VzTmI	!pYSbiOyjMFsKNxSMyi:localhost	m.room.member	@mm_user1.mm:localhost	\N
$Qz3TCt9TZASSCaEgtUMB4UvTNFiNj8xUud69yTLrB1A	!AHOiTmgdxQzlhIOUsy:localhost	m.room.member	@user2.matrix:localhost	\N
$slqMcNC5aM4RPcFxUSnvevAVSEwE34tlwYESlS2z7W4	!AHOiTmgdxQzlhIOUsy:localhost	m.room.member	@mm_user2.mm:localhost	\N
$cWb_bCwCrj6N8hvObwR3Dfe63W634wlYWIy2-UKO28M	!AHOiTmgdxQzlhIOUsy:localhost	m.room.member	@mm_user2.mm:localhost	\N
$jLqj0K8k8IznEp_zldWz_Ezx5RfWpkQZCFKnJyfUBQ8	!FzTtpSkXWMPYBKHUQN:localhost	m.room.member	@user3.matrix:localhost	\N
$8L8kolK-08m1wXb1AstqZz_qz_SUzB08YqJZ_kYqWMs	!AHOiTmgdxQzlhIOUsy:localhost	m.room.member	@user3.matrix:localhost	\N
$I7bu0SuyZ_d7gNQWqG7B7c9bRaJpJVrKN3Ftzy-ST3o	!pYSbiOyjMFsKNxSMyi:localhost	m.room.member	@user3.matrix:localhost	\N
$91Cmq-17R2sVRCRnizx8fJKL3TLGjsOR0c4Ry3CKGyo	!pYSbiOyjMFsKNxSMyi:localhost	m.room.member	@user2.matrix:localhost	\N
$V4h-t7Z_ikk8f5J8DFBd6LCzIg27Ls_Cq5SwfTNvF0E	!wGvWnTVpsbEMByNykc:localhost	m.room.create		\N
$jD3h3ETxg2QK1PtrN6AW6y2kwQsFAQe7srLpSwfPhNg	!wGvWnTVpsbEMByNykc:localhost	m.room.member	@mm_user2.mm:localhost	\N
$kec4ZazwDdb-ZMxMr8ymwytOs-zGx-8VjOrW00BW_ZA	!wGvWnTVpsbEMByNykc:localhost	m.room.power_levels		\N
$7btK-y7mZ9nK9LBiSKR03J1T2D334LbUVJkbe2o-CYw	!wGvWnTVpsbEMByNykc:localhost	m.room.join_rules		\N
$Sw-_lchwyW0pw30wm3AP7MzTQVU56CugEatZVVNGmbA	!wGvWnTVpsbEMByNykc:localhost	m.room.history_visibility		\N
$83AF6m7uhB3hZQz5lmrPcLy_9huJCm_W9wt7-WQ_VYk	!wGvWnTVpsbEMByNykc:localhost	m.room.guest_access		\N
$MIJv8SIPMQ5955dHrWtYlemxtCwV0f4tqf-i_3dQVns	!wGvWnTVpsbEMByNykc:localhost	m.room.member	@matterbot:localhost	\N
$bwBAv8SR7RG8_oUvZFU0lU5iPNq8aNv-mxr6MW9PztU	!wGvWnTVpsbEMByNykc:localhost	m.room.member	@user2.matrix:localhost	\N
$F0LR4DEA3oLcc3k_eNE6_RKKA11yLcsmfO_8qPHHW8Y	!wGvWnTVpsbEMByNykc:localhost	m.room.member	@matterbot:localhost	\N
$wTfVj9B1xWTDZGpgTmLF5VwLS4zZnOAoCichsjzrqsI	!wGvWnTVpsbEMByNykc:localhost	m.room.member	@user2.matrix:localhost	\N
$BzCYUUyIaNg8MGhOw_QYTtD2BuIWdSnks84kegIMIzk	!KBqzwXdLtXZopjBikg:localhost	m.room.create		\N
$_E-EZa8gdS-_4F2CasYTKomuDixia3fJ1R-Wu2xx_CQ	!KBqzwXdLtXZopjBikg:localhost	m.room.member	@user2.matrix:localhost	\N
$1tmD6lvkYEIlbb5awAzEuSw6acgFDp21uA4450asM6M	!KBqzwXdLtXZopjBikg:localhost	m.room.power_levels		\N
$6qBmbp-ZfOQMsOgVGcf1da8QrUWLTBmULjDBY8xnQDc	!KBqzwXdLtXZopjBikg:localhost	m.room.join_rules		\N
$jgk7UOdyP6mp8rwKMOqqupF6sWOPwnMorSa67AYZ9A0	!KBqzwXdLtXZopjBikg:localhost	m.room.history_visibility		\N
$RE6G8a-zySUuohhp6UFLrBJ4ROulO2pvp_K_476Q-lY	!KBqzwXdLtXZopjBikg:localhost	m.room.guest_access		\N
$IZOLJfGYfNnK_aLuKaBOBCTx7SnxrLtHU1f4wTszqzo	!KBqzwXdLtXZopjBikg:localhost	m.room.member	@mm_user2.mm:localhost	\N
$ZHUq2VN0HpuE5oJi6l_3Uh8aLOuQmXN5WDqUyhjy8Vw	!KBqzwXdLtXZopjBikg:localhost	m.room.member	@matterbot:localhost	\N
$VaarpFJs6_0c2wYxJdAYq1G8uznJdufYfnCfjuqvI_M	!KBqzwXdLtXZopjBikg:localhost	m.room.member	@matterbot:localhost	\N
$Q6YXU96RlR1dPKmp4iI3R_d2KiWzKnZbMMURN8OqDVE	!wGvWnTVpsbEMByNykc:localhost	m.room.member	@matterbot:localhost	\N
$2rWHZ1dTRYXYOGEBkYy9w4xQNGND9i5euMRpJJww04o	!vDRByArErEHuGOOJxE:localhost	m.room.create		\N
$8d4e-CjuEEdRj8aSFNq0yHpo_JxouT8tHUVX8HfS4oc	!vDRByArErEHuGOOJxE:localhost	m.room.member	@user2.matrix:localhost	\N
$UL96b2DZHng5g_OXTbE0nBq-yL1Vv1SUxB3wRg5Nqsw	!vDRByArErEHuGOOJxE:localhost	m.room.power_levels		\N
$XLGuUcPmbE5vRHADIEfcDA5P4qTClMO9Xn9ircCdTUg	!vDRByArErEHuGOOJxE:localhost	m.room.join_rules		\N
$7y6Y35EbOlNtACU1RM3BCrmU7hb9GBXUJEFAI6-9gkg	!vDRByArErEHuGOOJxE:localhost	m.room.history_visibility		\N
$-Jddg6JtZ13Om3mZilR7hqtovSNKbu_jCbiDSN9u23M	!vDRByArErEHuGOOJxE:localhost	m.room.guest_access		\N
$PtKNK0cvGyJhBT-BIAFZs4gDvODQiScnlQFqLmWKqNc	!vDRByArErEHuGOOJxE:localhost	m.room.member	@user1.matrix:localhost	\N
$QvV8o1KjtX_tArxR1zwHZepfVa9NB03-81BjGpKxo9M	!vDRByArErEHuGOOJxE:localhost	m.room.member	@user3.matrix:localhost	\N
$0LNMKjea0zgdHTDMe3B3fmAnzNxu72ULA7HsNOs1pHw	!vDRByArErEHuGOOJxE:localhost	m.room.member	@user1.matrix:localhost	\N
$Z8Uf7knMci62YkFiphxCZI55avAa7X64_K1l9SJ-dqQ	!CZMvztYPoMDXZghGjm:localhost	m.room.create		\N
$pdfBN0Z96G_wbgh4VuNnIiOuwEeEcxbECI1vAE0JEC4	!CZMvztYPoMDXZghGjm:localhost	m.room.member	@mm_user2.mm:localhost	\N
$Oxivd8PnLITfhmuJ0pPdRRyMngE_kr3tbyIkDTT8_-o	!CZMvztYPoMDXZghGjm:localhost	m.room.power_levels		\N
$eQXATedxlGls7x4dhbO1w3NQRV-9oaR7nqj-pHxGiU4	!CZMvztYPoMDXZghGjm:localhost	m.room.join_rules		\N
$NEaM4RT_u5IYgHQJXffTluS21pSYxn3Ob3rh6lBPzJk	!CZMvztYPoMDXZghGjm:localhost	m.room.history_visibility		\N
$n4SLSzegw2_2XZuYVHMaBqQM0y0XXHqIEc6-sUt5lyo	!CZMvztYPoMDXZghGjm:localhost	m.room.guest_access		\N
$JHQCf63sTH6Vjufjj8sai_9QWCkwlbiKAUP0crmtihU	!CZMvztYPoMDXZghGjm:localhost	m.room.member	@matterbot:localhost	\N
$AmA--7RkBYVchLC_Tr104AXFweEwn_n7AeoFpptk0iI	!CZMvztYPoMDXZghGjm:localhost	m.room.member	@user1.matrix:localhost	\N
$EVIMbY1fZLGzs0Xp19eKjkS2aizDSYFoS8Wzj42_LQI	!CZMvztYPoMDXZghGjm:localhost	m.room.member	@user2.matrix:localhost	\N
$mGp05ykxc7iuNGM9nc4QHqFY1mnuCUW_Hq3ocgiZgFg	!CZMvztYPoMDXZghGjm:localhost	m.room.member	@matterbot:localhost	\N
$jqog1KTVZdbZSwVzHyAI1GAzMymJrQgDaEx7zSDIuvw	!CZMvztYPoMDXZghGjm:localhost	m.room.member	@user2.matrix:localhost	\N
$LwCMrUFKLRRfUwxX_bj8hMYLg15fXGwOuu2QDPdjcHY	!CZMvztYPoMDXZghGjm:localhost	m.room.member	@user1.matrix:localhost	\N
$TV4MVQPx61vM41xEXo5UuJRdzeBIjcqclWUsGWNacYM	!mjuhEfzSkeOAWJqsoF:localhost	m.room.create		\N
$06Um82m6RzKMOebWv0lcKQOaSvr6C10y6QA2Snc_R0I	!mjuhEfzSkeOAWJqsoF:localhost	m.room.member	@user2.matrix:localhost	\N
$csK689aRZ89elBgFJKAWBiNKhwnp635K09OhhnXruek	!mjuhEfzSkeOAWJqsoF:localhost	m.room.power_levels		\N
$WRC3DV_k1RkC4oedKmIL5Gi3JgPmcv4vcT615tEnu8M	!mjuhEfzSkeOAWJqsoF:localhost	m.room.join_rules		\N
$gfpOuJZriCh7xj2c1m5EnJfNW1LjpsjRlCI91G-Fpv8	!mjuhEfzSkeOAWJqsoF:localhost	m.room.history_visibility		\N
$gn9BJ39HJ5v_qwj0jcIRfiLcgvbMbDnBRAfEJMS4RUI	!mjuhEfzSkeOAWJqsoF:localhost	m.room.guest_access		\N
$8T5cGFOjiTe4zjIYX9tmzFfae8WV6TVvUpmBmV2carA	!mjuhEfzSkeOAWJqsoF:localhost	m.room.member	@matterbot:localhost	\N
$wKoDxwAtZ46KFnzdR2bV-nE-gCX8oSTpE4qkJq_05QE	!mjuhEfzSkeOAWJqsoF:localhost	m.room.member	@mm_user2.mm:localhost	\N
$5j9APu_03G5KZMO9hHc9AdVNHD7TfIlrfU87LHEi5aA	!mjuhEfzSkeOAWJqsoF:localhost	m.room.member	@matterbot:localhost	\N
$SfEuZPwDHWx4dsnQKRsLDI7Qwgt-Q84vGhE1THOba3s	!KBqzwXdLtXZopjBikg:localhost	m.room.member	@matterbot:localhost	\N
$nc1eJdpqNsaDyb3SdIbRwuQPExhfIPzPopcRSNdl3cQ	!cZnmZQFBeDsHEQbFQs:localhost	m.room.create		\N
$DR5VmuWusNClKlyAtCuWLyQC__lzA2aHFKFHP9MMUfk	!cZnmZQFBeDsHEQbFQs:localhost	m.room.member	@admin:localhost	\N
$6bHlgH99jQtK-ue9-7g5rvZivsofVViJiR_vh1fGkBA	!cZnmZQFBeDsHEQbFQs:localhost	m.room.power_levels		\N
$GAY76tMkYhuarSNOWWZqqDw36X1qIacZiQgHquoQtwA	!cZnmZQFBeDsHEQbFQs:localhost	m.room.canonical_alias		\N
$Jg_lbElh_Ag9z-VOceAlpgofNZg8W8x8HX4n5Ajmu6Y	!cZnmZQFBeDsHEQbFQs:localhost	m.room.join_rules		\N
$c_oFn9bOCQHYWCw4hjt9zWK3fTqd6CS9ho6797C20x8	!cZnmZQFBeDsHEQbFQs:localhost	m.room.history_visibility		\N
$J6BFnxxVtwKMBZMazTB3yX8rosc2skmuxAuI4OinjBM	!cZnmZQFBeDsHEQbFQs:localhost	m.room.name		\N
$7kIusj7_vjnjvM5XRI1_3dU_wgeCRurNbLxWl7Wza64	!cZnmZQFBeDsHEQbFQs:localhost	m.room.member	@matterbot:localhost	\N
$yB_pgWY1MngMlhaqo70bZTnADr2mMUjbkEKY3cjnlqk	!cZnmZQFBeDsHEQbFQs:localhost	m.room.member	@matterbot:localhost	\N
$LwuV3S_QSzHUfw7pEQBk-n4jquK3n8qlEDA3ZQTkHDI	!cZnmZQFBeDsHEQbFQs:localhost	m.room.member	@mm_user2.mm:localhost	\N
$ZJsRzPjCUHZTNUN_j78KyrW5EVPSKt9Pw_F-tVVvH7k	!cZnmZQFBeDsHEQbFQs:localhost	m.room.member	@mm_user2.mm:localhost	\N
$FyOdtUu1pDq9pkxIHuGA8NRmuYwbc56h3FAanha48Hk	!cZnmZQFBeDsHEQbFQs:localhost	m.room.member	@user1.matrix:localhost	\N
$SlMhs1Tixs22BdZ3XXqNy9AnhoIY4iemw--vg-i_Lm0	!mOsaATLFknhUVKMKbF:localhost	m.room.create		\N
$QC7bXFDxGhDk6yv_4ChjXTMkJ0t0dKySNdOD6sK8xWs	!mOsaATLFknhUVKMKbF:localhost	m.room.member	@mm_user2.mm:localhost	\N
$_O7HCNBcIf7TFakcNOXd_OGa-EktXdY7jXFtq-0AuZ4	!mOsaATLFknhUVKMKbF:localhost	m.room.power_levels		\N
$M668pvJTHPULzOyaFTfazYWkwGgORFCTi0KoC37EWeM	!mOsaATLFknhUVKMKbF:localhost	m.room.canonical_alias		\N
$ORKiMUdUMVOsbsyJYKmngYgY7DjjpWm4TvnNHjGoyzo	!mOsaATLFknhUVKMKbF:localhost	m.room.join_rules		\N
$hgqRK-dYe5eYsbxIs8yg30z62yTih79k6lYT3W-FrO0	!mOsaATLFknhUVKMKbF:localhost	m.room.history_visibility		\N
$NPeyvzf9NsetiIPlSR9A6CS672r3JVsnZYO0nXId2bk	!mOsaATLFknhUVKMKbF:localhost	m.room.guest_access		\N
$-_npKAXQzDZatyCE982iFmq7-fA6EcpCzljKEwGGWgg	!mOsaATLFknhUVKMKbF:localhost	m.room.name		\N
$i7p_9pGUCmPcRci6QowPd0isnxc650XUL0nkZkXIJqI	!mOsaATLFknhUVKMKbF:localhost	m.room.member	@matterbot:localhost	\N
$oRS_K9WwEjRY1LoGRh6ymmTYBFe4S3jiGLxKdFZq0xo	!mOsaATLFknhUVKMKbF:localhost	m.room.member	@matterbot:localhost	\N
$Y0bkVaMbWG30DJH750qUtZjIwDm6EWGKt22Jikt7ncc	!mOsaATLFknhUVKMKbF:localhost	m.room.member	@user1.matrix:localhost	\N
$CcGczUOKTX_OEsfQVWp2qPlgJwMCRsa25dLU8fT6UH0	!cZnmZQFBeDsHEQbFQs:localhost	m.room.member	@matterbot:localhost	\N
$biZp1kn2ycj-NFYzBIsolRQUhuy_Jcdb1TWFXs-wm_M	!mOsaATLFknhUVKMKbF:localhost	m.room.member	@user1.matrix:localhost	\N
\.


--
-- Data for Name: state_group_edges; Type: TABLE DATA; Schema: public; Owner: synapse
--

COPY public.state_group_edges (state_group, prev_state_group) FROM stdin;
2	1
3	2
4	3
5	4
6	5
7	6
8	7
10	9
11	10
12	11
13	12
14	13
15	14
16	15
17	16
18	8
19	17
20	18
21	20
22	19
23	20
24	19
25	23
26	24
27	23
28	27
29	28
30	24
31	29
32	29
33	24
35	34
36	29
37	24
38	35
39	38
40	39
41	40
42	41
43	42
44	43
45	24
46	29
47	44
48	29
49	24
50	47
51	50
52	51
53	24
54	29
55	52
56	29
57	24
58	55
59	55
60	29
61	24
62	29
63	62
64	63
65	24
66	65
67	66
68	64
69	66
70	55
71	64
72	55
73	66
74	64
75	66
76	64
77	64
78	55
79	66
80	64
81	66
82	64
83	66
84	64
85	55
86	66
87	66
88	66
89	64
90	55
91	64
92	66
93	92
94	93
95	64
96	55
97	93
98	64
99	93
101	55
100	64
102	93
103	64
104	55
105	93
106	93
107	64
108	64
109	55
110	109
111	109
112	111
113	112
114	112
115	93
116	93
117	64
118	64
119	112
120	112
121	93
122	93
123	64
124	64
125	64
126	125
127	112
128	127
129	93
130	129
131	130
133	132
134	133
135	134
136	135
137	136
138	137
139	138
140	139
141	140
142	141
144	143
145	144
146	145
147	146
148	147
149	148
150	149
151	150
152	151
153	152
154	142
156	155
157	156
158	157
159	158
160	159
161	160
162	161
163	162
164	163
166	165
167	166
168	167
169	168
170	169
171	170
172	171
173	172
174	173
175	174
176	175
177	176
178	177
179	177
181	180
182	181
183	182
184	183
185	184
186	185
187	186
188	187
189	188
190	189
191	152
192	127
193	127
194	130
195	130
200	130
205	127
213	130
216	127
219	130
223	127
226	125
231	130
240	127
247	246
260	259
261	260
268	267
196	125
197	125
198	127
199	127
204	127
215	125
218	130
221	125
222	127
225	130
233	125
236	130
242	130
249	248
250	249
251	250
252	251
253	252
254	253
201	130
202	125
203	125
206	130
207	130
208	125
209	125
210	127
211	127
212	130
214	125
217	127
220	125
224	130
227	125
228	127
229	127
230	130
232	125
234	127
235	127
237	130
238	125
239	125
241	127
243	130
244	125
245	125
248	247
255	254
256	255
257	256
258	257
262	261
263	262
264	263
265	264
266	265
267	266
269	268
270	269
271	270
272	127
273	127
274	130
275	130
276	258
277	125
278	125
279	127
280	127
281	130
282	130
283	276
284	125
285	125
286	127
287	127
288	130
289	130
290	276
291	125
292	125
293	127
294	127
295	130
296	130
297	276
298	125
299	125
300	127
301	127
302	130
303	130
304	276
305	125
306	125
307	127
308	127
309	130
310	130
311	276
312	125
313	125
\.


--
-- Data for Name: state_groups; Type: TABLE DATA; Schema: public; Owner: synapse
--

COPY public.state_groups (id, room_id, event_id) FROM stdin;
1	!FzTtpSkXWMPYBKHUQN:localhost	$c4I4FYRPIltfSw8Wf6w1NWiI0mLCN0eVcYuMsCyqiS4
2	!FzTtpSkXWMPYBKHUQN:localhost	$c4I4FYRPIltfSw8Wf6w1NWiI0mLCN0eVcYuMsCyqiS4
3	!FzTtpSkXWMPYBKHUQN:localhost	$IU1ZxuT0Nte99MGUdW5IhEVc_pVMkrUEqjP5xs27dVs
4	!FzTtpSkXWMPYBKHUQN:localhost	$1kn0z5XFW6tgZeQlEjEweLSJX_vv-w54n3uMagFyz9o
5	!FzTtpSkXWMPYBKHUQN:localhost	$CgLbWRULI45y2D98z5CUQGfnpkIanhBTri6Qgk2FtZI
6	!FzTtpSkXWMPYBKHUQN:localhost	$MjPoUIyI-4SLUb_2CX0SN6Cq4siLSpO81XmSX0Tt1Ag
7	!FzTtpSkXWMPYBKHUQN:localhost	$eaTE2oVse5UGe2gxU6bH4McqUJFwuNN8UMpxUnfeCzc
8	!FzTtpSkXWMPYBKHUQN:localhost	$Z8l2x75Ktp4i5ZFSxqQHoicfewpQOJ2yKoIXvdXGGL4
9	!pYSbiOyjMFsKNxSMyi:localhost	$gyvaweguHrwLjB1B_41QMnzSUMHQGbQmTALeOOMmWfU
10	!pYSbiOyjMFsKNxSMyi:localhost	$gyvaweguHrwLjB1B_41QMnzSUMHQGbQmTALeOOMmWfU
11	!pYSbiOyjMFsKNxSMyi:localhost	$hZ3X11MNOocXcrcCNowWncNXGOcKtKz2Yuy15DpSX9Y
12	!pYSbiOyjMFsKNxSMyi:localhost	$EgLH6XFurmJirUH4D5Zkm8y1WyPdrFX2SSko4S0-7hQ
13	!pYSbiOyjMFsKNxSMyi:localhost	$6A1pwZ_SweaaUsjoN5q44E3waqx9e_BX_Vch4BXsSMc
14	!pYSbiOyjMFsKNxSMyi:localhost	$tkoiHC3Vf1zAnFhhvTe60NQ7m3nRNvT1ILxtf8O8Tdc
15	!pYSbiOyjMFsKNxSMyi:localhost	$W2bBymarQF5AVOanxoytGxta4UVf4fhh6doJw6GmsQ0
16	!pYSbiOyjMFsKNxSMyi:localhost	$YSS-8MMEgCETq_EouYM-mm0KiVKGloqtULWeqmdQKZg
17	!pYSbiOyjMFsKNxSMyi:localhost	$0RmvI0B1zTbePI4eCXXUO_9tJQY2XcOy4Kt4FqYQ-Yk
18	!FzTtpSkXWMPYBKHUQN:localhost	$FSGyxWobRbm3XPzA_RJTfx_wFyj7eioybzttjovTej0
19	!pYSbiOyjMFsKNxSMyi:localhost	$f8S-mPLHMnruZFOTih-IYlCoYILk6A_BPx3dtO79ubI
20	!FzTtpSkXWMPYBKHUQN:localhost	$3iFc4KVKwTYBpN8T8PyFgNCDxXkCtJF5qS1nJbulpmU
21	!FzTtpSkXWMPYBKHUQN:localhost	$YcoSJr-DvcCc-tKQXIETgbHkCCKp5ywfYSEP7FwJNVg
22	!pYSbiOyjMFsKNxSMyi:localhost	$g0YgOMpZrU12XHGE_JImFXmPw0oXOwAyL9YUVgBeAus
23	!FzTtpSkXWMPYBKHUQN:localhost	$o5ttVgA4qLDCRoIxN9qyVPOLj9QUajTOF3D_U8es57Y
24	!pYSbiOyjMFsKNxSMyi:localhost	$Q7qpUYZra7SmdftawkKRrQilka-WlRBbgKYybv2QRls
25	!FzTtpSkXWMPYBKHUQN:localhost	$v-RPl1MnPAYT4dt4hxl4d1Gm7w2cnpOUk_iSe7YrXkw
26	!pYSbiOyjMFsKNxSMyi:localhost	$W0Kev85uoK4HtaTboFMMIb0R4-OI70npSfIwsuN1uz4
27	!FzTtpSkXWMPYBKHUQN:localhost	$EeKexStxnjQMJwZnkxIZRNXLdggHQGqT_RJYm1xCocU
28	!FzTtpSkXWMPYBKHUQN:localhost	$ZPGmNdM7zvGVfx5_posO0xAJ7C6aAnDZavYGV23i3eM
29	!FzTtpSkXWMPYBKHUQN:localhost	$DRO5TAucLHxvrlJ47kjeEKQiKn1D0J-pwsDdrExDhfM
30	!pYSbiOyjMFsKNxSMyi:localhost	$49hU3P-5kYsnTx3CJPUme72tObqaB8N9yNpl1vossg0
31	!FzTtpSkXWMPYBKHUQN:localhost	$PhD0xLVzNFzNQJAGtcjcz0nnixE6r3d839kM34jIf8g
32	!FzTtpSkXWMPYBKHUQN:localhost	$XUcJQGRevuaXkoEgE402JABWjwOVdrPfzgcNMKlcXvQ
33	!pYSbiOyjMFsKNxSMyi:localhost	$34vL9xxsLi4aArevf8pDFa63kZ0lf5XiCWrx0PvRvoc
34	!AHOiTmgdxQzlhIOUsy:localhost	$8JzwefAwHCl96ZlTja5b5rV-MxH_1T91x6Yl6vKYGSg
35	!AHOiTmgdxQzlhIOUsy:localhost	$8JzwefAwHCl96ZlTja5b5rV-MxH_1T91x6Yl6vKYGSg
36	!FzTtpSkXWMPYBKHUQN:localhost	$YDG80zntJNOKuufcgLue9g9MOBQUoeyuXo0fOqGayjY
37	!pYSbiOyjMFsKNxSMyi:localhost	$jZVuOMfxwi2fSy7owVVDaurqzNHPBSyyf6s_XQ4A_pQ
38	!AHOiTmgdxQzlhIOUsy:localhost	$2AEp1hOUUsulI8Zc2ISpcmI9VmKuftWZdClPUSC_mD4
39	!AHOiTmgdxQzlhIOUsy:localhost	$425aYo_LNE95R3HHpQZSk0MGS0CjqhCPkp0DJvtMk5M
40	!AHOiTmgdxQzlhIOUsy:localhost	$z1GwtHO3iyw6MvOYBxrwIdl_jvUlP6_Bn6yFfE9P2aI
41	!AHOiTmgdxQzlhIOUsy:localhost	$Ww-5pR04rXtgZleTLBj7vJSR1LGkC3tZ5Zuaxqazwek
42	!AHOiTmgdxQzlhIOUsy:localhost	$LmDzEqXVjmgNKIk52bhBmbosSuVDk32P02nhwggY0RM
43	!AHOiTmgdxQzlhIOUsy:localhost	$sFv4HsuqMN9A0Wl_Bb1tZ-I7Kgdtxe83YsRaNWowWDM
44	!AHOiTmgdxQzlhIOUsy:localhost	$xOF81meT9KSyhw3dY5FjCzADSBULEj6OoQaHM9DWtMY
45	!pYSbiOyjMFsKNxSMyi:localhost	$8XIKpy3VZccQOZxN3XavU1N1CY5N8YeAUuuDHFgRbjo
46	!FzTtpSkXWMPYBKHUQN:localhost	$wOQZ-biY7hPAPo71sHDFOUXe-bE1aX20NkEOpY1H2AQ
47	!AHOiTmgdxQzlhIOUsy:localhost	$cgYituIGJ7X54S5-Ax3C5u2yLwCnf99x2VbMmy0YD3w
48	!FzTtpSkXWMPYBKHUQN:localhost	$-3q3Ljru6wRXp4Z-hERkktC9SzodlK3MxzturLMga1g
49	!pYSbiOyjMFsKNxSMyi:localhost	$fKwT_0cyHyELp6qqGTPHzbJje2OEetonvLamah2ZhK8
50	!AHOiTmgdxQzlhIOUsy:localhost	$hgeuyu5_SLbd99TLf-m4kSUM8l1Jy-W4XmhdQGO2rr0
51	!AHOiTmgdxQzlhIOUsy:localhost	$jiXC1l1ou9Ti0I7CV7PJrsVblqsrb9dPQentqZqLBys
52	!AHOiTmgdxQzlhIOUsy:localhost	$ye7ixCV2UmoA3GCF2K5lqNSxMrWwkdvkTSOdQDHy-P0
53	!pYSbiOyjMFsKNxSMyi:localhost	$D1G29RvWGOaQbLK3TneFxdVDSGCmaRgybbto1vcSU-A
54	!FzTtpSkXWMPYBKHUQN:localhost	$skxsbyvlUyuygH8xQqp6K3laNchIune5iQeSzc3tBx0
55	!AHOiTmgdxQzlhIOUsy:localhost	$0XMDIAwJBH-iA7qIReHWRJAwmGiTGGioVtV8KFmJ4_M
56	!FzTtpSkXWMPYBKHUQN:localhost	$tRn_uPjSoJQAFtSjVnO6sgd-SBLrufGp5xzhZhRqUzk
57	!pYSbiOyjMFsKNxSMyi:localhost	$62-3JFpTMlRpv4_xAN2cDJVPyTAxye0feXIBfnOHi_E
58	!AHOiTmgdxQzlhIOUsy:localhost	$pTP0-CXb2Wza_9WGoLY5ZytUdeNQu6_3znRjg9NDoNY
59	!AHOiTmgdxQzlhIOUsy:localhost	$YKA_43_TyGCBO0cUZpxHCEJrOZm0h6u1pd_Fbqrc35E
60	!FzTtpSkXWMPYBKHUQN:localhost	$Vb2Aa7pNxIjgzYHSe-Nj9npKFPiVhR4BhwMWywOSCQs
61	!pYSbiOyjMFsKNxSMyi:localhost	$nAG8kHvrbluGnZ6CaA4uCC1wRfCaUyZjL7gI79rXnZg
62	!FzTtpSkXWMPYBKHUQN:localhost	$v8iGN1Nqfe45E9UAlYS-2URhe0VSFqIHY_trb51SesI
63	!FzTtpSkXWMPYBKHUQN:localhost	$0xWeoIOTCY4e3-7ZbZGuokwWQFjVMhIRQNXarqF1pxw
64	!FzTtpSkXWMPYBKHUQN:localhost	$pdWypCivt0W58tNdti2PPFECr9nY2FHCzPHcq3t7WEY
65	!pYSbiOyjMFsKNxSMyi:localhost	$Fv99ToyoiCcmIgW4cLLELDhrk41dcIcraArBj2LvaNE
66	!pYSbiOyjMFsKNxSMyi:localhost	$PdV2tqK4NNZudisUim3L-UFebwMTDKtC4V3oRBsAKNg
67	!pYSbiOyjMFsKNxSMyi:localhost	$2L1N3-SEc-B4NT4V-9Esx5fJiWmlHkgKpJHu7-oi1Ok
68	!FzTtpSkXWMPYBKHUQN:localhost	$coPPVdgjKqv8CuleVgwQkhXSBS6WUSi1P8-R0JB6vvw
69	!pYSbiOyjMFsKNxSMyi:localhost	$K9OgjondfhCj5y-ThfkujsiOWHMV4VCRYyuMH9s9HEY
70	!AHOiTmgdxQzlhIOUsy:localhost	$eRjal6t_hUHZObjdZmV8_m4k1c1N3sfU3zvtR0-6Xvc
71	!FzTtpSkXWMPYBKHUQN:localhost	$8n_1LVzjVhp1OHul67vQQbhyGuBWP2CyqnSKPYCdt-Q
72	!AHOiTmgdxQzlhIOUsy:localhost	$urFfRnH1wTm9wbK2yReLWyewE03rlZFoLXKMM7_kjBE
73	!pYSbiOyjMFsKNxSMyi:localhost	$l98prI1m5-jLpEsDHazH5hxJuhEHNXa4xO8z1tJzyK0
74	!FzTtpSkXWMPYBKHUQN:localhost	$ItCQIs2rpUcCTKcTu3GZ7YlUMhlBVX1yCyU3KpCyR80
75	!pYSbiOyjMFsKNxSMyi:localhost	$a9RGsupJOd5ZlfNiRaKbsBFOU40NVidzspYx9fMUE-0
76	!FzTtpSkXWMPYBKHUQN:localhost	$u2w2Y13i5bmQiMdG6mhO0L5waAK2CkkEqYnGx4qjagw
77	!FzTtpSkXWMPYBKHUQN:localhost	$bIVj0JOjI5E-f3flsiuXYXPsQcsUvfva5f_QmJNhum4
78	!AHOiTmgdxQzlhIOUsy:localhost	$k5vFI4jlkwS6afr_jNlN_2aMuUfwJ2YW_1-PGGUArHU
79	!pYSbiOyjMFsKNxSMyi:localhost	$PzeoHFbQ28-6hjoab-rGIR0G2fFggtx-88VuX8XyjuI
80	!FzTtpSkXWMPYBKHUQN:localhost	$QP7JLtSRUwBmUslEbnBDV5z8tPKG829hwN7MaQ7Ulqg
81	!pYSbiOyjMFsKNxSMyi:localhost	$ooX77K5y6UmicpcimiOJehE2-Dct9JHAN4rcGUtN6po
82	!FzTtpSkXWMPYBKHUQN:localhost	$8lLh1vpvO4Rnme6tLZaoEAVyvr9VEw5n20b5SvsSSGY
83	!pYSbiOyjMFsKNxSMyi:localhost	$z0QEnAmPvUovK2RaVYojHxs9xLbbixCfT7wj87LdXwo
84	!FzTtpSkXWMPYBKHUQN:localhost	$A5GvFkBaPXIZ91dFkoXkl2Huewt9ee2yxDmWmQad3N8
85	!AHOiTmgdxQzlhIOUsy:localhost	$je1Nuaq-0jFYwFBeCtBLjl3MHK-ZQA4PtHnB_-HNYvc
86	!pYSbiOyjMFsKNxSMyi:localhost	$6ARNOF5I7TTijTDfmYk78Sn48s_31qgbHC3d_paUDqM
87	!pYSbiOyjMFsKNxSMyi:localhost	$doYUfM-7d5ZFzJg9eafIuZKmryCTW_R_Pq4EtdWhRzI
88	!pYSbiOyjMFsKNxSMyi:localhost	$e3tuKcPG9jd7q0_GmQs22CjulfsS0R6Aq8xDrQaDfd4
89	!FzTtpSkXWMPYBKHUQN:localhost	$_ezJlOryLxLqGDKla8cWbF1wh7QiHjolI8Qz2wyzZv8
90	!AHOiTmgdxQzlhIOUsy:localhost	$HYeHoHtPTbvRZPtZAx_VEdfaHMNznmJVprmJWOblZiI
91	!FzTtpSkXWMPYBKHUQN:localhost	$ZP9s-riBDGrEMPmf6RN8cH-QDEGd85ZaaRtie7SJoEk
92	!pYSbiOyjMFsKNxSMyi:localhost	$iBD87Nj7pcqWKLj0dW9b0Am9tLGDUsUNgGx_DLCak6c
93	!pYSbiOyjMFsKNxSMyi:localhost	$Z6q_pHNPM3MSDJqL1coCYtFuO0XvjFyT7uEHW_VzTmI
94	!pYSbiOyjMFsKNxSMyi:localhost	$RA_CbTqwZSqz6aAjEjRMY5k6v8lxSoStGjtEOtOXjoU
95	!FzTtpSkXWMPYBKHUQN:localhost	$gbmbjS-jaqqrbumCk__BKcRYTtKP-O01nFThA5VZhrw
96	!AHOiTmgdxQzlhIOUsy:localhost	$UKX774KOYTNf-DLX4N_9LOfPEY1Hk7j9qEtGAxvpfVk
97	!pYSbiOyjMFsKNxSMyi:localhost	$Z7k19pVUwH_00K_0IBIa3Eyvv6UK9BrgPHc9ZwoifoA
98	!FzTtpSkXWMPYBKHUQN:localhost	$6934NaFEQ71IjfPEhGP9z6sALWCV5PCeHUTYd2-V4K4
99	!pYSbiOyjMFsKNxSMyi:localhost	$gsrQSfq62TsxsactnpQG8MZghyKpONBJmjaBzBhs_s8
101	!AHOiTmgdxQzlhIOUsy:localhost	$pOiP1Z_bdrig1Ym5-HCKnCLYofnCPs4X4BQ8rGogd9M
100	!FzTtpSkXWMPYBKHUQN:localhost	$NpHvFeZZOcB96QNEriQm9heK_1p1KVYrSd8d8H8aVAQ
102	!pYSbiOyjMFsKNxSMyi:localhost	$iIf6uk-7hY9FjdJuoZcU6OoBOOZrzLrpFk_HipYpZ54
103	!FzTtpSkXWMPYBKHUQN:localhost	$dw61rtU8PpCnKWhcDg9Cb3Ue4rYnQyhxVa-f1C1sIOg
104	!AHOiTmgdxQzlhIOUsy:localhost	$s0Mm7oIwagKEXpOPbbUOM2yWjPCdSnqeX0KVSsD7a7s
105	!pYSbiOyjMFsKNxSMyi:localhost	$sAMlovxNl7SKu8SstHDvGh08HRs8izryTu3A8NPUpYM
106	!pYSbiOyjMFsKNxSMyi:localhost	$GbjCzRHL1EJZbdX2zphkcY27EUTC-1uKu4cB741V4pE
107	!FzTtpSkXWMPYBKHUQN:localhost	$8AJj_J96j3ZKYN2MQ43-lVh8O6i51TjH4SWKATL61TU
108	!FzTtpSkXWMPYBKHUQN:localhost	$IVUvEoovve_bSwchFuJY8Awe5YCXnf4MNOoJQ1ENUyg
109	!AHOiTmgdxQzlhIOUsy:localhost	$Qz3TCt9TZASSCaEgtUMB4UvTNFiNj8xUud69yTLrB1A
110	!AHOiTmgdxQzlhIOUsy:localhost	$C1tS-399398bDJZTSAPlqul3QNw_RATQxywFCgf6w10
111	!AHOiTmgdxQzlhIOUsy:localhost	$slqMcNC5aM4RPcFxUSnvevAVSEwE34tlwYESlS2z7W4
112	!AHOiTmgdxQzlhIOUsy:localhost	$cWb_bCwCrj6N8hvObwR3Dfe63W634wlYWIy2-UKO28M
113	!AHOiTmgdxQzlhIOUsy:localhost	$RG-ufEDanNibMG8bUkwrRDlzzfye0iogZEUChZ7mEek
114	!AHOiTmgdxQzlhIOUsy:localhost	$w8gU8USLkejr2uOG49RKKj29TlJtEAGqYMjUFdtNhQ0
115	!pYSbiOyjMFsKNxSMyi:localhost	$7SvuRhwcPWOu4WeQdbDIjUdsu6biUVA1gILyJ_02eHc
116	!pYSbiOyjMFsKNxSMyi:localhost	$GjcgGzeynFt8YWnPtVJYyMwXAD0ignnf2FgUpWmbLHY
117	!FzTtpSkXWMPYBKHUQN:localhost	$PQ2udN3dcALQ-uFg6TuJ2VqCJ_vbTBhcvzgiABtOk58
118	!FzTtpSkXWMPYBKHUQN:localhost	$s6PzUkW4syoSwQBTkuo4s3RamN-InUknNdtcgX7DNSA
119	!AHOiTmgdxQzlhIOUsy:localhost	$LZ8V4FOeWrwFztJDmK9dHkjtr0rfa7daEJXnqdM2BJo
120	!AHOiTmgdxQzlhIOUsy:localhost	$d0j0MyO9BrwSYB0rdM25-1salLjX9FoCbOnOXK_YUqU
121	!pYSbiOyjMFsKNxSMyi:localhost	$dQvbo51FK5vfPC9IGIshPgSD-ZJuMGpXi8WCOLDknsY
122	!pYSbiOyjMFsKNxSMyi:localhost	$ehU5O6MhE7K2WQu-t-JvSSUaPdrp4TPYVrIt9tLgt3c
123	!FzTtpSkXWMPYBKHUQN:localhost	$QrgtzgkZGKl_nAzPyxrHXT3cqstc-an8tXuWKLWf7gM
124	!FzTtpSkXWMPYBKHUQN:localhost	$9fDoz-I-nPOE7GpRBH-Jg3AQ2TocwoHlzLO1YPHvcqA
125	!FzTtpSkXWMPYBKHUQN:localhost	$jLqj0K8k8IznEp_zldWz_Ezx5RfWpkQZCFKnJyfUBQ8
126	!FzTtpSkXWMPYBKHUQN:localhost	$qi5yLVYd4WdyMOAT6nsE9jqBIEEvQdbf-U4MFgmXfhU
127	!AHOiTmgdxQzlhIOUsy:localhost	$8L8kolK-08m1wXb1AstqZz_qz_SUzB08YqJZ_kYqWMs
128	!AHOiTmgdxQzlhIOUsy:localhost	$dFOX4vtFQwillRFaTHpnYzwL29_e3m7xozT8CicEgJQ
129	!pYSbiOyjMFsKNxSMyi:localhost	$I7bu0SuyZ_d7gNQWqG7B7c9bRaJpJVrKN3Ftzy-ST3o
130	!pYSbiOyjMFsKNxSMyi:localhost	$91Cmq-17R2sVRCRnizx8fJKL3TLGjsOR0c4Ry3CKGyo
131	!pYSbiOyjMFsKNxSMyi:localhost	$CIOmGiyq3jiT80o3j8P0aFOnn4EmOxLXaw_U09zQfQc
132	!wGvWnTVpsbEMByNykc:localhost	$V4h-t7Z_ikk8f5J8DFBd6LCzIg27Ls_Cq5SwfTNvF0E
133	!wGvWnTVpsbEMByNykc:localhost	$V4h-t7Z_ikk8f5J8DFBd6LCzIg27Ls_Cq5SwfTNvF0E
134	!wGvWnTVpsbEMByNykc:localhost	$jD3h3ETxg2QK1PtrN6AW6y2kwQsFAQe7srLpSwfPhNg
135	!wGvWnTVpsbEMByNykc:localhost	$kec4ZazwDdb-ZMxMr8ymwytOs-zGx-8VjOrW00BW_ZA
136	!wGvWnTVpsbEMByNykc:localhost	$7btK-y7mZ9nK9LBiSKR03J1T2D334LbUVJkbe2o-CYw
137	!wGvWnTVpsbEMByNykc:localhost	$Sw-_lchwyW0pw30wm3AP7MzTQVU56CugEatZVVNGmbA
138	!wGvWnTVpsbEMByNykc:localhost	$83AF6m7uhB3hZQz5lmrPcLy_9huJCm_W9wt7-WQ_VYk
139	!wGvWnTVpsbEMByNykc:localhost	$MIJv8SIPMQ5955dHrWtYlemxtCwV0f4tqf-i_3dQVns
140	!wGvWnTVpsbEMByNykc:localhost	$bwBAv8SR7RG8_oUvZFU0lU5iPNq8aNv-mxr6MW9PztU
141	!wGvWnTVpsbEMByNykc:localhost	$F0LR4DEA3oLcc3k_eNE6_RKKA11yLcsmfO_8qPHHW8Y
158	!vDRByArErEHuGOOJxE:localhost	$UL96b2DZHng5g_OXTbE0nBq-yL1Vv1SUxB3wRg5Nqsw
159	!vDRByArErEHuGOOJxE:localhost	$XLGuUcPmbE5vRHADIEfcDA5P4qTClMO9Xn9ircCdTUg
162	!vDRByArErEHuGOOJxE:localhost	$PtKNK0cvGyJhBT-BIAFZs4gDvODQiScnlQFqLmWKqNc
142	!wGvWnTVpsbEMByNykc:localhost	$wTfVj9B1xWTDZGpgTmLF5VwLS4zZnOAoCichsjzrqsI
143	!KBqzwXdLtXZopjBikg:localhost	$BzCYUUyIaNg8MGhOw_QYTtD2BuIWdSnks84kegIMIzk
150	!KBqzwXdLtXZopjBikg:localhost	$IZOLJfGYfNnK_aLuKaBOBCTx7SnxrLtHU1f4wTszqzo
151	!KBqzwXdLtXZopjBikg:localhost	$ZHUq2VN0HpuE5oJi6l_3Uh8aLOuQmXN5WDqUyhjy8Vw
154	!wGvWnTVpsbEMByNykc:localhost	$Q6YXU96RlR1dPKmp4iI3R_d2KiWzKnZbMMURN8OqDVE
144	!KBqzwXdLtXZopjBikg:localhost	$BzCYUUyIaNg8MGhOw_QYTtD2BuIWdSnks84kegIMIzk
155	!vDRByArErEHuGOOJxE:localhost	$2rWHZ1dTRYXYOGEBkYy9w4xQNGND9i5euMRpJJww04o
164	!vDRByArErEHuGOOJxE:localhost	$0LNMKjea0zgdHTDMe3B3fmAnzNxu72ULA7HsNOs1pHw
145	!KBqzwXdLtXZopjBikg:localhost	$_E-EZa8gdS-_4F2CasYTKomuDixia3fJ1R-Wu2xx_CQ
147	!KBqzwXdLtXZopjBikg:localhost	$6qBmbp-ZfOQMsOgVGcf1da8QrUWLTBmULjDBY8xnQDc
163	!vDRByArErEHuGOOJxE:localhost	$QvV8o1KjtX_tArxR1zwHZepfVa9NB03-81BjGpKxo9M
146	!KBqzwXdLtXZopjBikg:localhost	$1tmD6lvkYEIlbb5awAzEuSw6acgFDp21uA4450asM6M
161	!vDRByArErEHuGOOJxE:localhost	$-Jddg6JtZ13Om3mZilR7hqtovSNKbu_jCbiDSN9u23M
148	!KBqzwXdLtXZopjBikg:localhost	$jgk7UOdyP6mp8rwKMOqqupF6sWOPwnMorSa67AYZ9A0
152	!KBqzwXdLtXZopjBikg:localhost	$VaarpFJs6_0c2wYxJdAYq1G8uznJdufYfnCfjuqvI_M
160	!vDRByArErEHuGOOJxE:localhost	$7y6Y35EbOlNtACU1RM3BCrmU7hb9GBXUJEFAI6-9gkg
149	!KBqzwXdLtXZopjBikg:localhost	$RE6G8a-zySUuohhp6UFLrBJ4ROulO2pvp_K_476Q-lY
153	!KBqzwXdLtXZopjBikg:localhost	$ErQ4JV6PC1PcyYsHd5QTq2Ym59XRsfaEJjjeluO8gC8
156	!vDRByArErEHuGOOJxE:localhost	$2rWHZ1dTRYXYOGEBkYy9w4xQNGND9i5euMRpJJww04o
157	!vDRByArErEHuGOOJxE:localhost	$8d4e-CjuEEdRj8aSFNq0yHpo_JxouT8tHUVX8HfS4oc
165	!CZMvztYPoMDXZghGjm:localhost	$Z8Uf7knMci62YkFiphxCZI55avAa7X64_K1l9SJ-dqQ
166	!CZMvztYPoMDXZghGjm:localhost	$Z8Uf7knMci62YkFiphxCZI55avAa7X64_K1l9SJ-dqQ
167	!CZMvztYPoMDXZghGjm:localhost	$pdfBN0Z96G_wbgh4VuNnIiOuwEeEcxbECI1vAE0JEC4
168	!CZMvztYPoMDXZghGjm:localhost	$Oxivd8PnLITfhmuJ0pPdRRyMngE_kr3tbyIkDTT8_-o
169	!CZMvztYPoMDXZghGjm:localhost	$eQXATedxlGls7x4dhbO1w3NQRV-9oaR7nqj-pHxGiU4
170	!CZMvztYPoMDXZghGjm:localhost	$NEaM4RT_u5IYgHQJXffTluS21pSYxn3Ob3rh6lBPzJk
171	!CZMvztYPoMDXZghGjm:localhost	$n4SLSzegw2_2XZuYVHMaBqQM0y0XXHqIEc6-sUt5lyo
172	!CZMvztYPoMDXZghGjm:localhost	$JHQCf63sTH6Vjufjj8sai_9QWCkwlbiKAUP0crmtihU
173	!CZMvztYPoMDXZghGjm:localhost	$AmA--7RkBYVchLC_Tr104AXFweEwn_n7AeoFpptk0iI
174	!CZMvztYPoMDXZghGjm:localhost	$EVIMbY1fZLGzs0Xp19eKjkS2aizDSYFoS8Wzj42_LQI
175	!CZMvztYPoMDXZghGjm:localhost	$mGp05ykxc7iuNGM9nc4QHqFY1mnuCUW_Hq3ocgiZgFg
176	!CZMvztYPoMDXZghGjm:localhost	$jqog1KTVZdbZSwVzHyAI1GAzMymJrQgDaEx7zSDIuvw
177	!CZMvztYPoMDXZghGjm:localhost	$LwCMrUFKLRRfUwxX_bj8hMYLg15fXGwOuu2QDPdjcHY
178	!CZMvztYPoMDXZghGjm:localhost	$N2vil-EAWDM411aMAB7obmDHu7WP74E9KrFdCuondbs
179	!CZMvztYPoMDXZghGjm:localhost	$wreAspuffdIbUVvLb1qDQTvav-KiMiOvlc3kfLVm2QE
180	!mjuhEfzSkeOAWJqsoF:localhost	$TV4MVQPx61vM41xEXo5UuJRdzeBIjcqclWUsGWNacYM
181	!mjuhEfzSkeOAWJqsoF:localhost	$TV4MVQPx61vM41xEXo5UuJRdzeBIjcqclWUsGWNacYM
182	!mjuhEfzSkeOAWJqsoF:localhost	$06Um82m6RzKMOebWv0lcKQOaSvr6C10y6QA2Snc_R0I
183	!mjuhEfzSkeOAWJqsoF:localhost	$csK689aRZ89elBgFJKAWBiNKhwnp635K09OhhnXruek
184	!mjuhEfzSkeOAWJqsoF:localhost	$WRC3DV_k1RkC4oedKmIL5Gi3JgPmcv4vcT615tEnu8M
185	!mjuhEfzSkeOAWJqsoF:localhost	$gfpOuJZriCh7xj2c1m5EnJfNW1LjpsjRlCI91G-Fpv8
186	!mjuhEfzSkeOAWJqsoF:localhost	$gn9BJ39HJ5v_qwj0jcIRfiLcgvbMbDnBRAfEJMS4RUI
187	!mjuhEfzSkeOAWJqsoF:localhost	$8T5cGFOjiTe4zjIYX9tmzFfae8WV6TVvUpmBmV2carA
188	!mjuhEfzSkeOAWJqsoF:localhost	$wKoDxwAtZ46KFnzdR2bV-nE-gCX8oSTpE4qkJq_05QE
189	!mjuhEfzSkeOAWJqsoF:localhost	$5j9APu_03G5KZMO9hHc9AdVNHD7TfIlrfU87LHEi5aA
190	!mjuhEfzSkeOAWJqsoF:localhost	$kryIwCVH6MkyxiFBzpAVtO6gtqgsXdpOt7Ul-HskPSw
191	!KBqzwXdLtXZopjBikg:localhost	$SfEuZPwDHWx4dsnQKRsLDI7Qwgt-Q84vGhE1THOba3s
192	!AHOiTmgdxQzlhIOUsy:localhost	$B_-383U8wh98j4AHM9fdeaDOWBmOav_ZbzQ36sdZH0w
193	!AHOiTmgdxQzlhIOUsy:localhost	$W1xgKiPXnNBvqkNt-brGXsf_q5fO5umNWbZjlySqPSg
194	!pYSbiOyjMFsKNxSMyi:localhost	$EIn7Eq6sxU56fIBP3Bimyjm7Jsin0TxsC0ypZ9jtuJk
195	!pYSbiOyjMFsKNxSMyi:localhost	$Palseg0Mi1JeySCZ7vJjQhYrcaRYtyqv_x3MhpYS98w
196	!FzTtpSkXWMPYBKHUQN:localhost	$jI5Sbrj4OFEoFUSB3eMkpa3he3M4AAHkeU4STzbf5tg
197	!FzTtpSkXWMPYBKHUQN:localhost	$eoZeZrAANKIe7CdOWRPx2QNGpzXQsf7LM-7NUAkrWWc
198	!AHOiTmgdxQzlhIOUsy:localhost	$6AAKvO2AxYq2lXNf6iBt321H06Rh2XgCEaq1RrQboss
199	!AHOiTmgdxQzlhIOUsy:localhost	$69VFSkQ56dzaP4sVJRIZi0vI3DRlL0sOPJD0kOFVFkI
200	!pYSbiOyjMFsKNxSMyi:localhost	$atXyqngI-fZEtP1Hcvr04A--hry8UOZAoqJGUN1s7Yg
201	!pYSbiOyjMFsKNxSMyi:localhost	$NxL4vYQcrCP8jAu2FRv5vJfu4SLREeZoGPf5dp3CXLU
202	!FzTtpSkXWMPYBKHUQN:localhost	$ZRvgxAlGjTuOyd1z1iM312xEOl9RkzslB5EK-Uxmbuo
203	!FzTtpSkXWMPYBKHUQN:localhost	$96zllRwMT3v-3oxTOzN8MTlr7LIZAqIjEWRuPQU0e-M
204	!AHOiTmgdxQzlhIOUsy:localhost	$qqi6SIkVod-98aOFiFJxdNWEnX9PVZu2-BWN7p60oys
205	!AHOiTmgdxQzlhIOUsy:localhost	$jI6IL3ZyQQ--yeZDiqaPxfmSyNKxPH5KzSEYYQHiLhE
206	!pYSbiOyjMFsKNxSMyi:localhost	$O5WHcfn2QW1-khT06pss7ldoFxT3yiJXlmPHjV6lLjs
207	!pYSbiOyjMFsKNxSMyi:localhost	$gedrZKF-D9WtqAfhfnS6c3hoKU7s30Rkm0YCqrVof0o
208	!FzTtpSkXWMPYBKHUQN:localhost	$1isCI-C6M7UNi8zBLOzoaAZVHku9j44ywAY2cUdn1C0
209	!FzTtpSkXWMPYBKHUQN:localhost	$rNJqOM659LF_L5Houjb3Doc36cIqyOv-HEO-Qi28jLk
210	!AHOiTmgdxQzlhIOUsy:localhost	$Ds7iCmNTEXGcjF3uCSSgFuD3E8XugxJcXL-QqSuZ-Ic
211	!AHOiTmgdxQzlhIOUsy:localhost	$exaV7t-DbMbURmLawFX3Or4zL9qIZdbLJf8oanm9b0w
220	!FzTtpSkXWMPYBKHUQN:localhost	$uXDrX7Qu7Vi6tImz_ncbUuIKySDljXVICGccpS5FHws
229	!AHOiTmgdxQzlhIOUsy:localhost	$kwWIO1iThoD4X1lxsMIdfuFgL-nvR1407NAR7x2N2rY
212	!pYSbiOyjMFsKNxSMyi:localhost	$iBVpX1PQIkpCiFWywSeQgEAqIMtOQNcra7MU94C_VY8
230	!pYSbiOyjMFsKNxSMyi:localhost	$vgVXsqaa7D1NnYo9Rfjqlir-BQgXg4N8BuzmZ0MIIEI
235	!AHOiTmgdxQzlhIOUsy:localhost	$kKffMDSE_ue_PUXe9dz-XWyxrMizKKHyIJUA7Uvmt9w
248	!cZnmZQFBeDsHEQbFQs:localhost	$DR5VmuWusNClKlyAtCuWLyQC__lzA2aHFKFHP9MMUfk
262	!mOsaATLFknhUVKMKbF:localhost	$_O7HCNBcIf7TFakcNOXd_OGa-EktXdY7jXFtq-0AuZ4
263	!mOsaATLFknhUVKMKbF:localhost	$M668pvJTHPULzOyaFTfazYWkwGgORFCTi0KoC37EWeM
264	!mOsaATLFknhUVKMKbF:localhost	$ORKiMUdUMVOsbsyJYKmngYgY7DjjpWm4TvnNHjGoyzo
265	!mOsaATLFknhUVKMKbF:localhost	$hgqRK-dYe5eYsbxIs8yg30z62yTih79k6lYT3W-FrO0
266	!mOsaATLFknhUVKMKbF:localhost	$NPeyvzf9NsetiIPlSR9A6CS672r3JVsnZYO0nXId2bk
267	!mOsaATLFknhUVKMKbF:localhost	$-_npKAXQzDZatyCE982iFmq7-fA6EcpCzljKEwGGWgg
213	!pYSbiOyjMFsKNxSMyi:localhost	$poT4O3nHotQoqp2qLbl5sWnV852_7S7Hkno6snHm81Y
214	!FzTtpSkXWMPYBKHUQN:localhost	$zVO5Uq49g1SmuyAf7WwfNzur1sqTmRtZzOkD5qjwRW4
216	!AHOiTmgdxQzlhIOUsy:localhost	$zZX7psqYodgHLlfL8GX0_aSK1rH-R5IdnpNGcFTmS7A
223	!AHOiTmgdxQzlhIOUsy:localhost	$KSF3rZwvPXja3h48a86Bvg7jFgiRrCGxzZM69PPMc3s
231	!pYSbiOyjMFsKNxSMyi:localhost	$8sEy0HxEcKXQV3_V9c0DWAqFvLRLVhyekcEHykau2e0
237	!pYSbiOyjMFsKNxSMyi:localhost	$VjnnF1zhQ9EDTDxEdM8fWiMF3mdjxtaFI5qyZz1BRv8
243	!pYSbiOyjMFsKNxSMyi:localhost	$h9m2P04pD5tvyuu7r7lxlGvwx9k_NJJyYhrXW5ALSvo
247	!cZnmZQFBeDsHEQbFQs:localhost	$nc1eJdpqNsaDyb3SdIbRwuQPExhfIPzPopcRSNdl3cQ
256	!cZnmZQFBeDsHEQbFQs:localhost	$LwuV3S_QSzHUfw7pEQBk-n4jquK3n8qlEDA3ZQTkHDI
260	!mOsaATLFknhUVKMKbF:localhost	$SlMhs1Tixs22BdZ3XXqNy9AnhoIY4iemw--vg-i_Lm0
261	!mOsaATLFknhUVKMKbF:localhost	$QC7bXFDxGhDk6yv_4ChjXTMkJ0t0dKySNdOD6sK8xWs
268	!mOsaATLFknhUVKMKbF:localhost	$i7p_9pGUCmPcRci6QowPd0isnxc650XUL0nkZkXIJqI
215	!FzTtpSkXWMPYBKHUQN:localhost	$ZrxBStuWZRgyolYf13cg6eU2x-PYwiwBdnyOeM3b--s
218	!pYSbiOyjMFsKNxSMyi:localhost	$4bJBS-qY1s-WW0pVEIOQR3qMtTBf3doBsRUFNpRl_Ck
222	!AHOiTmgdxQzlhIOUsy:localhost	$IQaFu6_4iye8x7PkqIen8IvOT0LoIQUwkTEp4-Cf1Eg
233	!FzTtpSkXWMPYBKHUQN:localhost	$pw9z46uZImRG4zlw3pm_vqjH_HdTCQKC5QvZPeh3eR8
249	!cZnmZQFBeDsHEQbFQs:localhost	$6bHlgH99jQtK-ue9-7g5rvZivsofVViJiR_vh1fGkBA
250	!cZnmZQFBeDsHEQbFQs:localhost	$GAY76tMkYhuarSNOWWZqqDw36X1qIacZiQgHquoQtwA
251	!cZnmZQFBeDsHEQbFQs:localhost	$Jg_lbElh_Ag9z-VOceAlpgofNZg8W8x8HX4n5Ajmu6Y
252	!cZnmZQFBeDsHEQbFQs:localhost	$c_oFn9bOCQHYWCw4hjt9zWK3fTqd6CS9ho6797C20x8
253	!cZnmZQFBeDsHEQbFQs:localhost	$J6BFnxxVtwKMBZMazTB3yX8rosc2skmuxAuI4OinjBM
217	!AHOiTmgdxQzlhIOUsy:localhost	$zH7VxVpiTyMRUn7JjRHVjJZApQBHOkJS8qI42-Modp0
224	!pYSbiOyjMFsKNxSMyi:localhost	$pxfNnZ-owXvVKfRT94X27xXHSTdf4eZ9sGOLQi6ymO4
232	!FzTtpSkXWMPYBKHUQN:localhost	$gW0PyqV7Gbwkr_WqmZgkumZqCM9lDUISoPO40jdaMPI
234	!AHOiTmgdxQzlhIOUsy:localhost	$W5A5xv8cXQQ2ctdANOC0kzu-Bf_6NpC8ira_J09kS8g
241	!AHOiTmgdxQzlhIOUsy:localhost	$RAg7k_lzgzdjltZiI9ARtleS8Lsix8oKWv9hrpjZMIo
255	!cZnmZQFBeDsHEQbFQs:localhost	$yB_pgWY1MngMlhaqo70bZTnADr2mMUjbkEKY3cjnlqk
270	!mOsaATLFknhUVKMKbF:localhost	$biZp1kn2ycj-NFYzBIsolRQUhuy_Jcdb1TWFXs-wm_M
219	!pYSbiOyjMFsKNxSMyi:localhost	$ieiM50XoH-38qInUyl3VyZA4qT_gTl-CuOg89ED4vUY
226	!FzTtpSkXWMPYBKHUQN:localhost	$4sZwBmH9PPrfFBO6W1BHQt7RBzEdMQHtnfocQDbBWY0
240	!AHOiTmgdxQzlhIOUsy:localhost	$oCiRoBf7iQEdvgXA-QCaLtckf237b-1tiO1j64LRwhs
246	!cZnmZQFBeDsHEQbFQs:localhost	$nc1eJdpqNsaDyb3SdIbRwuQPExhfIPzPopcRSNdl3cQ
259	!mOsaATLFknhUVKMKbF:localhost	$SlMhs1Tixs22BdZ3XXqNy9AnhoIY4iemw--vg-i_Lm0
221	!FzTtpSkXWMPYBKHUQN:localhost	$ZbGibZUJvx4HR96zPZM5VyvKe7fuQWXCFaYT8ZSWPoc
225	!pYSbiOyjMFsKNxSMyi:localhost	$6LSbUnrPULQoqvyG6fytgqDnPNiw8SN99UlCZx5YqKk
236	!pYSbiOyjMFsKNxSMyi:localhost	$mhwOzaMpUqHqGqnKNDhZAfVILQYV1ReEUytA1jMSMOw
242	!pYSbiOyjMFsKNxSMyi:localhost	$ssCTkJCkUx8PIKpRoZy--qqA4J73w7jL3oIHSbrTbko
254	!cZnmZQFBeDsHEQbFQs:localhost	$7kIusj7_vjnjvM5XRI1_3dU_wgeCRurNbLxWl7Wza64
227	!FzTtpSkXWMPYBKHUQN:localhost	$4sp_lAVFmZJd9Mjdi2rvl7UQdZrKWX6RJbHUFaGagqc
238	!FzTtpSkXWMPYBKHUQN:localhost	$FxvWhRWJksbVrJHQjrr8SvW6TkCyv1m_jrEViMThIZ4
244	!FzTtpSkXWMPYBKHUQN:localhost	$YFZmyEZN2_glQ5OITvnuKmuK32g7cZ3jujvkj3DMYXI
258	!cZnmZQFBeDsHEQbFQs:localhost	$FyOdtUu1pDq9pkxIHuGA8NRmuYwbc56h3FAanha48Hk
269	!mOsaATLFknhUVKMKbF:localhost	$oRS_K9WwEjRY1LoGRh6ymmTYBFe4S3jiGLxKdFZq0xo
228	!AHOiTmgdxQzlhIOUsy:localhost	$c53HR4x4kgBKbpI3okjwsFQke1TH13rTjx49IjKav3o
239	!FzTtpSkXWMPYBKHUQN:localhost	$2uHB4Bhuyfbx3LI_Q80co-yWLnirLXG_aD92gUQLJOs
245	!FzTtpSkXWMPYBKHUQN:localhost	$oHQ8vFahs656-Lfu7fmrat3B2FF6m2-ecb2_xRH-fJs
257	!cZnmZQFBeDsHEQbFQs:localhost	$ZJsRzPjCUHZTNUN_j78KyrW5EVPSKt9Pw_F-tVVvH7k
271	!mOsaATLFknhUVKMKbF:localhost	$Y0bkVaMbWG30DJH750qUtZjIwDm6EWGKt22Jikt7ncc
272	!AHOiTmgdxQzlhIOUsy:localhost	$pIzOhSQDXKjjJTIJ9hDSCaLkoRCqSRTC22KU50amD1k
273	!AHOiTmgdxQzlhIOUsy:localhost	$boH9MJh6JZbvY8QuM-W5kiizko-2UNgni4xSYLcJnTo
274	!pYSbiOyjMFsKNxSMyi:localhost	$znwd5a95ACJy80nANReapXM5geAzb97mR7fbUEx7C3A
275	!pYSbiOyjMFsKNxSMyi:localhost	$dea8CzfT9TbOdFidicFEFzM-IftgJhBPHv95gA2Z3uA
276	!cZnmZQFBeDsHEQbFQs:localhost	$CcGczUOKTX_OEsfQVWp2qPlgJwMCRsa25dLU8fT6UH0
277	!FzTtpSkXWMPYBKHUQN:localhost	$B80b1OQQ1vxMuPpMg7RoJ5CZm6PWema7hu-yMlw36dI
278	!FzTtpSkXWMPYBKHUQN:localhost	$UCpJtbasmSIdJ9sSzg3NM0K05EKa7C7a5meYVuwqtXo
279	!AHOiTmgdxQzlhIOUsy:localhost	$vN2BsJyRKLztdziCZ_Bk90c_eGYNfG5xhLfVwuxFvFs
280	!AHOiTmgdxQzlhIOUsy:localhost	$xnCUoRbb0C8wvCulnOdUSB3mQ-0iizKPnuc17r1rU-0
281	!pYSbiOyjMFsKNxSMyi:localhost	$gg8UENhKLDFU-csdyO78V7xonqS_eUNZv_6KyQSBjiw
282	!pYSbiOyjMFsKNxSMyi:localhost	$wTxvX_W4c163cY9OXEQNfhSFJoQaORnJKDm98S7rQUU
283	!cZnmZQFBeDsHEQbFQs:localhost	$VdXzQlv_sbPBoHQO7slDtTW2DtuKhvhGQlEmIsnxMaM
284	!FzTtpSkXWMPYBKHUQN:localhost	$fIxWjrkegINBozvm5yD3iQQd6vWnlSGhMDOxVwx6Z80
285	!FzTtpSkXWMPYBKHUQN:localhost	$0ENjEkEFt_ICR22W-Vo9Q1k48mmGGx9aatx6sTulf7U
286	!AHOiTmgdxQzlhIOUsy:localhost	$8Uc-LmhbpCWIfKE2E8ESm-hfyOV6rdnfa9Ta6Aa8Lhc
287	!AHOiTmgdxQzlhIOUsy:localhost	$VPyRMcHSWbHdEdZUaAcY56mMGhFJvxAvxSvYuDeyTL4
288	!pYSbiOyjMFsKNxSMyi:localhost	$NldxJ_3BX6L0izzKkIEGrvvgf4PAwuKOP1wH3f1m2RU
289	!pYSbiOyjMFsKNxSMyi:localhost	$DyisQ8Cucyu5vXGoewFtTK5WW5aumJYmKso5Fap9G94
290	!cZnmZQFBeDsHEQbFQs:localhost	$xEHW2pNO0a1XfFGa8N17Mt5Dg07mwTPTb2OGjZuY08g
291	!FzTtpSkXWMPYBKHUQN:localhost	$xogF0LPNlLkum0G7uGPhzGrlgqoLV_7fbEVUNZc3oPg
292	!FzTtpSkXWMPYBKHUQN:localhost	$BUkMgxBg3q9115KhKDEyzGwJzRYDaP2iCuKb6tPA0ic
293	!AHOiTmgdxQzlhIOUsy:localhost	$RvMi_L1zHT79HMq2GQBkmp2rAIHNumrfitnE805a8gI
294	!AHOiTmgdxQzlhIOUsy:localhost	$2sP__PQNKlXeXUAhbZRgLt92NxM6spjKlWH4abglwYU
295	!pYSbiOyjMFsKNxSMyi:localhost	$N895anMewaQsmzTHSI-sfEoa4gj2UgM24eiq8y0bDhM
296	!pYSbiOyjMFsKNxSMyi:localhost	$Erv9vbeL_onUhPl5bWvG93q1DqgMbBOP70nkN-hdS_c
297	!cZnmZQFBeDsHEQbFQs:localhost	$Fl-53BiUDe2RhcIctrBHQXa9YxpUcUetA8VhOzShHsA
298	!FzTtpSkXWMPYBKHUQN:localhost	$vAv8I5J9FA0KIF9FVc1UIrCaSya_9JZUmrQmcbEdpAQ
299	!FzTtpSkXWMPYBKHUQN:localhost	$6heTCRbJK6K-hjKfa3A5uyXN6_rLgYlqt1JnZx1OGgI
300	!AHOiTmgdxQzlhIOUsy:localhost	$alDjkzoC_J_pcVr4zkrmzco2-CXe2cr8NrE9XG8Evdc
301	!AHOiTmgdxQzlhIOUsy:localhost	$OGnnyPev4zeYqhGQG4UrbIiCXU61oN9XwtK0b4cxQq8
302	!pYSbiOyjMFsKNxSMyi:localhost	$VqasU5Ey9of0WS7WUsSZGpltNCpe6vutpAgTzS2xKcE
303	!pYSbiOyjMFsKNxSMyi:localhost	$ERoodwqpGDfowilmeMqK45UmPkfEgFCupaV0msqbRc4
304	!cZnmZQFBeDsHEQbFQs:localhost	$TKBC0Eux9qjoNJDUcGosR56yVljMcGzA6foa35VGP3A
305	!FzTtpSkXWMPYBKHUQN:localhost	$7ePG5aCIwikQDys7De8ofOGNqJIXohbXVRAHRRfnnl4
306	!FzTtpSkXWMPYBKHUQN:localhost	$vnrzDtq8o64e_Ydjj4cZv2PcXtWifC6I8l_I-9p6pas
307	!AHOiTmgdxQzlhIOUsy:localhost	$Dlr8N6CXQFdIEsvC_RUi5U-rOgAWvUTXuD3n6s4w2MU
308	!AHOiTmgdxQzlhIOUsy:localhost	$w58meuAhv546rlQb69_o3CQereOUmz-c6JdIJ_jW-T4
309	!pYSbiOyjMFsKNxSMyi:localhost	$V-bVPEcRSN2iZmhWTtK9M_GR5OnPeGfawzvBSB3OqxM
310	!pYSbiOyjMFsKNxSMyi:localhost	$wbpSFwrEwVANajk9O2O2tGTHz3aSCjzQNydIudSPWYA
311	!cZnmZQFBeDsHEQbFQs:localhost	$gy1BC1MWB8vM0yh0fVc-7pAsI6qnHKrRf2SRLjkZGpE
312	!FzTtpSkXWMPYBKHUQN:localhost	$8YjmdL9BT3xCjnLhNvtggstM6scX20Q5QEmL_BZUysE
313	!FzTtpSkXWMPYBKHUQN:localhost	$6boESfk9jtlVMeuLXPBKmXNyUAt6E91p17xwkRK_Hgs
\.


--
-- Data for Name: state_groups_state; Type: TABLE DATA; Schema: public; Owner: synapse
--

COPY public.state_groups_state (state_group, room_id, type, state_key, event_id) FROM stdin;
2	!FzTtpSkXWMPYBKHUQN:localhost	m.room.create		$c4I4FYRPIltfSw8Wf6w1NWiI0mLCN0eVcYuMsCyqiS4
3	!FzTtpSkXWMPYBKHUQN:localhost	m.room.member	@admin:localhost	$IU1ZxuT0Nte99MGUdW5IhEVc_pVMkrUEqjP5xs27dVs
4	!FzTtpSkXWMPYBKHUQN:localhost	m.room.power_levels		$1kn0z5XFW6tgZeQlEjEweLSJX_vv-w54n3uMagFyz9o
5	!FzTtpSkXWMPYBKHUQN:localhost	m.room.canonical_alias		$CgLbWRULI45y2D98z5CUQGfnpkIanhBTri6Qgk2FtZI
6	!FzTtpSkXWMPYBKHUQN:localhost	m.room.join_rules		$MjPoUIyI-4SLUb_2CX0SN6Cq4siLSpO81XmSX0Tt1Ag
7	!FzTtpSkXWMPYBKHUQN:localhost	m.room.history_visibility		$eaTE2oVse5UGe2gxU6bH4McqUJFwuNN8UMpxUnfeCzc
8	!FzTtpSkXWMPYBKHUQN:localhost	m.room.name		$Z8l2x75Ktp4i5ZFSxqQHoicfewpQOJ2yKoIXvdXGGL4
10	!pYSbiOyjMFsKNxSMyi:localhost	m.room.create		$gyvaweguHrwLjB1B_41QMnzSUMHQGbQmTALeOOMmWfU
11	!pYSbiOyjMFsKNxSMyi:localhost	m.room.member	@admin:localhost	$hZ3X11MNOocXcrcCNowWncNXGOcKtKz2Yuy15DpSX9Y
12	!pYSbiOyjMFsKNxSMyi:localhost	m.room.power_levels		$EgLH6XFurmJirUH4D5Zkm8y1WyPdrFX2SSko4S0-7hQ
13	!pYSbiOyjMFsKNxSMyi:localhost	m.room.canonical_alias		$6A1pwZ_SweaaUsjoN5q44E3waqx9e_BX_Vch4BXsSMc
14	!pYSbiOyjMFsKNxSMyi:localhost	m.room.join_rules		$tkoiHC3Vf1zAnFhhvTe60NQ7m3nRNvT1ILxtf8O8Tdc
15	!pYSbiOyjMFsKNxSMyi:localhost	m.room.history_visibility		$W2bBymarQF5AVOanxoytGxta4UVf4fhh6doJw6GmsQ0
16	!pYSbiOyjMFsKNxSMyi:localhost	m.room.name		$YSS-8MMEgCETq_EouYM-mm0KiVKGloqtULWeqmdQKZg
17	!pYSbiOyjMFsKNxSMyi:localhost	m.room.member	@user1.matrix:localhost	$0RmvI0B1zTbePI4eCXXUO_9tJQY2XcOy4Kt4FqYQ-Yk
18	!FzTtpSkXWMPYBKHUQN:localhost	m.room.member	@user1.matrix:localhost	$FSGyxWobRbm3XPzA_RJTfx_wFyj7eioybzttjovTej0
19	!pYSbiOyjMFsKNxSMyi:localhost	m.room.member	@matterbot:localhost	$f8S-mPLHMnruZFOTih-IYlCoYILk6A_BPx3dtO79ubI
20	!FzTtpSkXWMPYBKHUQN:localhost	m.room.member	@matterbot:localhost	$3iFc4KVKwTYBpN8T8PyFgNCDxXkCtJF5qS1nJbulpmU
21	!FzTtpSkXWMPYBKHUQN:localhost	m.room.member	@matterbot:localhost	$YcoSJr-DvcCc-tKQXIETgbHkCCKp5ywfYSEP7FwJNVg
22	!pYSbiOyjMFsKNxSMyi:localhost	m.room.member	@matterbot:localhost	$g0YgOMpZrU12XHGE_JImFXmPw0oXOwAyL9YUVgBeAus
23	!FzTtpSkXWMPYBKHUQN:localhost	m.room.member	@matterbot:localhost	$o5ttVgA4qLDCRoIxN9qyVPOLj9QUajTOF3D_U8es57Y
24	!pYSbiOyjMFsKNxSMyi:localhost	m.room.member	@matterbot:localhost	$Q7qpUYZra7SmdftawkKRrQilka-WlRBbgKYybv2QRls
26	!pYSbiOyjMFsKNxSMyi:localhost	m.room.member	@matterbot:localhost	$W0Kev85uoK4HtaTboFMMIb0R4-OI70npSfIwsuN1uz4
25	!FzTtpSkXWMPYBKHUQN:localhost	m.room.member	@matterbot:localhost	$v-RPl1MnPAYT4dt4hxl4d1Gm7w2cnpOUk_iSe7YrXkw
27	!FzTtpSkXWMPYBKHUQN:localhost	m.room.member	@mm_user1.mm:localhost	$EeKexStxnjQMJwZnkxIZRNXLdggHQGqT_RJYm1xCocU
28	!FzTtpSkXWMPYBKHUQN:localhost	m.room.member	@mm_user1.mm:localhost	$ZPGmNdM7zvGVfx5_posO0xAJ7C6aAnDZavYGV23i3eM
29	!FzTtpSkXWMPYBKHUQN:localhost	m.room.name		$DRO5TAucLHxvrlJ47kjeEKQiKn1D0J-pwsDdrExDhfM
30	!pYSbiOyjMFsKNxSMyi:localhost	m.room.member	@matterbot:localhost	$49hU3P-5kYsnTx3CJPUme72tObqaB8N9yNpl1vossg0
31	!FzTtpSkXWMPYBKHUQN:localhost	m.room.member	@matterbot:localhost	$PhD0xLVzNFzNQJAGtcjcz0nnixE6r3d839kM34jIf8g
32	!FzTtpSkXWMPYBKHUQN:localhost	m.room.member	@matterbot:localhost	$XUcJQGRevuaXkoEgE402JABWjwOVdrPfzgcNMKlcXvQ
33	!pYSbiOyjMFsKNxSMyi:localhost	m.room.member	@matterbot:localhost	$34vL9xxsLi4aArevf8pDFa63kZ0lf5XiCWrx0PvRvoc
35	!AHOiTmgdxQzlhIOUsy:localhost	m.room.create		$8JzwefAwHCl96ZlTja5b5rV-MxH_1T91x6Yl6vKYGSg
36	!FzTtpSkXWMPYBKHUQN:localhost	m.room.member	@matterbot:localhost	$YDG80zntJNOKuufcgLue9g9MOBQUoeyuXo0fOqGayjY
37	!pYSbiOyjMFsKNxSMyi:localhost	m.room.member	@matterbot:localhost	$jZVuOMfxwi2fSy7owVVDaurqzNHPBSyyf6s_XQ4A_pQ
38	!AHOiTmgdxQzlhIOUsy:localhost	m.room.member	@admin:localhost	$2AEp1hOUUsulI8Zc2ISpcmI9VmKuftWZdClPUSC_mD4
39	!AHOiTmgdxQzlhIOUsy:localhost	m.room.power_levels		$425aYo_LNE95R3HHpQZSk0MGS0CjqhCPkp0DJvtMk5M
40	!AHOiTmgdxQzlhIOUsy:localhost	m.room.canonical_alias		$z1GwtHO3iyw6MvOYBxrwIdl_jvUlP6_Bn6yFfE9P2aI
41	!AHOiTmgdxQzlhIOUsy:localhost	m.room.join_rules		$Ww-5pR04rXtgZleTLBj7vJSR1LGkC3tZ5Zuaxqazwek
42	!AHOiTmgdxQzlhIOUsy:localhost	m.room.history_visibility		$LmDzEqXVjmgNKIk52bhBmbosSuVDk32P02nhwggY0RM
43	!AHOiTmgdxQzlhIOUsy:localhost	m.room.name		$sFv4HsuqMN9A0Wl_Bb1tZ-I7Kgdtxe83YsRaNWowWDM
44	!AHOiTmgdxQzlhIOUsy:localhost	m.room.member	@matterbot:localhost	$xOF81meT9KSyhw3dY5FjCzADSBULEj6OoQaHM9DWtMY
45	!pYSbiOyjMFsKNxSMyi:localhost	m.room.member	@matterbot:localhost	$8XIKpy3VZccQOZxN3XavU1N1CY5N8YeAUuuDHFgRbjo
46	!FzTtpSkXWMPYBKHUQN:localhost	m.room.member	@matterbot:localhost	$wOQZ-biY7hPAPo71sHDFOUXe-bE1aX20NkEOpY1H2AQ
47	!AHOiTmgdxQzlhIOUsy:localhost	m.room.member	@matterbot:localhost	$cgYituIGJ7X54S5-Ax3C5u2yLwCnf99x2VbMmy0YD3w
48	!FzTtpSkXWMPYBKHUQN:localhost	m.room.member	@matterbot:localhost	$-3q3Ljru6wRXp4Z-hERkktC9SzodlK3MxzturLMga1g
49	!pYSbiOyjMFsKNxSMyi:localhost	m.room.member	@matterbot:localhost	$fKwT_0cyHyELp6qqGTPHzbJje2OEetonvLamah2ZhK8
50	!AHOiTmgdxQzlhIOUsy:localhost	m.room.member	@mm_user1.mm:localhost	$hgeuyu5_SLbd99TLf-m4kSUM8l1Jy-W4XmhdQGO2rr0
51	!AHOiTmgdxQzlhIOUsy:localhost	m.room.member	@mm_user1.mm:localhost	$jiXC1l1ou9Ti0I7CV7PJrsVblqsrb9dPQentqZqLBys
52	!AHOiTmgdxQzlhIOUsy:localhost	m.room.member	@user1.matrix:localhost	$ye7ixCV2UmoA3GCF2K5lqNSxMrWwkdvkTSOdQDHy-P0
53	!pYSbiOyjMFsKNxSMyi:localhost	m.room.member	@matterbot:localhost	$D1G29RvWGOaQbLK3TneFxdVDSGCmaRgybbto1vcSU-A
54	!FzTtpSkXWMPYBKHUQN:localhost	m.room.member	@matterbot:localhost	$skxsbyvlUyuygH8xQqp6K3laNchIune5iQeSzc3tBx0
55	!AHOiTmgdxQzlhIOUsy:localhost	m.room.member	@matterbot:localhost	$0XMDIAwJBH-iA7qIReHWRJAwmGiTGGioVtV8KFmJ4_M
56	!FzTtpSkXWMPYBKHUQN:localhost	m.room.member	@matterbot:localhost	$tRn_uPjSoJQAFtSjVnO6sgd-SBLrufGp5xzhZhRqUzk
57	!pYSbiOyjMFsKNxSMyi:localhost	m.room.member	@matterbot:localhost	$62-3JFpTMlRpv4_xAN2cDJVPyTAxye0feXIBfnOHi_E
58	!AHOiTmgdxQzlhIOUsy:localhost	m.room.member	@matterbot:localhost	$pTP0-CXb2Wza_9WGoLY5ZytUdeNQu6_3znRjg9NDoNY
59	!AHOiTmgdxQzlhIOUsy:localhost	m.room.member	@matterbot:localhost	$YKA_43_TyGCBO0cUZpxHCEJrOZm0h6u1pd_Fbqrc35E
60	!FzTtpSkXWMPYBKHUQN:localhost	m.room.member	@matterbot:localhost	$Vb2Aa7pNxIjgzYHSe-Nj9npKFPiVhR4BhwMWywOSCQs
61	!pYSbiOyjMFsKNxSMyi:localhost	m.room.member	@matterbot:localhost	$nAG8kHvrbluGnZ6CaA4uCC1wRfCaUyZjL7gI79rXnZg
62	!FzTtpSkXWMPYBKHUQN:localhost	m.room.member	@user2.matrix:localhost	$v8iGN1Nqfe45E9UAlYS-2URhe0VSFqIHY_trb51SesI
63	!FzTtpSkXWMPYBKHUQN:localhost	m.room.member	@mm_user2.mm:localhost	$0xWeoIOTCY4e3-7ZbZGuokwWQFjVMhIRQNXarqF1pxw
64	!FzTtpSkXWMPYBKHUQN:localhost	m.room.member	@mm_user2.mm:localhost	$pdWypCivt0W58tNdti2PPFECr9nY2FHCzPHcq3t7WEY
65	!pYSbiOyjMFsKNxSMyi:localhost	m.room.member	@mm_user2.mm:localhost	$Fv99ToyoiCcmIgW4cLLELDhrk41dcIcraArBj2LvaNE
66	!pYSbiOyjMFsKNxSMyi:localhost	m.room.member	@mm_user2.mm:localhost	$PdV2tqK4NNZudisUim3L-UFebwMTDKtC4V3oRBsAKNg
67	!pYSbiOyjMFsKNxSMyi:localhost	m.room.member	@matterbot:localhost	$2L1N3-SEc-B4NT4V-9Esx5fJiWmlHkgKpJHu7-oi1Ok
68	!FzTtpSkXWMPYBKHUQN:localhost	m.room.member	@matterbot:localhost	$coPPVdgjKqv8CuleVgwQkhXSBS6WUSi1P8-R0JB6vvw
69	!pYSbiOyjMFsKNxSMyi:localhost	m.room.member	@matterbot:localhost	$K9OgjondfhCj5y-ThfkujsiOWHMV4VCRYyuMH9s9HEY
70	!AHOiTmgdxQzlhIOUsy:localhost	m.room.member	@matterbot:localhost	$eRjal6t_hUHZObjdZmV8_m4k1c1N3sfU3zvtR0-6Xvc
71	!FzTtpSkXWMPYBKHUQN:localhost	m.room.member	@matterbot:localhost	$8n_1LVzjVhp1OHul67vQQbhyGuBWP2CyqnSKPYCdt-Q
72	!AHOiTmgdxQzlhIOUsy:localhost	m.room.member	@matterbot:localhost	$urFfRnH1wTm9wbK2yReLWyewE03rlZFoLXKMM7_kjBE
73	!pYSbiOyjMFsKNxSMyi:localhost	m.room.member	@matterbot:localhost	$l98prI1m5-jLpEsDHazH5hxJuhEHNXa4xO8z1tJzyK0
74	!FzTtpSkXWMPYBKHUQN:localhost	m.room.member	@matterbot:localhost	$ItCQIs2rpUcCTKcTu3GZ7YlUMhlBVX1yCyU3KpCyR80
75	!pYSbiOyjMFsKNxSMyi:localhost	m.room.member	@matterbot:localhost	$a9RGsupJOd5ZlfNiRaKbsBFOU40NVidzspYx9fMUE-0
76	!FzTtpSkXWMPYBKHUQN:localhost	m.room.member	@matterbot:localhost	$u2w2Y13i5bmQiMdG6mhO0L5waAK2CkkEqYnGx4qjagw
77	!FzTtpSkXWMPYBKHUQN:localhost	m.room.member	@matterbot:localhost	$bIVj0JOjI5E-f3flsiuXYXPsQcsUvfva5f_QmJNhum4
78	!AHOiTmgdxQzlhIOUsy:localhost	m.room.member	@matterbot:localhost	$k5vFI4jlkwS6afr_jNlN_2aMuUfwJ2YW_1-PGGUArHU
79	!pYSbiOyjMFsKNxSMyi:localhost	m.room.member	@matterbot:localhost	$PzeoHFbQ28-6hjoab-rGIR0G2fFggtx-88VuX8XyjuI
80	!FzTtpSkXWMPYBKHUQN:localhost	m.room.member	@matterbot:localhost	$QP7JLtSRUwBmUslEbnBDV5z8tPKG829hwN7MaQ7Ulqg
81	!pYSbiOyjMFsKNxSMyi:localhost	m.room.member	@matterbot:localhost	$ooX77K5y6UmicpcimiOJehE2-Dct9JHAN4rcGUtN6po
82	!FzTtpSkXWMPYBKHUQN:localhost	m.room.member	@matterbot:localhost	$8lLh1vpvO4Rnme6tLZaoEAVyvr9VEw5n20b5SvsSSGY
83	!pYSbiOyjMFsKNxSMyi:localhost	m.room.member	@matterbot:localhost	$z0QEnAmPvUovK2RaVYojHxs9xLbbixCfT7wj87LdXwo
84	!FzTtpSkXWMPYBKHUQN:localhost	m.room.member	@matterbot:localhost	$A5GvFkBaPXIZ91dFkoXkl2Huewt9ee2yxDmWmQad3N8
85	!AHOiTmgdxQzlhIOUsy:localhost	m.room.member	@matterbot:localhost	$je1Nuaq-0jFYwFBeCtBLjl3MHK-ZQA4PtHnB_-HNYvc
86	!pYSbiOyjMFsKNxSMyi:localhost	m.room.member	@matterbot:localhost	$6ARNOF5I7TTijTDfmYk78Sn48s_31qgbHC3d_paUDqM
87	!pYSbiOyjMFsKNxSMyi:localhost	m.room.member	@matterbot:localhost	$doYUfM-7d5ZFzJg9eafIuZKmryCTW_R_Pq4EtdWhRzI
88	!pYSbiOyjMFsKNxSMyi:localhost	m.room.member	@matterbot:localhost	$e3tuKcPG9jd7q0_GmQs22CjulfsS0R6Aq8xDrQaDfd4
89	!FzTtpSkXWMPYBKHUQN:localhost	m.room.member	@matterbot:localhost	$_ezJlOryLxLqGDKla8cWbF1wh7QiHjolI8Qz2wyzZv8
90	!AHOiTmgdxQzlhIOUsy:localhost	m.room.member	@matterbot:localhost	$HYeHoHtPTbvRZPtZAx_VEdfaHMNznmJVprmJWOblZiI
91	!FzTtpSkXWMPYBKHUQN:localhost	m.room.member	@matterbot:localhost	$ZP9s-riBDGrEMPmf6RN8cH-QDEGd85ZaaRtie7SJoEk
92	!pYSbiOyjMFsKNxSMyi:localhost	m.room.member	@mm_user1.mm:localhost	$iBD87Nj7pcqWKLj0dW9b0Am9tLGDUsUNgGx_DLCak6c
93	!pYSbiOyjMFsKNxSMyi:localhost	m.room.member	@mm_user1.mm:localhost	$Z6q_pHNPM3MSDJqL1coCYtFuO0XvjFyT7uEHW_VzTmI
94	!pYSbiOyjMFsKNxSMyi:localhost	m.room.member	@matterbot:localhost	$RA_CbTqwZSqz6aAjEjRMY5k6v8lxSoStGjtEOtOXjoU
95	!FzTtpSkXWMPYBKHUQN:localhost	m.room.member	@matterbot:localhost	$gbmbjS-jaqqrbumCk__BKcRYTtKP-O01nFThA5VZhrw
96	!AHOiTmgdxQzlhIOUsy:localhost	m.room.member	@matterbot:localhost	$UKX774KOYTNf-DLX4N_9LOfPEY1Hk7j9qEtGAxvpfVk
97	!pYSbiOyjMFsKNxSMyi:localhost	m.room.member	@matterbot:localhost	$Z7k19pVUwH_00K_0IBIa3Eyvv6UK9BrgPHc9ZwoifoA
98	!FzTtpSkXWMPYBKHUQN:localhost	m.room.member	@matterbot:localhost	$6934NaFEQ71IjfPEhGP9z6sALWCV5PCeHUTYd2-V4K4
99	!pYSbiOyjMFsKNxSMyi:localhost	m.room.member	@matterbot:localhost	$gsrQSfq62TsxsactnpQG8MZghyKpONBJmjaBzBhs_s8
101	!AHOiTmgdxQzlhIOUsy:localhost	m.room.member	@matterbot:localhost	$pOiP1Z_bdrig1Ym5-HCKnCLYofnCPs4X4BQ8rGogd9M
100	!FzTtpSkXWMPYBKHUQN:localhost	m.room.member	@matterbot:localhost	$NpHvFeZZOcB96QNEriQm9heK_1p1KVYrSd8d8H8aVAQ
102	!pYSbiOyjMFsKNxSMyi:localhost	m.room.member	@matterbot:localhost	$iIf6uk-7hY9FjdJuoZcU6OoBOOZrzLrpFk_HipYpZ54
103	!FzTtpSkXWMPYBKHUQN:localhost	m.room.member	@matterbot:localhost	$dw61rtU8PpCnKWhcDg9Cb3Ue4rYnQyhxVa-f1C1sIOg
104	!AHOiTmgdxQzlhIOUsy:localhost	m.room.member	@matterbot:localhost	$s0Mm7oIwagKEXpOPbbUOM2yWjPCdSnqeX0KVSsD7a7s
105	!pYSbiOyjMFsKNxSMyi:localhost	m.room.member	@matterbot:localhost	$sAMlovxNl7SKu8SstHDvGh08HRs8izryTu3A8NPUpYM
106	!pYSbiOyjMFsKNxSMyi:localhost	m.room.member	@matterbot:localhost	$GbjCzRHL1EJZbdX2zphkcY27EUTC-1uKu4cB741V4pE
107	!FzTtpSkXWMPYBKHUQN:localhost	m.room.member	@matterbot:localhost	$8AJj_J96j3ZKYN2MQ43-lVh8O6i51TjH4SWKATL61TU
108	!FzTtpSkXWMPYBKHUQN:localhost	m.room.member	@matterbot:localhost	$IVUvEoovve_bSwchFuJY8Awe5YCXnf4MNOoJQ1ENUyg
109	!AHOiTmgdxQzlhIOUsy:localhost	m.room.member	@user2.matrix:localhost	$Qz3TCt9TZASSCaEgtUMB4UvTNFiNj8xUud69yTLrB1A
110	!AHOiTmgdxQzlhIOUsy:localhost	m.room.member	@user2.matrix:localhost	$C1tS-399398bDJZTSAPlqul3QNw_RATQxywFCgf6w10
111	!AHOiTmgdxQzlhIOUsy:localhost	m.room.member	@mm_user2.mm:localhost	$slqMcNC5aM4RPcFxUSnvevAVSEwE34tlwYESlS2z7W4
112	!AHOiTmgdxQzlhIOUsy:localhost	m.room.member	@mm_user2.mm:localhost	$cWb_bCwCrj6N8hvObwR3Dfe63W634wlYWIy2-UKO28M
113	!AHOiTmgdxQzlhIOUsy:localhost	m.room.member	@matterbot:localhost	$RG-ufEDanNibMG8bUkwrRDlzzfye0iogZEUChZ7mEek
114	!AHOiTmgdxQzlhIOUsy:localhost	m.room.member	@matterbot:localhost	$w8gU8USLkejr2uOG49RKKj29TlJtEAGqYMjUFdtNhQ0
115	!pYSbiOyjMFsKNxSMyi:localhost	m.room.member	@matterbot:localhost	$7SvuRhwcPWOu4WeQdbDIjUdsu6biUVA1gILyJ_02eHc
135	!wGvWnTVpsbEMByNykc:localhost	m.room.power_levels		$kec4ZazwDdb-ZMxMr8ymwytOs-zGx-8VjOrW00BW_ZA
157	!vDRByArErEHuGOOJxE:localhost	m.room.member	@user2.matrix:localhost	$8d4e-CjuEEdRj8aSFNq0yHpo_JxouT8tHUVX8HfS4oc
116	!pYSbiOyjMFsKNxSMyi:localhost	m.room.member	@matterbot:localhost	$GjcgGzeynFt8YWnPtVJYyMwXAD0ignnf2FgUpWmbLHY
118	!FzTtpSkXWMPYBKHUQN:localhost	m.room.member	@matterbot:localhost	$s6PzUkW4syoSwQBTkuo4s3RamN-InUknNdtcgX7DNSA
121	!pYSbiOyjMFsKNxSMyi:localhost	m.room.member	@matterbot:localhost	$dQvbo51FK5vfPC9IGIshPgSD-ZJuMGpXi8WCOLDknsY
149	!KBqzwXdLtXZopjBikg:localhost	m.room.guest_access		$RE6G8a-zySUuohhp6UFLrBJ4ROulO2pvp_K_476Q-lY
153	!KBqzwXdLtXZopjBikg:localhost	m.room.member	@matterbot:localhost	$ErQ4JV6PC1PcyYsHd5QTq2Ym59XRsfaEJjjeluO8gC8
156	!vDRByArErEHuGOOJxE:localhost	m.room.create		$2rWHZ1dTRYXYOGEBkYy9w4xQNGND9i5euMRpJJww04o
168	!CZMvztYPoMDXZghGjm:localhost	m.room.power_levels		$Oxivd8PnLITfhmuJ0pPdRRyMngE_kr3tbyIkDTT8_-o
171	!CZMvztYPoMDXZghGjm:localhost	m.room.guest_access		$n4SLSzegw2_2XZuYVHMaBqQM0y0XXHqIEc6-sUt5lyo
117	!FzTtpSkXWMPYBKHUQN:localhost	m.room.member	@matterbot:localhost	$PQ2udN3dcALQ-uFg6TuJ2VqCJ_vbTBhcvzgiABtOk58
119	!AHOiTmgdxQzlhIOUsy:localhost	m.room.member	@matterbot:localhost	$LZ8V4FOeWrwFztJDmK9dHkjtr0rfa7daEJXnqdM2BJo
120	!AHOiTmgdxQzlhIOUsy:localhost	m.room.member	@matterbot:localhost	$d0j0MyO9BrwSYB0rdM25-1salLjX9FoCbOnOXK_YUqU
122	!pYSbiOyjMFsKNxSMyi:localhost	m.room.member	@matterbot:localhost	$ehU5O6MhE7K2WQu-t-JvSSUaPdrp4TPYVrIt9tLgt3c
123	!FzTtpSkXWMPYBKHUQN:localhost	m.room.member	@matterbot:localhost	$QrgtzgkZGKl_nAzPyxrHXT3cqstc-an8tXuWKLWf7gM
126	!FzTtpSkXWMPYBKHUQN:localhost	m.room.member	@user3.matrix:localhost	$qi5yLVYd4WdyMOAT6nsE9jqBIEEvQdbf-U4MFgmXfhU
127	!AHOiTmgdxQzlhIOUsy:localhost	m.room.member	@user3.matrix:localhost	$8L8kolK-08m1wXb1AstqZz_qz_SUzB08YqJZ_kYqWMs
128	!AHOiTmgdxQzlhIOUsy:localhost	m.room.member	@user3.matrix:localhost	$dFOX4vtFQwillRFaTHpnYzwL29_e3m7xozT8CicEgJQ
129	!pYSbiOyjMFsKNxSMyi:localhost	m.room.member	@user3.matrix:localhost	$I7bu0SuyZ_d7gNQWqG7B7c9bRaJpJVrKN3Ftzy-ST3o
130	!pYSbiOyjMFsKNxSMyi:localhost	m.room.member	@user2.matrix:localhost	$91Cmq-17R2sVRCRnizx8fJKL3TLGjsOR0c4Ry3CKGyo
136	!wGvWnTVpsbEMByNykc:localhost	m.room.join_rules		$7btK-y7mZ9nK9LBiSKR03J1T2D334LbUVJkbe2o-CYw
138	!wGvWnTVpsbEMByNykc:localhost	m.room.guest_access		$83AF6m7uhB3hZQz5lmrPcLy_9huJCm_W9wt7-WQ_VYk
140	!wGvWnTVpsbEMByNykc:localhost	m.room.member	@user2.matrix:localhost	$bwBAv8SR7RG8_oUvZFU0lU5iPNq8aNv-mxr6MW9PztU
142	!wGvWnTVpsbEMByNykc:localhost	m.room.member	@user2.matrix:localhost	$wTfVj9B1xWTDZGpgTmLF5VwLS4zZnOAoCichsjzrqsI
145	!KBqzwXdLtXZopjBikg:localhost	m.room.member	@user2.matrix:localhost	$_E-EZa8gdS-_4F2CasYTKomuDixia3fJ1R-Wu2xx_CQ
146	!KBqzwXdLtXZopjBikg:localhost	m.room.power_levels		$1tmD6lvkYEIlbb5awAzEuSw6acgFDp21uA4450asM6M
147	!KBqzwXdLtXZopjBikg:localhost	m.room.join_rules		$6qBmbp-ZfOQMsOgVGcf1da8QrUWLTBmULjDBY8xnQDc
150	!KBqzwXdLtXZopjBikg:localhost	m.room.member	@mm_user2.mm:localhost	$IZOLJfGYfNnK_aLuKaBOBCTx7SnxrLtHU1f4wTszqzo
151	!KBqzwXdLtXZopjBikg:localhost	m.room.member	@matterbot:localhost	$ZHUq2VN0HpuE5oJi6l_3Uh8aLOuQmXN5WDqUyhjy8Vw
154	!wGvWnTVpsbEMByNykc:localhost	m.room.member	@matterbot:localhost	$Q6YXU96RlR1dPKmp4iI3R_d2KiWzKnZbMMURN8OqDVE
161	!vDRByArErEHuGOOJxE:localhost	m.room.guest_access		$-Jddg6JtZ13Om3mZilR7hqtovSNKbu_jCbiDSN9u23M
163	!vDRByArErEHuGOOJxE:localhost	m.room.member	@user3.matrix:localhost	$QvV8o1KjtX_tArxR1zwHZepfVa9NB03-81BjGpKxo9M
167	!CZMvztYPoMDXZghGjm:localhost	m.room.member	@mm_user2.mm:localhost	$pdfBN0Z96G_wbgh4VuNnIiOuwEeEcxbECI1vAE0JEC4
172	!CZMvztYPoMDXZghGjm:localhost	m.room.member	@matterbot:localhost	$JHQCf63sTH6Vjufjj8sai_9QWCkwlbiKAUP0crmtihU
174	!CZMvztYPoMDXZghGjm:localhost	m.room.member	@user2.matrix:localhost	$EVIMbY1fZLGzs0Xp19eKjkS2aizDSYFoS8Wzj42_LQI
124	!FzTtpSkXWMPYBKHUQN:localhost	m.room.member	@matterbot:localhost	$9fDoz-I-nPOE7GpRBH-Jg3AQ2TocwoHlzLO1YPHvcqA
134	!wGvWnTVpsbEMByNykc:localhost	m.room.member	@mm_user2.mm:localhost	$jD3h3ETxg2QK1PtrN6AW6y2kwQsFAQe7srLpSwfPhNg
148	!KBqzwXdLtXZopjBikg:localhost	m.room.history_visibility		$jgk7UOdyP6mp8rwKMOqqupF6sWOPwnMorSa67AYZ9A0
152	!KBqzwXdLtXZopjBikg:localhost	m.room.member	@matterbot:localhost	$VaarpFJs6_0c2wYxJdAYq1G8uznJdufYfnCfjuqvI_M
160	!vDRByArErEHuGOOJxE:localhost	m.room.history_visibility		$7y6Y35EbOlNtACU1RM3BCrmU7hb9GBXUJEFAI6-9gkg
125	!FzTtpSkXWMPYBKHUQN:localhost	m.room.member	@user3.matrix:localhost	$jLqj0K8k8IznEp_zldWz_Ezx5RfWpkQZCFKnJyfUBQ8
131	!pYSbiOyjMFsKNxSMyi:localhost	m.room.member	@user2.matrix:localhost	$CIOmGiyq3jiT80o3j8P0aFOnn4EmOxLXaw_U09zQfQc
133	!wGvWnTVpsbEMByNykc:localhost	m.room.create		$V4h-t7Z_ikk8f5J8DFBd6LCzIg27Ls_Cq5SwfTNvF0E
141	!wGvWnTVpsbEMByNykc:localhost	m.room.member	@matterbot:localhost	$F0LR4DEA3oLcc3k_eNE6_RKKA11yLcsmfO_8qPHHW8Y
144	!KBqzwXdLtXZopjBikg:localhost	m.room.create		$BzCYUUyIaNg8MGhOw_QYTtD2BuIWdSnks84kegIMIzk
158	!vDRByArErEHuGOOJxE:localhost	m.room.power_levels		$UL96b2DZHng5g_OXTbE0nBq-yL1Vv1SUxB3wRg5Nqsw
159	!vDRByArErEHuGOOJxE:localhost	m.room.join_rules		$XLGuUcPmbE5vRHADIEfcDA5P4qTClMO9Xn9ircCdTUg
162	!vDRByArErEHuGOOJxE:localhost	m.room.member	@user1.matrix:localhost	$PtKNK0cvGyJhBT-BIAFZs4gDvODQiScnlQFqLmWKqNc
164	!vDRByArErEHuGOOJxE:localhost	m.room.member	@user1.matrix:localhost	$0LNMKjea0zgdHTDMe3B3fmAnzNxu72ULA7HsNOs1pHw
166	!CZMvztYPoMDXZghGjm:localhost	m.room.create		$Z8Uf7knMci62YkFiphxCZI55avAa7X64_K1l9SJ-dqQ
170	!CZMvztYPoMDXZghGjm:localhost	m.room.history_visibility		$NEaM4RT_u5IYgHQJXffTluS21pSYxn3Ob3rh6lBPzJk
173	!CZMvztYPoMDXZghGjm:localhost	m.room.member	@user1.matrix:localhost	$AmA--7RkBYVchLC_Tr104AXFweEwn_n7AeoFpptk0iI
137	!wGvWnTVpsbEMByNykc:localhost	m.room.history_visibility		$Sw-_lchwyW0pw30wm3AP7MzTQVU56CugEatZVVNGmbA
139	!wGvWnTVpsbEMByNykc:localhost	m.room.member	@matterbot:localhost	$MIJv8SIPMQ5955dHrWtYlemxtCwV0f4tqf-i_3dQVns
169	!CZMvztYPoMDXZghGjm:localhost	m.room.join_rules		$eQXATedxlGls7x4dhbO1w3NQRV-9oaR7nqj-pHxGiU4
175	!CZMvztYPoMDXZghGjm:localhost	m.room.member	@matterbot:localhost	$mGp05ykxc7iuNGM9nc4QHqFY1mnuCUW_Hq3ocgiZgFg
176	!CZMvztYPoMDXZghGjm:localhost	m.room.member	@user2.matrix:localhost	$jqog1KTVZdbZSwVzHyAI1GAzMymJrQgDaEx7zSDIuvw
177	!CZMvztYPoMDXZghGjm:localhost	m.room.member	@user1.matrix:localhost	$LwCMrUFKLRRfUwxX_bj8hMYLg15fXGwOuu2QDPdjcHY
178	!CZMvztYPoMDXZghGjm:localhost	m.room.member	@mm_user1.mm:localhost	$N2vil-EAWDM411aMAB7obmDHu7WP74E9KrFdCuondbs
179	!CZMvztYPoMDXZghGjm:localhost	m.room.member	@mm_user1.mm:localhost	$wreAspuffdIbUVvLb1qDQTvav-KiMiOvlc3kfLVm2QE
181	!mjuhEfzSkeOAWJqsoF:localhost	m.room.create		$TV4MVQPx61vM41xEXo5UuJRdzeBIjcqclWUsGWNacYM
182	!mjuhEfzSkeOAWJqsoF:localhost	m.room.member	@user2.matrix:localhost	$06Um82m6RzKMOebWv0lcKQOaSvr6C10y6QA2Snc_R0I
183	!mjuhEfzSkeOAWJqsoF:localhost	m.room.power_levels		$csK689aRZ89elBgFJKAWBiNKhwnp635K09OhhnXruek
184	!mjuhEfzSkeOAWJqsoF:localhost	m.room.join_rules		$WRC3DV_k1RkC4oedKmIL5Gi3JgPmcv4vcT615tEnu8M
185	!mjuhEfzSkeOAWJqsoF:localhost	m.room.history_visibility		$gfpOuJZriCh7xj2c1m5EnJfNW1LjpsjRlCI91G-Fpv8
186	!mjuhEfzSkeOAWJqsoF:localhost	m.room.guest_access		$gn9BJ39HJ5v_qwj0jcIRfiLcgvbMbDnBRAfEJMS4RUI
187	!mjuhEfzSkeOAWJqsoF:localhost	m.room.member	@matterbot:localhost	$8T5cGFOjiTe4zjIYX9tmzFfae8WV6TVvUpmBmV2carA
188	!mjuhEfzSkeOAWJqsoF:localhost	m.room.member	@mm_user2.mm:localhost	$wKoDxwAtZ46KFnzdR2bV-nE-gCX8oSTpE4qkJq_05QE
189	!mjuhEfzSkeOAWJqsoF:localhost	m.room.member	@matterbot:localhost	$5j9APu_03G5KZMO9hHc9AdVNHD7TfIlrfU87LHEi5aA
190	!mjuhEfzSkeOAWJqsoF:localhost	m.room.member	@matterbot:localhost	$kryIwCVH6MkyxiFBzpAVtO6gtqgsXdpOt7Ul-HskPSw
191	!KBqzwXdLtXZopjBikg:localhost	m.room.member	@matterbot:localhost	$SfEuZPwDHWx4dsnQKRsLDI7Qwgt-Q84vGhE1THOba3s
192	!AHOiTmgdxQzlhIOUsy:localhost	m.room.member	@matterbot:localhost	$B_-383U8wh98j4AHM9fdeaDOWBmOav_ZbzQ36sdZH0w
193	!AHOiTmgdxQzlhIOUsy:localhost	m.room.member	@matterbot:localhost	$W1xgKiPXnNBvqkNt-brGXsf_q5fO5umNWbZjlySqPSg
194	!pYSbiOyjMFsKNxSMyi:localhost	m.room.member	@matterbot:localhost	$EIn7Eq6sxU56fIBP3Bimyjm7Jsin0TxsC0ypZ9jtuJk
195	!pYSbiOyjMFsKNxSMyi:localhost	m.room.member	@matterbot:localhost	$Palseg0Mi1JeySCZ7vJjQhYrcaRYtyqv_x3MhpYS98w
196	!FzTtpSkXWMPYBKHUQN:localhost	m.room.member	@matterbot:localhost	$jI5Sbrj4OFEoFUSB3eMkpa3he3M4AAHkeU4STzbf5tg
197	!FzTtpSkXWMPYBKHUQN:localhost	m.room.member	@matterbot:localhost	$eoZeZrAANKIe7CdOWRPx2QNGpzXQsf7LM-7NUAkrWWc
198	!AHOiTmgdxQzlhIOUsy:localhost	m.room.member	@matterbot:localhost	$6AAKvO2AxYq2lXNf6iBt321H06Rh2XgCEaq1RrQboss
199	!AHOiTmgdxQzlhIOUsy:localhost	m.room.member	@matterbot:localhost	$69VFSkQ56dzaP4sVJRIZi0vI3DRlL0sOPJD0kOFVFkI
200	!pYSbiOyjMFsKNxSMyi:localhost	m.room.member	@matterbot:localhost	$atXyqngI-fZEtP1Hcvr04A--hry8UOZAoqJGUN1s7Yg
201	!pYSbiOyjMFsKNxSMyi:localhost	m.room.member	@matterbot:localhost	$NxL4vYQcrCP8jAu2FRv5vJfu4SLREeZoGPf5dp3CXLU
202	!FzTtpSkXWMPYBKHUQN:localhost	m.room.member	@matterbot:localhost	$ZRvgxAlGjTuOyd1z1iM312xEOl9RkzslB5EK-Uxmbuo
203	!FzTtpSkXWMPYBKHUQN:localhost	m.room.member	@matterbot:localhost	$96zllRwMT3v-3oxTOzN8MTlr7LIZAqIjEWRuPQU0e-M
204	!AHOiTmgdxQzlhIOUsy:localhost	m.room.member	@matterbot:localhost	$qqi6SIkVod-98aOFiFJxdNWEnX9PVZu2-BWN7p60oys
205	!AHOiTmgdxQzlhIOUsy:localhost	m.room.member	@matterbot:localhost	$jI6IL3ZyQQ--yeZDiqaPxfmSyNKxPH5KzSEYYQHiLhE
206	!pYSbiOyjMFsKNxSMyi:localhost	m.room.member	@matterbot:localhost	$O5WHcfn2QW1-khT06pss7ldoFxT3yiJXlmPHjV6lLjs
207	!pYSbiOyjMFsKNxSMyi:localhost	m.room.member	@matterbot:localhost	$gedrZKF-D9WtqAfhfnS6c3hoKU7s30Rkm0YCqrVof0o
208	!FzTtpSkXWMPYBKHUQN:localhost	m.room.member	@matterbot:localhost	$1isCI-C6M7UNi8zBLOzoaAZVHku9j44ywAY2cUdn1C0
209	!FzTtpSkXWMPYBKHUQN:localhost	m.room.member	@matterbot:localhost	$rNJqOM659LF_L5Houjb3Doc36cIqyOv-HEO-Qi28jLk
210	!AHOiTmgdxQzlhIOUsy:localhost	m.room.member	@matterbot:localhost	$Ds7iCmNTEXGcjF3uCSSgFuD3E8XugxJcXL-QqSuZ-Ic
211	!AHOiTmgdxQzlhIOUsy:localhost	m.room.member	@matterbot:localhost	$exaV7t-DbMbURmLawFX3Or4zL9qIZdbLJf8oanm9b0w
212	!pYSbiOyjMFsKNxSMyi:localhost	m.room.member	@matterbot:localhost	$iBVpX1PQIkpCiFWywSeQgEAqIMtOQNcra7MU94C_VY8
213	!pYSbiOyjMFsKNxSMyi:localhost	m.room.member	@matterbot:localhost	$poT4O3nHotQoqp2qLbl5sWnV852_7S7Hkno6snHm81Y
214	!FzTtpSkXWMPYBKHUQN:localhost	m.room.member	@matterbot:localhost	$zVO5Uq49g1SmuyAf7WwfNzur1sqTmRtZzOkD5qjwRW4
215	!FzTtpSkXWMPYBKHUQN:localhost	m.room.member	@matterbot:localhost	$ZrxBStuWZRgyolYf13cg6eU2x-PYwiwBdnyOeM3b--s
216	!AHOiTmgdxQzlhIOUsy:localhost	m.room.member	@matterbot:localhost	$zZX7psqYodgHLlfL8GX0_aSK1rH-R5IdnpNGcFTmS7A
217	!AHOiTmgdxQzlhIOUsy:localhost	m.room.member	@matterbot:localhost	$zH7VxVpiTyMRUn7JjRHVjJZApQBHOkJS8qI42-Modp0
218	!pYSbiOyjMFsKNxSMyi:localhost	m.room.member	@matterbot:localhost	$4bJBS-qY1s-WW0pVEIOQR3qMtTBf3doBsRUFNpRl_Ck
219	!pYSbiOyjMFsKNxSMyi:localhost	m.room.member	@matterbot:localhost	$ieiM50XoH-38qInUyl3VyZA4qT_gTl-CuOg89ED4vUY
220	!FzTtpSkXWMPYBKHUQN:localhost	m.room.member	@matterbot:localhost	$uXDrX7Qu7Vi6tImz_ncbUuIKySDljXVICGccpS5FHws
221	!FzTtpSkXWMPYBKHUQN:localhost	m.room.member	@matterbot:localhost	$ZbGibZUJvx4HR96zPZM5VyvKe7fuQWXCFaYT8ZSWPoc
222	!AHOiTmgdxQzlhIOUsy:localhost	m.room.member	@matterbot:localhost	$IQaFu6_4iye8x7PkqIen8IvOT0LoIQUwkTEp4-Cf1Eg
223	!AHOiTmgdxQzlhIOUsy:localhost	m.room.member	@matterbot:localhost	$KSF3rZwvPXja3h48a86Bvg7jFgiRrCGxzZM69PPMc3s
224	!pYSbiOyjMFsKNxSMyi:localhost	m.room.member	@matterbot:localhost	$pxfNnZ-owXvVKfRT94X27xXHSTdf4eZ9sGOLQi6ymO4
225	!pYSbiOyjMFsKNxSMyi:localhost	m.room.member	@matterbot:localhost	$6LSbUnrPULQoqvyG6fytgqDnPNiw8SN99UlCZx5YqKk
226	!FzTtpSkXWMPYBKHUQN:localhost	m.room.member	@matterbot:localhost	$4sZwBmH9PPrfFBO6W1BHQt7RBzEdMQHtnfocQDbBWY0
227	!FzTtpSkXWMPYBKHUQN:localhost	m.room.member	@matterbot:localhost	$4sp_lAVFmZJd9Mjdi2rvl7UQdZrKWX6RJbHUFaGagqc
228	!AHOiTmgdxQzlhIOUsy:localhost	m.room.member	@matterbot:localhost	$c53HR4x4kgBKbpI3okjwsFQke1TH13rTjx49IjKav3o
229	!AHOiTmgdxQzlhIOUsy:localhost	m.room.member	@matterbot:localhost	$kwWIO1iThoD4X1lxsMIdfuFgL-nvR1407NAR7x2N2rY
230	!pYSbiOyjMFsKNxSMyi:localhost	m.room.member	@matterbot:localhost	$vgVXsqaa7D1NnYo9Rfjqlir-BQgXg4N8BuzmZ0MIIEI
231	!pYSbiOyjMFsKNxSMyi:localhost	m.room.member	@matterbot:localhost	$8sEy0HxEcKXQV3_V9c0DWAqFvLRLVhyekcEHykau2e0
247	!cZnmZQFBeDsHEQbFQs:localhost	m.room.create		$nc1eJdpqNsaDyb3SdIbRwuQPExhfIPzPopcRSNdl3cQ
260	!mOsaATLFknhUVKMKbF:localhost	m.room.create		$SlMhs1Tixs22BdZ3XXqNy9AnhoIY4iemw--vg-i_Lm0
261	!mOsaATLFknhUVKMKbF:localhost	m.room.member	@mm_user2.mm:localhost	$QC7bXFDxGhDk6yv_4ChjXTMkJ0t0dKySNdOD6sK8xWs
268	!mOsaATLFknhUVKMKbF:localhost	m.room.member	@matterbot:localhost	$i7p_9pGUCmPcRci6QowPd0isnxc650XUL0nkZkXIJqI
232	!FzTtpSkXWMPYBKHUQN:localhost	m.room.member	@matterbot:localhost	$gW0PyqV7Gbwkr_WqmZgkumZqCM9lDUISoPO40jdaMPI
234	!AHOiTmgdxQzlhIOUsy:localhost	m.room.member	@matterbot:localhost	$W5A5xv8cXQQ2ctdANOC0kzu-Bf_6NpC8ira_J09kS8g
241	!AHOiTmgdxQzlhIOUsy:localhost	m.room.member	@matterbot:localhost	$RAg7k_lzgzdjltZiI9ARtleS8Lsix8oKWv9hrpjZMIo
255	!cZnmZQFBeDsHEQbFQs:localhost	m.room.member	@matterbot:localhost	$yB_pgWY1MngMlhaqo70bZTnADr2mMUjbkEKY3cjnlqk
270	!mOsaATLFknhUVKMKbF:localhost	m.room.member	@user1.matrix:localhost	$biZp1kn2ycj-NFYzBIsolRQUhuy_Jcdb1TWFXs-wm_M
233	!FzTtpSkXWMPYBKHUQN:localhost	m.room.member	@matterbot:localhost	$pw9z46uZImRG4zlw3pm_vqjH_HdTCQKC5QvZPeh3eR8
249	!cZnmZQFBeDsHEQbFQs:localhost	m.room.power_levels		$6bHlgH99jQtK-ue9-7g5rvZivsofVViJiR_vh1fGkBA
250	!cZnmZQFBeDsHEQbFQs:localhost	m.room.canonical_alias		$GAY76tMkYhuarSNOWWZqqDw36X1qIacZiQgHquoQtwA
251	!cZnmZQFBeDsHEQbFQs:localhost	m.room.join_rules		$Jg_lbElh_Ag9z-VOceAlpgofNZg8W8x8HX4n5Ajmu6Y
252	!cZnmZQFBeDsHEQbFQs:localhost	m.room.history_visibility		$c_oFn9bOCQHYWCw4hjt9zWK3fTqd6CS9ho6797C20x8
253	!cZnmZQFBeDsHEQbFQs:localhost	m.room.name		$J6BFnxxVtwKMBZMazTB3yX8rosc2skmuxAuI4OinjBM
235	!AHOiTmgdxQzlhIOUsy:localhost	m.room.member	@matterbot:localhost	$kKffMDSE_ue_PUXe9dz-XWyxrMizKKHyIJUA7Uvmt9w
248	!cZnmZQFBeDsHEQbFQs:localhost	m.room.member	@admin:localhost	$DR5VmuWusNClKlyAtCuWLyQC__lzA2aHFKFHP9MMUfk
262	!mOsaATLFknhUVKMKbF:localhost	m.room.power_levels		$_O7HCNBcIf7TFakcNOXd_OGa-EktXdY7jXFtq-0AuZ4
263	!mOsaATLFknhUVKMKbF:localhost	m.room.canonical_alias		$M668pvJTHPULzOyaFTfazYWkwGgORFCTi0KoC37EWeM
264	!mOsaATLFknhUVKMKbF:localhost	m.room.join_rules		$ORKiMUdUMVOsbsyJYKmngYgY7DjjpWm4TvnNHjGoyzo
265	!mOsaATLFknhUVKMKbF:localhost	m.room.history_visibility		$hgqRK-dYe5eYsbxIs8yg30z62yTih79k6lYT3W-FrO0
266	!mOsaATLFknhUVKMKbF:localhost	m.room.guest_access		$NPeyvzf9NsetiIPlSR9A6CS672r3JVsnZYO0nXId2bk
267	!mOsaATLFknhUVKMKbF:localhost	m.room.name		$-_npKAXQzDZatyCE982iFmq7-fA6EcpCzljKEwGGWgg
236	!pYSbiOyjMFsKNxSMyi:localhost	m.room.member	@matterbot:localhost	$mhwOzaMpUqHqGqnKNDhZAfVILQYV1ReEUytA1jMSMOw
242	!pYSbiOyjMFsKNxSMyi:localhost	m.room.member	@matterbot:localhost	$ssCTkJCkUx8PIKpRoZy--qqA4J73w7jL3oIHSbrTbko
254	!cZnmZQFBeDsHEQbFQs:localhost	m.room.member	@matterbot:localhost	$7kIusj7_vjnjvM5XRI1_3dU_wgeCRurNbLxWl7Wza64
237	!pYSbiOyjMFsKNxSMyi:localhost	m.room.member	@matterbot:localhost	$VjnnF1zhQ9EDTDxEdM8fWiMF3mdjxtaFI5qyZz1BRv8
243	!pYSbiOyjMFsKNxSMyi:localhost	m.room.member	@matterbot:localhost	$h9m2P04pD5tvyuu7r7lxlGvwx9k_NJJyYhrXW5ALSvo
256	!cZnmZQFBeDsHEQbFQs:localhost	m.room.member	@mm_user2.mm:localhost	$LwuV3S_QSzHUfw7pEQBk-n4jquK3n8qlEDA3ZQTkHDI
238	!FzTtpSkXWMPYBKHUQN:localhost	m.room.member	@matterbot:localhost	$FxvWhRWJksbVrJHQjrr8SvW6TkCyv1m_jrEViMThIZ4
244	!FzTtpSkXWMPYBKHUQN:localhost	m.room.member	@matterbot:localhost	$YFZmyEZN2_glQ5OITvnuKmuK32g7cZ3jujvkj3DMYXI
258	!cZnmZQFBeDsHEQbFQs:localhost	m.room.member	@user1.matrix:localhost	$FyOdtUu1pDq9pkxIHuGA8NRmuYwbc56h3FAanha48Hk
269	!mOsaATLFknhUVKMKbF:localhost	m.room.member	@matterbot:localhost	$oRS_K9WwEjRY1LoGRh6ymmTYBFe4S3jiGLxKdFZq0xo
239	!FzTtpSkXWMPYBKHUQN:localhost	m.room.member	@matterbot:localhost	$2uHB4Bhuyfbx3LI_Q80co-yWLnirLXG_aD92gUQLJOs
245	!FzTtpSkXWMPYBKHUQN:localhost	m.room.member	@matterbot:localhost	$oHQ8vFahs656-Lfu7fmrat3B2FF6m2-ecb2_xRH-fJs
257	!cZnmZQFBeDsHEQbFQs:localhost	m.room.member	@mm_user2.mm:localhost	$ZJsRzPjCUHZTNUN_j78KyrW5EVPSKt9Pw_F-tVVvH7k
240	!AHOiTmgdxQzlhIOUsy:localhost	m.room.member	@matterbot:localhost	$oCiRoBf7iQEdvgXA-QCaLtckf237b-1tiO1j64LRwhs
271	!mOsaATLFknhUVKMKbF:localhost	m.room.member	@user1.matrix:localhost	$Y0bkVaMbWG30DJH750qUtZjIwDm6EWGKt22Jikt7ncc
272	!AHOiTmgdxQzlhIOUsy:localhost	m.room.member	@matterbot:localhost	$pIzOhSQDXKjjJTIJ9hDSCaLkoRCqSRTC22KU50amD1k
273	!AHOiTmgdxQzlhIOUsy:localhost	m.room.member	@matterbot:localhost	$boH9MJh6JZbvY8QuM-W5kiizko-2UNgni4xSYLcJnTo
274	!pYSbiOyjMFsKNxSMyi:localhost	m.room.member	@matterbot:localhost	$znwd5a95ACJy80nANReapXM5geAzb97mR7fbUEx7C3A
275	!pYSbiOyjMFsKNxSMyi:localhost	m.room.member	@matterbot:localhost	$dea8CzfT9TbOdFidicFEFzM-IftgJhBPHv95gA2Z3uA
276	!cZnmZQFBeDsHEQbFQs:localhost	m.room.member	@matterbot:localhost	$CcGczUOKTX_OEsfQVWp2qPlgJwMCRsa25dLU8fT6UH0
277	!FzTtpSkXWMPYBKHUQN:localhost	m.room.member	@matterbot:localhost	$B80b1OQQ1vxMuPpMg7RoJ5CZm6PWema7hu-yMlw36dI
278	!FzTtpSkXWMPYBKHUQN:localhost	m.room.member	@matterbot:localhost	$UCpJtbasmSIdJ9sSzg3NM0K05EKa7C7a5meYVuwqtXo
279	!AHOiTmgdxQzlhIOUsy:localhost	m.room.member	@matterbot:localhost	$vN2BsJyRKLztdziCZ_Bk90c_eGYNfG5xhLfVwuxFvFs
280	!AHOiTmgdxQzlhIOUsy:localhost	m.room.member	@matterbot:localhost	$xnCUoRbb0C8wvCulnOdUSB3mQ-0iizKPnuc17r1rU-0
281	!pYSbiOyjMFsKNxSMyi:localhost	m.room.member	@matterbot:localhost	$gg8UENhKLDFU-csdyO78V7xonqS_eUNZv_6KyQSBjiw
282	!pYSbiOyjMFsKNxSMyi:localhost	m.room.member	@matterbot:localhost	$wTxvX_W4c163cY9OXEQNfhSFJoQaORnJKDm98S7rQUU
283	!cZnmZQFBeDsHEQbFQs:localhost	m.room.member	@matterbot:localhost	$VdXzQlv_sbPBoHQO7slDtTW2DtuKhvhGQlEmIsnxMaM
284	!FzTtpSkXWMPYBKHUQN:localhost	m.room.member	@matterbot:localhost	$fIxWjrkegINBozvm5yD3iQQd6vWnlSGhMDOxVwx6Z80
285	!FzTtpSkXWMPYBKHUQN:localhost	m.room.member	@matterbot:localhost	$0ENjEkEFt_ICR22W-Vo9Q1k48mmGGx9aatx6sTulf7U
286	!AHOiTmgdxQzlhIOUsy:localhost	m.room.member	@matterbot:localhost	$8Uc-LmhbpCWIfKE2E8ESm-hfyOV6rdnfa9Ta6Aa8Lhc
287	!AHOiTmgdxQzlhIOUsy:localhost	m.room.member	@matterbot:localhost	$VPyRMcHSWbHdEdZUaAcY56mMGhFJvxAvxSvYuDeyTL4
288	!pYSbiOyjMFsKNxSMyi:localhost	m.room.member	@matterbot:localhost	$NldxJ_3BX6L0izzKkIEGrvvgf4PAwuKOP1wH3f1m2RU
289	!pYSbiOyjMFsKNxSMyi:localhost	m.room.member	@matterbot:localhost	$DyisQ8Cucyu5vXGoewFtTK5WW5aumJYmKso5Fap9G94
290	!cZnmZQFBeDsHEQbFQs:localhost	m.room.member	@matterbot:localhost	$xEHW2pNO0a1XfFGa8N17Mt5Dg07mwTPTb2OGjZuY08g
291	!FzTtpSkXWMPYBKHUQN:localhost	m.room.member	@matterbot:localhost	$xogF0LPNlLkum0G7uGPhzGrlgqoLV_7fbEVUNZc3oPg
292	!FzTtpSkXWMPYBKHUQN:localhost	m.room.member	@matterbot:localhost	$BUkMgxBg3q9115KhKDEyzGwJzRYDaP2iCuKb6tPA0ic
293	!AHOiTmgdxQzlhIOUsy:localhost	m.room.member	@matterbot:localhost	$RvMi_L1zHT79HMq2GQBkmp2rAIHNumrfitnE805a8gI
294	!AHOiTmgdxQzlhIOUsy:localhost	m.room.member	@matterbot:localhost	$2sP__PQNKlXeXUAhbZRgLt92NxM6spjKlWH4abglwYU
295	!pYSbiOyjMFsKNxSMyi:localhost	m.room.member	@matterbot:localhost	$N895anMewaQsmzTHSI-sfEoa4gj2UgM24eiq8y0bDhM
296	!pYSbiOyjMFsKNxSMyi:localhost	m.room.member	@matterbot:localhost	$Erv9vbeL_onUhPl5bWvG93q1DqgMbBOP70nkN-hdS_c
297	!cZnmZQFBeDsHEQbFQs:localhost	m.room.member	@matterbot:localhost	$Fl-53BiUDe2RhcIctrBHQXa9YxpUcUetA8VhOzShHsA
298	!FzTtpSkXWMPYBKHUQN:localhost	m.room.member	@matterbot:localhost	$vAv8I5J9FA0KIF9FVc1UIrCaSya_9JZUmrQmcbEdpAQ
299	!FzTtpSkXWMPYBKHUQN:localhost	m.room.member	@matterbot:localhost	$6heTCRbJK6K-hjKfa3A5uyXN6_rLgYlqt1JnZx1OGgI
300	!AHOiTmgdxQzlhIOUsy:localhost	m.room.member	@matterbot:localhost	$alDjkzoC_J_pcVr4zkrmzco2-CXe2cr8NrE9XG8Evdc
301	!AHOiTmgdxQzlhIOUsy:localhost	m.room.member	@matterbot:localhost	$OGnnyPev4zeYqhGQG4UrbIiCXU61oN9XwtK0b4cxQq8
302	!pYSbiOyjMFsKNxSMyi:localhost	m.room.member	@matterbot:localhost	$VqasU5Ey9of0WS7WUsSZGpltNCpe6vutpAgTzS2xKcE
303	!pYSbiOyjMFsKNxSMyi:localhost	m.room.member	@matterbot:localhost	$ERoodwqpGDfowilmeMqK45UmPkfEgFCupaV0msqbRc4
304	!cZnmZQFBeDsHEQbFQs:localhost	m.room.member	@matterbot:localhost	$TKBC0Eux9qjoNJDUcGosR56yVljMcGzA6foa35VGP3A
305	!FzTtpSkXWMPYBKHUQN:localhost	m.room.member	@matterbot:localhost	$7ePG5aCIwikQDys7De8ofOGNqJIXohbXVRAHRRfnnl4
306	!FzTtpSkXWMPYBKHUQN:localhost	m.room.member	@matterbot:localhost	$vnrzDtq8o64e_Ydjj4cZv2PcXtWifC6I8l_I-9p6pas
307	!AHOiTmgdxQzlhIOUsy:localhost	m.room.member	@matterbot:localhost	$Dlr8N6CXQFdIEsvC_RUi5U-rOgAWvUTXuD3n6s4w2MU
308	!AHOiTmgdxQzlhIOUsy:localhost	m.room.member	@matterbot:localhost	$w58meuAhv546rlQb69_o3CQereOUmz-c6JdIJ_jW-T4
309	!pYSbiOyjMFsKNxSMyi:localhost	m.room.member	@matterbot:localhost	$V-bVPEcRSN2iZmhWTtK9M_GR5OnPeGfawzvBSB3OqxM
310	!pYSbiOyjMFsKNxSMyi:localhost	m.room.member	@matterbot:localhost	$wbpSFwrEwVANajk9O2O2tGTHz3aSCjzQNydIudSPWYA
311	!cZnmZQFBeDsHEQbFQs:localhost	m.room.member	@matterbot:localhost	$gy1BC1MWB8vM0yh0fVc-7pAsI6qnHKrRf2SRLjkZGpE
312	!FzTtpSkXWMPYBKHUQN:localhost	m.room.member	@matterbot:localhost	$8YjmdL9BT3xCjnLhNvtggstM6scX20Q5QEmL_BZUysE
313	!FzTtpSkXWMPYBKHUQN:localhost	m.room.member	@matterbot:localhost	$6boESfk9jtlVMeuLXPBKmXNyUAt6E91p17xwkRK_Hgs
\.


--
-- Data for Name: stats_incremental_position; Type: TABLE DATA; Schema: public; Owner: synapse
--

COPY public.stats_incremental_position (lock, stream_id) FROM stdin;
X	298
\.


--
-- Data for Name: stream_ordering_to_exterm; Type: TABLE DATA; Schema: public; Owner: synapse
--

COPY public.stream_ordering_to_exterm (stream_ordering, room_id, event_id) FROM stdin;
53	!pYSbiOyjMFsKNxSMyi:localhost	$iBD87Nj7pcqWKLj0dW9b0Am9tLGDUsUNgGx_DLCak6c
54	!pYSbiOyjMFsKNxSMyi:localhost	$Z6q_pHNPM3MSDJqL1coCYtFuO0XvjFyT7uEHW_VzTmI
55	!pYSbiOyjMFsKNxSMyi:localhost	$XmrlogapQqYj1VfKlSL8vSO2sxNBExeByFQ5f7h9OEU
56	!AHOiTmgdxQzlhIOUsy:localhost	$ZbStQfXya3r8-aGQzgeyjM1XexpMdB05yqudqOItZ7Y
57	!AHOiTmgdxQzlhIOUsy:localhost	$Qz3TCt9TZASSCaEgtUMB4UvTNFiNj8xUud69yTLrB1A
58	!AHOiTmgdxQzlhIOUsy:localhost	$4SCBWPaw9DfE1F8UhlHU8tcCgyNMGrdohneVcLXuYzc
59	!AHOiTmgdxQzlhIOUsy:localhost	$slqMcNC5aM4RPcFxUSnvevAVSEwE34tlwYESlS2z7W4
60	!AHOiTmgdxQzlhIOUsy:localhost	$cWb_bCwCrj6N8hvObwR3Dfe63W634wlYWIy2-UKO28M
61	!AHOiTmgdxQzlhIOUsy:localhost	$s5oiTl_9b6K-IKMmuviFRxmIeO-uX2MJWYo7ws0AvWs
62	!AHOiTmgdxQzlhIOUsy:localhost	$PLSJo_YuSdhcp8Qc1EtpopguS8UaiOZGkIcs_HYhOj4
63	!FzTtpSkXWMPYBKHUQN:localhost	$COjzubYZc9gp1UYu3MF9optOH1hKuh6ZOLrP1vwiaW4
64	!FzTtpSkXWMPYBKHUQN:localhost	$keJQHXWi-ZiK2B2FdzQ1IUZ0fzfFBax-gHNp7AR9UWo
65	!FzTtpSkXWMPYBKHUQN:localhost	$jLqj0K8k8IznEp_zldWz_Ezx5RfWpkQZCFKnJyfUBQ8
66	!AHOiTmgdxQzlhIOUsy:localhost	$8L8kolK-08m1wXb1AstqZz_qz_SUzB08YqJZ_kYqWMs
67	!pYSbiOyjMFsKNxSMyi:localhost	$I7bu0SuyZ_d7gNQWqG7B7c9bRaJpJVrKN3Ftzy-ST3o
68	!AHOiTmgdxQzlhIOUsy:localhost	$mmPSR9VqhO1noWGYGbl2whlFTsU1V3PHK_ncCUGnqTc
69	!pYSbiOyjMFsKNxSMyi:localhost	$5_XiqIyj_mv3JlnyqfoTpIDIQ2tdPu3N8U7by84mBXE
70	!pYSbiOyjMFsKNxSMyi:localhost	$91Cmq-17R2sVRCRnizx8fJKL3TLGjsOR0c4Ry3CKGyo
71	!pYSbiOyjMFsKNxSMyi:localhost	$a7zOXKjjr_ueVtYDoa7MhlNoILAsxHrEuNyaJeMg6HQ
72	!wGvWnTVpsbEMByNykc:localhost	$V4h-t7Z_ikk8f5J8DFBd6LCzIg27Ls_Cq5SwfTNvF0E
73	!wGvWnTVpsbEMByNykc:localhost	$jD3h3ETxg2QK1PtrN6AW6y2kwQsFAQe7srLpSwfPhNg
77	!wGvWnTVpsbEMByNykc:localhost	$83AF6m7uhB3hZQz5lmrPcLy_9huJCm_W9wt7-WQ_VYk
78	!wGvWnTVpsbEMByNykc:localhost	$MIJv8SIPMQ5955dHrWtYlemxtCwV0f4tqf-i_3dQVns
79	!wGvWnTVpsbEMByNykc:localhost	$bwBAv8SR7RG8_oUvZFU0lU5iPNq8aNv-mxr6MW9PztU
80	!wGvWnTVpsbEMByNykc:localhost	$F0LR4DEA3oLcc3k_eNE6_RKKA11yLcsmfO_8qPHHW8Y
81	!wGvWnTVpsbEMByNykc:localhost	$DOZehhyD4JGGFtEd922b5xVLGdup3v_MzKBeEQ_JzFE
82	!wGvWnTVpsbEMByNykc:localhost	$wTfVj9B1xWTDZGpgTmLF5VwLS4zZnOAoCichsjzrqsI
83	!wGvWnTVpsbEMByNykc:localhost	$a4Ou4JTKZxwllI40a4CS36DcmTYOyQFqH-r06D49gAg
84	!wGvWnTVpsbEMByNykc:localhost	$ytekxng1JXi96Xdmn-7AeF1m8VLkPtS78IihXa3WZ84
95	!wGvWnTVpsbEMByNykc:localhost	$cqZ1IfNynoUS3KLGis6wJcJp5j-RYl2XluwXAYEGSQQ
85	!KBqzwXdLtXZopjBikg:localhost	$BzCYUUyIaNg8MGhOw_QYTtD2BuIWdSnks84kegIMIzk
86	!KBqzwXdLtXZopjBikg:localhost	$_E-EZa8gdS-_4F2CasYTKomuDixia3fJ1R-Wu2xx_CQ
91	!KBqzwXdLtXZopjBikg:localhost	$IZOLJfGYfNnK_aLuKaBOBCTx7SnxrLtHU1f4wTszqzo
94	!KBqzwXdLtXZopjBikg:localhost	$lVGc_wB1P8VGJaykW33htFubukWDizH4Xwu5SfKGbn0
96	!wGvWnTVpsbEMByNykc:localhost	$Q6YXU96RlR1dPKmp4iI3R_d2KiWzKnZbMMURN8OqDVE
103	!vDRByArErEHuGOOJxE:localhost	$-Jddg6JtZ13Om3mZilR7hqtovSNKbu_jCbiDSN9u23M
104	!vDRByArErEHuGOOJxE:localhost	$PtKNK0cvGyJhBT-BIAFZs4gDvODQiScnlQFqLmWKqNc
106	!vDRByArErEHuGOOJxE:localhost	$lihGEzBm6TSVo-fe_WCOuWJNW_OgcaCyBi9g0UDlZoM
107	!vDRByArErEHuGOOJxE:localhost	$0LNMKjea0zgdHTDMe3B3fmAnzNxu72ULA7HsNOs1pHw
108	!CZMvztYPoMDXZghGjm:localhost	$Z8Uf7knMci62YkFiphxCZI55avAa7X64_K1l9SJ-dqQ
114	!CZMvztYPoMDXZghGjm:localhost	$JHQCf63sTH6Vjufjj8sai_9QWCkwlbiKAUP0crmtihU
116	!CZMvztYPoMDXZghGjm:localhost	$EVIMbY1fZLGzs0Xp19eKjkS2aizDSYFoS8Wzj42_LQI
90	!KBqzwXdLtXZopjBikg:localhost	$RE6G8a-zySUuohhp6UFLrBJ4ROulO2pvp_K_476Q-lY
93	!KBqzwXdLtXZopjBikg:localhost	$VaarpFJs6_0c2wYxJdAYq1G8uznJdufYfnCfjuqvI_M
99	!vDRByArErEHuGOOJxE:localhost	$8d4e-CjuEEdRj8aSFNq0yHpo_JxouT8tHUVX8HfS4oc
118	!CZMvztYPoMDXZghGjm:localhost	$8QUU4rDWLA_FAyy233e5yz-RKoRz1MMD2e3Dmuyueno
92	!KBqzwXdLtXZopjBikg:localhost	$ZHUq2VN0HpuE5oJi6l_3Uh8aLOuQmXN5WDqUyhjy8Vw
98	!vDRByArErEHuGOOJxE:localhost	$2rWHZ1dTRYXYOGEBkYy9w4xQNGND9i5euMRpJJww04o
105	!vDRByArErEHuGOOJxE:localhost	$QvV8o1KjtX_tArxR1zwHZepfVa9NB03-81BjGpKxo9M
97	!KBqzwXdLtXZopjBikg:localhost	$oXOzZ4Ab8mINVphaBVipRGmM3Z5L676RivBDayNaxj8
113	!CZMvztYPoMDXZghGjm:localhost	$n4SLSzegw2_2XZuYVHMaBqQM0y0XXHqIEc6-sUt5lyo
109	!CZMvztYPoMDXZghGjm:localhost	$pdfBN0Z96G_wbgh4VuNnIiOuwEeEcxbECI1vAE0JEC4
115	!CZMvztYPoMDXZghGjm:localhost	$AmA--7RkBYVchLC_Tr104AXFweEwn_n7AeoFpptk0iI
117	!CZMvztYPoMDXZghGjm:localhost	$mGp05ykxc7iuNGM9nc4QHqFY1mnuCUW_Hq3ocgiZgFg
119	!CZMvztYPoMDXZghGjm:localhost	$jqog1KTVZdbZSwVzHyAI1GAzMymJrQgDaEx7zSDIuvw
120	!CZMvztYPoMDXZghGjm:localhost	$LwCMrUFKLRRfUwxX_bj8hMYLg15fXGwOuu2QDPdjcHY
121	!mjuhEfzSkeOAWJqsoF:localhost	$TV4MVQPx61vM41xEXo5UuJRdzeBIjcqclWUsGWNacYM
122	!mjuhEfzSkeOAWJqsoF:localhost	$06Um82m6RzKMOebWv0lcKQOaSvr6C10y6QA2Snc_R0I
126	!mjuhEfzSkeOAWJqsoF:localhost	$gn9BJ39HJ5v_qwj0jcIRfiLcgvbMbDnBRAfEJMS4RUI
127	!mjuhEfzSkeOAWJqsoF:localhost	$8T5cGFOjiTe4zjIYX9tmzFfae8WV6TVvUpmBmV2carA
128	!mjuhEfzSkeOAWJqsoF:localhost	$wKoDxwAtZ46KFnzdR2bV-nE-gCX8oSTpE4qkJq_05QE
129	!mjuhEfzSkeOAWJqsoF:localhost	$5j9APu_03G5KZMO9hHc9AdVNHD7TfIlrfU87LHEi5aA
130	!mjuhEfzSkeOAWJqsoF:localhost	$BQVp9srvRZxHcxl1NQzXpHjcHVZub1wZMinz-XO9KJE
131	!KBqzwXdLtXZopjBikg:localhost	$ZAMV9PqrMcGH2UX-eqpPfSVfJ7UDcOelwl3-gln6nco
132	!KBqzwXdLtXZopjBikg:localhost	$SfEuZPwDHWx4dsnQKRsLDI7Qwgt-Q84vGhE1THOba3s
133	!mjuhEfzSkeOAWJqsoF:localhost	$r5MeySk4n_UL67iTjPp-RpDnYLITxLfuuSFi65ef9NQ
134	!mjuhEfzSkeOAWJqsoF:localhost	$ZeOHUFxCYyrcXwwm5xcXycqdVTRt5tdY0zbyZ-uR_fQ
135	!FzTtpSkXWMPYBKHUQN:localhost	$h_nukybUUUM97KIexy-iMvsAatn74tnaz5IRgopPmkc
136	!FzTtpSkXWMPYBKHUQN:localhost	$fxfMGOp0AHYZy5pmcMgdjV1cy_kcfuMgBbWYzp84Rbk
137	!FzTtpSkXWMPYBKHUQN:localhost	$in52dToVUVIA1dLRam8a57SvQ8dYnHstA6FK0mNdqNo
138	!FzTtpSkXWMPYBKHUQN:localhost	$ESb8M8zzCsTTuM2_aTjr7gchlzU1eLJxVMEx6T-jTEE
139	!FzTtpSkXWMPYBKHUQN:localhost	$SXn00XEaf6vcH7EfF-hxrnKJ34geyleE-2HFWaQW5ag
140	!FzTtpSkXWMPYBKHUQN:localhost	$6gxkrvEOHIMVYq7kxmB942wCBkaZKqIC95Jzk-CISp0
141	!FzTtpSkXWMPYBKHUQN:localhost	$tCegiyn_qp9r9cWvinmzuiK_97-qv69NU7CGuF2CDAw
142	!FzTtpSkXWMPYBKHUQN:localhost	$MsUAygSGOybNZLwQY0HO7oA7UTvwZ4HjS-dSTebRryE
143	!FzTtpSkXWMPYBKHUQN:localhost	$Bo4JLPALQcShbeeEkpMatIB_6vxlLouq8IJQ55O6b-A
144	!FzTtpSkXWMPYBKHUQN:localhost	$1UPai0X6mkxZhcQOCpH1AB3C8_5iGG4irBlPGM8vX60
145	!FzTtpSkXWMPYBKHUQN:localhost	$w3py3S7l8-xbpdWz2joQqREyFoNoE5jE2HGz1J8AFIY
146	!FzTtpSkXWMPYBKHUQN:localhost	$KoX2hU-P1VybDOXpAKm_myFst0pkCN0MKKBLGLQqovE
147	!FzTtpSkXWMPYBKHUQN:localhost	$Qc1DVNbHoeyAoragn3t3lSrm2IvTk9wMJBJYKliD3WM
148	!FzTtpSkXWMPYBKHUQN:localhost	$gHwGynQdqAEWelKTu66zWCE1fVp0M2RgK6P6QoTJV70
149	!FzTtpSkXWMPYBKHUQN:localhost	$-HKoRby_s8G544Ao_KR_BtaomPp7O4vgmWHflG33bX4
150	!FzTtpSkXWMPYBKHUQN:localhost	$EaVQiabvSs7WDhnMGeCso5JvAzW2g_cxxQ4A0x60cO4
151	!FzTtpSkXWMPYBKHUQN:localhost	$a80ETeoQf4btWpFYbDzXYLNhaJVGclNmo4vt_wr7btQ
152	!FzTtpSkXWMPYBKHUQN:localhost	$DJW9gvwyHhpI2pEcgw6Tv_pHFxJGskUjSwKK1vkAAQ8
153	!FzTtpSkXWMPYBKHUQN:localhost	$sDuUX7k_nGFrr68aq6q-Se4v7PS0UHtb9DCgicckLOk
154	!FzTtpSkXWMPYBKHUQN:localhost	$-QKjIvbRegc7FLNn1N3abJ7hKjwMdoQrmX6Zbw-ctHA
155	!FzTtpSkXWMPYBKHUQN:localhost	$nD3fBVNqotefwe1wSxqLXHxVj_3f00Vj5VNpoUr1ABQ
156	!FzTtpSkXWMPYBKHUQN:localhost	$jy48UF7H1uhnLFtlVfm0J7AQsQzu0md4tudw5nIMe-c
157	!FzTtpSkXWMPYBKHUQN:localhost	$xLDxuw8IzaD4a5ksYtyrs83SBfHlqy-w6NU0mHanbPQ
158	!FzTtpSkXWMPYBKHUQN:localhost	$vL5Yz3B5LuK3523XAi9kXCV6MChwv_bOVxCvia8FVB4
159	!FzTtpSkXWMPYBKHUQN:localhost	$Bt1xztPUc6q7sEKol_gzAfl_qts24lsGSR_TcdwgTDE
160	!FzTtpSkXWMPYBKHUQN:localhost	$w7lOH1dKKeKeCs6DlAaGGp3yF_P0vEQ3pNmCTx8FcJ8
161	!FzTtpSkXWMPYBKHUQN:localhost	$cdRz_XhX8_p6tBso0AzQXZq3nCx7Bp6Z2iH-h23-rbc
162	!FzTtpSkXWMPYBKHUQN:localhost	$cMDyp45ivGK1L_ShGF__AS8GBLW8-INvJUlELx5CbQ0
163	!FzTtpSkXWMPYBKHUQN:localhost	$kUxkPt1sGwhzERqEarPnF5jZR9yMsoza124QtMit3tI
164	!FzTtpSkXWMPYBKHUQN:localhost	$EnC2zlKWl4pxmE20WFM5_uuVWd83XP_uOlpod2B1XeQ
165	!FzTtpSkXWMPYBKHUQN:localhost	$GEtkY16drHOxrPM2y1D6QGAXukFCYxUBTFYt6SSVzlo
166	!FzTtpSkXWMPYBKHUQN:localhost	$dAaHeBJ3APK3s-d4k6G7DnoO6sQHgToUm-KEqY2ha8o
167	!FzTtpSkXWMPYBKHUQN:localhost	$F3NqPu2Spf8K4XLXu_0jprZ1pzX7OQgH7jxSdNoTiBc
168	!FzTtpSkXWMPYBKHUQN:localhost	$XVRcXTt62fYwFNjltQCDR4KYxVR2Y5736Y99u4u_Yp8
169	!FzTtpSkXWMPYBKHUQN:localhost	$O_xBVr6rmpmuc_gHgPUwAd5jjTiDwPFpFPxlZiXO82E
170	!FzTtpSkXWMPYBKHUQN:localhost	$-W4UZqRjU8NFjYbx9Y5H36lRkKI6-J0E7CW8suzQR9s
171	!FzTtpSkXWMPYBKHUQN:localhost	$Je3iwTVjLB5qWW0D9sP9A7ygLW1F-PKdf_M3hkoXdT0
172	!cZnmZQFBeDsHEQbFQs:localhost	$nc1eJdpqNsaDyb3SdIbRwuQPExhfIPzPopcRSNdl3cQ
173	!cZnmZQFBeDsHEQbFQs:localhost	$DR5VmuWusNClKlyAtCuWLyQC__lzA2aHFKFHP9MMUfk
178	!cZnmZQFBeDsHEQbFQs:localhost	$J6BFnxxVtwKMBZMazTB3yX8rosc2skmuxAuI4OinjBM
179	!cZnmZQFBeDsHEQbFQs:localhost	$7kIusj7_vjnjvM5XRI1_3dU_wgeCRurNbLxWl7Wza64
180	!cZnmZQFBeDsHEQbFQs:localhost	$yB_pgWY1MngMlhaqo70bZTnADr2mMUjbkEKY3cjnlqk
181	!cZnmZQFBeDsHEQbFQs:localhost	$LwuV3S_QSzHUfw7pEQBk-n4jquK3n8qlEDA3ZQTkHDI
182	!cZnmZQFBeDsHEQbFQs:localhost	$ZJsRzPjCUHZTNUN_j78KyrW5EVPSKt9Pw_F-tVVvH7k
183	!cZnmZQFBeDsHEQbFQs:localhost	$rA5PRb7MjCz1lqKGVcHLZ_4eIRh_5slNnGazl-q0F4w
184	!cZnmZQFBeDsHEQbFQs:localhost	$FyOdtUu1pDq9pkxIHuGA8NRmuYwbc56h3FAanha48Hk
185	!cZnmZQFBeDsHEQbFQs:localhost	$R_BTpdLAD-BfJUNWA0gDdMNG4gc8RNi-4QhdtrCsz24
186	!cZnmZQFBeDsHEQbFQs:localhost	$AI66VCbPMZvt2b3tqwhViAQXHs18twqgZhVW103z2sc
187	!cZnmZQFBeDsHEQbFQs:localhost	$MgXIz3NeQBEhrbeF8vsJzjopQxKY0sUcnwnW40fE-1Q
191	!mOsaATLFknhUVKMKbF:localhost	$QC7bXFDxGhDk6yv_4ChjXTMkJ0t0dKySNdOD6sK8xWs
188	!cZnmZQFBeDsHEQbFQs:localhost	$HUUDVNAe9kYy1-MJRkHq_OmumlsIRsNlMN9OZnLoLm4
190	!mOsaATLFknhUVKMKbF:localhost	$SlMhs1Tixs22BdZ3XXqNy9AnhoIY4iemw--vg-i_Lm0
206	!mOsaATLFknhUVKMKbF:localhost	$scKgIiXOkpnPBXE0aeKk88O6U1i21DNhX9T-JJ7H99s
189	!cZnmZQFBeDsHEQbFQs:localhost	$VDgIn68dzLHo_gZ7neRkP0y_cgeUTlGI_ZGO7A-qJHw
197	!mOsaATLFknhUVKMKbF:localhost	$-_npKAXQzDZatyCE982iFmq7-fA6EcpCzljKEwGGWgg
201	!mOsaATLFknhUVKMKbF:localhost	$biZp1kn2ycj-NFYzBIsolRQUhuy_Jcdb1TWFXs-wm_M
202	!mOsaATLFknhUVKMKbF:localhost	$Vhe96m7lCNGvQXgtlabnFhr_GUgPVpqYOsLd5pxMxxc
198	!mOsaATLFknhUVKMKbF:localhost	$i7p_9pGUCmPcRci6QowPd0isnxc650XUL0nkZkXIJqI
203	!mOsaATLFknhUVKMKbF:localhost	$Y0bkVaMbWG30DJH750qUtZjIwDm6EWGKt22Jikt7ncc
199	!mOsaATLFknhUVKMKbF:localhost	$oRS_K9WwEjRY1LoGRh6ymmTYBFe4S3jiGLxKdFZq0xo
200	!mOsaATLFknhUVKMKbF:localhost	$FWpqQbXQShRFgQ2vWg29OuQTSkDuwx17c6DhUQAfIb8
204	!mOsaATLFknhUVKMKbF:localhost	$IurhFVNgogJHFAFqnmsFHryn2y9ekYNHC2LacVsFPKQ
205	!mOsaATLFknhUVKMKbF:localhost	$EDaLEPba2OiPmGvBWlmz-NOHb5g2kUtwgkGzOiirHIY
207	!mOsaATLFknhUVKMKbF:localhost	$ZWtfV6VN7cYag1OsVvbeuTNCtBCvyfsFry92Cbxe5AY
208	!cZnmZQFBeDsHEQbFQs:localhost	$CcGczUOKTX_OEsfQVWp2qPlgJwMCRsa25dLU8fT6UH0
209	!FzTtpSkXWMPYBKHUQN:localhost	$ANFtdD6RWZZ5mn9HSddP3QH_PVONE9tRAXmjVFh3El4
210	!FzTtpSkXWMPYBKHUQN:localhost	$rrY7TdR68vZ9aJnSKLdMXTa0pPj5QE4q-uslBWEy7Nc
211	!FzTtpSkXWMPYBKHUQN:localhost	$2-gSqaVfhsICgx85avl8nZkJsTqQLi6sjzrFpiIOu7w
212	!FzTtpSkXWMPYBKHUQN:localhost	$E0icxR6fx78u6qj_Nzlpdy6MfUfGz_P1lWXJ8jGdehA
213	!FzTtpSkXWMPYBKHUQN:localhost	$dueDnmosbC-T3fwUZNGUj_233-3HgPx_UvJrliNoDxo
214	!FzTtpSkXWMPYBKHUQN:localhost	$tvo-gq4fiu7seQGnAyNYPAWgxS1PoE63QhxmxI93Yi8
215	!FzTtpSkXWMPYBKHUQN:localhost	$NPMfRdZ1xkWet20xbhM7iL6HIhaPlc-lWpGvqoqEiD0
216	!FzTtpSkXWMPYBKHUQN:localhost	$yjrbgMqy4HRuetLlj-Az8RsmRFs-WL5FQzQIZuY3efI
217	!FzTtpSkXWMPYBKHUQN:localhost	$cI11OnGjm7vGIw5vs-oij_wEGItyOPwW6hFOZiala1Q
218	!FzTtpSkXWMPYBKHUQN:localhost	$UIptzRMGcHo-OdPEz9kdRsBN7PEYO2a9bhjTwYzL5TU
220	!pYSbiOyjMFsKNxSMyi:localhost	$y4Zq-mQV8ITLLsmk81629YkH48k3sCXvXh5FoYbVOGY
221	!FzTtpSkXWMPYBKHUQN:localhost	$nbvYfMEUxfCmnZbQ8NJd2qMAvpJQKSHJCHTOVHisCB8
222	!FzTtpSkXWMPYBKHUQN:localhost	$gk3PwrTnshrLNo1GN7MMw6OBgb8vs7zubM6zSFTgXmk
223	!FzTtpSkXWMPYBKHUQN:localhost	$7dates6XgZ8OVBmskdckd7nlzKoFe8r1viO_va2zwsw
224	!FzTtpSkXWMPYBKHUQN:localhost	$OGdvNKrhZ-EfSfs7rOok6MaY-Pn92zKDcpjAXvKXRgo
225	!FzTtpSkXWMPYBKHUQN:localhost	$Q3BFaR981aCJLw5QDoNLb4cMc50D_Mg-gQxosmSpdNI
226	!FzTtpSkXWMPYBKHUQN:localhost	$N-67EbAcZGI6086gfHbFUS_Tq5N3z4EBQvtuy8lT4T8
227	!FzTtpSkXWMPYBKHUQN:localhost	$gnOJwv6YRzJ-svVvNLGJ1sX58cMj2N_OPOQMu22ATUM
228	!FzTtpSkXWMPYBKHUQN:localhost	$gUIhoWrPiyWVUv1x-mtmYtug_e0Ge_xOg9HJT8B8nRY
229	!FzTtpSkXWMPYBKHUQN:localhost	$sH87kAVdtg-0qOp6e01ncm6081zbKrTd5UESVkbVKlk
230	!FzTtpSkXWMPYBKHUQN:localhost	$1aCb3mhwbLTesKmLxUBB1VdoNNVdi85-iNo9FHDCGDA
231	!FzTtpSkXWMPYBKHUQN:localhost	$hk2qqJ34X4qWuX7eZb4q6W6b5kNrxuBrwH3SisbvDBQ
232	!FzTtpSkXWMPYBKHUQN:localhost	$yYy1a36oDtzrMDiTwh7uc7Bx82F1eFeXdlJabc2T8dE
233	!FzTtpSkXWMPYBKHUQN:localhost	$Nw5Wuu0OoUpf0cHK-TKfm2IURzfvyK0cpHbWzIVglAI
234	!FzTtpSkXWMPYBKHUQN:localhost	$9NlNwKmZDjoqogDVy2hZdDSxrN1Ym0PpxzQkDT8d8ec
235	!FzTtpSkXWMPYBKHUQN:localhost	$FZY2YQfeg4cYxqoshkRnnBUid1d9KREJ3X0Wv9Smdsw
237	!pYSbiOyjMFsKNxSMyi:localhost	$YcGhCF84tKbnPaz9krrZnukDNeATkB6J7bb8wLPCWfY
238	!pYSbiOyjMFsKNxSMyi:localhost	$rN52jjTQyCeH49OS7jRIGlRM4F2NQBFEB0C0lEaUb3c
239	!pYSbiOyjMFsKNxSMyi:localhost	$jtHjsfRhxitvwMV8TSM3JIyCvz76sKCXvcoHIjY5Biw
240	!pYSbiOyjMFsKNxSMyi:localhost	$XskQ0UvJR_qsbOkdYKA3xVWeAA04SaIC-09Je7FO19o
241	!pYSbiOyjMFsKNxSMyi:localhost	$UMNKGVS1qBZupa86BKhjq27beYhYVjRC5huKAZaNeiE
242	!pYSbiOyjMFsKNxSMyi:localhost	$3M9Rh6NNQIvmu5O8hk4-efo2zau0BS4bP3lP_3SmCXY
243	!pYSbiOyjMFsKNxSMyi:localhost	$HLQUAxqFJuCJ_kIl5bp_zpUmFEDPQuiLYU_A9VOPRcw
244	!pYSbiOyjMFsKNxSMyi:localhost	$SmN77flnQr15OQrbedna9Y4S9VTlBui7MoJtlRZZyvs
245	!FzTtpSkXWMPYBKHUQN:localhost	$E3YxLtlKW-VCWr_s1TimfgRJbwpp-TO5B9i7By9o7vI
246	!FzTtpSkXWMPYBKHUQN:localhost	$NaLQE3UGkmLRlNIjT28M4dfpaSuC-qBNE64EdnlMj98
247	!FzTtpSkXWMPYBKHUQN:localhost	$WS3p_ef116wO_3hAZwFWmgGZdeox1f-nJZbVEtn_hd8
248	!pYSbiOyjMFsKNxSMyi:localhost	$qloo_Uai9std99VdsNyxGQIM_zu8qGtBrprCgdp0PAY
249	!pYSbiOyjMFsKNxSMyi:localhost	$IQFxW2AclXyjBa4DyFGxJw7vGiSY-6crlHx35kVV0Yg
250	!pYSbiOyjMFsKNxSMyi:localhost	$eywY0l5kWTEBz26-Hh06J6ga7FkE4g5_haF5bjF0vyc
251	!pYSbiOyjMFsKNxSMyi:localhost	$TgYiQwU7HI440WE1IRkSFM2oCf9soNp8N2n6mGfFoxc
252	!pYSbiOyjMFsKNxSMyi:localhost	$UUX6nQgpqX9ZxPHKKk9TcREeMdyXgPbjlLKPBusGp7k
253	!pYSbiOyjMFsKNxSMyi:localhost	$KNXtG5NPeJbc6Udn7TLr_7niQICqXf2UYPVCug1SRQ0
254	!pYSbiOyjMFsKNxSMyi:localhost	$RScLBOnv-rQ5Qfl4VMpgepVrZ9jKgZ2bNwKGx6SWAXs
255	!FzTtpSkXWMPYBKHUQN:localhost	$17sdx6T-nBaF6BZozfbYq5OYq1vk1-7hAFKSQn8PQEI
256	!FzTtpSkXWMPYBKHUQN:localhost	$eVodFlz-qcHRs2HA7v5TyRtQ-xxsPPfOP98xijAxX-4
257	!FzTtpSkXWMPYBKHUQN:localhost	$ugRvFN42G03CJ_rhXrfPqKHK81OC25L9BNWRbQSt_mg
258	!pYSbiOyjMFsKNxSMyi:localhost	$0vEu8AcFRX2gjRW4L-sa1MbVV2gxpjt4gG3XSnbj-50
259	!pYSbiOyjMFsKNxSMyi:localhost	$4pQu8JKobBFh8PHCnw6hT0zc36PkLKiyg-1m9_yoNpc
260	!pYSbiOyjMFsKNxSMyi:localhost	$K8CVgzJac1qkVh9PHbaS-uKkANN90QwbzBPOVVHimSA
261	!pYSbiOyjMFsKNxSMyi:localhost	$LqTgr4WhVFqPLToPBp6g5JzmDeejTollvhGZw6693yw
262	!pYSbiOyjMFsKNxSMyi:localhost	$UVzWEAffRbpgq0ADvBSCvafZo4zQdZSwKDVw_VAcUos
263	!pYSbiOyjMFsKNxSMyi:localhost	$HAnBRjR5dMWM48mEkzHxKNUIGwieMrjJYKVxf-jld6w
264	!pYSbiOyjMFsKNxSMyi:localhost	$Mtw7jI8ectw5DF0ks0bCL_3QfpD6-XksFma3q3nV8mE
265	!FzTtpSkXWMPYBKHUQN:localhost	$tiExyp2ktofh9R_Wk7_3AEFm82VMfJABZLDh8vMLhjk
266	!FzTtpSkXWMPYBKHUQN:localhost	$ul8BTE-1Nc3CLcB503BKbUS1VW1vpy0XLCxSja1Rvto
267	!FzTtpSkXWMPYBKHUQN:localhost	$ttYMJgKpyS0mp56EbIsjPNgKM0gcBpoWTMo5sejfX2g
268	!pYSbiOyjMFsKNxSMyi:localhost	$9TBKaZfQChwRJu7jdlL59C1UWk_tvoeFbqOaqupv_k4
269	!pYSbiOyjMFsKNxSMyi:localhost	$07syF-ENeRr3l3lFZcCEm3nTRPfHWEbn4NMb1J1iJFA
270	!FzTtpSkXWMPYBKHUQN:localhost	$E6HWpvoyu74jsOxXc_KLC9oG6Sg8rEwIQXoX-Hf5mxg
271	!FzTtpSkXWMPYBKHUQN:localhost	$UoM_MmftgNhl-hvF8RlKsZIRKT_iG82cBMd_uojs5M0
272	!FzTtpSkXWMPYBKHUQN:localhost	$kO4xSu80VL_oqUaKrfuWX9B80NtdhvfDonn_ZFnO-jM
273	!pYSbiOyjMFsKNxSMyi:localhost	$WK3NVZIhsdUMb-agpfePDX4roP42B-TO_-eUSah_GKA
274	!pYSbiOyjMFsKNxSMyi:localhost	$8NGP843DjUo_HOYMA7v0yH7eKafZFt6613FwXLrqGho
275	!pYSbiOyjMFsKNxSMyi:localhost	$qbY2LOEAVAemI51LPAjDllWtEIM_FyAln3eBHz3ntr4
276	!pYSbiOyjMFsKNxSMyi:localhost	$yjRzNi0Lf7YmTrvl8PJ27dIagbzxpdQAxu1a2qnpVRE
285	!FzTtpSkXWMPYBKHUQN:localhost	$YVXyaByz7fhy150xdruNE879BtW5klj_WDKoS4XsGnY
289	!FzTtpSkXWMPYBKHUQN:localhost	$xzWO5ZmteWX1dLWjKshaJF_959fM5XPV_j63exi7Rg4
291	!FzTtpSkXWMPYBKHUQN:localhost	$dgPQn7GA_1KgjySM5CP1IL_4OuwK1IJtNUBu0_jp6zM
294	!FzTtpSkXWMPYBKHUQN:localhost	$Jk6uXXHtYUyycNgfTD6YDfc1VLTRVMYI9-NWPZi_j1E
277	!pYSbiOyjMFsKNxSMyi:localhost	$pWCKYU5wjXosAj-f4nMebqvLjfePvbeiPtYlOuoteRs
282	!pYSbiOyjMFsKNxSMyi:localhost	$e8srpJcKwv7bubgAQF9exPSNzf1vFXTDHPe3jfY5Aek
295	!FzTtpSkXWMPYBKHUQN:localhost	$2HJKtb5qLapQNnGC7PlC2pKGMyM6OP0yvE8t6tNFXFU
278	!pYSbiOyjMFsKNxSMyi:localhost	$OHbQDOKirY2HtHqvTX-hws4Xu-DzdC13hfbrGtYAgXw
279	!pYSbiOyjMFsKNxSMyi:localhost	$37mr-j9ODzNjk_XaJ1av3S0LpmfAkQWiCCBrOZx1LjA
293	!FzTtpSkXWMPYBKHUQN:localhost	$umtVW0TIOZdMzYcqYXh59oCW3-xahvo0QC6nHCFJdaU
280	!pYSbiOyjMFsKNxSMyi:localhost	$wQnou8r6NCWwzNJfjat0e1R6VzxjW9q35Rww3oI8pqo
283	!pYSbiOyjMFsKNxSMyi:localhost	$yAZlyrgetJNCY8nW6Qlt3gZ-sraBcR9VKSu1UhD0bvo
281	!pYSbiOyjMFsKNxSMyi:localhost	$oWART5TE3bFd7omOgO63F-io8ZB1H3hKjq1thGjFEwM
296	!FzTtpSkXWMPYBKHUQN:localhost	$f-cHtS029jrBTsUD6jwaGZsRf9sa7w0m8jeo8fCcib0
284	!FzTtpSkXWMPYBKHUQN:localhost	$wNkgTMblKbEiPZ2uultuC8xuzaaO_dwV9Q8unY79IxA
286	!FzTtpSkXWMPYBKHUQN:localhost	$kSqtOez012ZpmELHtRmRLAcZ6eDqPtMtZFwVzIjXOJQ
288	!FzTtpSkXWMPYBKHUQN:localhost	$AbRCYXMFmAubdqYq-s4VEZvnYEk9YieIxBpZIfPngoE
298	!FzTtpSkXWMPYBKHUQN:localhost	$h3_C07WVa1Kq-qJ6qyYbJ0LdG9gKQAxFu7lEK-p3_tc
287	!FzTtpSkXWMPYBKHUQN:localhost	$3pr6w-dY4LFA1bq0gZJI9yrK3dxo4o6SKQ-LcJnPBz4
297	!FzTtpSkXWMPYBKHUQN:localhost	$7rWHCcfCCs49gXzf9aXyT9Btiu-gLyqrBEstoRvUtXk
290	!FzTtpSkXWMPYBKHUQN:localhost	$vLDNkGntU6Y1RdLCW57mxo33y2ZtPcq-KuirRs_ApqY
292	!FzTtpSkXWMPYBKHUQN:localhost	$QNn9T_HFWnhOe7BXWvbFMq9DBHxXuKjmzymaM-vIiC4
\.


--
-- Data for Name: stream_positions; Type: TABLE DATA; Schema: public; Owner: synapse
--

COPY public.stream_positions (stream_name, instance_name, stream_id) FROM stdin;
account_data	master	219
events	master	298
presence_stream	master	1459
receipts	master	105
\.


--
-- Data for Name: threads; Type: TABLE DATA; Schema: public; Owner: synapse
--

COPY public.threads (room_id, thread_id, latest_event_id, topological_ordering, stream_ordering) FROM stdin;
\.


--
-- Data for Name: threepid_guest_access_tokens; Type: TABLE DATA; Schema: public; Owner: synapse
--

COPY public.threepid_guest_access_tokens (medium, address, guest_access_token, first_inviter) FROM stdin;
\.


--
-- Data for Name: threepid_validation_session; Type: TABLE DATA; Schema: public; Owner: synapse
--

COPY public.threepid_validation_session (session_id, medium, address, client_secret, last_send_attempt, validated_at) FROM stdin;
\.


--
-- Data for Name: threepid_validation_token; Type: TABLE DATA; Schema: public; Owner: synapse
--

COPY public.threepid_validation_token (token, session_id, next_link, expires) FROM stdin;
\.


--
-- Data for Name: ui_auth_sessions; Type: TABLE DATA; Schema: public; Owner: synapse
--

COPY public.ui_auth_sessions (session_id, creation_time, serverdict, clientdict, uri, method, description) FROM stdin;
\.


--
-- Data for Name: ui_auth_sessions_credentials; Type: TABLE DATA; Schema: public; Owner: synapse
--

COPY public.ui_auth_sessions_credentials (session_id, stage_type, result) FROM stdin;
\.


--
-- Data for Name: ui_auth_sessions_ips; Type: TABLE DATA; Schema: public; Owner: synapse
--

COPY public.ui_auth_sessions_ips (session_id, ip, user_agent) FROM stdin;
\.


--
-- Data for Name: un_partial_stated_event_stream; Type: TABLE DATA; Schema: public; Owner: synapse
--

COPY public.un_partial_stated_event_stream (stream_id, instance_name, event_id, rejection_status_changed) FROM stdin;
\.


--
-- Data for Name: un_partial_stated_room_stream; Type: TABLE DATA; Schema: public; Owner: synapse
--

COPY public.un_partial_stated_room_stream (stream_id, instance_name, room_id) FROM stdin;
\.


--
-- Data for Name: user_daily_visits; Type: TABLE DATA; Schema: public; Owner: synapse
--

COPY public.user_daily_visits (user_id, device_id, "timestamp", user_agent) FROM stdin;
@admin:localhost	LWSWGUCQHK	1675900800000	Mozilla/5.0 (Macintosh; Intel Mac OS X 10_15_7) AppleWebKit/537.36 (KHTML, like Gecko) Chrome/109.0.0.0 Safari/537.36
@user1.matrix:localhost	TVVUNPJUJZ	1675900800000	Mozilla/5.0 (Macintosh; Intel Mac OS X 10_15_7) AppleWebKit/537.36 (KHTML, like Gecko) Chrome/109.0.0.0 Safari/537.36
@user1.matrix:localhost	VPHDFELNLR	1677974400000	Mozilla/5.0 (Macintosh; Intel Mac OS X 10_15_7) AppleWebKit/537.36 (KHTML, like Gecko) Chrome/110.0.0.0 Safari/537.36
@admin:localhost	OZJZGYFHKP	1677974400000	axios/1.3.2
@user1.matrix:localhost	GQUGBBJECP	1677974400000	Mozilla/5.0 (Macintosh; Intel Mac OS X 10_15_7) AppleWebKit/537.36 (KHTML, like Gecko) Chrome/110.0.0.0 Safari/537.36
@admin:localhost	WYMFZMMAGV	1677974400000	Mozilla/5.0 (Macintosh; Intel Mac OS X 10_15_7) AppleWebKit/537.36 (KHTML, like Gecko) Chrome/110.0.0.0 Safari/537.36
@admin:localhost	OZJZGYFHKP	1679097600000	axios/1.3.2
@admin:localhost	OZJZGYFHKP	1679356800000	axios/1.3.2
@user1.matrix:localhost	SADCQVCOAS	1679356800000	Mozilla/5.0 (Macintosh; Intel Mac OS X 10_15_7) AppleWebKit/605.1.15 (KHTML, like Gecko) Version/16.3 Safari/605.1.15
@user2.matrix:localhost	AGGSXBPCOI	1679356800000	Mozilla/5.0 (Macintosh; Intel Mac OS X 10_15_7) AppleWebKit/537.36 (KHTML, like Gecko) Chrome/111.0.0.0 Safari/537.36
@user3.matrix:localhost	JYMLVEKGHU	1679356800000	Mozilla/5.0 (Macintosh; Intel Mac OS X 10_15_7) AppleWebKit/537.36 (KHTML, like Gecko) Chrome/111.0.0.0 Safari/537.36
@user1.matrix:localhost	YOPETZJIMM	1679356800000	Mozilla/5.0 (Macintosh; Intel Mac OS X 10_15_7) AppleWebKit/537.36 (KHTML, like Gecko) Chrome/111.0.0.0 Safari/537.36
@user2.matrix:localhost	WLPLHFHZUL	1679356800000	Mozilla/5.0 (Macintosh; Intel Mac OS X 10_15_7) AppleWebKit/537.36 (KHTML, like Gecko) Chrome/111.0.0.0 Safari/537.36
@admin:localhost	OZJZGYFHKP	1681084800000	axios/1.3.2
@user1.matrix:localhost	MERBZSSHQY	1681084800000	Mozilla/5.0 (Macintosh; Intel Mac OS X 10_15_7) AppleWebKit/537.36 (KHTML, like Gecko) Chrome/111.0.0.0 Safari/537.36
@user1.matrix:localhost	VDICYNRLYT	1681084800000	Mozilla/5.0 (Macintosh; Intel Mac OS X 10_15_7) AppleWebKit/537.36 (KHTML, like Gecko) Chrome/112.0.0.0 Safari/537.36
@user1.matrix:localhost	GEGNBCWDZH	1681084800000	Mozilla/5.0 (Macintosh; Intel Mac OS X 10_15_7) AppleWebKit/537.36 (KHTML, like Gecko) Chrome/112.0.0.0 Safari/537.36
@user1.matrix:localhost	NZRPFLRSAA	1681084800000	Mozilla/5.0 (Macintosh; Intel Mac OS X 10_15_7) AppleWebKit/537.36 (KHTML, like Gecko) Chrome/112.0.0.0 Safari/537.36
@user1.matrix:localhost	TYRQVABKXX	1681084800000	Mozilla/5.0 (Macintosh; Intel Mac OS X 10_15_7) AppleWebKit/537.36 (KHTML, like Gecko) Chrome/112.0.0.0 Safari/537.36
@user1.matrix:localhost	WEAKIHRDEV	1681084800000	Mozilla/5.0 (Macintosh; Intel Mac OS X 10_15_7) AppleWebKit/537.36 (KHTML, like Gecko) Chrome/112.0.0.0 Safari/537.36
@user1.matrix:localhost	IYHIHSVEEK	1681084800000	Mozilla/5.0 (Macintosh; Intel Mac OS X 10_15_7) AppleWebKit/537.36 (KHTML, like Gecko) Chrome/112.0.0.0 Safari/537.36
@user1.matrix:localhost	KDXXHACNYX	1681084800000	Playwright/1.32.0 (x64; macOS 12.6) node/19.6
@user1.matrix:localhost	CZTVSJDWNF	1681084800000	Playwright/1.32.0 (x64; macOS 12.6) node/19.6
@user1.matrix:localhost	CWEARHDUGD	1681084800000	Playwright/1.32.0 (x64; macOS 12.6) node/19.6
@user1.matrix:localhost	XLSCVWQFXA	1681084800000	Playwright/1.32.0 (x64; macOS 12.6) node/19.6
@user1.matrix:localhost	ODNEOYPGKD	1681084800000	Mozilla/5.0 (Macintosh; Intel Mac OS X 10_15_7) AppleWebKit/537.36 (KHTML, like Gecko) Chrome/112.0.0.0 Safari/537.36
@user1.matrix:localhost	YUNPJWSNYK	1681084800000	Playwright/1.32.0 (x64; macOS 12.6) node/19.6
@user1.matrix:localhost	DGRUMDVCBM	1681084800000	Mozilla/5.0 (Macintosh; Intel Mac OS X 10_15_7) AppleWebKit/537.36 (KHTML, like Gecko) Chrome/112.0.0.0 Safari/537.36
@user1.matrix:localhost	OYSHCNGSNY	1681084800000	Mozilla/5.0 (Macintosh; Intel Mac OS X 10_15_7) AppleWebKit/537.36 (KHTML, like Gecko) Chrome/112.0.0.0 Safari/537.36
@user1.matrix:localhost	QFUUJKKFTN	1681084800000	Mozilla/5.0 (Macintosh; Intel Mac OS X 10_15_7) AppleWebKit/537.36 (KHTML, like Gecko) Chrome/112.0.0.0 Safari/537.36
@user1.matrix:localhost	MERBZSSHQY	1681171200000	Mozilla/5.0 (Macintosh; Intel Mac OS X 10_15_7) AppleWebKit/537.36 (KHTML, like Gecko) Chrome/111.0.0.0 Safari/537.36
@admin:localhost	OZJZGYFHKP	1681171200000	axios/1.3.2
@user1.matrix:localhost	MXUYRJBGML	1681171200000	Mozilla/5.0 (Macintosh; Intel Mac OS X 10_15_7) AppleWebKit/537.36 (KHTML, like Gecko) Chrome/112.0.0.0 Safari/537.36
@user1.matrix:localhost	MERBZSSHQY	1681257600000	Mozilla/5.0 (Macintosh; Intel Mac OS X 10_15_7) AppleWebKit/537.36 (KHTML, like Gecko) Chrome/111.0.0.0 Safari/537.36
@admin:localhost	OZJZGYFHKP	1681257600000	axios/1.3.2
@user1.matrix:localhost	MHEFQYSOSJ	1681257600000	Playwright/1.32.0 (x64; macOS 12.6) node/19.6
@user1.matrix:localhost	AGKMPWYTNG	1681257600000	Playwright/1.32.0 (x64; macOS 12.6) node/19.6
@user1.matrix:localhost	VIIOQXFMHR	1681257600000	Playwright/1.32.0 (x64; macOS 12.6) node/19.6
@user1.matrix:localhost	WEFSLDHKQY	1681257600000	Mozilla/5.0 (Macintosh; Intel Mac OS X 10_15_7) AppleWebKit/537.36 (KHTML, like Gecko) Chrome/111.0.0.0 Safari/537.36
@user1.matrix:localhost	DTWCIRRYLH	1681257600000	Playwright/1.32.0 (x64; macOS 12.6) node/19.6
@user1.matrix:localhost	REIEALSNTY	1681257600000	Playwright/1.32.0 (x64; macOS 12.6) node/19.6
@user1.matrix:localhost	VGVZMENCED	1681257600000	Playwright/1.32.0 (x64; macOS 12.6) node/19.6
@user1.matrix:localhost	WMKPZDBULK	1681257600000	Playwright/1.32.0 (x64; macOS 12.6) node/19.6
@user1.matrix:localhost	HWCBWCBYBR	1681257600000	Playwright/1.32.0 (x64; macOS 12.6) node/19.6
@user1.matrix:localhost	CLVTQIMHDY	1681257600000	Playwright/1.32.0 (x64; macOS 12.6) node/19.6
@user1.matrix:localhost	VFSKZPOZFC	1681257600000	Playwright/1.32.0 (x64; macOS 12.6) node/19.6
@user1.matrix:localhost	WSCUTEXBTQ	1681257600000	Playwright/1.32.0 (x64; macOS 12.6) node/19.6
@user1.matrix:localhost	VCMLSJAPAO	1681257600000	Playwright/1.32.0 (x64; macOS 12.6) node/19.6
@user1.matrix:localhost	HGPAFDPXAI	1681257600000	Playwright/1.32.0 (x64; macOS 12.6) node/19.6
@user1.matrix:localhost	HEEDMBZGMF	1681257600000	Playwright/1.32.0 (x64; macOS 12.6) node/19.6
@user1.matrix:localhost	RJJYFKNGWR	1681257600000	Playwright/1.32.0 (x64; macOS 12.6) node/19.6
@user1.matrix:localhost	WEFSLDHKQY	1681344000000	Mozilla/5.0 (Macintosh; Intel Mac OS X 10_15_7) AppleWebKit/537.36 (KHTML, like Gecko) Chrome/111.0.0.0 Safari/537.36
\.


--
-- Data for Name: user_directory; Type: TABLE DATA; Schema: public; Owner: synapse
--

COPY public.user_directory (user_id, room_id, display_name, avatar_url) FROM stdin;
@admin:localhost	\N	admin	\N
@user1.matrix:localhost	\N	user1.matrix	\N
@user2.matrix:localhost	\N	user2.matrix	\N
@user3.matrix:localhost	\N	user3.matrix	\N
\.


--
-- Data for Name: user_directory_search; Type: TABLE DATA; Schema: public; Owner: synapse
--

COPY public.user_directory_search (user_id, vector) FROM stdin;
@admin:localhost	'admin':1A,3B 'localhost':2
@user1.matrix:localhost	'localhost':2 'user1.matrix':1A,3B
@user2.matrix:localhost	'localhost':2 'user2.matrix':1A,3B
@user3.matrix:localhost	'localhost':2 'user3.matrix':1A,3B
\.


--
-- Data for Name: user_directory_stale_remote_users; Type: TABLE DATA; Schema: public; Owner: synapse
--

COPY public.user_directory_stale_remote_users (user_id, user_server_name, next_try_at_ts, retry_counter) FROM stdin;
\.


--
-- Data for Name: user_directory_stream_pos; Type: TABLE DATA; Schema: public; Owner: synapse
--

COPY public.user_directory_stream_pos (lock, stream_id) FROM stdin;
X	298
\.


--
-- Data for Name: user_external_ids; Type: TABLE DATA; Schema: public; Owner: synapse
--

COPY public.user_external_ids (auth_provider, external_id, user_id) FROM stdin;
\.


--
-- Data for Name: user_filters; Type: TABLE DATA; Schema: public; Owner: synapse
--

COPY public.user_filters (user_id, filter_id, filter_json) FROM stdin;
admin	0	\\x7b22726f6f6d223a7b227374617465223a7b226c617a795f6c6f61645f6d656d62657273223a747275657d2c2274696d656c696e65223a7b22756e726561645f7468726561645f6e6f74696669636174696f6e73223a747275657d7d7d
user1.matrix	0	\\x7b22726f6f6d223a7b227374617465223a7b226c617a795f6c6f61645f6d656d62657273223a747275657d2c2274696d656c696e65223a7b22756e726561645f7468726561645f6e6f74696669636174696f6e73223a747275657d7d7d
user2.matrix	0	\\x7b22726f6f6d223a7b227374617465223a7b226c617a795f6c6f61645f6d656d62657273223a747275657d2c2274696d656c696e65223a7b22756e726561645f7468726561645f6e6f74696669636174696f6e73223a747275657d7d7d
user3.matrix	0	\\x7b22726f6f6d223a7b227374617465223a7b226c617a795f6c6f61645f6d656d62657273223a747275657d2c2274696d656c696e65223a7b22756e726561645f7468726561645f6e6f74696669636174696f6e73223a747275657d7d7d
\.


--
-- Data for Name: user_ips; Type: TABLE DATA; Schema: public; Owner: synapse
--

COPY public.user_ips (user_id, access_token, device_id, ip, user_agent, last_seen) FROM stdin;
@user1.matrix:localhost	syt_dXNlcjEubWF0cml4_TNNiHJOfMrZaDIRSgvnb_3EdNjY	TYRQVABKXX	172.16.238.1	Mozilla/5.0 (Macintosh; Intel Mac OS X 10_15_7) AppleWebKit/537.36 (KHTML, like Gecko) Chrome/112.0.0.0 Safari/537.36	1681126918974
@user1.matrix:localhost	syt_dXNlcjEubWF0cml4_cROPEufHbNOocxhWQXjg_1NYc4D	VDICYNRLYT	172.16.238.1	Mozilla/5.0 (Macintosh; Intel Mac OS X 10_15_7) AppleWebKit/537.36 (KHTML, like Gecko) Chrome/112.0.0.0 Safari/537.36	1681114847169
@mm_user1.mm:localhost	syt_bW1fdXNlcjEubW0_lVsuWjFZjjvqeOAINgnU_0O259n	ZZCPHWONCH	172.16.238.1	axios/1.3.2	1679130382952
@user1.matrix:localhost	syt_dXNlcjEubWF0cml4_pGNATgCOylvDvXQWxzEN_2vJmGi	GEGNBCWDZH	172.16.238.1	Mozilla/5.0 (Macintosh; Intel Mac OS X 10_15_7) AppleWebKit/537.36 (KHTML, like Gecko) Chrome/112.0.0.0 Safari/537.36	1681126960937
@mm_user2.mm:localhost	syt_bW1fdXNlcjIubW0_JKGbauDUYxPbvwAazbbH_2UAh0M	KITXFMZISQ	172.16.238.1	axios/1.3.2	1679412532830
@user2.matrix:localhost	syt_dXNlcjIubWF0cml4_qRhcwldAqgcibhrrnUwG_0WxdI9	WLPLHFHZUL	172.16.238.1	Mozilla/5.0 (Macintosh; Intel Mac OS X 10_15_7) AppleWebKit/537.36 (KHTML, like Gecko) Chrome/111.0.0.0 Safari/537.36	1679416178864
@mm_user2.mm:localhost	syt_bW1fdXNlcjIubW0_pNpfYKNyYlyAxikEShkP_0SyrLH	FMYHCZTKYR	172.16.238.1	axios/1.3.2	1679416221222
@user2.matrix:localhost	syt_dXNlcjIubWF0cml4_pppwoopkYQIdwCkNGQqt_4XeDmE	AGGSXBPCOI	172.16.238.1	Mozilla/5.0 (Macintosh; Intel Mac OS X 10_15_7) AppleWebKit/537.36 (KHTML, like Gecko) Chrome/111.0.0.0 Safari/537.36	1679412653918
@mm_user1.mm:localhost	syt_bW1fdXNlcjEubW0_GMyceXwflVlJZCCXOxWS_0Fq5ki	ZBXQDUITVM	172.16.238.1	axios/1.3.2	1679416221223
@user1.matrix:localhost	syt_dXNlcjEubWF0cml4_DMpUuFqnqShCiUkudWuK_1Nprwv	SADCQVCOAS	172.16.238.1	Mozilla/5.0 (Macintosh; Intel Mac OS X 10_15_7) AppleWebKit/605.1.15 (KHTML, like Gecko) Version/16.3 Safari/605.1.15	1679416251583
@user3.matrix:localhost	syt_dXNlcjMubWF0cml4_sNJNgOAVoZQLtnbiPPFI_42rVxT	JYMLVEKGHU	172.16.238.1	Mozilla/5.0 (Macintosh; Intel Mac OS X 10_15_7) AppleWebKit/537.36 (KHTML, like Gecko) Chrome/111.0.0.0 Safari/537.36	1679412828980
@user1.matrix:localhost	syt_dXNlcjEubWF0cml4_kHDMNCsexoVzYJVPeget_2WhPnn	YOPETZJIMM	172.16.238.1	Mozilla/5.0 (Macintosh; Intel Mac OS X 10_15_7) AppleWebKit/537.36 (KHTML, like Gecko) Chrome/111.0.0.0 Safari/537.36	1679412953683
@mm_user2.mm:localhost	syt_bW1fdXNlcjIubW0_SkCubQWkaCaOgljnXeZp_3CFPP6	GOBRRJALAB	172.16.238.1	axios/1.3.2	1681307343200
@user1.matrix:localhost	syt_dXNlcjEubWF0cml4_cCXqJYNssQfnnQYUTArb_0RVlBa	WEAKIHRDEV	172.16.238.1	Mozilla/5.0 (Macintosh; Intel Mac OS X 10_15_7) AppleWebKit/537.36 (KHTML, like Gecko) Chrome/112.0.0.0 Safari/537.36	1681127027944
@mm_user1.mm:localhost	syt_bW1fdXNlcjEubW0_rMuacpWhkbPUhIYlrriR_2A8n2E	YZURYGCAZN	172.16.238.1	axios/1.3.2	1681307343204
@user1.matrix:localhost	syt_dXNlcjEubWF0cml4_LDkcmJdrhAsvrDNVGDQs_3XayEy	NZRPFLRSAA	172.16.238.1	Mozilla/5.0 (Macintosh; Intel Mac OS X 10_15_7) AppleWebKit/537.36 (KHTML, like Gecko) Chrome/112.0.0.0 Safari/537.36	1681127127383
@mm_user2.mm:localhost	syt_bW1fdXNlcjIubW0_jkHpRVXQqCxMfyXaTqYp_0OqC13	UVFQMBESYP	172.16.238.1	axios/1.3.2	1681110079015
@user1.matrix:localhost	syt_dXNlcjEubWF0cml4_FFEgIXLqHFTYPZXdHIhG_2RAUUJ	IYHIHSVEEK	172.16.238.1	Mozilla/5.0 (Macintosh; Intel Mac OS X 10_15_7) AppleWebKit/537.36 (KHTML, like Gecko) Chrome/112.0.0.0 Safari/537.36	1681127241617
@user1.matrix:localhost	syt_dXNlcjEubWF0cml4_jqvMdeZMrSdHbQnKueCj_17pgIT	VIIOQXFMHR	172.16.238.1	Playwright/1.32.0 (x64; macOS 12.6) node/19.6	1681307387581
@admin:localhost	syt_YWRtaW4_ESjBoGLaWtscFgZHsBhJ_027WFj	OZJZGYFHKP	172.16.238.1	axios/1.3.2	1681385134564
@mm_user2.mm:localhost	syt_bW1fdXNlcjIubW0_PBLGfZXiQpljFvsleNlb_2yxUzB	CVEBVWQOTR	172.16.238.1	axios/1.3.2	1681110469672
@mm_user2.mm:localhost	syt_bW1fdXNlcjIubW0_aLBRvhuizeBuBJTvTnFA_1dvWAb	QWEBRKLJKV	172.16.238.1	axios/1.3.2	1681110828069
@mm_user2.mm:localhost	syt_bW1fdXNlcjIubW0_NxdfIWCrCChJRVGPmDqa_1aoSdq	IUKMOEVWXH	172.16.238.1	axios/1.3.2	1681111089908
@mm_user2.mm:localhost	syt_bW1fdXNlcjIubW0_dTSEXnEMaGTvEiXklVlp_3zWC8F	KSYKFGVZHK	172.16.238.1	axios/1.3.2	1681111317772
@mm_user1.mm:localhost	syt_bW1fdXNlcjEubW0_UGbMVNARAQptyDuDKwFO_3UdzB4	GWJZHMUMZC	172.16.238.1	axios/1.3.2	1681128696601
@mm_user2.mm:localhost	syt_bW1fdXNlcjIubW0_VcoFIKiLjfytZXgkwLNn_1XVMj3	JDCIMUQOKJ	172.16.238.1	axios/1.3.2	1681111482605
@mm_user2.mm:localhost	syt_bW1fdXNlcjIubW0_vegpQjkOQQkSuiDPdSAq_0h2djt	NRWXYHOZHF	172.16.238.1	axios/1.3.2	1681111593620
@mm_user2.mm:localhost	syt_bW1fdXNlcjIubW0_ZrGfIQocaloBoCIYwYUM_3rohzO	GWSODNGKWN	172.16.238.1	axios/1.3.2	1681111783490
@user1.matrix:localhost	syt_dXNlcjEubWF0cml4_eRzNtFIjqUcYEmyCIsTI_1UpiOy	KDXXHACNYX	172.16.238.1	Playwright/1.32.0 (x64; macOS 12.6) node/19.6	1681129573164
@mm_user1.mm:localhost	syt_bW1fdXNlcjEubW0_zqbujSWMznHopjJlyqcs_40eM46	RUHMIWBCVC	172.16.238.1	axios/1.3.2	1681215709330
@user1.matrix:localhost	syt_dXNlcjEubWF0cml4_CXtqbbAxCDIQJyJsayqg_1HKQ9P	CZTVSJDWNF	172.16.238.1	Playwright/1.32.0 (x64; macOS 12.6) node/19.6	1681129757976
@user1.matrix:localhost	syt_dXNlcjEubWF0cml4_dxqScLLpkZzcNkYOLzcB_10uS4u	CWEARHDUGD	172.16.238.1	Playwright/1.32.0 (x64; macOS 12.6) node/19.6	1681129976588
@user1.matrix:localhost	syt_dXNlcjEubWF0cml4_SPhBRJyatcayaUESwkzp_3twVA4	XLSCVWQFXA	172.16.238.1	Playwright/1.32.0 (x64; macOS 12.6) node/19.6	1681130100745
@mm_user2.mm:localhost	syt_bW1fdXNlcjIubW0_UrSrxddUJpxEdiRoJkPe_3w0tL3	YRJUMJDOTL	172.16.238.1	axios/1.3.2	1681112643723
@user1.matrix:localhost	syt_dXNlcjEubWF0cml4_PNiJQLiMvsRDvjgqkJBk_3glMq2	DGRUMDVCBM	172.16.238.1	Mozilla/5.0 (Macintosh; Intel Mac OS X 10_15_7) AppleWebKit/537.36 (KHTML, like Gecko) Chrome/112.0.0.0 Safari/537.36	1681136134735
@user1.matrix:localhost	syt_dXNlcjEubWF0cml4_TMipkBUpdcrwXLeOUAPG_1YncWK	YUNPJWSNYK	172.16.238.1	Playwright/1.32.0 (x64; macOS 12.6) node/19.6	1681130332259
@user1.matrix:localhost	syt_dXNlcjEubWF0cml4_sCRVVAjFNVvbBwkaxOUW_4QRINM	ODNEOYPGKD	172.16.238.1	Mozilla/5.0 (Macintosh; Intel Mac OS X 10_15_7) AppleWebKit/537.36 (KHTML, like Gecko) Chrome/112.0.0.0 Safari/537.36	1681130340230
@user1.matrix:localhost	syt_dXNlcjEubWF0cml4_ELjDuykOuLExRmXQSpnW_0iLAET	MHEFQYSOSJ	172.16.238.1	Playwright/1.32.0 (x64; macOS 12.6) node/19.6	1681306483715
@user1.matrix:localhost	syt_dXNlcjEubWF0cml4_mpvWBmWQdtsaZxaPsSDr_0jmeez	OYSHCNGSNY	172.16.238.1	Mozilla/5.0 (Macintosh; Intel Mac OS X 10_15_7) AppleWebKit/537.36 (KHTML, like Gecko) Chrome/112.0.0.0 Safari/537.36	1681136815143
@user1.matrix:localhost	syt_dXNlcjEubWF0cml4_ggZZOceyRXXuzIUpgVWx_4QnRft	QFUUJKKFTN	172.16.238.1	Mozilla/5.0 (Macintosh; Intel Mac OS X 10_15_7) AppleWebKit/537.36 (KHTML, like Gecko) Chrome/112.0.0.0 Safari/537.36	1681137198778
@mm_user2.mm:localhost	syt_bW1fdXNlcjIubW0_IcqOntmLwVQyyvNqomyq_3FYXZU	VGTDFTGCTC	172.16.238.1	axios/1.3.2	1681144895313
@mm_user1.mm:localhost	syt_bW1fdXNlcjEubW0_himyghBoitSIFQnjUtSX_45XcK1	UJIULIRMBN	172.16.238.1	axios/1.3.2	1681144895342
@user1.matrix:localhost	syt_dXNlcjEubWF0cml4_xXHgHCvjHRTjTaoPwnBC_2qbhed	MXUYRJBGML	172.16.238.1	Mozilla/5.0 (Macintosh; Intel Mac OS X 10_15_7) AppleWebKit/537.36 (KHTML, like Gecko) Chrome/112.0.0.0 Safari/537.36	1681214852555
@user1.matrix:localhost	syt_dXNlcjEubWF0cml4_rvZvxFUHDpovAQiZcnnq_1M5FZV	MERBZSSHQY	172.16.238.1	Mozilla/5.0 (Macintosh; Intel Mac OS X 10_15_7) AppleWebKit/537.36 (KHTML, like Gecko) Chrome/111.0.0.0 Safari/537.36	1681307628601
@user1.matrix:localhost	syt_dXNlcjEubWF0cml4_pGjqBnYgPPjfLqFFuEEE_0ZJ4Sz	DTWCIRRYLH	172.16.238.1	Playwright/1.32.0 (x64; macOS 12.6) node/19.6	1681307794129
@mm_user2.mm:localhost	syt_bW1fdXNlcjIubW0_XhkAOzKVtEaJICKXVJxK_3VNJTL	RQSENWOTJZ	172.16.238.1	axios/1.3.2	1681322199085
@user1.matrix:localhost	syt_dXNlcjEubWF0cml4_IepGCaCsrsQqqifgLbEL_0WBwCU	VGVZMENCED	172.16.238.1	Playwright/1.32.0 (x64; macOS 12.6) node/19.6	1681307924818
@user1.matrix:localhost	syt_dXNlcjEubWF0cml4_eXVcNDTTkqDgSMvgCPJG_2t06Yj	REIEALSNTY	172.16.238.1	Playwright/1.32.0 (x64; macOS 12.6) node/19.6	1681308003399
@user1.matrix:localhost	syt_dXNlcjEubWF0cml4_QCMvcSBVIrNRNhSGJFVK_4FHTpL	WMKPZDBULK	172.16.238.1	Playwright/1.32.0 (x64; macOS 12.6) node/19.6	1681308914514
@user1.matrix:localhost	syt_dXNlcjEubWF0cml4_JnGrPZPgflTqUnXiVqnC_45xOVN	AGKMPWYTNG	172.16.238.1	Playwright/1.32.0 (x64; macOS 12.6) node/19.6	1681306675178
@user1.matrix:localhost	syt_dXNlcjEubWF0cml4_yKWkTujtcvVszVOLVRNZ_0mvMhX	HWCBWCBYBR	172.16.238.1	Playwright/1.32.0 (x64; macOS 12.6) node/19.6	1681309188777
@user1.matrix:localhost	syt_dXNlcjEubWF0cml4_GUAboCWYxghSqbTBFlrB_2ZIpq0	WEFSLDHKQY	172.16.238.1	Mozilla/5.0 (Macintosh; Intel Mac OS X 10_15_7) AppleWebKit/537.36 (KHTML, like Gecko) Chrome/111.0.0.0 Safari/537.36	1681385061565
@user1.matrix:localhost	syt_dXNlcjEubWF0cml4_RIXawKSSHwCMLitsrSlu_2p7qFr	CLVTQIMHDY	172.16.238.1	Playwright/1.32.0 (x64; macOS 12.6) node/19.6	1681309425418
@user1.matrix:localhost	syt_dXNlcjEubWF0cml4_qYpkyyFThXJzRoNzJxZN_3V9KQO	WSCUTEXBTQ	172.16.238.1	Playwright/1.32.0 (x64; macOS 12.6) node/19.6	1681310364298
@user1.matrix:localhost	syt_dXNlcjEubWF0cml4_wUNyqCWbjxKnXewgjOAs_2GwHGw	VFSKZPOZFC	172.16.238.1	Playwright/1.32.0 (x64; macOS 12.6) node/19.6	1681310411926
@user1.matrix:localhost	syt_dXNlcjEubWF0cml4_wQgNCngDuhIPNLqggdTe_2gQxax	VCMLSJAPAO	172.16.238.1	Playwright/1.32.0 (x64; macOS 12.6) node/19.6	1681310919249
@user1.matrix:localhost	syt_dXNlcjEubWF0cml4_XvIQnmVMWWijCSDrhdUx_420I2b	HGPAFDPXAI	172.16.238.1	Playwright/1.32.0 (x64; macOS 12.6) node/19.6	1681311951736
@user1.matrix:localhost	syt_dXNlcjEubWF0cml4_ExZqUyItQaMoMFYXMyJz_3LKro4	HEEDMBZGMF	172.16.238.1	Playwright/1.32.0 (x64; macOS 12.6) node/19.6	1681312037270
@user1.matrix:localhost	syt_dXNlcjEubWF0cml4_CeIOiGtHpuMvmyOUswRR_4DhTna	RJJYFKNGWR	172.16.238.1	Playwright/1.32.0 (x64; macOS 12.6) node/19.6	1681312247427
\.


--
-- Data for Name: user_signature_stream; Type: TABLE DATA; Schema: public; Owner: synapse
--

COPY public.user_signature_stream (stream_id, from_user_id, user_ids) FROM stdin;
5	@admin:localhost	["@admin:localhost"]
12	@user1.matrix:localhost	["@user1.matrix:localhost"]
38	@user2.matrix:localhost	["@user2.matrix:localhost"]
\.


--
-- Data for Name: user_stats_current; Type: TABLE DATA; Schema: public; Owner: synapse
--

COPY public.user_stats_current (user_id, joined_rooms, completed_delta_stream_id) FROM stdin;
@mm_user1.mm:localhost	3	54
@user3.matrix:localhost	3	67
@user2.matrix:localhost	8	122
@admin:localhost	4	173
@mm_user2.mm:localhost	7	191
@matterbot:localhost	7	199
@user1.matrix:localhost	7	203
\.


--
-- Data for Name: user_threepid_id_server; Type: TABLE DATA; Schema: public; Owner: synapse
--

COPY public.user_threepid_id_server (user_id, medium, address, id_server) FROM stdin;
\.


--
-- Data for Name: user_threepids; Type: TABLE DATA; Schema: public; Owner: synapse
--

COPY public.user_threepids (user_id, medium, address, validated_at, added_at) FROM stdin;
@user2.matrix:localhost	email	user2.matrix@localhost.com	1678611289596	1678611291411
@user3.matrix:localhost	email	user3.matrix@localhost.com	1679412826988	1679412827906
\.


--
-- Data for Name: users; Type: TABLE DATA; Schema: public; Owner: synapse
--

COPY public.users (name, password_hash, creation_ts, admin, upgrade_ts, is_guest, appservice_id, consent_version, consent_server_notice_sent, user_type, deactivated, shadow_banned, consent_ts, approved) FROM stdin;
@admin:localhost	$2b$12$qDIHQv..pEFffVrWHTUGqem1aLBPWQwOGJtnPDy79poJOB5F9ppfS	1675956521	1	\N	0	\N	\N	\N	\N	0	f	\N	t
@user1.matrix:localhost	$2b$12$QUKVuA1bwKpslWNfisIeGeZ5/L4A6M5di4AUYKbdBt5Kx7nlcA9w2	1675956810	0	\N	0	\N	\N	\N	\N	0	f	\N	t
@matterbot:localhost		1675957082	0	\N	0	xfbONb3M-hYO861rkzW7N0xUKm-6MII2M6sj-z8sdc0DaiXV1S25SXdr5ElIvatt	\N	\N	\N	0	f	\N	t
@mm_user1.mm:localhost		1676646214	0	\N	0	xfbONb3M-hYO861rkzW7N0xUKm-6MII2M6sj-z8sdc0DaiXV1S25SXdr5ElIvatt	\N	\N	\N	0	f	\N	t
@user2.matrix:localhost	$2b$12$dTZp5dCmXsdR2tyURjxHNOyQX6.Zh0.TrEVJOsRq4Iy3K7oDRpowm	1678611291	0	\N	0	\N	\N	\N	\N	0	f	\N	t
@mm_user2.mm:localhost		1678611396	0	\N	0	xfbONb3M-hYO861rkzW7N0xUKm-6MII2M6sj-z8sdc0DaiXV1S25SXdr5ElIvatt	\N	\N	\N	0	f	\N	t
@user3.matrix:localhost	$2b$12$hpPJtoegEb7YUHUFMy1en.lfhTDLTn5hfQB4lftPWwaEVG2aLnEIi	1679412827	0	\N	0	\N	\N	\N	\N	0	f	\N	t
\.


--
-- Data for Name: users_in_public_rooms; Type: TABLE DATA; Schema: public; Owner: synapse
--

COPY public.users_in_public_rooms (user_id, room_id) FROM stdin;
@admin:localhost	!FzTtpSkXWMPYBKHUQN:localhost
@user1.matrix:localhost	!FzTtpSkXWMPYBKHUQN:localhost
@admin:localhost	!pYSbiOyjMFsKNxSMyi:localhost
@user1.matrix:localhost	!pYSbiOyjMFsKNxSMyi:localhost
@admin:localhost	!AHOiTmgdxQzlhIOUsy:localhost
@user1.matrix:localhost	!AHOiTmgdxQzlhIOUsy:localhost
@user2.matrix:localhost	!FzTtpSkXWMPYBKHUQN:localhost
@user2.matrix:localhost	!AHOiTmgdxQzlhIOUsy:localhost
@user3.matrix:localhost	!FzTtpSkXWMPYBKHUQN:localhost
@user3.matrix:localhost	!AHOiTmgdxQzlhIOUsy:localhost
@user3.matrix:localhost	!pYSbiOyjMFsKNxSMyi:localhost
@user2.matrix:localhost	!pYSbiOyjMFsKNxSMyi:localhost
@admin:localhost	!cZnmZQFBeDsHEQbFQs:localhost
@user1.matrix:localhost	!cZnmZQFBeDsHEQbFQs:localhost
\.


--
-- Data for Name: users_pending_deactivation; Type: TABLE DATA; Schema: public; Owner: synapse
--

COPY public.users_pending_deactivation (user_id) FROM stdin;
\.


--
-- Data for Name: users_to_send_full_presence_to; Type: TABLE DATA; Schema: public; Owner: synapse
--

COPY public.users_to_send_full_presence_to (user_id, presence_stream_id) FROM stdin;
\.


--
-- Data for Name: users_who_share_private_rooms; Type: TABLE DATA; Schema: public; Owner: synapse
--

COPY public.users_who_share_private_rooms (user_id, other_user_id, room_id) FROM stdin;
@user2.matrix:localhost	@user1.matrix:localhost	!vDRByArErEHuGOOJxE:localhost
@user1.matrix:localhost	@user2.matrix:localhost	!vDRByArErEHuGOOJxE:localhost
@user2.matrix:localhost	@user1.matrix:localhost	!CZMvztYPoMDXZghGjm:localhost
@user1.matrix:localhost	@user2.matrix:localhost	!CZMvztYPoMDXZghGjm:localhost
\.


--
-- Data for Name: worker_locks; Type: TABLE DATA; Schema: public; Owner: synapse
--

COPY public.worker_locks (lock_name, lock_key, instance_name, token, last_renewed_ts) FROM stdin;
\.


--
-- Name: account_data_sequence; Type: SEQUENCE SET; Schema: public; Owner: synapse
--

SELECT pg_catalog.setval('public.account_data_sequence', 219, true);


--
-- Name: application_services_txn_id_seq; Type: SEQUENCE SET; Schema: public; Owner: synapse
--

SELECT pg_catalog.setval('public.application_services_txn_id_seq', 235, true);


--
-- Name: cache_invalidation_stream_seq; Type: SEQUENCE SET; Schema: public; Owner: synapse
--

SELECT pg_catalog.setval('public.cache_invalidation_stream_seq', 672, true);


--
-- Name: device_inbox_sequence; Type: SEQUENCE SET; Schema: public; Owner: synapse
--

SELECT pg_catalog.setval('public.device_inbox_sequence', 1, true);


--
-- Name: event_auth_chain_id; Type: SEQUENCE SET; Schema: public; Owner: synapse
--

SELECT pg_catalog.setval('public.event_auth_chain_id', 101, true);


--
-- Name: events_backfill_stream_seq; Type: SEQUENCE SET; Schema: public; Owner: synapse
--

SELECT pg_catalog.setval('public.events_backfill_stream_seq', 1, true);


--
-- Name: events_stream_seq; Type: SEQUENCE SET; Schema: public; Owner: synapse
--

SELECT pg_catalog.setval('public.events_stream_seq', 298, true);


--
-- Name: instance_map_instance_id_seq; Type: SEQUENCE SET; Schema: public; Owner: synapse
--

SELECT pg_catalog.setval('public.instance_map_instance_id_seq', 1, false);


--
-- Name: presence_stream_sequence; Type: SEQUENCE SET; Schema: public; Owner: synapse
--

SELECT pg_catalog.setval('public.presence_stream_sequence', 1459, true);


--
-- Name: receipts_sequence; Type: SEQUENCE SET; Schema: public; Owner: synapse
--

SELECT pg_catalog.setval('public.receipts_sequence', 105, true);


--
-- Name: state_group_id_seq; Type: SEQUENCE SET; Schema: public; Owner: synapse
--

SELECT pg_catalog.setval('public.state_group_id_seq', 313, true);


--
-- Name: un_partial_stated_event_stream_sequence; Type: SEQUENCE SET; Schema: public; Owner: synapse
--

SELECT pg_catalog.setval('public.un_partial_stated_event_stream_sequence', 1, true);


--
-- Name: un_partial_stated_room_stream_sequence; Type: SEQUENCE SET; Schema: public; Owner: synapse
--

SELECT pg_catalog.setval('public.un_partial_stated_room_stream_sequence', 1, true);


--
-- Name: user_id_seq; Type: SEQUENCE SET; Schema: public; Owner: synapse
--

SELECT pg_catalog.setval('public.user_id_seq', 1, false);


--
-- Name: access_tokens access_tokens_pkey; Type: CONSTRAINT; Schema: public; Owner: synapse
--

ALTER TABLE ONLY public.access_tokens
    ADD CONSTRAINT access_tokens_pkey PRIMARY KEY (id);


--
-- Name: access_tokens access_tokens_token_key; Type: CONSTRAINT; Schema: public; Owner: synapse
--

ALTER TABLE ONLY public.access_tokens
    ADD CONSTRAINT access_tokens_token_key UNIQUE (token);


--
-- Name: account_data account_data_uniqueness; Type: CONSTRAINT; Schema: public; Owner: synapse
--

ALTER TABLE ONLY public.account_data
    ADD CONSTRAINT account_data_uniqueness UNIQUE (user_id, account_data_type);


--
-- Name: account_validity account_validity_pkey; Type: CONSTRAINT; Schema: public; Owner: synapse
--

ALTER TABLE ONLY public.account_validity
    ADD CONSTRAINT account_validity_pkey PRIMARY KEY (user_id);


--
-- Name: application_services_state application_services_state_pkey; Type: CONSTRAINT; Schema: public; Owner: synapse
--

ALTER TABLE ONLY public.application_services_state
    ADD CONSTRAINT application_services_state_pkey PRIMARY KEY (as_id);


--
-- Name: application_services_txns application_services_txns_as_id_txn_id_key; Type: CONSTRAINT; Schema: public; Owner: synapse
--

ALTER TABLE ONLY public.application_services_txns
    ADD CONSTRAINT application_services_txns_as_id_txn_id_key UNIQUE (as_id, txn_id);


--
-- Name: applied_module_schemas applied_module_schemas_module_name_file_key; Type: CONSTRAINT; Schema: public; Owner: synapse
--

ALTER TABLE ONLY public.applied_module_schemas
    ADD CONSTRAINT applied_module_schemas_module_name_file_key UNIQUE (module_name, file);


--
-- Name: applied_schema_deltas applied_schema_deltas_version_file_key; Type: CONSTRAINT; Schema: public; Owner: synapse
--

ALTER TABLE ONLY public.applied_schema_deltas
    ADD CONSTRAINT applied_schema_deltas_version_file_key UNIQUE (version, file);


--
-- Name: appservice_stream_position appservice_stream_position_lock_key; Type: CONSTRAINT; Schema: public; Owner: synapse
--

ALTER TABLE ONLY public.appservice_stream_position
    ADD CONSTRAINT appservice_stream_position_lock_key UNIQUE (lock);


--
-- Name: background_updates background_updates_uniqueness; Type: CONSTRAINT; Schema: public; Owner: synapse
--

ALTER TABLE ONLY public.background_updates
    ADD CONSTRAINT background_updates_uniqueness UNIQUE (update_name);


--
-- Name: current_state_events current_state_events_event_id_key; Type: CONSTRAINT; Schema: public; Owner: synapse
--

ALTER TABLE ONLY public.current_state_events
    ADD CONSTRAINT current_state_events_event_id_key UNIQUE (event_id);


--
-- Name: current_state_events current_state_events_room_id_type_state_key_key; Type: CONSTRAINT; Schema: public; Owner: synapse
--

ALTER TABLE ONLY public.current_state_events
    ADD CONSTRAINT current_state_events_room_id_type_state_key_key UNIQUE (room_id, type, state_key);


--
-- Name: dehydrated_devices dehydrated_devices_pkey; Type: CONSTRAINT; Schema: public; Owner: synapse
--

ALTER TABLE ONLY public.dehydrated_devices
    ADD CONSTRAINT dehydrated_devices_pkey PRIMARY KEY (user_id);


--
-- Name: destination_rooms destination_rooms_pkey; Type: CONSTRAINT; Schema: public; Owner: synapse
--

ALTER TABLE ONLY public.destination_rooms
    ADD CONSTRAINT destination_rooms_pkey PRIMARY KEY (destination, room_id);


--
-- Name: destinations destinations_pkey; Type: CONSTRAINT; Schema: public; Owner: synapse
--

ALTER TABLE ONLY public.destinations
    ADD CONSTRAINT destinations_pkey PRIMARY KEY (destination);


--
-- Name: device_lists_changes_converted_stream_position device_lists_changes_converted_stream_position_lock_key; Type: CONSTRAINT; Schema: public; Owner: synapse
--

ALTER TABLE ONLY public.device_lists_changes_converted_stream_position
    ADD CONSTRAINT device_lists_changes_converted_stream_position_lock_key UNIQUE (lock);


--
-- Name: device_lists_remote_pending device_lists_remote_pending_pkey; Type: CONSTRAINT; Schema: public; Owner: synapse
--

ALTER TABLE ONLY public.device_lists_remote_pending
    ADD CONSTRAINT device_lists_remote_pending_pkey PRIMARY KEY (stream_id);


--
-- Name: devices device_uniqueness; Type: CONSTRAINT; Schema: public; Owner: synapse
--

ALTER TABLE ONLY public.devices
    ADD CONSTRAINT device_uniqueness UNIQUE (user_id, device_id);


--
-- Name: e2e_device_keys_json e2e_device_keys_json_uniqueness; Type: CONSTRAINT; Schema: public; Owner: synapse
--

ALTER TABLE ONLY public.e2e_device_keys_json
    ADD CONSTRAINT e2e_device_keys_json_uniqueness UNIQUE (user_id, device_id);


--
-- Name: e2e_fallback_keys_json e2e_fallback_keys_json_uniqueness; Type: CONSTRAINT; Schema: public; Owner: synapse
--

ALTER TABLE ONLY public.e2e_fallback_keys_json
    ADD CONSTRAINT e2e_fallback_keys_json_uniqueness UNIQUE (user_id, device_id, algorithm);


--
-- Name: e2e_one_time_keys_json e2e_one_time_keys_json_uniqueness; Type: CONSTRAINT; Schema: public; Owner: synapse
--

ALTER TABLE ONLY public.e2e_one_time_keys_json
    ADD CONSTRAINT e2e_one_time_keys_json_uniqueness UNIQUE (user_id, device_id, algorithm, key_id);


--
-- Name: event_auth_chain_to_calculate event_auth_chain_to_calculate_pkey; Type: CONSTRAINT; Schema: public; Owner: synapse
--

ALTER TABLE ONLY public.event_auth_chain_to_calculate
    ADD CONSTRAINT event_auth_chain_to_calculate_pkey PRIMARY KEY (event_id);


--
-- Name: event_auth_chains event_auth_chains_pkey; Type: CONSTRAINT; Schema: public; Owner: synapse
--

ALTER TABLE ONLY public.event_auth_chains
    ADD CONSTRAINT event_auth_chains_pkey PRIMARY KEY (event_id);


--
-- Name: event_backward_extremities event_backward_extremities_event_id_room_id_key; Type: CONSTRAINT; Schema: public; Owner: synapse
--

ALTER TABLE ONLY public.event_backward_extremities
    ADD CONSTRAINT event_backward_extremities_event_id_room_id_key UNIQUE (event_id, room_id);


--
-- Name: event_expiry event_expiry_pkey; Type: CONSTRAINT; Schema: public; Owner: synapse
--

ALTER TABLE ONLY public.event_expiry
    ADD CONSTRAINT event_expiry_pkey PRIMARY KEY (event_id);


--
-- Name: event_failed_pull_attempts event_failed_pull_attempts_pkey; Type: CONSTRAINT; Schema: public; Owner: synapse
--

ALTER TABLE ONLY public.event_failed_pull_attempts
    ADD CONSTRAINT event_failed_pull_attempts_pkey PRIMARY KEY (room_id, event_id);


--
-- Name: event_forward_extremities event_forward_extremities_event_id_room_id_key; Type: CONSTRAINT; Schema: public; Owner: synapse
--

ALTER TABLE ONLY public.event_forward_extremities
    ADD CONSTRAINT event_forward_extremities_event_id_room_id_key UNIQUE (event_id, room_id);


--
-- Name: event_push_actions event_id_user_id_profile_tag_uniqueness; Type: CONSTRAINT; Schema: public; Owner: synapse
--

ALTER TABLE ONLY public.event_push_actions
    ADD CONSTRAINT event_id_user_id_profile_tag_uniqueness UNIQUE (room_id, event_id, user_id, profile_tag);


--
-- Name: event_json event_json_event_id_key; Type: CONSTRAINT; Schema: public; Owner: synapse
--

ALTER TABLE ONLY public.event_json
    ADD CONSTRAINT event_json_event_id_key UNIQUE (event_id);


--
-- Name: event_labels event_labels_pkey; Type: CONSTRAINT; Schema: public; Owner: synapse
--

ALTER TABLE ONLY public.event_labels
    ADD CONSTRAINT event_labels_pkey PRIMARY KEY (event_id, label);


--
-- Name: event_push_summary_last_receipt_stream_id event_push_summary_last_receipt_stream_id_lock_key; Type: CONSTRAINT; Schema: public; Owner: synapse
--

ALTER TABLE ONLY public.event_push_summary_last_receipt_stream_id
    ADD CONSTRAINT event_push_summary_last_receipt_stream_id_lock_key UNIQUE (lock);


--
-- Name: event_push_summary_stream_ordering event_push_summary_stream_ordering_lock_key; Type: CONSTRAINT; Schema: public; Owner: synapse
--

ALTER TABLE ONLY public.event_push_summary_stream_ordering
    ADD CONSTRAINT event_push_summary_stream_ordering_lock_key UNIQUE (lock);


--
-- Name: event_reports event_reports_pkey; Type: CONSTRAINT; Schema: public; Owner: synapse
--

ALTER TABLE ONLY public.event_reports
    ADD CONSTRAINT event_reports_pkey PRIMARY KEY (id);


--
-- Name: event_to_state_groups event_to_state_groups_event_id_key; Type: CONSTRAINT; Schema: public; Owner: synapse
--

ALTER TABLE ONLY public.event_to_state_groups
    ADD CONSTRAINT event_to_state_groups_event_id_key UNIQUE (event_id);


--
-- Name: events events_event_id_key; Type: CONSTRAINT; Schema: public; Owner: synapse
--

ALTER TABLE ONLY public.events
    ADD CONSTRAINT events_event_id_key UNIQUE (event_id);


--
-- Name: ex_outlier_stream ex_outlier_stream_pkey; Type: CONSTRAINT; Schema: public; Owner: synapse
--

ALTER TABLE ONLY public.ex_outlier_stream
    ADD CONSTRAINT ex_outlier_stream_pkey PRIMARY KEY (event_stream_ordering);


--
-- Name: instance_map instance_map_pkey; Type: CONSTRAINT; Schema: public; Owner: synapse
--

ALTER TABLE ONLY public.instance_map
    ADD CONSTRAINT instance_map_pkey PRIMARY KEY (instance_id);


--
-- Name: local_media_repository local_media_repository_media_id_key; Type: CONSTRAINT; Schema: public; Owner: synapse
--

ALTER TABLE ONLY public.local_media_repository
    ADD CONSTRAINT local_media_repository_media_id_key UNIQUE (media_id);


--
-- Name: login_tokens login_tokens_pkey; Type: CONSTRAINT; Schema: public; Owner: synapse
--

ALTER TABLE ONLY public.login_tokens
    ADD CONSTRAINT login_tokens_pkey PRIMARY KEY (token);


--
-- Name: user_threepids medium_address; Type: CONSTRAINT; Schema: public; Owner: synapse
--

ALTER TABLE ONLY public.user_threepids
    ADD CONSTRAINT medium_address UNIQUE (medium, address);


--
-- Name: open_id_tokens open_id_tokens_pkey; Type: CONSTRAINT; Schema: public; Owner: synapse
--

ALTER TABLE ONLY public.open_id_tokens
    ADD CONSTRAINT open_id_tokens_pkey PRIMARY KEY (token);


--
-- Name: partial_state_events partial_state_events_event_id_key; Type: CONSTRAINT; Schema: public; Owner: synapse
--

ALTER TABLE ONLY public.partial_state_events
    ADD CONSTRAINT partial_state_events_event_id_key UNIQUE (event_id);


--
-- Name: partial_state_rooms partial_state_rooms_pkey; Type: CONSTRAINT; Schema: public; Owner: synapse
--

ALTER TABLE ONLY public.partial_state_rooms
    ADD CONSTRAINT partial_state_rooms_pkey PRIMARY KEY (room_id);


--
-- Name: partial_state_rooms_servers partial_state_rooms_servers_room_id_server_name_key; Type: CONSTRAINT; Schema: public; Owner: synapse
--

ALTER TABLE ONLY public.partial_state_rooms_servers
    ADD CONSTRAINT partial_state_rooms_servers_room_id_server_name_key UNIQUE (room_id, server_name);


--
-- Name: profiles profiles_user_id_key; Type: CONSTRAINT; Schema: public; Owner: synapse
--

ALTER TABLE ONLY public.profiles
    ADD CONSTRAINT profiles_user_id_key UNIQUE (user_id);


--
-- Name: push_rules_enable push_rules_enable_pkey; Type: CONSTRAINT; Schema: public; Owner: synapse
--

ALTER TABLE ONLY public.push_rules_enable
    ADD CONSTRAINT push_rules_enable_pkey PRIMARY KEY (id);


--
-- Name: push_rules_enable push_rules_enable_user_name_rule_id_key; Type: CONSTRAINT; Schema: public; Owner: synapse
--

ALTER TABLE ONLY public.push_rules_enable
    ADD CONSTRAINT push_rules_enable_user_name_rule_id_key UNIQUE (user_name, rule_id);


--
-- Name: push_rules push_rules_pkey; Type: CONSTRAINT; Schema: public; Owner: synapse
--

ALTER TABLE ONLY public.push_rules
    ADD CONSTRAINT push_rules_pkey PRIMARY KEY (id);


--
-- Name: push_rules push_rules_user_name_rule_id_key; Type: CONSTRAINT; Schema: public; Owner: synapse
--

ALTER TABLE ONLY public.push_rules
    ADD CONSTRAINT push_rules_user_name_rule_id_key UNIQUE (user_name, rule_id);


--
-- Name: pusher_throttle pusher_throttle_pkey; Type: CONSTRAINT; Schema: public; Owner: synapse
--

ALTER TABLE ONLY public.pusher_throttle
    ADD CONSTRAINT pusher_throttle_pkey PRIMARY KEY (pusher, room_id);


--
-- Name: pushers pushers2_app_id_pushkey_user_name_key; Type: CONSTRAINT; Schema: public; Owner: synapse
--

ALTER TABLE ONLY public.pushers
    ADD CONSTRAINT pushers2_app_id_pushkey_user_name_key UNIQUE (app_id, pushkey, user_name);


--
-- Name: pushers pushers2_pkey; Type: CONSTRAINT; Schema: public; Owner: synapse
--

ALTER TABLE ONLY public.pushers
    ADD CONSTRAINT pushers2_pkey PRIMARY KEY (id);


--
-- Name: receipts_graph receipts_graph_uniqueness_thread; Type: CONSTRAINT; Schema: public; Owner: synapse
--

ALTER TABLE ONLY public.receipts_graph
    ADD CONSTRAINT receipts_graph_uniqueness_thread UNIQUE (room_id, receipt_type, user_id, thread_id);


--
-- Name: receipts_linearized receipts_linearized_uniqueness_thread; Type: CONSTRAINT; Schema: public; Owner: synapse
--

ALTER TABLE ONLY public.receipts_linearized
    ADD CONSTRAINT receipts_linearized_uniqueness_thread UNIQUE (room_id, receipt_type, user_id, thread_id);


--
-- Name: received_transactions received_transactions_transaction_id_origin_key; Type: CONSTRAINT; Schema: public; Owner: synapse
--

ALTER TABLE ONLY public.received_transactions
    ADD CONSTRAINT received_transactions_transaction_id_origin_key UNIQUE (transaction_id, origin);


--
-- Name: redactions redactions_event_id_key; Type: CONSTRAINT; Schema: public; Owner: synapse
--

ALTER TABLE ONLY public.redactions
    ADD CONSTRAINT redactions_event_id_key UNIQUE (event_id);


--
-- Name: refresh_tokens refresh_tokens_pkey; Type: CONSTRAINT; Schema: public; Owner: synapse
--

ALTER TABLE ONLY public.refresh_tokens
    ADD CONSTRAINT refresh_tokens_pkey PRIMARY KEY (id);


--
-- Name: refresh_tokens refresh_tokens_token_key; Type: CONSTRAINT; Schema: public; Owner: synapse
--

ALTER TABLE ONLY public.refresh_tokens
    ADD CONSTRAINT refresh_tokens_token_key UNIQUE (token);


--
-- Name: registration_tokens registration_tokens_token_key; Type: CONSTRAINT; Schema: public; Owner: synapse
--

ALTER TABLE ONLY public.registration_tokens
    ADD CONSTRAINT registration_tokens_token_key UNIQUE (token);


--
-- Name: rejections rejections_event_id_key; Type: CONSTRAINT; Schema: public; Owner: synapse
--

ALTER TABLE ONLY public.rejections
    ADD CONSTRAINT rejections_event_id_key UNIQUE (event_id);


--
-- Name: remote_media_cache remote_media_cache_media_origin_media_id_key; Type: CONSTRAINT; Schema: public; Owner: synapse
--

ALTER TABLE ONLY public.remote_media_cache
    ADD CONSTRAINT remote_media_cache_media_origin_media_id_key UNIQUE (media_origin, media_id);


--
-- Name: room_account_data room_account_data_uniqueness; Type: CONSTRAINT; Schema: public; Owner: synapse
--

ALTER TABLE ONLY public.room_account_data
    ADD CONSTRAINT room_account_data_uniqueness UNIQUE (user_id, room_id, account_data_type);


--
-- Name: room_aliases room_aliases_room_alias_key; Type: CONSTRAINT; Schema: public; Owner: synapse
--

ALTER TABLE ONLY public.room_aliases
    ADD CONSTRAINT room_aliases_room_alias_key UNIQUE (room_alias);


--
-- Name: room_depth room_depth_room_id_key; Type: CONSTRAINT; Schema: public; Owner: synapse
--

ALTER TABLE ONLY public.room_depth
    ADD CONSTRAINT room_depth_room_id_key UNIQUE (room_id);


--
-- Name: room_memberships room_memberships_event_id_key; Type: CONSTRAINT; Schema: public; Owner: synapse
--

ALTER TABLE ONLY public.room_memberships
    ADD CONSTRAINT room_memberships_event_id_key UNIQUE (event_id);


--
-- Name: room_retention room_retention_pkey; Type: CONSTRAINT; Schema: public; Owner: synapse
--

ALTER TABLE ONLY public.room_retention
    ADD CONSTRAINT room_retention_pkey PRIMARY KEY (room_id, event_id);


--
-- Name: room_stats_current room_stats_current_pkey; Type: CONSTRAINT; Schema: public; Owner: synapse
--

ALTER TABLE ONLY public.room_stats_current
    ADD CONSTRAINT room_stats_current_pkey PRIMARY KEY (room_id);


--
-- Name: room_tags_revisions room_tag_revisions_uniqueness; Type: CONSTRAINT; Schema: public; Owner: synapse
--

ALTER TABLE ONLY public.room_tags_revisions
    ADD CONSTRAINT room_tag_revisions_uniqueness UNIQUE (user_id, room_id);


--
-- Name: room_tags room_tag_uniqueness; Type: CONSTRAINT; Schema: public; Owner: synapse
--

ALTER TABLE ONLY public.room_tags
    ADD CONSTRAINT room_tag_uniqueness UNIQUE (user_id, room_id, tag);


--
-- Name: rooms rooms_pkey; Type: CONSTRAINT; Schema: public; Owner: synapse
--

ALTER TABLE ONLY public.rooms
    ADD CONSTRAINT rooms_pkey PRIMARY KEY (room_id);


--
-- Name: schema_compat_version schema_compat_version_lock_key; Type: CONSTRAINT; Schema: public; Owner: synapse
--

ALTER TABLE ONLY public.schema_compat_version
    ADD CONSTRAINT schema_compat_version_lock_key UNIQUE (lock);


--
-- Name: schema_version schema_version_lock_key; Type: CONSTRAINT; Schema: public; Owner: synapse
--

ALTER TABLE ONLY public.schema_version
    ADD CONSTRAINT schema_version_lock_key UNIQUE (lock);


--
-- Name: server_keys_json server_keys_json_uniqueness; Type: CONSTRAINT; Schema: public; Owner: synapse
--

ALTER TABLE ONLY public.server_keys_json
    ADD CONSTRAINT server_keys_json_uniqueness UNIQUE (server_name, key_id, from_server);


--
-- Name: server_signature_keys server_signature_keys_server_name_key_id_key; Type: CONSTRAINT; Schema: public; Owner: synapse
--

ALTER TABLE ONLY public.server_signature_keys
    ADD CONSTRAINT server_signature_keys_server_name_key_id_key UNIQUE (server_name, key_id);


--
-- Name: sessions sessions_session_type_session_id_key; Type: CONSTRAINT; Schema: public; Owner: synapse
--

ALTER TABLE ONLY public.sessions
    ADD CONSTRAINT sessions_session_type_session_id_key UNIQUE (session_type, session_id);


--
-- Name: state_events state_events_event_id_key; Type: CONSTRAINT; Schema: public; Owner: synapse
--

ALTER TABLE ONLY public.state_events
    ADD CONSTRAINT state_events_event_id_key UNIQUE (event_id);


--
-- Name: state_groups state_groups_pkey; Type: CONSTRAINT; Schema: public; Owner: synapse
--

ALTER TABLE ONLY public.state_groups
    ADD CONSTRAINT state_groups_pkey PRIMARY KEY (id);


--
-- Name: stats_incremental_position stats_incremental_position_lock_key; Type: CONSTRAINT; Schema: public; Owner: synapse
--

ALTER TABLE ONLY public.stats_incremental_position
    ADD CONSTRAINT stats_incremental_position_lock_key UNIQUE (lock);


--
-- Name: threads threads_uniqueness; Type: CONSTRAINT; Schema: public; Owner: synapse
--

ALTER TABLE ONLY public.threads
    ADD CONSTRAINT threads_uniqueness UNIQUE (room_id, thread_id);


--
-- Name: threepid_validation_session threepid_validation_session_pkey; Type: CONSTRAINT; Schema: public; Owner: synapse
--

ALTER TABLE ONLY public.threepid_validation_session
    ADD CONSTRAINT threepid_validation_session_pkey PRIMARY KEY (session_id);


--
-- Name: threepid_validation_token threepid_validation_token_pkey; Type: CONSTRAINT; Schema: public; Owner: synapse
--

ALTER TABLE ONLY public.threepid_validation_token
    ADD CONSTRAINT threepid_validation_token_pkey PRIMARY KEY (token);


--
-- Name: ui_auth_sessions_credentials ui_auth_sessions_credentials_session_id_stage_type_key; Type: CONSTRAINT; Schema: public; Owner: synapse
--

ALTER TABLE ONLY public.ui_auth_sessions_credentials
    ADD CONSTRAINT ui_auth_sessions_credentials_session_id_stage_type_key UNIQUE (session_id, stage_type);


--
-- Name: ui_auth_sessions_ips ui_auth_sessions_ips_session_id_ip_user_agent_key; Type: CONSTRAINT; Schema: public; Owner: synapse
--

ALTER TABLE ONLY public.ui_auth_sessions_ips
    ADD CONSTRAINT ui_auth_sessions_ips_session_id_ip_user_agent_key UNIQUE (session_id, ip, user_agent);


--
-- Name: ui_auth_sessions ui_auth_sessions_session_id_key; Type: CONSTRAINT; Schema: public; Owner: synapse
--

ALTER TABLE ONLY public.ui_auth_sessions
    ADD CONSTRAINT ui_auth_sessions_session_id_key UNIQUE (session_id);


--
-- Name: un_partial_stated_event_stream un_partial_stated_event_stream_pkey; Type: CONSTRAINT; Schema: public; Owner: synapse
--

ALTER TABLE ONLY public.un_partial_stated_event_stream
    ADD CONSTRAINT un_partial_stated_event_stream_pkey PRIMARY KEY (stream_id);


--
-- Name: un_partial_stated_room_stream un_partial_stated_room_stream_pkey; Type: CONSTRAINT; Schema: public; Owner: synapse
--

ALTER TABLE ONLY public.un_partial_stated_room_stream
    ADD CONSTRAINT un_partial_stated_room_stream_pkey PRIMARY KEY (stream_id);


--
-- Name: user_directory_stale_remote_users user_directory_stale_remote_users_pkey; Type: CONSTRAINT; Schema: public; Owner: synapse
--

ALTER TABLE ONLY public.user_directory_stale_remote_users
    ADD CONSTRAINT user_directory_stale_remote_users_pkey PRIMARY KEY (user_id);


--
-- Name: user_directory_stream_pos user_directory_stream_pos_lock_key; Type: CONSTRAINT; Schema: public; Owner: synapse
--

ALTER TABLE ONLY public.user_directory_stream_pos
    ADD CONSTRAINT user_directory_stream_pos_lock_key UNIQUE (lock);


--
-- Name: user_external_ids user_external_ids_auth_provider_external_id_key; Type: CONSTRAINT; Schema: public; Owner: synapse
--

ALTER TABLE ONLY public.user_external_ids
    ADD CONSTRAINT user_external_ids_auth_provider_external_id_key UNIQUE (auth_provider, external_id);


--
-- Name: user_stats_current user_stats_current_pkey; Type: CONSTRAINT; Schema: public; Owner: synapse
--

ALTER TABLE ONLY public.user_stats_current
    ADD CONSTRAINT user_stats_current_pkey PRIMARY KEY (user_id);


--
-- Name: users users_name_key; Type: CONSTRAINT; Schema: public; Owner: synapse
--

ALTER TABLE ONLY public.users
    ADD CONSTRAINT users_name_key UNIQUE (name);


--
-- Name: users_to_send_full_presence_to users_to_send_full_presence_to_pkey; Type: CONSTRAINT; Schema: public; Owner: synapse
--

ALTER TABLE ONLY public.users_to_send_full_presence_to
    ADD CONSTRAINT users_to_send_full_presence_to_pkey PRIMARY KEY (user_id);


--
-- Name: access_tokens_device_id; Type: INDEX; Schema: public; Owner: synapse
--

CREATE INDEX access_tokens_device_id ON public.access_tokens USING btree (user_id, device_id);


--
-- Name: account_data_stream_id; Type: INDEX; Schema: public; Owner: synapse
--

CREATE INDEX account_data_stream_id ON public.account_data USING btree (user_id, stream_id);


--
-- Name: application_services_txns_id; Type: INDEX; Schema: public; Owner: synapse
--

CREATE INDEX application_services_txns_id ON public.application_services_txns USING btree (as_id);


--
-- Name: appservice_room_list_idx; Type: INDEX; Schema: public; Owner: synapse
--

CREATE UNIQUE INDEX appservice_room_list_idx ON public.appservice_room_list USING btree (appservice_id, network_id, room_id);


--
-- Name: batch_events_batch_id; Type: INDEX; Schema: public; Owner: synapse
--

CREATE INDEX batch_events_batch_id ON public.batch_events USING btree (batch_id);


--
-- Name: batch_events_room_id; Type: INDEX; Schema: public; Owner: synapse
--

CREATE INDEX batch_events_room_id ON public.batch_events USING btree (room_id);


--
-- Name: blocked_rooms_idx; Type: INDEX; Schema: public; Owner: synapse
--

CREATE UNIQUE INDEX blocked_rooms_idx ON public.blocked_rooms USING btree (room_id);


--
-- Name: cache_invalidation_stream_by_instance_id; Type: INDEX; Schema: public; Owner: synapse
--

CREATE UNIQUE INDEX cache_invalidation_stream_by_instance_id ON public.cache_invalidation_stream_by_instance USING btree (stream_id);


--
-- Name: cache_invalidation_stream_by_instance_instance_index; Type: INDEX; Schema: public; Owner: synapse
--

CREATE INDEX cache_invalidation_stream_by_instance_instance_index ON public.cache_invalidation_stream_by_instance USING btree (instance_name, stream_id);


--
-- Name: chunk_events_event_id; Type: INDEX; Schema: public; Owner: synapse
--

CREATE UNIQUE INDEX chunk_events_event_id ON public.batch_events USING btree (event_id);


--
-- Name: current_state_delta_stream_idx; Type: INDEX; Schema: public; Owner: synapse
--

CREATE INDEX current_state_delta_stream_idx ON public.current_state_delta_stream USING btree (stream_id);


--
-- Name: current_state_events_member_index; Type: INDEX; Schema: public; Owner: synapse
--

CREATE INDEX current_state_events_member_index ON public.current_state_events USING btree (state_key) WHERE (type = 'm.room.member'::text);


--
-- Name: deleted_pushers_stream_id; Type: INDEX; Schema: public; Owner: synapse
--

CREATE INDEX deleted_pushers_stream_id ON public.deleted_pushers USING btree (stream_id);


--
-- Name: destination_rooms_room_id; Type: INDEX; Schema: public; Owner: synapse
--

CREATE INDEX destination_rooms_room_id ON public.destination_rooms USING btree (room_id);


--
-- Name: device_auth_providers_devices; Type: INDEX; Schema: public; Owner: synapse
--

CREATE INDEX device_auth_providers_devices ON public.device_auth_providers USING btree (user_id, device_id);


--
-- Name: device_auth_providers_sessions; Type: INDEX; Schema: public; Owner: synapse
--

CREATE INDEX device_auth_providers_sessions ON public.device_auth_providers USING btree (auth_provider_id, auth_provider_session_id);


--
-- Name: device_federation_inbox_sender_id; Type: INDEX; Schema: public; Owner: synapse
--

CREATE INDEX device_federation_inbox_sender_id ON public.device_federation_inbox USING btree (origin, message_id);


--
-- Name: device_federation_outbox_destination_id; Type: INDEX; Schema: public; Owner: synapse
--

CREATE INDEX device_federation_outbox_destination_id ON public.device_federation_outbox USING btree (destination, stream_id);


--
-- Name: device_federation_outbox_id; Type: INDEX; Schema: public; Owner: synapse
--

CREATE INDEX device_federation_outbox_id ON public.device_federation_outbox USING btree (stream_id);


--
-- Name: device_inbox_stream_id_user_id; Type: INDEX; Schema: public; Owner: synapse
--

CREATE INDEX device_inbox_stream_id_user_id ON public.device_inbox USING btree (stream_id, user_id);


--
-- Name: device_inbox_user_stream_id; Type: INDEX; Schema: public; Owner: synapse
--

CREATE INDEX device_inbox_user_stream_id ON public.device_inbox USING btree (user_id, device_id, stream_id);


--
-- Name: device_lists_changes_in_room_by_room_idx; Type: INDEX; Schema: public; Owner: synapse
--

CREATE INDEX device_lists_changes_in_room_by_room_idx ON public.device_lists_changes_in_room USING btree (room_id, stream_id);


--
-- Name: device_lists_changes_in_stream_id; Type: INDEX; Schema: public; Owner: synapse
--

CREATE UNIQUE INDEX device_lists_changes_in_stream_id ON public.device_lists_changes_in_room USING btree (stream_id, room_id);


--
-- Name: device_lists_changes_in_stream_id_unconverted; Type: INDEX; Schema: public; Owner: synapse
--

CREATE INDEX device_lists_changes_in_stream_id_unconverted ON public.device_lists_changes_in_room USING btree (stream_id) WHERE (NOT converted_to_destinations);


--
-- Name: device_lists_outbound_last_success_unique_idx; Type: INDEX; Schema: public; Owner: synapse
--

CREATE UNIQUE INDEX device_lists_outbound_last_success_unique_idx ON public.device_lists_outbound_last_success USING btree (destination, user_id);


--
-- Name: device_lists_outbound_pokes_id; Type: INDEX; Schema: public; Owner: synapse
--

CREATE INDEX device_lists_outbound_pokes_id ON public.device_lists_outbound_pokes USING btree (destination, stream_id);


--
-- Name: device_lists_outbound_pokes_stream; Type: INDEX; Schema: public; Owner: synapse
--

CREATE INDEX device_lists_outbound_pokes_stream ON public.device_lists_outbound_pokes USING btree (stream_id);


--
-- Name: device_lists_outbound_pokes_user; Type: INDEX; Schema: public; Owner: synapse
--

CREATE INDEX device_lists_outbound_pokes_user ON public.device_lists_outbound_pokes USING btree (destination, user_id);


--
-- Name: device_lists_remote_cache_unique_id; Type: INDEX; Schema: public; Owner: synapse
--

CREATE UNIQUE INDEX device_lists_remote_cache_unique_id ON public.device_lists_remote_cache USING btree (user_id, device_id);


--
-- Name: device_lists_remote_extremeties_unique_idx; Type: INDEX; Schema: public; Owner: synapse
--

CREATE UNIQUE INDEX device_lists_remote_extremeties_unique_idx ON public.device_lists_remote_extremeties USING btree (user_id);


--
-- Name: device_lists_remote_pending_user_device_id; Type: INDEX; Schema: public; Owner: synapse
--

CREATE UNIQUE INDEX device_lists_remote_pending_user_device_id ON public.device_lists_remote_pending USING btree (user_id, device_id);


--
-- Name: device_lists_remote_resync_idx; Type: INDEX; Schema: public; Owner: synapse
--

CREATE UNIQUE INDEX device_lists_remote_resync_idx ON public.device_lists_remote_resync USING btree (user_id);


--
-- Name: device_lists_remote_resync_ts_idx; Type: INDEX; Schema: public; Owner: synapse
--

CREATE INDEX device_lists_remote_resync_ts_idx ON public.device_lists_remote_resync USING btree (added_ts);


--
-- Name: device_lists_stream_id; Type: INDEX; Schema: public; Owner: synapse
--

CREATE INDEX device_lists_stream_id ON public.device_lists_stream USING btree (stream_id, user_id);


--
-- Name: device_lists_stream_user_id; Type: INDEX; Schema: public; Owner: synapse
--

CREATE INDEX device_lists_stream_user_id ON public.device_lists_stream USING btree (user_id, device_id);


--
-- Name: e2e_cross_signing_keys_idx; Type: INDEX; Schema: public; Owner: synapse
--

CREATE UNIQUE INDEX e2e_cross_signing_keys_idx ON public.e2e_cross_signing_keys USING btree (user_id, keytype, stream_id);


--
-- Name: e2e_cross_signing_keys_stream_idx; Type: INDEX; Schema: public; Owner: synapse
--

CREATE UNIQUE INDEX e2e_cross_signing_keys_stream_idx ON public.e2e_cross_signing_keys USING btree (stream_id);


--
-- Name: e2e_cross_signing_signatures2_idx; Type: INDEX; Schema: public; Owner: synapse
--

CREATE INDEX e2e_cross_signing_signatures2_idx ON public.e2e_cross_signing_signatures USING btree (user_id, target_user_id, target_device_id);


--
-- Name: e2e_room_keys_versions_idx; Type: INDEX; Schema: public; Owner: synapse
--

CREATE UNIQUE INDEX e2e_room_keys_versions_idx ON public.e2e_room_keys_versions USING btree (user_id, version);


--
-- Name: e2e_room_keys_with_version_idx; Type: INDEX; Schema: public; Owner: synapse
--

CREATE UNIQUE INDEX e2e_room_keys_with_version_idx ON public.e2e_room_keys USING btree (user_id, version, room_id, session_id);


--
-- Name: erased_users_user; Type: INDEX; Schema: public; Owner: synapse
--

CREATE UNIQUE INDEX erased_users_user ON public.erased_users USING btree (user_id);


--
-- Name: ev_b_extrem_id; Type: INDEX; Schema: public; Owner: synapse
--

CREATE INDEX ev_b_extrem_id ON public.event_backward_extremities USING btree (event_id);


--
-- Name: ev_b_extrem_room; Type: INDEX; Schema: public; Owner: synapse
--

CREATE INDEX ev_b_extrem_room ON public.event_backward_extremities USING btree (room_id);


--
-- Name: ev_edges_prev_id; Type: INDEX; Schema: public; Owner: synapse
--

CREATE INDEX ev_edges_prev_id ON public.event_edges USING btree (prev_event_id);


--
-- Name: ev_extrem_id; Type: INDEX; Schema: public; Owner: synapse
--

CREATE INDEX ev_extrem_id ON public.event_forward_extremities USING btree (event_id);


--
-- Name: ev_extrem_room; Type: INDEX; Schema: public; Owner: synapse
--

CREATE INDEX ev_extrem_room ON public.event_forward_extremities USING btree (room_id);


--
-- Name: evauth_edges_id; Type: INDEX; Schema: public; Owner: synapse
--

CREATE INDEX evauth_edges_id ON public.event_auth USING btree (event_id);


--
-- Name: event_auth_chain_links_idx; Type: INDEX; Schema: public; Owner: synapse
--

CREATE INDEX event_auth_chain_links_idx ON public.event_auth_chain_links USING btree (origin_chain_id, target_chain_id);


--
-- Name: event_auth_chain_to_calculate_rm_id; Type: INDEX; Schema: public; Owner: synapse
--

CREATE INDEX event_auth_chain_to_calculate_rm_id ON public.event_auth_chain_to_calculate USING btree (room_id);


--
-- Name: event_auth_chains_c_seq_index; Type: INDEX; Schema: public; Owner: synapse
--

CREATE UNIQUE INDEX event_auth_chains_c_seq_index ON public.event_auth_chains USING btree (chain_id, sequence_number);


--
-- Name: event_contains_url_index; Type: INDEX; Schema: public; Owner: synapse
--

CREATE INDEX event_contains_url_index ON public.events USING btree (room_id, topological_ordering, stream_ordering) WHERE ((contains_url = true) AND (outlier = false));


--
-- Name: event_edges_event_id_prev_event_id_idx; Type: INDEX; Schema: public; Owner: synapse
--

CREATE UNIQUE INDEX event_edges_event_id_prev_event_id_idx ON public.event_edges USING btree (event_id, prev_event_id);


--
-- Name: event_expiry_expiry_ts_idx; Type: INDEX; Schema: public; Owner: synapse
--

CREATE INDEX event_expiry_expiry_ts_idx ON public.event_expiry USING btree (expiry_ts);


--
-- Name: event_failed_pull_attempts_room_id; Type: INDEX; Schema: public; Owner: synapse
--

CREATE INDEX event_failed_pull_attempts_room_id ON public.event_failed_pull_attempts USING btree (room_id);


--
-- Name: event_labels_room_id_label_idx; Type: INDEX; Schema: public; Owner: synapse
--

CREATE INDEX event_labels_room_id_label_idx ON public.event_labels USING btree (room_id, label, topological_ordering);


--
-- Name: event_push_actions_highlights_index; Type: INDEX; Schema: public; Owner: synapse
--

CREATE INDEX event_push_actions_highlights_index ON public.event_push_actions USING btree (user_id, room_id, topological_ordering, stream_ordering) WHERE (highlight = 1);


--
-- Name: event_push_actions_rm_tokens; Type: INDEX; Schema: public; Owner: synapse
--

CREATE INDEX event_push_actions_rm_tokens ON public.event_push_actions USING btree (user_id, room_id, topological_ordering, stream_ordering);


--
-- Name: event_push_actions_room_id_user_id; Type: INDEX; Schema: public; Owner: synapse
--

CREATE INDEX event_push_actions_room_id_user_id ON public.event_push_actions USING btree (room_id, user_id);


--
-- Name: event_push_actions_staging_id; Type: INDEX; Schema: public; Owner: synapse
--

CREATE INDEX event_push_actions_staging_id ON public.event_push_actions_staging USING btree (event_id);


--
-- Name: event_push_actions_stream_highlight_index; Type: INDEX; Schema: public; Owner: synapse
--

CREATE INDEX event_push_actions_stream_highlight_index ON public.event_push_actions USING btree (highlight, stream_ordering) WHERE (highlight = 0);


--
-- Name: event_push_actions_stream_ordering; Type: INDEX; Schema: public; Owner: synapse
--

CREATE INDEX event_push_actions_stream_ordering ON public.event_push_actions USING btree (stream_ordering, user_id);


--
-- Name: event_push_actions_thread_id_null; Type: INDEX; Schema: public; Owner: synapse
--

CREATE INDEX event_push_actions_thread_id_null ON public.event_push_actions USING btree (thread_id) WHERE (thread_id IS NULL);


--
-- Name: event_push_actions_u_highlight; Type: INDEX; Schema: public; Owner: synapse
--

CREATE INDEX event_push_actions_u_highlight ON public.event_push_actions USING btree (user_id, stream_ordering);


--
-- Name: event_push_summary_thread_id_null; Type: INDEX; Schema: public; Owner: synapse
--

CREATE INDEX event_push_summary_thread_id_null ON public.event_push_summary USING btree (thread_id) WHERE (thread_id IS NULL);


--
-- Name: event_push_summary_unique_index2; Type: INDEX; Schema: public; Owner: synapse
--

CREATE UNIQUE INDEX event_push_summary_unique_index2 ON public.event_push_summary USING btree (user_id, room_id, thread_id);


--
-- Name: event_relations_id; Type: INDEX; Schema: public; Owner: synapse
--

CREATE UNIQUE INDEX event_relations_id ON public.event_relations USING btree (event_id);


--
-- Name: event_relations_relates; Type: INDEX; Schema: public; Owner: synapse
--

CREATE INDEX event_relations_relates ON public.event_relations USING btree (relates_to_id, relation_type, aggregation_key);


--
-- Name: event_search_ev_ridx; Type: INDEX; Schema: public; Owner: synapse
--

CREATE INDEX event_search_ev_ridx ON public.event_search USING btree (room_id);


--
-- Name: event_search_event_id_idx; Type: INDEX; Schema: public; Owner: synapse
--

CREATE UNIQUE INDEX event_search_event_id_idx ON public.event_search USING btree (event_id);


--
-- Name: event_search_fts_idx; Type: INDEX; Schema: public; Owner: synapse
--

CREATE INDEX event_search_fts_idx ON public.event_search USING gin (vector);


--
-- Name: event_to_state_groups_sg_index; Type: INDEX; Schema: public; Owner: synapse
--

CREATE INDEX event_to_state_groups_sg_index ON public.event_to_state_groups USING btree (state_group);


--
-- Name: event_txn_id_event_id; Type: INDEX; Schema: public; Owner: synapse
--

CREATE UNIQUE INDEX event_txn_id_event_id ON public.event_txn_id USING btree (event_id);


--
-- Name: event_txn_id_ts; Type: INDEX; Schema: public; Owner: synapse
--

CREATE INDEX event_txn_id_ts ON public.event_txn_id USING btree (inserted_ts);


--
-- Name: event_txn_id_txn_id; Type: INDEX; Schema: public; Owner: synapse
--

CREATE UNIQUE INDEX event_txn_id_txn_id ON public.event_txn_id USING btree (room_id, user_id, token_id, txn_id);


--
-- Name: events_jump_to_date_idx; Type: INDEX; Schema: public; Owner: synapse
--

CREATE INDEX events_jump_to_date_idx ON public.events USING btree (room_id, origin_server_ts) WHERE (NOT outlier);


--
-- Name: events_order_room; Type: INDEX; Schema: public; Owner: synapse
--

CREATE INDEX events_order_room ON public.events USING btree (room_id, topological_ordering, stream_ordering);


--
-- Name: events_room_stream; Type: INDEX; Schema: public; Owner: synapse
--

CREATE INDEX events_room_stream ON public.events USING btree (room_id, stream_ordering);


--
-- Name: events_stream_ordering; Type: INDEX; Schema: public; Owner: synapse
--

CREATE UNIQUE INDEX events_stream_ordering ON public.events USING btree (stream_ordering);


--
-- Name: events_ts; Type: INDEX; Schema: public; Owner: synapse
--

CREATE INDEX events_ts ON public.events USING btree (origin_server_ts, stream_ordering);


--
-- Name: federation_inbound_events_staging_instance_event; Type: INDEX; Schema: public; Owner: synapse
--

CREATE UNIQUE INDEX federation_inbound_events_staging_instance_event ON public.federation_inbound_events_staging USING btree (origin, event_id);


--
-- Name: federation_inbound_events_staging_room; Type: INDEX; Schema: public; Owner: synapse
--

CREATE INDEX federation_inbound_events_staging_room ON public.federation_inbound_events_staging USING btree (room_id, received_ts);


--
-- Name: federation_stream_position_instance; Type: INDEX; Schema: public; Owner: synapse
--

CREATE UNIQUE INDEX federation_stream_position_instance ON public.federation_stream_position USING btree (type, instance_name);


--
-- Name: ignored_users_ignored_user_id; Type: INDEX; Schema: public; Owner: synapse
--

CREATE INDEX ignored_users_ignored_user_id ON public.ignored_users USING btree (ignored_user_id);


--
-- Name: ignored_users_uniqueness; Type: INDEX; Schema: public; Owner: synapse
--

CREATE UNIQUE INDEX ignored_users_uniqueness ON public.ignored_users USING btree (ignorer_user_id, ignored_user_id);


--
-- Name: insertion_event_edges_event_id; Type: INDEX; Schema: public; Owner: synapse
--

CREATE INDEX insertion_event_edges_event_id ON public.insertion_event_edges USING btree (event_id);


--
-- Name: insertion_event_edges_insertion_prev_event_id; Type: INDEX; Schema: public; Owner: synapse
--

CREATE INDEX insertion_event_edges_insertion_prev_event_id ON public.insertion_event_edges USING btree (insertion_prev_event_id);


--
-- Name: insertion_event_edges_insertion_room_id; Type: INDEX; Schema: public; Owner: synapse
--

CREATE INDEX insertion_event_edges_insertion_room_id ON public.insertion_event_edges USING btree (room_id);


--
-- Name: insertion_event_extremities_event_id; Type: INDEX; Schema: public; Owner: synapse
--

CREATE UNIQUE INDEX insertion_event_extremities_event_id ON public.insertion_event_extremities USING btree (event_id);


--
-- Name: insertion_event_extremities_room_id; Type: INDEX; Schema: public; Owner: synapse
--

CREATE INDEX insertion_event_extremities_room_id ON public.insertion_event_extremities USING btree (room_id);


--
-- Name: insertion_events_event_id; Type: INDEX; Schema: public; Owner: synapse
--

CREATE UNIQUE INDEX insertion_events_event_id ON public.insertion_events USING btree (event_id);


--
-- Name: insertion_events_next_batch_id; Type: INDEX; Schema: public; Owner: synapse
--

CREATE INDEX insertion_events_next_batch_id ON public.insertion_events USING btree (next_batch_id);


--
-- Name: insertion_events_room_id; Type: INDEX; Schema: public; Owner: synapse
--

CREATE INDEX insertion_events_room_id ON public.insertion_events USING btree (room_id);


--
-- Name: instance_map_idx; Type: INDEX; Schema: public; Owner: synapse
--

CREATE UNIQUE INDEX instance_map_idx ON public.instance_map USING btree (instance_name);


--
-- Name: local_current_membership_idx; Type: INDEX; Schema: public; Owner: synapse
--

CREATE UNIQUE INDEX local_current_membership_idx ON public.local_current_membership USING btree (user_id, room_id);


--
-- Name: local_current_membership_room_idx; Type: INDEX; Schema: public; Owner: synapse
--

CREATE INDEX local_current_membership_room_idx ON public.local_current_membership USING btree (room_id);


--
-- Name: local_media_repository_thumbn_media_id_width_height_method_key; Type: INDEX; Schema: public; Owner: synapse
--

CREATE UNIQUE INDEX local_media_repository_thumbn_media_id_width_height_method_key ON public.local_media_repository_thumbnails USING btree (media_id, thumbnail_width, thumbnail_height, thumbnail_type, thumbnail_method);


--
-- Name: local_media_repository_thumbnails_media_id; Type: INDEX; Schema: public; Owner: synapse
--

CREATE INDEX local_media_repository_thumbnails_media_id ON public.local_media_repository_thumbnails USING btree (media_id);


--
-- Name: local_media_repository_url_cache_by_url_download_ts; Type: INDEX; Schema: public; Owner: synapse
--

CREATE INDEX local_media_repository_url_cache_by_url_download_ts ON public.local_media_repository_url_cache USING btree (url, download_ts);


--
-- Name: local_media_repository_url_cache_expires_idx; Type: INDEX; Schema: public; Owner: synapse
--

CREATE INDEX local_media_repository_url_cache_expires_idx ON public.local_media_repository_url_cache USING btree (expires_ts);


--
-- Name: local_media_repository_url_cache_media_idx; Type: INDEX; Schema: public; Owner: synapse
--

CREATE INDEX local_media_repository_url_cache_media_idx ON public.local_media_repository_url_cache USING btree (media_id);


--
-- Name: local_media_repository_url_idx; Type: INDEX; Schema: public; Owner: synapse
--

CREATE INDEX local_media_repository_url_idx ON public.local_media_repository USING btree (created_ts) WHERE (url_cache IS NOT NULL);


--
-- Name: login_tokens_auth_provider_idx; Type: INDEX; Schema: public; Owner: synapse
--

CREATE INDEX login_tokens_auth_provider_idx ON public.login_tokens USING btree (auth_provider_id, auth_provider_session_id);


--
-- Name: login_tokens_expiry_time_idx; Type: INDEX; Schema: public; Owner: synapse
--

CREATE INDEX login_tokens_expiry_time_idx ON public.login_tokens USING btree (expiry_ts);


--
-- Name: monthly_active_users_time_stamp; Type: INDEX; Schema: public; Owner: synapse
--

CREATE INDEX monthly_active_users_time_stamp ON public.monthly_active_users USING btree ("timestamp");


--
-- Name: monthly_active_users_users; Type: INDEX; Schema: public; Owner: synapse
--

CREATE UNIQUE INDEX monthly_active_users_users ON public.monthly_active_users USING btree (user_id);


--
-- Name: open_id_tokens_ts_valid_until_ms; Type: INDEX; Schema: public; Owner: synapse
--

CREATE INDEX open_id_tokens_ts_valid_until_ms ON public.open_id_tokens USING btree (ts_valid_until_ms);


--
-- Name: partial_state_events_room_id_idx; Type: INDEX; Schema: public; Owner: synapse
--

CREATE INDEX partial_state_events_room_id_idx ON public.partial_state_events USING btree (room_id);


--
-- Name: presence_stream_id; Type: INDEX; Schema: public; Owner: synapse
--

CREATE INDEX presence_stream_id ON public.presence_stream USING btree (stream_id, user_id);


--
-- Name: presence_stream_state_not_offline_idx; Type: INDEX; Schema: public; Owner: synapse
--

CREATE INDEX presence_stream_state_not_offline_idx ON public.presence_stream USING btree (state) WHERE (state <> 'offline'::text);


--
-- Name: presence_stream_user_id; Type: INDEX; Schema: public; Owner: synapse
--

CREATE INDEX presence_stream_user_id ON public.presence_stream USING btree (user_id);


--
-- Name: public_room_index; Type: INDEX; Schema: public; Owner: synapse
--

CREATE INDEX public_room_index ON public.rooms USING btree (is_public);


--
-- Name: push_rules_enable_user_name; Type: INDEX; Schema: public; Owner: synapse
--

CREATE INDEX push_rules_enable_user_name ON public.push_rules_enable USING btree (user_name);


--
-- Name: push_rules_stream_id; Type: INDEX; Schema: public; Owner: synapse
--

CREATE INDEX push_rules_stream_id ON public.push_rules_stream USING btree (stream_id);


--
-- Name: push_rules_stream_user_stream_id; Type: INDEX; Schema: public; Owner: synapse
--

CREATE INDEX push_rules_stream_user_stream_id ON public.push_rules_stream USING btree (user_id, stream_id);


--
-- Name: push_rules_user_name; Type: INDEX; Schema: public; Owner: synapse
--

CREATE INDEX push_rules_user_name ON public.push_rules USING btree (user_name);


--
-- Name: ratelimit_override_idx; Type: INDEX; Schema: public; Owner: synapse
--

CREATE UNIQUE INDEX ratelimit_override_idx ON public.ratelimit_override USING btree (user_id);


--
-- Name: receipts_graph_unique_index; Type: INDEX; Schema: public; Owner: synapse
--

CREATE UNIQUE INDEX receipts_graph_unique_index ON public.receipts_graph USING btree (room_id, receipt_type, user_id) WHERE (thread_id IS NULL);


--
-- Name: receipts_linearized_id; Type: INDEX; Schema: public; Owner: synapse
--

CREATE INDEX receipts_linearized_id ON public.receipts_linearized USING btree (stream_id);


--
-- Name: receipts_linearized_room_stream; Type: INDEX; Schema: public; Owner: synapse
--

CREATE INDEX receipts_linearized_room_stream ON public.receipts_linearized USING btree (room_id, stream_id);


--
-- Name: receipts_linearized_unique_index; Type: INDEX; Schema: public; Owner: synapse
--

CREATE UNIQUE INDEX receipts_linearized_unique_index ON public.receipts_linearized USING btree (room_id, receipt_type, user_id) WHERE (thread_id IS NULL);


--
-- Name: receipts_linearized_user; Type: INDEX; Schema: public; Owner: synapse
--

CREATE INDEX receipts_linearized_user ON public.receipts_linearized USING btree (user_id);


--
-- Name: received_transactions_ts; Type: INDEX; Schema: public; Owner: synapse
--

CREATE INDEX received_transactions_ts ON public.received_transactions USING btree (ts);


--
-- Name: redactions_have_censored_ts; Type: INDEX; Schema: public; Owner: synapse
--

CREATE INDEX redactions_have_censored_ts ON public.redactions USING btree (received_ts) WHERE (NOT have_censored);


--
-- Name: redactions_redacts; Type: INDEX; Schema: public; Owner: synapse
--

CREATE INDEX redactions_redacts ON public.redactions USING btree (redacts);


--
-- Name: refresh_tokens_next_token_id; Type: INDEX; Schema: public; Owner: synapse
--

CREATE INDEX refresh_tokens_next_token_id ON public.refresh_tokens USING btree (next_token_id) WHERE (next_token_id IS NOT NULL);


--
-- Name: remote_media_repository_thumbn_media_origin_id_width_height_met; Type: INDEX; Schema: public; Owner: synapse
--

CREATE UNIQUE INDEX remote_media_repository_thumbn_media_origin_id_width_height_met ON public.remote_media_cache_thumbnails USING btree (media_origin, media_id, thumbnail_width, thumbnail_height, thumbnail_type, thumbnail_method);


--
-- Name: room_account_data_stream_id; Type: INDEX; Schema: public; Owner: synapse
--

CREATE INDEX room_account_data_stream_id ON public.room_account_data USING btree (user_id, stream_id);


--
-- Name: room_alias_servers_alias; Type: INDEX; Schema: public; Owner: synapse
--

CREATE INDEX room_alias_servers_alias ON public.room_alias_servers USING btree (room_alias);


--
-- Name: room_aliases_id; Type: INDEX; Schema: public; Owner: synapse
--

CREATE INDEX room_aliases_id ON public.room_aliases USING btree (room_id);


--
-- Name: room_memberships_room_id; Type: INDEX; Schema: public; Owner: synapse
--

CREATE INDEX room_memberships_room_id ON public.room_memberships USING btree (room_id);


--
-- Name: room_memberships_user_id; Type: INDEX; Schema: public; Owner: synapse
--

CREATE INDEX room_memberships_user_id ON public.room_memberships USING btree (user_id);


--
-- Name: room_memberships_user_room_forgotten; Type: INDEX; Schema: public; Owner: synapse
--

CREATE INDEX room_memberships_user_room_forgotten ON public.room_memberships USING btree (user_id, room_id) WHERE (forgotten = 1);


--
-- Name: room_retention_max_lifetime_idx; Type: INDEX; Schema: public; Owner: synapse
--

CREATE INDEX room_retention_max_lifetime_idx ON public.room_retention USING btree (max_lifetime);


--
-- Name: room_stats_earliest_token_idx; Type: INDEX; Schema: public; Owner: synapse
--

CREATE UNIQUE INDEX room_stats_earliest_token_idx ON public.room_stats_earliest_token USING btree (room_id);


--
-- Name: room_stats_state_room; Type: INDEX; Schema: public; Owner: synapse
--

CREATE UNIQUE INDEX room_stats_state_room ON public.room_stats_state USING btree (room_id);


--
-- Name: state_group_edges_prev_idx; Type: INDEX; Schema: public; Owner: synapse
--

CREATE INDEX state_group_edges_prev_idx ON public.state_group_edges USING btree (prev_state_group);


--
-- Name: state_group_edges_unique_idx; Type: INDEX; Schema: public; Owner: synapse
--

CREATE UNIQUE INDEX state_group_edges_unique_idx ON public.state_group_edges USING btree (state_group, prev_state_group);


--
-- Name: state_groups_room_id_idx; Type: INDEX; Schema: public; Owner: synapse
--

CREATE INDEX state_groups_room_id_idx ON public.state_groups USING btree (room_id);


--
-- Name: state_groups_state_type_idx; Type: INDEX; Schema: public; Owner: synapse
--

CREATE INDEX state_groups_state_type_idx ON public.state_groups_state USING btree (state_group, type, state_key);


--
-- Name: stream_ordering_to_exterm_idx; Type: INDEX; Schema: public; Owner: synapse
--

CREATE INDEX stream_ordering_to_exterm_idx ON public.stream_ordering_to_exterm USING btree (stream_ordering);


--
-- Name: stream_ordering_to_exterm_rm_idx; Type: INDEX; Schema: public; Owner: synapse
--

CREATE INDEX stream_ordering_to_exterm_rm_idx ON public.stream_ordering_to_exterm USING btree (room_id, stream_ordering);


--
-- Name: stream_positions_idx; Type: INDEX; Schema: public; Owner: synapse
--

CREATE UNIQUE INDEX stream_positions_idx ON public.stream_positions USING btree (stream_name, instance_name);


--
-- Name: threads_ordering_idx; Type: INDEX; Schema: public; Owner: synapse
--

CREATE INDEX threads_ordering_idx ON public.threads USING btree (room_id, topological_ordering, stream_ordering);


--
-- Name: threepid_guest_access_tokens_index; Type: INDEX; Schema: public; Owner: synapse
--

CREATE UNIQUE INDEX threepid_guest_access_tokens_index ON public.threepid_guest_access_tokens USING btree (medium, address);


--
-- Name: threepid_validation_token_session_id; Type: INDEX; Schema: public; Owner: synapse
--

CREATE INDEX threepid_validation_token_session_id ON public.threepid_validation_token USING btree (session_id);


--
-- Name: un_partial_stated_event_stream_room_id; Type: INDEX; Schema: public; Owner: synapse
--

CREATE UNIQUE INDEX un_partial_stated_event_stream_room_id ON public.un_partial_stated_event_stream USING btree (event_id);


--
-- Name: un_partial_stated_room_stream_room_id; Type: INDEX; Schema: public; Owner: synapse
--

CREATE INDEX un_partial_stated_room_stream_room_id ON public.un_partial_stated_room_stream USING btree (room_id);


--
-- Name: user_daily_visits_ts_idx; Type: INDEX; Schema: public; Owner: synapse
--

CREATE INDEX user_daily_visits_ts_idx ON public.user_daily_visits USING btree ("timestamp");


--
-- Name: user_daily_visits_uts_idx; Type: INDEX; Schema: public; Owner: synapse
--

CREATE INDEX user_daily_visits_uts_idx ON public.user_daily_visits USING btree (user_id, "timestamp");


--
-- Name: user_directory_room_idx; Type: INDEX; Schema: public; Owner: synapse
--

CREATE INDEX user_directory_room_idx ON public.user_directory USING btree (room_id);


--
-- Name: user_directory_search_fts_idx; Type: INDEX; Schema: public; Owner: synapse
--

CREATE INDEX user_directory_search_fts_idx ON public.user_directory_search USING gin (vector);


--
-- Name: user_directory_search_user_idx; Type: INDEX; Schema: public; Owner: synapse
--

CREATE UNIQUE INDEX user_directory_search_user_idx ON public.user_directory_search USING btree (user_id);


--
-- Name: user_directory_stale_remote_users_next_try_by_server_idx; Type: INDEX; Schema: public; Owner: synapse
--

CREATE INDEX user_directory_stale_remote_users_next_try_by_server_idx ON public.user_directory_stale_remote_users USING btree (user_server_name, next_try_at_ts);


--
-- Name: user_directory_stale_remote_users_next_try_idx; Type: INDEX; Schema: public; Owner: synapse
--

CREATE INDEX user_directory_stale_remote_users_next_try_idx ON public.user_directory_stale_remote_users USING btree (next_try_at_ts, user_server_name);


--
-- Name: user_directory_user_idx; Type: INDEX; Schema: public; Owner: synapse
--

CREATE UNIQUE INDEX user_directory_user_idx ON public.user_directory USING btree (user_id);


--
-- Name: user_external_ids_user_id_idx; Type: INDEX; Schema: public; Owner: synapse
--

CREATE INDEX user_external_ids_user_id_idx ON public.user_external_ids USING btree (user_id);


--
-- Name: user_filters_unique; Type: INDEX; Schema: public; Owner: synapse
--

CREATE UNIQUE INDEX user_filters_unique ON public.user_filters USING btree (user_id, filter_id);


--
-- Name: user_ips_device_id; Type: INDEX; Schema: public; Owner: synapse
--

CREATE INDEX user_ips_device_id ON public.user_ips USING btree (user_id, device_id, last_seen);


--
-- Name: user_ips_last_seen; Type: INDEX; Schema: public; Owner: synapse
--

CREATE INDEX user_ips_last_seen ON public.user_ips USING btree (user_id, last_seen);


--
-- Name: user_ips_last_seen_only; Type: INDEX; Schema: public; Owner: synapse
--

CREATE INDEX user_ips_last_seen_only ON public.user_ips USING btree (last_seen);


--
-- Name: user_ips_user_token_ip_unique_index; Type: INDEX; Schema: public; Owner: synapse
--

CREATE UNIQUE INDEX user_ips_user_token_ip_unique_index ON public.user_ips USING btree (user_id, access_token, ip);


--
-- Name: user_signature_stream_idx; Type: INDEX; Schema: public; Owner: synapse
--

CREATE UNIQUE INDEX user_signature_stream_idx ON public.user_signature_stream USING btree (stream_id);


--
-- Name: user_threepid_id_server_idx; Type: INDEX; Schema: public; Owner: synapse
--

CREATE UNIQUE INDEX user_threepid_id_server_idx ON public.user_threepid_id_server USING btree (user_id, medium, address, id_server);


--
-- Name: user_threepids_medium_address; Type: INDEX; Schema: public; Owner: synapse
--

CREATE INDEX user_threepids_medium_address ON public.user_threepids USING btree (medium, address);


--
-- Name: user_threepids_user_id; Type: INDEX; Schema: public; Owner: synapse
--

CREATE INDEX user_threepids_user_id ON public.user_threepids USING btree (user_id);


--
-- Name: users_creation_ts; Type: INDEX; Schema: public; Owner: synapse
--

CREATE INDEX users_creation_ts ON public.users USING btree (creation_ts);


--
-- Name: users_have_local_media; Type: INDEX; Schema: public; Owner: synapse
--

CREATE INDEX users_have_local_media ON public.local_media_repository USING btree (user_id, created_ts);


--
-- Name: users_in_public_rooms_r_idx; Type: INDEX; Schema: public; Owner: synapse
--

CREATE INDEX users_in_public_rooms_r_idx ON public.users_in_public_rooms USING btree (room_id);


--
-- Name: users_in_public_rooms_u_idx; Type: INDEX; Schema: public; Owner: synapse
--

CREATE UNIQUE INDEX users_in_public_rooms_u_idx ON public.users_in_public_rooms USING btree (user_id, room_id);


--
-- Name: users_who_share_private_rooms_o_idx; Type: INDEX; Schema: public; Owner: synapse
--

CREATE INDEX users_who_share_private_rooms_o_idx ON public.users_who_share_private_rooms USING btree (other_user_id);


--
-- Name: users_who_share_private_rooms_r_idx; Type: INDEX; Schema: public; Owner: synapse
--

CREATE INDEX users_who_share_private_rooms_r_idx ON public.users_who_share_private_rooms USING btree (room_id);


--
-- Name: users_who_share_private_rooms_u_idx; Type: INDEX; Schema: public; Owner: synapse
--

CREATE UNIQUE INDEX users_who_share_private_rooms_u_idx ON public.users_who_share_private_rooms USING btree (user_id, other_user_id, room_id);


--
-- Name: worker_locks_key; Type: INDEX; Schema: public; Owner: synapse
--

CREATE UNIQUE INDEX worker_locks_key ON public.worker_locks USING btree (lock_name, lock_key);


--
-- Name: partial_state_events check_partial_state_events; Type: TRIGGER; Schema: public; Owner: synapse
--

CREATE TRIGGER check_partial_state_events BEFORE INSERT OR UPDATE ON public.partial_state_events FOR EACH ROW EXECUTE FUNCTION public.check_partial_state_events();


--
-- Name: access_tokens access_tokens_refresh_token_id_fkey; Type: FK CONSTRAINT; Schema: public; Owner: synapse
--

ALTER TABLE ONLY public.access_tokens
    ADD CONSTRAINT access_tokens_refresh_token_id_fkey FOREIGN KEY (refresh_token_id) REFERENCES public.refresh_tokens(id) ON DELETE CASCADE;


--
-- Name: destination_rooms destination_rooms_destination_fkey; Type: FK CONSTRAINT; Schema: public; Owner: synapse
--

ALTER TABLE ONLY public.destination_rooms
    ADD CONSTRAINT destination_rooms_destination_fkey FOREIGN KEY (destination) REFERENCES public.destinations(destination);


--
-- Name: destination_rooms destination_rooms_room_id_fkey; Type: FK CONSTRAINT; Schema: public; Owner: synapse
--

ALTER TABLE ONLY public.destination_rooms
    ADD CONSTRAINT destination_rooms_room_id_fkey FOREIGN KEY (room_id) REFERENCES public.rooms(room_id);


--
-- Name: event_edges event_edges_event_id_fkey; Type: FK CONSTRAINT; Schema: public; Owner: synapse
--

ALTER TABLE ONLY public.event_edges
    ADD CONSTRAINT event_edges_event_id_fkey FOREIGN KEY (event_id) REFERENCES public.events(event_id);


--
-- Name: event_failed_pull_attempts event_failed_pull_attempts_room_id_fkey; Type: FK CONSTRAINT; Schema: public; Owner: synapse
--

ALTER TABLE ONLY public.event_failed_pull_attempts
    ADD CONSTRAINT event_failed_pull_attempts_room_id_fkey FOREIGN KEY (room_id) REFERENCES public.rooms(room_id);


--
-- Name: event_txn_id event_txn_id_event_id_fkey; Type: FK CONSTRAINT; Schema: public; Owner: synapse
--

ALTER TABLE ONLY public.event_txn_id
    ADD CONSTRAINT event_txn_id_event_id_fkey FOREIGN KEY (event_id) REFERENCES public.events(event_id) ON DELETE CASCADE;


--
-- Name: event_txn_id event_txn_id_token_id_fkey; Type: FK CONSTRAINT; Schema: public; Owner: synapse
--

ALTER TABLE ONLY public.event_txn_id
    ADD CONSTRAINT event_txn_id_token_id_fkey FOREIGN KEY (token_id) REFERENCES public.access_tokens(id) ON DELETE CASCADE;


--
-- Name: partial_state_events partial_state_events_event_id_fkey; Type: FK CONSTRAINT; Schema: public; Owner: synapse
--

ALTER TABLE ONLY public.partial_state_events
    ADD CONSTRAINT partial_state_events_event_id_fkey FOREIGN KEY (event_id) REFERENCES public.events(event_id);


--
-- Name: partial_state_events partial_state_events_room_id_fkey; Type: FK CONSTRAINT; Schema: public; Owner: synapse
--

ALTER TABLE ONLY public.partial_state_events
    ADD CONSTRAINT partial_state_events_room_id_fkey FOREIGN KEY (room_id) REFERENCES public.partial_state_rooms(room_id);


--
-- Name: partial_state_rooms partial_state_rooms_join_event_id_fkey; Type: FK CONSTRAINT; Schema: public; Owner: synapse
--

ALTER TABLE ONLY public.partial_state_rooms
    ADD CONSTRAINT partial_state_rooms_join_event_id_fkey FOREIGN KEY (join_event_id) REFERENCES public.events(event_id);


--
-- Name: partial_state_rooms partial_state_rooms_room_id_fkey; Type: FK CONSTRAINT; Schema: public; Owner: synapse
--

ALTER TABLE ONLY public.partial_state_rooms
    ADD CONSTRAINT partial_state_rooms_room_id_fkey FOREIGN KEY (room_id) REFERENCES public.rooms(room_id);


--
-- Name: partial_state_rooms_servers partial_state_rooms_servers_room_id_fkey; Type: FK CONSTRAINT; Schema: public; Owner: synapse
--

ALTER TABLE ONLY public.partial_state_rooms_servers
    ADD CONSTRAINT partial_state_rooms_servers_room_id_fkey FOREIGN KEY (room_id) REFERENCES public.partial_state_rooms(room_id);


--
-- Name: refresh_tokens refresh_tokens_next_token_id_fkey; Type: FK CONSTRAINT; Schema: public; Owner: synapse
--

ALTER TABLE ONLY public.refresh_tokens
    ADD CONSTRAINT refresh_tokens_next_token_id_fkey FOREIGN KEY (next_token_id) REFERENCES public.refresh_tokens(id) ON DELETE CASCADE;


--
-- Name: ui_auth_sessions_credentials ui_auth_sessions_credentials_session_id_fkey; Type: FK CONSTRAINT; Schema: public; Owner: synapse
--

ALTER TABLE ONLY public.ui_auth_sessions_credentials
    ADD CONSTRAINT ui_auth_sessions_credentials_session_id_fkey FOREIGN KEY (session_id) REFERENCES public.ui_auth_sessions(session_id);


--
-- Name: ui_auth_sessions_ips ui_auth_sessions_ips_session_id_fkey; Type: FK CONSTRAINT; Schema: public; Owner: synapse
--

ALTER TABLE ONLY public.ui_auth_sessions_ips
    ADD CONSTRAINT ui_auth_sessions_ips_session_id_fkey FOREIGN KEY (session_id) REFERENCES public.ui_auth_sessions(session_id);


--
-- Name: un_partial_stated_event_stream un_partial_stated_event_stream_event_id_fkey; Type: FK CONSTRAINT; Schema: public; Owner: synapse
--

ALTER TABLE ONLY public.un_partial_stated_event_stream
    ADD CONSTRAINT un_partial_stated_event_stream_event_id_fkey FOREIGN KEY (event_id) REFERENCES public.events(event_id) ON DELETE CASCADE;


--
-- Name: un_partial_stated_room_stream un_partial_stated_room_stream_room_id_fkey; Type: FK CONSTRAINT; Schema: public; Owner: synapse
--

ALTER TABLE ONLY public.un_partial_stated_room_stream
    ADD CONSTRAINT un_partial_stated_room_stream_room_id_fkey FOREIGN KEY (room_id) REFERENCES public.rooms(room_id) ON DELETE CASCADE;


--
-- Name: users_to_send_full_presence_to users_to_send_full_presence_to_user_id_fkey; Type: FK CONSTRAINT; Schema: public; Owner: synapse
--

ALTER TABLE ONLY public.users_to_send_full_presence_to
    ADD CONSTRAINT users_to_send_full_presence_to_user_id_fkey FOREIGN KEY (user_id) REFERENCES public.users(name);


--
-- PostgreSQL database dump complete
--

